# Blender 4.2.0
# www.blender.org
mtllib model.mtl
o texture_mapping
v -0.374014 -0.487437 0.073086
v -0.374116 -0.486009 0.016153
v -0.360198 -0.489653 0.030575
v -0.372908 -0.488048 -0.170021
v -0.373119 -0.488203 -0.213259
v -0.354221 -0.490142 -0.212032
v -0.373044 -0.488020 -0.120871
v -0.347127 -0.489761 -0.138604
v -0.355935 -0.489425 -0.102874
v -0.371772 -0.488876 -0.071900
v -0.359184 -0.489455 -0.018502
v -0.371329 -0.489055 -0.030892
v -0.370103 -0.488662 0.122281
v -0.353724 -0.489705 0.074896
v -0.336422 -0.491345 -0.253936
v -0.370694 -0.489263 -0.247122
v -0.371680 -0.487120 -0.291212
v -0.351626 -0.490604 0.174494
v -0.373194 -0.487980 0.159243
v -0.372352 -0.487959 0.206250
v -0.352952 -0.490864 0.235710
v -0.373249 -0.488546 0.252613
v -0.348145 -0.491513 0.279920
v -0.367739 -0.487892 0.297794
v -0.337084 -0.490877 -0.307389
v -0.346260 -0.489482 -0.053704
v -0.356292 -0.489159 -0.320206
v -0.331434 -0.491229 0.316655
v -0.352664 -0.488218 0.324847
v -0.338437 -0.491007 0.139649
v -0.325334 -0.490265 0.012997
v -0.320731 -0.491322 -0.172529
v -0.327788 -0.489028 0.346700
v -0.315097 -0.493048 0.218398
v -0.322814 -0.488449 -0.351016
v -0.298571 -0.490681 -0.079432
v -0.324627 -0.491200 0.098522
v -0.296842 -0.491374 -0.208512
v -0.296100 -0.493062 0.269211
v -0.306275 -0.490819 -0.330512
v -0.296443 -0.490811 -0.039904
v -0.300787 -0.490799 0.057059
v -0.283047 -0.490866 -0.272398
v -0.299990 -0.491871 0.129750
v -0.295936 -0.492612 0.178104
v -0.286909 -0.491056 -0.132671
v -0.305996 -0.488547 0.362727
v -0.282105 -0.490481 0.353806
v -0.262815 -0.491356 -0.179331
v -0.296023 -0.489859 -0.364433
v -0.269443 -0.491169 0.088721
v -0.271495 -0.492334 0.318322
v -0.267494 -0.490474 -0.348245
v -0.263365 -0.491050 0.017486
v -0.250123 -0.492418 0.227476
v -0.268917 -0.489187 0.370096
v -0.245957 -0.491856 0.150783
v -0.279166 -0.486170 -0.371298
v -0.248203 -0.492320 0.287585
v -0.241500 -0.491858 -0.226596
v -0.233024 -0.490872 -0.104304
v -0.247254 -0.488810 -0.369201
v -0.248207 -0.490974 -0.048092
v -0.243497 -0.490877 -0.295287
v -0.232765 -0.490902 0.362043
v -0.230525 -0.491187 -0.155143
v -0.212718 -0.491772 0.071495
v -0.221496 -0.490994 0.338671
v -0.242287 -0.485533 0.371474
v -0.208641 -0.492008 -0.251729
v -0.204200 -0.491330 0.266390
v -0.199476 -0.490886 -0.299478
v -0.197027 -0.492085 -0.062705
v -0.223169 -0.491035 -0.002548
v -0.199347 -0.491239 0.200361
v -0.215793 -0.489573 -0.348970
v -0.187654 -0.492338 -0.202101
v -0.185211 -0.487512 -0.370981
v -0.191746 -0.494315 0.038153
v -0.189231 -0.492887 0.120389
v -0.182894 -0.491348 0.303722
v -0.184414 -0.491593 -0.122847
v -0.199527 -0.490639 0.368886
v -0.179088 -0.493958 -0.016416
v -0.154669 -0.489402 -0.349354
v -0.183009 -0.491982 -0.162057
v -0.182134 -0.490224 0.345017
v -0.164451 -0.492839 -0.086197
v -0.164974 -0.490976 0.247481
v -0.136089 -0.490383 -0.288942
v -0.157570 -0.486532 0.369263
v -0.146774 -0.494370 0.148965
v -0.150070 -0.495719 0.084064
v -0.157880 -0.491919 -0.245512
v -0.139658 -0.495159 -0.056785
v -0.138118 -0.492546 0.212906
v -0.134595 -0.497007 0.029471
v -0.139093 -0.491967 -0.193724
v -0.125254 -0.489523 0.351950
v -0.145017 -0.492975 -0.129848
v -0.119065 -0.490964 0.274136
v -0.133311 -0.489854 -0.367365
v -0.118842 -0.497384 -0.024740
v -0.090523 -0.492329 -0.207099
v -0.103639 -0.495105 -0.105142
v -0.113698 -0.494089 0.183776
v -0.106856 -0.492742 -0.164116
v -0.112098 -0.488843 0.369897
v -0.091972 -0.488615 -0.349266
v -0.099189 -0.489969 0.324331
v -0.083584 -0.497261 0.137458
v -0.106219 -0.498531 0.082907
v -0.086987 -0.492267 0.230022
v -0.084257 -0.499960 0.021364
v -0.074684 -0.497783 -0.063874
v -0.079340 -0.491115 -0.275108
v -0.081286 -0.484924 -0.370363
v -0.065923 -0.495992 0.184657
v -0.077617 -0.490447 0.288918
v -0.072235 -0.488948 0.366478
v -0.055923 -0.499782 -0.021748
v -0.056302 -0.494975 -0.147284
v -0.062649 -0.488649 -0.317116
v -0.059081 -0.500075 0.081838
v -0.059194 -0.497186 -0.098816
v -0.057687 -0.488811 0.334984
v -0.047062 -0.492240 -0.230598
v -0.043470 -0.492822 -0.185217
v -0.036236 -0.499589 -0.059428
v -0.025100 -0.489037 -0.303923
v -0.018494 -0.499988 0.112635
v -0.028736 -0.491780 -0.263178
v -0.033431 -0.491391 0.257679
v -0.032695 -0.488692 -0.354847
v -0.019347 -0.499390 0.169426
v -0.026174 -0.486654 -0.370152
v -0.008144 -0.490065 0.296725
v -0.041264 -0.485193 0.370476
v -0.029871 -0.488988 0.355716
v -0.016689 -0.500190 0.017846
v -0.024610 -0.499870 0.065271
v -0.020058 -0.499597 -0.102117
v -0.027817 -0.494582 0.215176
v -0.011118 -0.495498 -0.153517
v 0.015548 -0.499816 0.149732
v 0.000903 -0.492689 -0.197061
v 0.005941 -0.489141 0.366681
v 0.004087 -0.488128 -0.344405
v 0.015343 -0.500031 -0.049833
v 0.005027 -0.488699 0.333722
v 0.023564 -0.492536 0.242061
v 0.018737 -0.496182 0.194300
v 0.037622 -0.491504 -0.255667
v 0.018695 -0.500033 0.069581
v 0.017335 -0.499901 -0.112531
v 0.020272 -0.490839 -0.365407
v 0.022899 -0.488991 -0.305401
v 0.026684 -0.495767 -0.146447
v 0.040854 -0.500089 -0.009968
v 0.046276 -0.489043 0.341765
v 0.051806 -0.490587 0.300821
v 0.058340 -0.489486 -0.352227
v 0.052481 -0.498894 0.120657
v 0.064144 -0.500095 0.033505
v 0.057111 -0.492389 -0.179858
v 0.070392 -0.494784 0.201970
v 0.050187 -0.488880 0.370266
v 0.078286 -0.499267 0.079897
v 0.071940 -0.498016 -0.089412
v 0.067961 -0.489264 -0.368928
v 0.070096 -0.489607 -0.310095
v 0.068075 -0.497046 0.159333
v 0.091646 -0.499952 -0.031964
v 0.098676 -0.492315 0.247104
v 0.082905 -0.495718 -0.139689
v 0.097884 -0.492019 -0.265453
v 0.078125 -0.489710 0.356821
v 0.095929 -0.491796 -0.218804
v 0.104116 -0.496142 0.128053
v 0.104800 -0.489871 0.325252
v 0.099309 -0.498332 -0.110631
v 0.093933 -0.487322 0.370957
v 0.107605 -0.494405 0.196266
v 0.120478 -0.498652 0.022607
v 0.114245 -0.487253 -0.370150
v 0.127601 -0.497015 0.079707
v 0.127584 -0.492054 -0.174646
v 0.115804 -0.490560 0.362704
v 0.138028 -0.496015 -0.024117
v 0.133675 -0.489952 -0.349216
v 0.132220 -0.494950 -0.109533
v 0.124464 -0.491666 -0.304980
v 0.126417 -0.491886 0.285675
v 0.142786 -0.482668 0.370555
v 0.155558 -0.492389 0.235085
v 0.159318 -0.492761 -0.272422
v 0.158393 -0.492198 -0.212148
v 0.162301 -0.494202 0.121887
v 0.151994 -0.490106 0.328981
v 0.167892 -0.492680 0.168827
v 0.166588 -0.494486 0.038668
v 0.162843 -0.489863 0.360837
v 0.170517 -0.491129 -0.328501
v 0.175427 -0.492166 0.281882
v 0.180562 -0.489381 -0.370774
v 0.181839 -0.492281 -0.152024
v 0.182062 -0.492669 -0.047778
v 0.195093 -0.492870 0.220666
v 0.174902 -0.492849 -0.104554
v 0.209152 -0.492060 -0.011999
v 0.203181 -0.492312 0.083284
v 0.191603 -0.488462 0.371095
v 0.203815 -0.493353 -0.239870
v 0.211847 -0.492469 0.177101
v 0.202538 -0.491770 0.311016
v 0.226324 -0.492215 0.023023
v 0.218399 -0.492561 0.273720
v 0.213487 -0.490579 -0.358570
v 0.215013 -0.492648 -0.308496
v 0.212971 -0.491993 0.130902
v 0.225595 -0.492884 -0.198870
v 0.222279 -0.491976 -0.104967
v 0.222174 -0.490551 0.349511
v 0.224658 -0.492393 -0.158086
v 0.247666 -0.491645 -0.050008
v 0.235139 -0.488233 -0.370813
v 0.236529 -0.488151 0.370240
v 0.237592 -0.493440 0.230914
v 0.254837 -0.492971 -0.258564
v 0.255963 -0.492122 0.086151
v 0.259778 -0.492214 0.317336
v 0.268429 -0.492998 0.190820
v 0.254987 -0.492407 0.135299
v 0.281010 -0.491431 -0.091457
v 0.257764 -0.492121 0.046660
v 0.262067 -0.493063 0.270739
v 0.286912 -0.492132 -0.137870
v 0.273899 -0.490232 0.357381
v 0.261609 -0.491533 -0.350133
v 0.304930 -0.489811 0.007902
v 0.281499 -0.487795 0.369681
v 0.290866 -0.493551 0.237341
v 0.291158 -0.492665 -0.311739
v 0.314418 -0.489990 0.065491
v 0.293418 -0.492147 0.125149
v 0.309125 -0.490608 -0.343434
v 0.295802 -0.487562 -0.366724
v 0.307373 -0.489736 -0.055417
v 0.300584 -0.492548 -0.210810
v 0.294171 -0.493129 0.293651
v 0.308760 -0.492435 -0.269927
v 0.317061 -0.491184 0.327574
v 0.333855 -0.490421 -0.180216
v 0.311523 -0.492747 0.185493
v 0.313623 -0.489270 0.356989
v 0.338031 -0.490470 0.152656
v 0.328567 -0.492656 0.275677
v 0.330583 -0.489779 -0.121860
v 0.331038 -0.489131 -0.024399
v 0.334298 -0.489642 0.109303
v 0.340033 -0.491402 0.215341
v 0.344485 -0.490629 -0.301623
v 0.337308 -0.488256 -0.336425
v 0.355846 -0.489173 0.025169
v 0.360954 -0.489503 -0.267051
v 0.348366 -0.490347 -0.223668
v 0.339260 -0.487151 0.336049
v 0.357749 -0.490946 0.257831
v 0.357670 -0.489597 -0.054583
v 0.357018 -0.490585 0.299119
v 0.358871 -0.489506 -0.150258
v 0.359258 -0.489637 -0.107754
v 0.362531 -0.489210 0.077696
v 0.370541 -0.488636 -0.191795
v 0.360371 -0.484563 0.315533
v 0.362570 -0.485720 -0.306953
v 0.370176 -0.488681 0.003461
v 0.372107 -0.487434 0.101230
v 0.369897 -0.488809 0.172100
v 0.370136 -0.488564 -0.273791
v 0.372088 -0.485034 -0.150990
v 0.371936 -0.488781 0.226959
v 0.371714 -0.488613 -0.231742
v 0.371477 -0.487536 -0.098095
v 0.371879 -0.488083 -0.039142
v 0.371770 -0.488100 0.045474
v 0.372871 -0.485629 0.274019
v -0.359135 -0.437927 -0.245035
v -0.369019 -0.439254 -0.285921
v -0.372994 -0.440399 -0.256344
v -0.372008 -0.440309 -0.221584
v -0.354695 -0.437606 -0.190483
v -0.371842 -0.440323 -0.175664
v -0.353834 -0.438446 -0.141123
v -0.371657 -0.440063 -0.132328
v -0.352081 -0.438379 -0.071686
v -0.370108 -0.439750 -0.097229
v -0.371033 -0.439726 -0.047647
v -0.356235 -0.438933 -0.017992
v -0.368737 -0.438575 0.023510
v -0.347103 -0.438292 0.019636
v -0.341407 -0.438595 0.069333
v -0.369521 -0.439757 0.090244
v -0.338635 -0.438067 0.116592
v -0.372133 -0.440445 0.126168
v -0.341321 -0.437721 0.157430
v -0.369381 -0.439020 0.180625
v -0.341264 -0.437238 0.211719
v -0.372223 -0.441428 0.222487
v -0.371178 -0.440147 0.279512
v -0.345146 -0.437156 0.269900
v -0.347485 -0.436347 0.316536
v -0.343716 -0.437215 -0.290310
v -0.363330 -0.442474 -0.308560
v -0.346730 -0.439822 -0.324976
v -0.325353 -0.437035 -0.249631
v -0.322154 -0.438990 -0.040320
v -0.305849 -0.436922 -0.324741
v -0.313562 -0.437528 -0.195539
v -0.292925 -0.437170 0.303027
v -0.310416 -0.437286 0.347601
v -0.331314 -0.439733 0.344050
v -0.306045 -0.439041 -0.092784
v -0.322026 -0.439304 0.015729
v -0.313452 -0.439136 -0.353939
v -0.283273 -0.438400 0.194551
v -0.291117 -0.439749 -0.152549
v -0.297652 -0.437353 0.241758
v -0.284327 -0.437957 0.344642
v -0.310026 -0.441364 0.360003
v -0.272766 -0.437458 -0.268694
v -0.308309 -0.439587 -0.020590
v -0.305079 -0.435404 0.018164
v -0.295454 -0.438917 0.146416
v -0.303732 -0.438584 0.106370
v -0.297708 -0.437239 -0.065322
v -0.298291 -0.434116 0.071305
v -0.283423 -0.439635 -0.365292
v -0.288134 -0.439109 -0.108308
v -0.285663 -0.439399 0.118598
v -0.274505 -0.437803 -0.346343
v -0.282840 -0.440216 0.368868
v -0.270319 -0.440049 -0.143624
v -0.260913 -0.439291 -0.204452
v -0.262420 -0.438928 0.158961
v -0.239490 -0.438858 0.227922
v -0.250803 -0.437624 0.273919
v -0.253948 -0.440818 0.369609
v -0.234099 -0.438514 0.357140
v -0.247778 -0.439942 -0.183856
v -0.225024 -0.437622 0.316678
v -0.247946 -0.439313 -0.367635
v -0.234747 -0.438164 -0.358161
v -0.232319 -0.437066 -0.318601
v -0.242202 -0.439200 0.191995
v -0.226015 -0.440048 -0.224239
v -0.225071 -0.438806 -0.264227
v -0.214430 -0.437964 0.216869
v -0.197834 -0.438492 0.265451
v -0.198453 -0.440087 -0.368534
v -0.196491 -0.442687 0.369407
v -0.185051 -0.437760 -0.345684
v -0.206443 -0.439676 -0.225318
v -0.182020 -0.438499 0.349762
v -0.187916 -0.438239 -0.295047
v -0.193130 -0.440628 -0.249291
v -0.192387 -0.437429 0.238703
v -0.168516 -0.438118 0.294119
v -0.161291 -0.439826 -0.271003
v -0.166346 -0.436595 -0.254652
v -0.147278 -0.438355 0.327810
v -0.143817 -0.438803 -0.312375
v -0.163912 -0.439649 0.265513
v -0.142796 -0.439759 -0.367739
v -0.139782 -0.440723 0.368343
v -0.128867 -0.439113 -0.356205
v -0.127839 -0.437325 0.277541
v -0.132415 -0.438752 0.287702
v -0.116579 -0.439235 0.358849
v -0.115825 -0.437925 -0.284604
v -0.087000 -0.439652 -0.335832
v -0.101137 -0.439078 0.307227
v -0.085797 -0.441144 -0.367877
v -0.088089 -0.440482 0.368066
v -0.079107 -0.438883 0.346901
v -0.083698 -0.437379 0.295393
v -0.078504 -0.438702 -0.297598
v -0.053002 -0.440301 -0.316250
v -0.063851 -0.439285 0.316911
v -0.054705 0.502253 -0.013177
v -0.072602 0.498365 -0.017900
v -0.068059 0.499362 0.021937
v -0.040264 -0.437638 0.302944
v -0.060278 0.497735 -0.041834
v -0.030197 0.500967 0.039764
v -0.025890 -0.439877 -0.355869
v -0.039576 -0.438887 0.345506
v -0.037161 0.500751 -0.052748
v -0.048924 0.498078 0.054557
v -0.028352 -0.441097 0.368349
v -0.045210 -0.436913 -0.301653
v -0.038997 -0.443063 -0.369102
v -0.008178 -0.439463 0.318727
v -0.015660 0.500398 -0.019873
v -0.023647 0.498380 0.069632
v -0.001141 -0.440069 -0.332138
v 0.008776 0.500137 0.015070
v -0.001012 -0.439193 0.354853
v -0.005578 0.499351 -0.071381
v -0.040814 0.493195 -0.065102
v 0.007061 -0.440237 -0.368960
v -0.005178 -0.438385 0.309367
v -0.001322 0.500868 -0.052590
v -0.001842 -0.439947 -0.311786
v -0.000269 0.501254 0.067819
v 0.031252 -0.440667 0.368642
v 0.026593 0.500866 0.049835
v 0.032363 -0.437994 0.304893
v 0.041086 0.500545 -0.022913
v 0.038625 0.497696 0.063268
v 0.015712 0.495424 0.075272
v 0.034321 0.500675 -0.059685
v 0.026961 -0.439490 -0.308404
v 0.041505 -0.439134 0.333344
v 0.064142 -0.440510 -0.349695
v 0.063872 -0.440180 -0.302178
v 0.050883 0.500043 0.021099
v 0.063943 -0.439640 0.308890
v 0.072247 -0.441126 -0.368525
v 0.062299 -0.435368 0.297608
v 0.059267 0.498072 0.041213
v 0.054106 0.478024 0.061158
v 0.075315 -0.438963 0.347006
v 0.063534 0.501111 -0.025417
v 0.059642 0.495657 -0.046958
v 0.096769 -0.439776 -0.314424
v 0.069758 0.476575 0.043314
v 0.069138 0.500227 0.012769
v 0.072508 0.495293 -0.024632
v 0.092155 -0.440399 0.368219
v 0.077190 0.493159 0.007667
v 0.109847 -0.439207 0.308183
v 0.070525 0.435188 0.058753
v 0.087068 0.442914 0.021951
v 0.100247 -0.437932 0.289397
v 0.086381 0.377592 0.060139
v 0.090775 0.408094 0.037968
v 0.081760 0.477535 -0.004111
v 0.079485 0.470316 -0.026464
v 0.091274 0.436872 -0.006272
v 0.092788 0.408385 -0.033316
v 0.113583 -0.439147 -0.352489
v 0.135219 -0.438357 0.348337
v 0.103927 -0.435389 -0.287299
v 0.103696 0.387175 -0.004918
v 0.099583 0.396532 0.017515
v 0.125373 -0.440310 -0.368011
v 0.091938 0.333324 0.071062
v 0.107381 0.353924 0.029911
v 0.106922 0.340521 -0.042207
v 0.135508 -0.441142 0.368271
v 0.143781 -0.440425 -0.282340
v 0.102899 0.290239 0.074732
v 0.111909 0.307991 0.049462
v 0.116776 0.332951 -0.011866
v 0.108096 0.240169 0.086857
v 0.123429 0.251829 0.056675
v 0.127384 0.270306 0.034074
v 0.117458 0.324824 0.017290
v 0.136774 -0.439437 -0.273015
v 0.150247 -0.438142 -0.334913
v 0.152047 -0.438772 0.267454
v 0.175639 -0.438102 0.335347
v 0.118202 0.201671 0.090266
v 0.134723 0.199888 0.062818
v 0.137613 0.248996 0.006488
v 0.130041 0.162487 0.088963
v 0.131070 0.266033 -0.025006
v 0.136985 0.108206 0.102650
v 0.145972 0.131993 0.076898
v 0.140216 0.214439 0.041023
v 0.160592 -0.438982 0.290222
v 0.147619 0.175741 0.047831
v 0.146126 0.214601 -0.001699
v 0.134855 0.227327 -0.046390
v 0.154388 0.180115 -0.011202
v 0.150281 0.169394 -0.046385
v 0.155376 0.170949 0.017528
v 0.190307 -0.441454 -0.369109
v 0.150637 0.046275 0.109874
v 0.161338 0.065926 0.081212
v 0.161843 0.096318 0.064327
v 0.158590 0.139231 0.040787
v 0.189904 -0.439672 0.367540
v 0.170741 -0.439395 -0.254717
v 0.162580 0.135197 -0.025701
v 0.161392 0.115885 -0.053352
v 0.192619 -0.437803 -0.311242
v 0.164145 -0.025199 0.121480
v 0.173187 0.017687 0.083777
v 0.168392 0.123522 0.002290
v 0.186437 -0.438308 -0.354783
v 0.175680 -0.440590 0.262055
v 0.174553 0.060057 0.056495
v 0.174126 0.084415 -0.029966
v 0.169432 0.101916 0.030199
v 0.177151 -0.029330 0.100316
v 0.195595 -0.439996 -0.254948
v 0.174381 0.061011 -0.056816
v 0.193654 -0.071677 0.090990
v 0.179878 -0.093644 0.128356
v 0.188150 0.031485 -0.024951
v 0.186170 0.016527 -0.056392
v 0.179410 0.065931 0.024349
v 0.184471 0.058354 -0.003346
v 0.183367 -0.434077 0.243657
v 0.188301 0.017941 0.043025
v 0.175680 -0.440590 0.262055
v 0.202470 -0.440565 0.233733
v 0.183367 -0.434077 0.243657
v 0.215996 -0.439359 0.249613
v 0.200393 -0.437452 0.301824
v 0.192670 -0.027857 0.069664
v 0.228351 -0.438131 0.353238
v 0.200171 -0.440700 -0.234666
v 0.202470 -0.440565 0.233733
v 0.191847 -0.149738 0.134809
v 0.197938 -0.111009 0.103742
v 0.197915 -0.016215 -0.038901
v 0.198709 -0.000339 0.011358
v 0.231165 -0.437613 -0.350197
v 0.205158 -0.424018 0.218135
v 0.205969 -0.043287 0.029842
v 0.197046 -0.208633 0.151640
v 0.214792 -0.173139 0.104269
v 0.210210 -0.082977 0.058291
v 0.213338 -0.057501 -0.005431
v 0.241926 -0.437699 -0.285174
v 0.219879 -0.218604 0.118747
v 0.216138 -0.129572 0.078025
v 0.208032 -0.067540 -0.054389
v 0.242800 -0.439874 -0.240731
v 0.231890 -0.441879 -0.210825
v 0.218114 -0.437335 -0.211497
v 0.253361 -0.437129 0.288007
v 0.225081 -0.439791 0.208910
v 0.202885 -0.251188 0.160853
v 0.223402 -0.101240 -0.012998
v 0.217155 -0.110344 -0.060556
v 0.222704 -0.106473 0.023675
v 0.233909 -0.258952 0.112743
v 0.227771 -0.142107 0.041905
v 0.239954 -0.439564 0.369086
v 0.225081 -0.439791 0.208910
v 0.242267 -0.435009 0.184373
v 0.224786 -0.298922 0.150633
v 0.237826 -0.214660 0.080580
v 0.229499 -0.170982 0.070428
v 0.231918 -0.145418 -0.023567
v 0.231121 -0.166744 -0.059414
v 0.230987 -0.366682 0.172393
v 0.241740 -0.334111 0.137077
v 0.233057 -0.138434 0.006091
v 0.243113 -0.439401 -0.368544
v 0.243829 -0.436770 -0.184774
v 0.255524 -0.438825 0.215873
v 0.252984 -0.372725 0.135480
v 0.246079 -0.299924 0.110350
v 0.240401 -0.192074 0.039565
v 0.251389 -0.440725 0.187885
v 0.251389 -0.440725 0.187885
v 0.233030 -0.411551 0.185791
v 0.250781 -0.406218 0.157128
v 0.251284 -0.232543 0.035572
v 0.246755 -0.209193 -0.027475
v 0.242264 -0.230518 -0.078372
v 0.242668 -0.177759 0.002276
v 0.253375 -0.266161 0.071477
v 0.287067 -0.437001 -0.328884
v 0.265115 -0.440450 -0.173692
v 0.267957 -0.437685 0.348335
v 0.256611 -0.259267 -0.043236
v 0.254983 -0.228180 -0.000774
v 0.271637 -0.443059 0.368578
v 0.259888 -0.312720 0.089531
v 0.258282 -0.295782 -0.083038
v 0.274332 -0.439762 -0.367173
v 0.294125 -0.437388 -0.240325
v 0.264524 -0.440231 0.156728
v 0.271318 -0.438255 -0.136776
v 0.263220 -0.430698 0.145836
v 0.270602 -0.406870 0.118533
v 0.274070 -0.439087 -0.202533
v 0.274848 -0.371871 0.090657
v 0.269787 -0.307817 0.035141
v 0.263640 -0.297185 -0.057530
v 0.295488 -0.438862 0.169187
v 0.264524 -0.440231 0.156728
v 0.274473 -0.330713 -0.041907
v 0.273078 -0.351292 -0.079407
v 0.269327 -0.287957 -0.008729
v 0.294761 -0.436927 0.275073
v 0.269800 -0.330760 0.067473
v 0.281640 -0.436724 0.115143
v 0.283743 -0.372502 0.045737
v 0.280054 -0.329607 0.004572
v 0.304971 -0.438471 -0.163578
v 0.290986 -0.440446 -0.122095
v 0.284956 -0.440098 0.128158
v 0.284956 -0.440098 0.128158
v 0.304394 -0.436824 0.332721
v 0.287944 -0.405141 0.065668
v 0.287616 -0.376636 -0.030074
v 0.298786 -0.437280 0.221801
v 0.288507 -0.425997 0.093271
v 0.291785 -0.411178 -0.054307
v 0.281759 -0.396393 -0.087781
v 0.291519 -0.375737 0.000235
v 0.305735 -0.439404 -0.357497
v 0.322773 -0.436055 -0.295129
v 0.287057 -0.432563 -0.101870
v 0.294587 -0.430185 0.064472
v 0.296451 -0.439445 0.095811
v 0.296228 -0.435604 -0.074412
v 0.296228 -0.435604 -0.074412
v 0.300774 -0.430239 0.029791
v 0.300746 -0.416709 -0.001719
v 0.335245 -0.438245 0.126105
v 0.306875 -0.440040 0.358095
v 0.301371 -0.439188 0.061809
v 0.304642 -0.436961 -0.029462
v 0.318711 -0.438739 -0.099827
v 0.344406 -0.437374 0.185108
v 0.310271 -0.438602 0.021031
v 0.337676 -0.439083 0.073186
v 0.301371 -0.439188 0.061809
v 0.296451 -0.439445 0.095811
v 0.321128 -0.438818 -0.047833
v 0.304642 -0.436961 -0.029462
v 0.310271 -0.438602 0.021031
v 0.334325 -0.438468 -0.331434
v 0.329370 -0.438153 -0.011610
v 0.344598 -0.436955 0.272394
v 0.332049 -0.436809 0.308593
v 0.333404 -0.438913 0.334110
v 0.347714 -0.437395 -0.195567
v 0.341005 -0.437827 0.031983
v 0.350500 -0.436954 -0.255955
v 0.350276 -0.437981 -0.137716
v 0.350603 -0.438208 -0.079917
v 0.362331 -0.439198 -0.029396
v 0.356219 -0.438524 -0.311267
v 0.353992 -0.439269 0.314664
v 0.367897 -0.439604 0.244706
v 0.364861 -0.439057 0.284021
v 0.366992 -0.438948 -0.172222
v 0.368659 -0.440659 -0.065963
v 0.368585 -0.440645 0.013085
v 0.368147 -0.440212 0.065535
v 0.368231 -0.440000 -0.264815
v 0.368052 -0.439067 0.198461
v 0.368406 -0.439389 -0.216431
v 0.368450 -0.440119 -0.120172
v 0.368676 -0.440795 0.142411
v -0.374320 -0.469744 -0.268188
v -0.371680 -0.487120 -0.291212
v -0.370694 -0.489263 -0.247122
v -0.373119 -0.488203 -0.213259
v -0.373858 -0.464649 -0.208745
v -0.372908 -0.488048 -0.170021
v -0.374116 -0.486009 0.016153
v -0.373518 -0.476196 -0.028885
v -0.371329 -0.489055 -0.030892
v -0.373902 -0.468577 0.094691
v -0.374014 -0.487437 0.073086
v -0.370103 -0.488662 0.122281
v -0.373975 -0.463476 0.143112
v -0.373194 -0.487980 0.159243
v -0.373904 -0.465979 0.186381
v -0.372352 -0.487959 0.206250
v -0.372062 -0.469223 0.277985
v -0.373249 -0.488546 0.252613
v -0.367739 -0.487892 0.297794
v -0.373503 -0.465441 -0.159155
v -0.373044 -0.488020 -0.120871
v -0.373372 -0.480039 -0.083781
v -0.373203 -0.457040 -0.122131
v -0.371772 -0.488876 -0.071900
v -0.373048 -0.473292 0.017243
v -0.373468 -0.462843 0.053640
v -0.374063 -0.462873 0.237520
v -0.372955 -0.454551 -0.073257
v -0.373030 -0.453415 -0.011601
v -0.372223 -0.441428 0.222487
v -0.371842 -0.440323 -0.175664
v -0.370108 -0.439750 -0.097229
v -0.371033 -0.439726 -0.047647
v -0.369521 -0.439757 0.090244
v -0.372133 -0.440445 0.126168
v -0.369381 -0.439020 0.180625
v -0.371178 -0.440147 0.279512
v -0.372994 -0.440399 -0.256344
v -0.372008 -0.440309 -0.221584
v -0.371657 -0.440063 -0.132328
v -0.368737 -0.438575 0.023510
v -0.371307 -0.456529 -0.287453
v -0.369019 -0.439254 -0.285921
v -0.371307 -0.456529 -0.287453
v -0.362055 -0.469460 -0.314856
v -0.371680 -0.487120 -0.291212
v -0.356292 -0.489159 -0.320206
v -0.363220 -0.475747 0.314061
v -0.369019 -0.439254 -0.285921
v -0.363330 -0.442474 -0.308560
v -0.364119 -0.446555 0.308474
v -0.347485 -0.436347 0.316536
v -0.352664 -0.488218 0.324847
v -0.336870 -0.459890 0.339927
v -0.331314 -0.439733 0.344050
v -0.327788 -0.489028 0.346700
v -0.314781 -0.473067 0.359750
v -0.310026 -0.441364 0.360003
v 0.358385 -0.462614 0.315266
v 0.364861 -0.439057 0.284021
v 0.353992 -0.439269 0.314664
v 0.360371 -0.484563 0.315533
v 0.367468 -0.463301 0.286489
v 0.368231 -0.440000 -0.264815
v 0.362881 -0.453192 -0.301443
v 0.356219 -0.438524 -0.311267
v 0.371265 -0.473482 -0.270640
v 0.362570 -0.485720 -0.306953
v 0.372871 -0.485629 0.274019
v 0.370136 -0.488564 -0.273791
v 0.371714 -0.488613 -0.231742
v 0.371280 -0.464249 -0.232655
v 0.372082 -0.477493 -0.189062
v 0.371760 -0.466429 0.240205
v 0.370075 -0.452141 -0.168982
v 0.372088 -0.485034 -0.150990
v 0.371042 -0.462468 0.047563
v 0.371894 -0.476208 0.014979
v 0.370922 -0.458528 -0.014427
v 0.368659 -0.440659 -0.065963
v 0.371091 -0.466170 -0.063418
v 0.371196 -0.461111 0.172353
v 0.371771 -0.465549 0.107906
v 0.368676 -0.440795 0.142411
v 0.368585 -0.440645 0.013085
v 0.368406 -0.439389 -0.216431
v 0.370821 -0.466363 -0.117602
v 0.368450 -0.440119 -0.120172
v 0.362331 -0.439198 -0.029396
v 0.368147 -0.440212 0.065535
v 0.368052 -0.439067 0.198461
v 0.367897 -0.439604 0.244706
v 0.366992 -0.438948 -0.172222
v 0.371936 -0.488781 0.226959
v 0.370541 -0.488636 -0.191795
v 0.371477 -0.487536 -0.098095
v 0.372107 -0.487434 0.101230
v 0.371770 -0.488100 0.045474
v 0.371879 -0.488083 -0.039142
v 0.370176 -0.488681 0.003461
v 0.369897 -0.488809 0.172100
v -0.346730 -0.439822 -0.324976
v -0.362055 -0.469460 -0.314856
v -0.363330 -0.442474 -0.308560
v -0.338178 -0.471119 -0.338861
v -0.356292 -0.489159 -0.320206
v -0.322814 -0.488449 -0.351016
v -0.310251 -0.456245 -0.359294
v -0.313452 -0.439136 -0.353939
v -0.298396 -0.481195 -0.366369
v -0.296023 -0.489859 -0.364433
v -0.274646 -0.456907 -0.368951
v -0.283423 -0.439635 -0.365292
v -0.279166 -0.486170 -0.371298
v -0.235052 -0.466412 -0.369988
v -0.247254 -0.488810 -0.369201
v -0.247946 -0.439313 -0.367635
v -0.198453 -0.440087 -0.368534
v -0.185211 -0.487512 -0.370981
v -0.172764 -0.461838 -0.369963
v -0.142796 -0.439759 -0.367739
v -0.134067 -0.477862 -0.370969
v -0.133311 -0.489854 -0.367365
v -0.107516 -0.455088 -0.369557
v -0.085797 -0.441144 -0.367877
v -0.081286 -0.484924 -0.370363
v -0.048344 -0.470692 -0.369612
v -0.038997 -0.443063 -0.369102
v -0.026174 -0.486654 -0.370152
v -0.018548 -0.451591 -0.369491
v 0.004364 -0.478405 -0.369943
v 0.007061 -0.440237 -0.368960
v 0.027791 -0.454926 -0.369971
v 0.020272 -0.490839 -0.365407
v 0.050856 -0.481806 -0.370976
v 0.072247 -0.441126 -0.368525
v 0.067961 -0.489264 -0.368928
v 0.076375 -0.467399 -0.369607
v 0.115180 -0.458877 -0.369674
v 0.114245 -0.487253 -0.370150
v 0.125373 -0.440310 -0.368011
v 0.154505 -0.469893 -0.370512
v 0.180562 -0.489381 -0.370774
v 0.190307 -0.441454 -0.369109
v 0.193354 -0.470186 -0.370564
v 0.235139 -0.488233 -0.370813
v 0.243934 -0.457132 -0.369932
v 0.243113 -0.439401 -0.368544
v 0.274934 -0.463929 -0.370685
v 0.274332 -0.439762 -0.367173
v 0.295802 -0.487562 -0.366724
v 0.295846 -0.456308 -0.365088
v 0.305735 -0.439404 -0.357497
v 0.317856 -0.476218 -0.354284
v 0.319825 -0.447897 -0.349582
v 0.337308 -0.488256 -0.336425
v 0.334325 -0.438468 -0.331434
v 0.344702 -0.458157 -0.327865
v 0.362570 -0.485720 -0.306953
v 0.356219 -0.438524 -0.311267
v 0.362881 -0.453192 -0.301443
v -0.314781 -0.473067 0.359750
v -0.327788 -0.489028 0.346700
v -0.305996 -0.488547 0.362727
v -0.310026 -0.441364 0.360003
v -0.288917 -0.468521 0.368135
v -0.268917 -0.489187 0.370096
v -0.282840 -0.440216 0.368868
v -0.253948 -0.440818 0.369609
v -0.242052 -0.452993 0.369953
v -0.242287 -0.485533 0.371474
v -0.208855 -0.469132 0.370774
v -0.196491 -0.442687 0.369407
v -0.199527 -0.490639 0.368886
v -0.157570 -0.486532 0.369263
v -0.141648 -0.456352 0.369711
v -0.139782 -0.440723 0.368343
v -0.100584 -0.469220 0.370072
v -0.112098 -0.488843 0.369897
v -0.088089 -0.440482 0.368066
v -0.069995 -0.480639 0.370559
v -0.072235 -0.488948 0.366478
v -0.050462 -0.453482 0.369971
v -0.041264 -0.485193 0.370476
v -0.028352 -0.441097 0.368349
v -0.005179 -0.467071 0.370275
v 0.005941 -0.489141 0.366681
v 0.031252 -0.440667 0.368642
v 0.047040 -0.460631 0.370498
v 0.050187 -0.488880 0.370266
v 0.093933 -0.487322 0.370957
v 0.092155 -0.440399 0.368219
v 0.106265 -0.460369 0.370055
v 0.135508 -0.441142 0.368271
v 0.142786 -0.482668 0.370555
v 0.145435 -0.466099 0.369346
v 0.186887 -0.464537 0.370402
v 0.189904 -0.439672 0.367540
v 0.191603 -0.488462 0.371095
v 0.234499 -0.449737 0.369775
v 0.236529 -0.488151 0.370240
v 0.258692 -0.470411 0.370314
v 0.239954 -0.439564 0.369086
v 0.281499 -0.487795 0.369681
v 0.271637 -0.443059 0.368578
v 0.292287 -0.460660 0.367304
v 0.300631 -0.482946 0.367331
v 0.313623 -0.489270 0.356989
v 0.306875 -0.440040 0.358095
v 0.318125 -0.470425 0.354772
v 0.333404 -0.438913 0.334110
v 0.339260 -0.487151 0.336049
v 0.343979 -0.463533 0.329930
v 0.353992 -0.439269 0.314664
v 0.360371 -0.484563 0.315533
v 0.358385 -0.462614 0.315266
v -0.305079 -0.435404 0.018164
v -0.300844 -0.429829 -0.031354
v -0.308309 -0.439587 -0.020590
v -0.300612 -0.414480 -0.008702
v -0.297708 -0.437239 -0.065322
v -0.296229 -0.415076 0.035644
v -0.292868 -0.422131 -0.064781
v -0.298291 -0.434116 0.071305
v -0.285672 -0.419415 -0.096681
v -0.288134 -0.439109 -0.108308
v -0.281484 -0.414865 0.101389
v -0.285663 -0.439399 0.118598
v -0.286360 -0.399593 0.069157
v -0.287595 -0.386224 -0.045008
v -0.286720 -0.357344 -0.005556
v -0.280736 -0.353329 0.037223
v -0.272626 -0.431465 0.127142
v -0.277035 -0.337683 -0.038849
v -0.270616 -0.425919 -0.129994
v -0.272762 -0.361146 0.089190
v -0.273822 -0.360584 -0.085011
v -0.272940 -0.302673 -0.000992
v -0.270319 -0.440049 -0.143624
v -0.262420 -0.438928 0.158961
v -0.264377 -0.392492 -0.124693
v -0.257843 -0.371663 0.124767
v -0.266305 -0.322244 0.076494
v -0.263202 -0.306904 -0.074538
v -0.265510 -0.296852 0.046998
v -0.260046 -0.411114 0.140088
v -0.257814 -0.260281 -0.040857
v -0.262280 -0.256879 0.007825
v -0.251342 -0.330921 0.117127
v -0.256761 -0.333101 -0.108072
v -0.246609 -0.429062 -0.176067
v -0.256230 -0.259561 0.048997
v -0.247778 -0.439942 -0.183856
v -0.242185 -0.396163 0.167208
v -0.238233 -0.383775 -0.169386
v -0.250380 -0.277596 0.090216
v -0.239459 -0.279148 -0.112483
v -0.253027 -0.222301 -0.016692
v -0.252089 -0.222010 0.017162
v -0.241078 -0.427379 0.182096
v -0.238583 -0.331427 -0.142448
v -0.245725 -0.241208 -0.078088
v -0.231974 -0.288661 0.132522
v -0.241181 -0.217043 0.070554
v -0.239701 -0.192056 -0.046925
v -0.238995 -0.161145 -0.004887
v -0.235816 -0.169092 0.034771
v -0.242202 -0.439200 0.191995
v -0.235735 -0.352123 0.158104
v -0.226900 -0.235233 -0.112889
v -0.234961 -0.204458 -0.080406
v -0.205024 -0.392579 -0.207720
v -0.225442 -0.234801 0.116305
v -0.222062 -0.147173 -0.072959
v -0.224395 -0.123888 -0.038411
v -0.208444 -0.428607 -0.216682
v -0.224056 -0.174976 0.087234
v -0.213859 -0.177536 -0.108158
v -0.227013 -0.125552 0.024241
v -0.219071 -0.324492 0.170357
v -0.220671 -0.291129 -0.154078
v -0.223621 -0.101819 -0.006712
v -0.206443 -0.439676 -0.225318
v -0.199016 -0.331041 -0.192989
v -0.213920 -0.254513 -0.147885
v -0.207686 -0.176768 0.119918
v -0.218554 -0.121145 0.065155
v -0.202261 -0.278235 0.171856
v -0.211495 -0.248256 0.149446
v -0.216769 -0.087233 0.029004
v -0.215318 -0.065485 -0.001147
v -0.194449 -0.191292 0.148337
v -0.200900 -0.128945 0.107939
v -0.206175 -0.083834 -0.074151
v -0.203887 -0.046114 -0.046228
v -0.204442 -0.041348 0.035386
v -0.205327 -0.214751 -0.143418
v -0.204421 -0.080240 0.074823
v -0.192303 -0.095397 -0.107302
v -0.202631 -0.015284 -0.003625
v -0.196570 -0.267174 -0.173211
v -0.190973 -0.169896 -0.144452
v -0.179896 -0.123451 0.139441
v -0.191634 -0.030533 0.073239
v -0.194058 0.005335 0.028136
v -0.181085 -0.033390 -0.096756
v -0.185540 0.009426 -0.062194
v -0.182007 -0.427451 -0.241835
v -0.177029 -0.205074 -0.171503
v -0.187364 -0.122959 -0.130528
v -0.181173 -0.077868 0.118605
v -0.192252 0.026645 0.002110
v -0.185548 0.041206 -0.026400
v -0.178199 0.038992 0.062483
v -0.182887 0.046194 0.034321
v -0.180335 0.074837 0.004657
v -0.172742 -0.392170 -0.237816
v -0.171232 -0.269370 -0.199488
v -0.172995 0.004380 0.091326
v -0.164289 -0.143793 -0.163197
v -0.161034 -0.044949 -0.132638
v -0.177042 0.054354 -0.054496
v -0.173445 0.087838 -0.030490
v -0.166346 -0.436595 -0.254652
v -0.167752 -0.345909 -0.228424
v -0.167146 -0.094231 -0.143610
v -0.168679 -0.037220 0.120105
v -0.163406 0.008559 -0.107743
v -0.159590 0.068939 -0.083465
v -0.170053 0.088906 0.046115
v -0.169314 0.120179 0.006044
v -0.160128 -0.310916 -0.222574
v -0.159011 0.049042 0.095321
v -0.164376 0.097894 -0.058289
v -0.161945 0.151524 -0.008009
v -0.144653 -0.416315 -0.259721
v -0.153438 -0.232176 -0.203112
v -0.144439 0.116863 0.087440
v -0.159816 0.132295 -0.046656
v -0.156052 0.134276 0.054797
v -0.151054 0.021318 0.119347
v -0.152429 0.173947 0.032570
v -0.149791 -0.368556 -0.244456
v -0.135341 -0.333044 -0.242406
v -0.129814 -0.185858 -0.205007
v -0.140705 -0.080945 -0.165119
v -0.145432 0.135532 -0.075832
v -0.148076 0.203127 -0.018304
v -0.134841 -0.279272 -0.228214
v -0.141658 0.005568 -0.134734
v -0.142214 0.067749 -0.112515
v -0.146817 0.169299 -0.055248
v -0.135469 -0.147960 -0.191099
v -0.136303 0.171555 0.074696
v -0.133554 0.092757 0.112754
v -0.129360 0.113657 -0.109094
v -0.138681 0.244364 0.012233
v -0.132394 0.231780 -0.050485
v -0.129620 0.201819 -0.071749
v -0.135078 0.229870 0.046141
v -0.132208 0.271354 -0.010221
v -0.118443 -0.050888 -0.173974
v -0.118542 0.059564 -0.138902
v -0.125098 0.175780 -0.091882
v -0.122272 -0.384366 -0.262963
v -0.118607 -0.244374 -0.226909
v -0.120960 0.271367 -0.051988
v -0.122894 0.266654 0.050761
v -0.115825 -0.437925 -0.284604
v -0.110951 0.013285 -0.159670
v -0.119076 0.151274 0.107111
v -0.114239 0.225698 0.084090
v -0.122463 0.297871 -0.027574
v -0.123271 0.301820 0.018620
v -0.099946 -0.098381 -0.196758
v -0.117759 0.190294 0.094411
v -0.114070 0.240043 -0.080048
v -0.112442 0.306805 0.049851
v -0.116604 0.334226 -0.004794
v -0.104128 -0.422897 -0.282734
v -0.093999 -0.313629 -0.258144
v -0.098552 0.143471 -0.128577
v -0.111129 0.322568 -0.043639
v -0.100015 -0.196125 -0.222986
v -0.090904 0.189535 -0.121059
v -0.108024 0.353226 0.027735
v -0.093014 -0.141820 -0.211872
v -0.099124 0.276000 0.084366
v -0.104913 0.381611 -0.007445
v -0.098956 -0.359035 -0.268389
v -0.101858 0.105551 -0.138666
v -0.099529 0.290574 -0.078713
v -0.102573 0.373631 -0.031079
v -0.096858 0.399873 0.027183
v -0.090407 -0.274360 -0.249559
v -0.086529 0.252271 -0.104482
v -0.088744 0.340903 0.072348
v -0.090815 0.353804 -0.063927
v -0.086149 0.394805 0.053811
v -0.092627 0.433094 0.004166
v -0.077773 -0.386041 -0.281808
v -0.081055 -0.219808 -0.239014
v -0.089038 -0.042210 -0.186993
v -0.090182 0.064094 -0.157124
v -0.084213 0.411895 -0.048451
v -0.088626 0.433111 -0.025697
v -0.083528 0.439371 0.035003
v -0.077507 -0.168642 -0.226789
v -0.066178 -0.020364 -0.191800
v -0.081661 0.020508 -0.173383
v -0.070566 0.106654 -0.155772
v -0.083840 0.466734 -0.010309
v -0.078552 0.479392 0.021355
v -0.066295 0.312537 -0.101402
v -0.074167 0.476570 -0.034481
v -0.073950 0.390440 -0.070532
v -0.061430 0.369113 -0.088537
v -0.071009 0.417628 0.064335
v -0.072602 0.498365 -0.017900
v -0.078973 0.491846 -0.000627
v -0.067306 -0.061663 -0.203035
v -0.065692 0.152630 -0.146075
v -0.062911 0.462549 0.057643
v -0.064312 0.461504 -0.056075
v -0.067541 0.482110 0.044441
v -0.068059 0.499362 0.021937
v -0.069735 -0.123150 -0.218261
v -0.057803 0.014740 -0.185952
v -0.060378 0.061064 -0.172936
v -0.058549 0.202834 -0.136242
v -0.048751 0.270712 -0.122353
v -0.060278 0.497735 -0.041834
v -0.046784 0.417821 -0.083332
v -0.040814 0.493195 -0.065102
v -0.048924 0.498078 0.054557
v -0.042996 0.461967 -0.073441
v -0.037667 0.367585 -0.101707
v -0.028144 0.324137 -0.115481
v -0.037161 0.500751 -0.052748
v -0.026929 0.426282 -0.090242
v -0.019934 0.471400 -0.080920
v -0.224285 -0.380905 0.184243
v -0.242185 -0.396163 0.167208
v -0.241078 -0.427379 0.182096
v -0.235735 -0.352123 0.158104
v -0.242202 -0.439200 0.191995
v -0.214430 -0.437964 0.216869
v -0.219071 -0.324492 0.170357
v -0.210845 -0.410926 0.207092
v -0.182424 -0.376248 0.224661
v -0.193463 -0.332208 0.199167
v -0.178047 -0.258490 0.189134
v -0.211495 -0.248256 0.149446
v -0.202261 -0.278235 0.171856
v -0.192387 -0.437429 0.238703
v -0.181511 -0.423579 0.240874
v -0.168388 -0.208326 0.181014
v -0.194449 -0.191292 0.148337
v -0.157082 -0.293441 0.219282
v -0.179896 -0.123451 0.139441
v -0.164329 -0.158695 0.168025
v -0.157576 -0.398349 0.248450
v -0.160061 -0.080140 0.145742
v -0.181173 -0.077868 0.118605
v -0.158594 -0.432664 0.257410
v -0.163912 -0.439649 0.265513
v -0.149126 -0.340325 0.237500
v -0.151734 -0.238549 0.205919
v -0.168679 -0.037220 0.120105
v -0.137184 -0.115890 0.179513
v -0.151054 0.021318 0.119347
v -0.142663 -0.024125 0.143670
v -0.140593 -0.191217 0.200481
v -0.127839 -0.437325 0.277541
v -0.130667 -0.419728 0.267987
v -0.130966 -0.066815 0.169746
v -0.112349 -0.389957 0.269611
v -0.114056 -0.314488 0.248691
v -0.137014 -0.151261 0.191350
v -0.133554 0.092757 0.112754
v -0.109319 0.062474 0.146235
v -0.105955 -0.255728 0.236687
v -0.104120 -0.129102 0.202919
v -0.118380 -0.021789 0.165199
v -0.120327 0.016275 0.151921
v -0.110895 -0.182619 0.213928
v -0.099540 -0.063492 0.187592
v -0.119076 0.151274 0.107111
v -0.102245 0.117999 0.133976
v -0.091439 -0.352875 0.269907
v -0.068705 -0.027751 0.193221
v -0.090325 0.016164 0.170489
v -0.117759 0.190294 0.094411
v -0.095243 0.174983 0.122195
v -0.074323 -0.295440 0.260095
v -0.114239 0.225698 0.084090
v -0.087632 0.227996 0.111567
v -0.092115 -0.417769 0.286248
v -0.077651 0.156734 0.138537
v -0.099124 0.276000 0.084366
v -0.083698 -0.437379 0.295393
v -0.069619 -0.135866 0.220658
v -0.079680 0.080086 0.158755
v -0.079046 -0.197962 0.234043
v -0.059854 0.120972 0.157422
v -0.065979 0.206265 0.130875
v -0.071289 0.293997 0.103823
v -0.088744 0.340903 0.072348
v -0.067515 -0.251802 0.251093
v -0.065795 -0.089255 0.210216
v -0.062157 -0.397101 0.287227
v -0.064788 0.031264 0.179330
v -0.061417 0.354915 0.092721
v -0.071009 0.417628 0.064335
v -0.086149 0.394805 0.053811
v -0.055319 -0.343156 0.275454
v -0.044706 -0.423768 0.296590
v -0.051733 -0.213349 0.244407
v -0.035942 -0.157356 0.233008
v -0.052090 0.249548 0.126318
v -0.057997 0.400380 0.081671
v -0.049790 0.323319 0.107796
v -0.062911 0.462549 0.057643
v -0.047093 0.441063 0.077017
v -0.040264 -0.437638 0.302944
v -0.047150 0.160584 0.151990
v -0.034685 -0.066870 0.210765
v -0.032338 0.023711 0.189021
v -0.044112 0.070689 0.175713
v -0.041630 0.208655 0.141053
v -0.048924 0.498078 0.054557
v -0.067541 0.482110 0.044441
v -0.033338 -0.288583 0.266013
v -0.035496 0.288649 0.122759
v -0.031661 0.384420 0.099463
v -0.033147 -0.029333 0.201915
v -0.019999 0.136189 0.163669
v -0.032122 0.476836 0.075796
v -0.028674 -0.370504 0.286286
v -0.015936 -0.249619 0.259664
v -0.024593 -0.110750 0.223178
v -0.004376 0.202851 0.149584
v -0.020206 0.245795 0.136456
v -0.023647 0.498380 0.069632
v -0.011258 -0.334837 0.280912
v -0.018979 -0.196285 0.246215
v -0.012651 0.101279 0.173872
v -0.007129 0.065601 0.182654
v -0.013385 0.333282 0.116442
v -0.016605 0.438288 0.090508
v -0.007604 0.284604 0.129112
v 0.000381 -0.381385 0.292510
v -0.001353 -0.151966 0.236955
v -0.005178 -0.438385 0.309367
v 0.006336 -0.295907 0.271701
v 0.000001 -0.052683 0.211883
v -0.003707 0.390607 0.103610
v 0.014559 -0.180106 0.242537
v 0.003211 -0.006172 0.200300
v 0.004257 -0.422142 0.302720
v -0.000304 -0.102981 0.224845
v 0.009224 -0.219164 0.253292
v 0.005070 0.146005 0.163869
v 0.010988 0.261805 0.134428
v 0.001919 0.483235 0.081825
v 0.015712 0.495424 0.075272
v 0.006958 0.031417 0.191238
v 0.013043 0.316810 0.120478
v -0.000269 0.501254 0.067819
v 0.031655 -0.418938 0.297690
v 0.033154 -0.256125 0.258043
v 0.038785 0.159398 0.154160
v 0.023668 0.221819 0.142014
v 0.016018 0.452812 0.087197
v 0.031907 -0.334593 0.277238
v 0.031624 -0.124031 0.225516
v 0.022900 -0.074619 0.214561
v 0.020038 0.105669 0.171190
v 0.026228 0.365271 0.105929
v 0.031021 0.422090 0.089965
v 0.032363 -0.437994 0.304893
v 0.042396 0.059412 0.178422
v 0.034238 0.015309 0.190534
v 0.052817 -0.379157 0.284413
v 0.049157 -0.297947 0.265326
v 0.040617 -0.212810 0.246080
v 0.033662 0.480041 0.074343
v 0.044967 -0.042823 0.203107
v 0.055721 0.097609 0.165125
v 0.043671 0.333519 0.108016
v 0.052112 0.236978 0.130116
v 0.043903 0.287468 0.120551
v 0.070834 -0.219447 0.241975
v 0.049112 0.378973 0.093065
v 0.055694 0.427892 0.075573
v 0.038625 0.497696 0.063268
v 0.066709 -0.174662 0.231463
v 0.062299 -0.435368 0.297608
v 0.058357 -0.011505 0.192568
v 0.070061 -0.334713 0.270712
v 0.067136 0.035450 0.176879
v 0.054106 0.478024 0.061158
v 0.068788 -0.060476 0.201639
v 0.067967 0.185722 0.135920
v 0.066798 0.352567 0.090029
v 0.085790 -0.278151 0.251990
v 0.070062 -0.124883 0.218182
v 0.075667 0.130912 0.146952
v 0.077367 0.271835 0.105929
v 0.075641 0.310494 0.095171
v 0.088572 -0.422761 0.288507
v 0.070525 0.435188 0.058753
v 0.093609 -0.379209 0.275732
v 0.098216 0.058216 0.154936
v 0.086381 0.377592 0.060139
v 0.069758 0.476575 0.043314
v 0.102319 -0.108534 0.198147
v 0.084960 -0.024318 0.184049
v 0.100321 0.103381 0.140206
v 0.091938 0.333324 0.071062
v 0.092329 0.198126 0.117718
v 0.100247 -0.437932 0.289397
v 0.100326 -0.323761 0.257742
v 0.101068 -0.212248 0.227183
v 0.109712 -0.157482 0.207888
v 0.115513 -0.256432 0.231542
v 0.103086 -0.059409 0.184299
v 0.108096 0.240169 0.086857
v 0.102899 0.290239 0.074732
v 0.114863 -0.006065 0.162658
v 0.128950 -0.189482 0.206657
v 0.102733 0.138991 0.127928
v 0.126786 -0.404803 0.266302
v 0.118202 0.201671 0.090266
v 0.134190 -0.344575 0.246024
v 0.131061 -0.303056 0.236066
v 0.145727 -0.223836 0.206456
v 0.134307 -0.112376 0.180974
v 0.136985 0.108206 0.102650
v 0.130041 0.162487 0.088963
v 0.131103 -0.429409 0.270979
v 0.135669 0.014884 0.137412
v 0.127983 0.071445 0.126065
v 0.126762 -0.062821 0.172090
v 0.152047 -0.438772 0.267454
v 0.145567 -0.038984 0.145653
v 0.145101 -0.155320 0.185913
v 0.156288 -0.298834 0.221613
v 0.160211 -0.085351 0.146852
v 0.169733 -0.375747 0.234886
v 0.150637 0.046275 0.109874
v 0.161066 -0.421773 0.252815
v 0.164797 -0.177144 0.174341
v 0.165915 -0.131546 0.157164
v 0.164145 -0.025199 0.121480
v 0.169961 -0.235295 0.189137
v 0.177976 -0.287422 0.199024
v 0.183367 -0.434077 0.243657
v 0.179636 -0.334060 0.213097
v 0.197046 -0.208633 0.151640
v 0.179878 -0.093644 0.128356
v 0.198132 -0.374817 0.208472
v 0.191847 -0.149738 0.134809
v 0.202885 -0.251188 0.160853
v 0.205158 -0.424018 0.218135
v 0.210564 -0.341146 0.184716
v 0.233030 -0.411551 0.185791
v 0.224786 -0.298922 0.150633
v 0.230987 -0.366682 0.172393
v 0.242267 -0.435009 0.184373
v -0.078504 -0.438702 -0.297598
v -0.115825 -0.437925 -0.284604
v -0.104128 -0.422897 -0.282734
v -0.075411 -0.418264 -0.289953
v -0.067231 -0.347706 -0.274660
v -0.077773 -0.386041 -0.281808
v -0.098956 -0.359035 -0.268389
v -0.093999 -0.313629 -0.258144
v -0.036743 -0.300027 -0.267899
v -0.090407 -0.274360 -0.249559
v -0.046796 -0.251438 -0.254332
v -0.081055 -0.219808 -0.239014
v -0.048734 -0.161389 -0.232045
v -0.077507 -0.168642 -0.226789
v -0.069735 -0.123150 -0.218261
v -0.099946 -0.098381 -0.196758
v -0.049448 -0.087457 -0.213304
v -0.067306 -0.061663 -0.203035
v -0.045210 -0.436913 -0.301653
v -0.049955 -0.214782 -0.245100
v -0.030478 -0.126986 -0.226404
v -0.042696 0.115707 -0.164374
v -0.070566 0.106654 -0.155772
v -0.065692 0.152630 -0.146075
v -0.041142 -0.411124 -0.294071
v -0.033123 -0.047221 -0.206051
v -0.066178 -0.020364 -0.191800
v -0.033436 0.167371 -0.153327
v -0.058549 0.202834 -0.136242
v -0.035243 -0.373544 -0.286324
v -0.031297 0.051663 -0.182075
v -0.057803 0.014740 -0.185952
v -0.060378 0.061064 -0.172936
v -0.024986 -0.007440 -0.197570
v -0.017450 -0.188350 -0.244724
v -0.028037 0.225448 -0.140097
v -0.048751 0.270712 -0.122353
v -0.009255 -0.337778 -0.281629
v -0.003852 -0.235005 -0.257208
v -0.000890 0.098478 -0.174211
v -0.028144 0.324137 -0.115481
v -0.022900 0.276535 -0.128148
v -0.000056 0.187085 -0.152718
v 0.004263 0.358680 -0.110486
v -0.037667 0.367585 -0.101707
v -0.006800 0.415886 -0.096595
v -0.026929 0.426282 -0.090242
v -0.005672 -0.289799 -0.269968
v -0.003745 0.240027 -0.139858
v -0.010018 0.491330 -0.078088
v -0.019934 0.471400 -0.080920
v -0.040814 0.493195 -0.065102
v -0.005072 -0.417628 -0.301427
v 0.006011 -0.144722 -0.234669
v -0.002709 -0.071427 -0.216513
v 0.002340 0.057123 -0.184976
v -0.003336 0.139581 -0.164918
v -0.005578 0.499351 -0.071381
v 0.000960 -0.001674 -0.199232
v 0.005400 0.301052 -0.124615
v -0.001842 -0.439947 -0.311786
v 0.010008 -0.363895 -0.288266
v 0.006599 0.464858 -0.084627
v 0.036022 -0.402406 -0.292746
v 0.026961 -0.439490 -0.308404
v 0.022692 -0.254990 -0.258892
v 0.021522 -0.202421 -0.246726
v 0.017748 0.217321 -0.143663
v 0.016944 0.489072 -0.077422
v 0.038622 -0.333968 -0.275867
v 0.025536 -0.092016 -0.218515
v 0.025877 -0.049564 -0.207834
v 0.035294 0.137411 -0.160483
v 0.017772 0.412359 -0.095891
v 0.028310 0.035381 -0.186417
v 0.031331 0.073055 -0.176904
v 0.028942 0.263390 -0.130143
v 0.029874 -0.292096 -0.266723
v 0.044875 -0.151405 -0.229811
v 0.032656 0.372217 -0.102516
v 0.034321 0.500675 -0.059685
v 0.034626 -0.009787 -0.196326
v 0.036921 0.334059 -0.110972
v 0.032319 0.433431 -0.086755
v 0.043354 0.463656 -0.072937
v 0.052675 0.191691 -0.141626
v 0.044289 0.491108 -0.064197
v 0.053807 -0.211875 -0.242899
v 0.057012 -0.066334 -0.206554
v 0.047964 0.103304 -0.166627
v 0.045657 0.291570 -0.117984
v 0.047670 0.393253 -0.089878
v 0.070198 0.313813 -0.098293
v 0.065034 -0.430549 -0.295109
v 0.063872 -0.440180 -0.302178
v 0.064095 -0.260185 -0.253042
v 0.059078 0.013836 -0.185945
v 0.065448 0.067617 -0.168979
v 0.061197 0.353803 -0.092400
v 0.077797 -0.296408 -0.259346
v 0.065871 0.402705 -0.074314
v 0.059642 0.495657 -0.046958
v 0.074760 -0.099602 -0.209270
v 0.070915 0.246886 -0.117232
v 0.083791 -0.372889 -0.277156
v 0.067046 -0.033374 -0.195418
v 0.076150 0.123826 -0.148668
v 0.087538 0.172182 -0.128984
v 0.070681 0.462155 -0.047729
v 0.071880 -0.159808 -0.226470
v 0.096947 -0.020006 -0.176757
v 0.085955 0.021937 -0.170963
v 0.078553 0.411838 -0.056815
v 0.085235 -0.334887 -0.267599
v 0.091492 -0.054848 -0.189221
v 0.079485 0.470316 -0.026464
v 0.072508 0.495293 -0.024632
v 0.089287 -0.223171 -0.235956
v 0.103891 -0.161112 -0.211494
v 0.090704 0.333012 -0.073156
v 0.087099 0.370371 -0.063306
v 0.093634 -0.416935 -0.286074
v 0.103379 0.047959 -0.154282
v 0.097547 0.275585 -0.085834
v 0.092788 0.408385 -0.033316
v 0.103927 -0.435389 -0.287299
v 0.114971 -0.260497 -0.233146
v 0.108058 -0.105599 -0.194112
v 0.098877 0.102413 -0.142087
v 0.119528 -0.307586 -0.243725
v 0.100805 0.226271 -0.099698
v 0.106922 0.340521 -0.042207
v 0.118788 -0.348588 -0.255410
v 0.105703 0.139030 -0.124777
v 0.117716 0.190535 -0.094357
v 0.123032 -0.404455 -0.267916
v 0.119415 -0.064266 -0.176897
v 0.118511 -0.007491 -0.161126
v 0.115074 0.292691 -0.051952
v 0.126057 0.075193 -0.126538
v 0.134530 0.157216 -0.084397
v 0.117451 0.236541 -0.076053
v 0.142290 -0.220938 -0.207599
v 0.132915 -0.104273 -0.180147
v 0.134855 0.227327 -0.046390
v 0.116776 0.332951 -0.011866
v 0.136774 -0.439437 -0.273015
v 0.138692 0.024865 -0.131057
v 0.138182 0.103784 -0.102973
v 0.134192 0.199081 -0.063986
v 0.131070 0.266033 -0.025006
v 0.144604 -0.015083 -0.138773
v 0.144864 -0.053758 -0.151759
v 0.147505 -0.167284 -0.187138
v 0.154262 -0.100822 -0.158451
v 0.154977 -0.276216 -0.215904
v 0.166449 -0.390931 -0.241544
v 0.150281 0.169394 -0.046385
v 0.167852 -0.427828 -0.250910
v 0.160827 0.002377 -0.114314
v 0.153539 0.049764 -0.104747
v 0.161392 0.115885 -0.053352
v 0.163510 -0.337548 -0.228568
v 0.156841 0.082793 -0.080954
v 0.170741 -0.439395 -0.254717
v 0.172547 -0.237144 -0.186832
v 0.168877 -0.042616 -0.122449
v 0.174779 -0.145071 -0.152973
v 0.170829 0.027665 -0.082781
v 0.190058 -0.187767 -0.152114
v 0.187176 -0.324557 -0.202494
v 0.174381 0.061011 -0.056816
v 0.207393 -0.391395 -0.205218
v 0.198944 -0.276161 -0.173896
v 0.181965 -0.096455 -0.126234
v 0.191875 -0.071466 -0.094992
v 0.190138 -0.026276 -0.073944
v 0.186170 0.016527 -0.056392
v 0.197933 -0.426119 -0.226712
v 0.196834 -0.149298 -0.126556
v 0.200171 -0.440700 -0.234666
v 0.201030 -0.231247 -0.155855
v 0.197915 -0.016215 -0.038901
v 0.213831 -0.173721 -0.106931
v 0.214475 -0.133176 -0.083726
v 0.218114 -0.437335 -0.211497
v 0.232583 -0.369652 -0.170993
v 0.216937 -0.316954 -0.169707
v 0.208032 -0.067540 -0.054389
v 0.222677 -0.238618 -0.123551
v 0.217155 -0.110344 -0.060556
v 0.222873 -0.285401 -0.147567
v 0.237405 -0.332853 -0.145255
v 0.242264 -0.230518 -0.078372
v 0.231121 -0.166744 -0.059414
v 0.238617 -0.416131 -0.181683
v 0.243829 -0.436770 -0.184774
v 0.242168 -0.268417 -0.100776
v 0.255721 -0.372962 -0.130865
v 0.253538 -0.319754 -0.106360
v 0.261483 -0.417037 -0.142600
v 0.258282 -0.295782 -0.083038
v 0.271318 -0.438255 -0.136776
v 0.273078 -0.351292 -0.079407
v 0.281759 -0.396393 -0.087781
v 0.287057 -0.432563 -0.101870
v 0.296228 -0.435604 -0.074412
vn -0.8015 -0.5979 0.0106
vn -0.8558 -0.5172 -0.0074
vn -0.0912 -0.9958 -0.0031
vn -0.6792 -0.7339 0.0067
vn -0.7930 -0.6091 -0.0132
vn -0.0507 -0.9987 0.0077
vn -0.8071 -0.5904 -0.0021
vn -0.0409 -0.9991 0.0083
vn -0.0335 -0.9994 0.0003
vn -0.4466 -0.8947 0.0021
vn -0.0597 -0.9982 0.0014
vn -0.4499 -0.8931 0.0011
vn -0.5423 -0.8402 -0.0026
vn -0.0477 -0.9988 -0.0061
vn -0.0313 -0.9995 -0.0061
vn -0.6321 -0.7748 -0.0140
vn -0.5917 -0.7948 -0.1347
vn -0.0706 -0.9975 -0.0088
vn -0.8465 -0.5322 -0.0126
vn -0.7518 -0.6593 -0.0047
vn -0.0722 -0.9974 -0.0023
vn -0.7428 -0.6687 0.0320
vn -0.0702 -0.9974 0.0149
vn -0.5804 -0.7993 0.1561
vn -0.0368 -0.9992 -0.0177
vn -0.0239 -0.9997 -0.0017
vn -0.5764 -0.6619 -0.4791
vn -0.0455 -0.9980 0.0440
vn -0.6056 -0.5651 0.5603
vn -0.0439 -0.9990 -0.0072
vn -0.0178 -0.9998 -0.0020
vn -0.0182 -0.9998 0.0067
vn -0.4234 -0.7561 0.4990
vn -0.0209 -0.9998 -0.0050
vn -0.4256 -0.6995 -0.5741
vn -0.0139 -0.9999 0.0015
vn -0.0183 -0.9997 -0.0144
vn -0.0084 -1.0000 -0.0008
vn -0.0114 -0.9999 0.0076
vn -0.0124 -0.9997 -0.0203
vn -0.0143 -0.9999 -0.0012
vn -0.0144 -0.9999 -0.0077
vn -0.0021 -1.0000 -0.0083
vn -0.0053 -0.9999 -0.0135
vn -0.0073 -0.9999 -0.0112
vn -0.0077 -0.9999 0.0085
vn -0.2761 -0.5758 0.7695
vn -0.0275 -0.9974 0.0662
vn -0.0047 -1.0000 0.0077
vn -0.0706 -0.9724 -0.2223
vn -0.0094 -0.9999 -0.0086
vn -0.0028 -0.9996 0.0266
vn 0.0049 -0.9995 -0.0328
vn -0.0167 -0.9999 -0.0020
vn 0.0161 -0.9999 -0.0032
vn -0.0867 -0.6673 0.7397
vn 0.0015 -1.0000 -0.0027
vn -0.0463 -0.3572 -0.9329
vn 0.0162 -0.9998 0.0063
vn -0.0103 -0.9999 -0.0026
vn -0.0094 -1.0000 -0.0007
vn -0.0008 -0.7992 -0.6011
vn -0.0093 -1.0000 -0.0014
vn -0.0045 -0.9999 -0.0131
vn -0.0036 -0.9951 0.0992
vn -0.0078 -0.9999 0.0094
vn -0.0397 -0.9992 0.0102
vn 0.0153 -0.9998 0.0160
vn -0.0182 -0.1229 0.9923
vn -0.0042 -0.9999 -0.0143
vn 0.0168 -0.9999 -0.0023
vn 0.0070 -0.9997 -0.0233
vn -0.0369 -0.9992 -0.0121
vn -0.0375 -0.9992 -0.0163
vn -0.0083 -0.9999 0.0126
vn 0.0104 -0.9988 -0.0474
vn -0.0038 -1.0000 0.0038
vn -0.0053 -0.6030 -0.7977
vn -0.0536 -0.9986 -0.0011
vn -0.0311 -0.9995 0.0077
vn 0.0103 -0.9999 0.0123
vn -0.0238 -0.9997 -0.0030
vn 0.0341 -0.8578 0.5129
vn -0.0598 -0.9980 -0.0185
vn 0.0050 -0.9997 -0.0239
vn -0.0131 -0.9999 0.0024
vn 0.0216 -0.9986 0.0485
vn -0.0428 -0.9988 -0.0240
vn -0.0050 -0.9999 0.0088
vn 0.0051 -0.9997 -0.0250
vn 0.0088 -0.5034 0.8640
vn -0.0385 -0.9989 0.0271
vn -0.0552 -0.9982 0.0213
vn 0.0058 -0.9998 -0.0167
vn -0.0496 -0.9982 -0.0327
vn -0.0190 -0.9993 0.0315
vn -0.0557 -0.9984 -0.0032
vn -0.0043 -1.0000 -0.0069
vn 0.0010 -0.9989 0.0466
vn -0.0257 -0.9995 -0.0171
vn 0.0014 -0.9998 0.0180
vn 0.0208 -0.9339 -0.3568
vn -0.0495 -0.9985 -0.0240
vn -0.0058 -0.9998 -0.0209
vn -0.0392 -0.9986 -0.0353
vn -0.0318 -0.9985 0.0455
vn -0.0244 -0.9993 -0.0273
vn -0.0140 -0.6428 0.7659
vn 0.0125 -0.9991 -0.0395
vn 0.0128 -0.9997 0.0189
vn -0.0386 -0.9987 0.0322
vn -0.0493 -0.9986 0.0202
vn -0.0127 -0.9988 0.0476
vn -0.0271 -0.9996 -0.0038
vn -0.0421 -0.9985 -0.0341
vn 0.0001 -0.9995 -0.0331
vn 0.0116 -0.5572 -0.8303
vn -0.0401 -0.9972 0.0636
vn 0.0043 -0.9995 0.0298
vn 0.0157 -0.9909 0.1334
vn -0.0197 -0.9997 -0.0164
vn -0.0291 -0.9983 -0.0499
vn 0.0102 -0.9997 -0.0244
vn -0.0189 -0.9997 0.0181
vn -0.0508 -0.9979 -0.0396
vn 0.0046 -0.9998 0.0191
vn -0.0043 -0.9999 -0.0156
vn -0.0045 -0.9992 -0.0402
vn -0.0292 -0.9994 -0.0174
vn 0.0033 -0.9992 -0.0388
vn -0.0133 -0.9998 0.0169
vn 0.0029 -0.9993 -0.0374
vn -0.0053 -0.9988 0.0488
vn -0.0111 -0.9991 -0.0408
vn -0.0191 -0.9981 0.0580
vn -0.0131 -0.5920 -0.8059
vn -0.0040 -0.9994 0.0336
vn 0.0127 -0.3445 0.9387
vn 0.0002 -0.9989 0.0477
vn -0.0020 -1.0000 -0.0001
vn -0.0007 -1.0000 0.0009
vn -0.0307 -0.9987 -0.0399
vn -0.0115 -0.9966 0.0821
vn -0.0135 -0.9968 -0.0791
vn 0.0107 -0.9995 0.0286
vn 0.0061 -0.9995 -0.0325
vn -0.0098 -0.7993 0.6009
vn -0.0064 -0.9998 0.0194
vn 0.0038 -1.0000 -0.0091
vn -0.0023 -0.9998 0.0201
vn -0.0011 -0.9986 0.0527
vn 0.0144 -0.9965 0.0827
vn -0.0002 -0.9997 -0.0246
vn 0.0067 -1.0000 0.0062
vn 0.0201 -0.9986 -0.0481
vn -0.0153 -0.9504 -0.3107
vn -0.0071 -0.9994 -0.0344
vn 0.0237 -0.9967 -0.0775
vn 0.0015 -1.0000 -0.0017
vn -0.0090 -0.9999 0.0147
vn -0.0056 -0.9994 0.0355
vn -0.0048 -1.0000 -0.0069
vn 0.0343 -0.9992 0.0215
vn 0.0159 -0.9998 0.0078
vn 0.0106 -0.9991 -0.0418
vn 0.0167 -0.9980 0.0602
vn -0.0305 -0.7266 0.6863
vn 0.0307 -0.9993 0.0224
vn 0.0373 -0.9988 -0.0317
vn 0.0200 -0.6930 -0.7207
vn -0.0194 -0.9994 -0.0280
vn 0.0416 -0.9985 0.0355
vn 0.0335 -0.9992 -0.0198
vn -0.0004 -0.9994 0.0357
vn 0.0192 -0.9973 -0.0711
vn -0.0143 -0.9998 -0.0111
vn -0.0169 -0.9993 0.0348
vn -0.0021 -1.0000 -0.0031
vn 0.0424 -0.9986 0.0310
vn -0.0100 -0.9997 0.0209
vn 0.0384 -0.9986 -0.0373
vn 0.0070 -0.2885 0.9574
vn 0.0301 -0.9991 0.0287
vn 0.0606 -0.9982 0.0041
vn -0.0126 -0.6086 -0.7934
vn 0.0521 -0.9984 0.0216
vn 0.0119 -0.9994 -0.0331
vn 0.0038 -0.9934 0.1144
vn 0.0679 -0.9975 -0.0213
vn -0.0148 -0.9987 -0.0494
vn 0.0496 -0.9985 -0.0232
vn -0.0196 -0.9993 -0.0333
vn -0.0085 -0.9996 0.0266
vn -0.0007 -0.2389 0.9710
vn 0.0037 -0.9999 0.0134
vn -0.0120 -0.9999 -0.0105
vn -0.0104 -0.9999 0.0061
vn 0.0459 -0.9988 0.0182
vn -0.0086 -0.9997 0.0227
vn 0.0216 -0.9997 0.0101
vn 0.0610 -0.9981 0.0016
vn -0.0091 -0.9944 0.1051
vn -0.0125 -0.9992 -0.0380
vn -0.0082 -0.9997 0.0217
vn -0.0140 -0.8424 -0.5387
vn 0.0076 -0.9999 -0.0074
vn 0.0381 -0.9992 -0.0074
vn -0.0083 -1.0000 0.0013
vn 0.0332 -0.9994 -0.0038
vn 0.0372 -0.9993 -0.0089
vn 0.0293 -0.9996 0.0051
vn -0.0090 -0.6537 0.7567
vn -0.0048 -1.0000 0.0012
vn -0.0035 -0.9999 -0.0109
vn -0.0130 -0.9996 0.0270
vn 0.0232 -0.9997 -0.0039
vn -0.0099 -0.9999 0.0140
vn -0.0095 -0.9978 -0.0653
vn -0.0061 -0.9997 -0.0217
vn 0.0135 -0.9999 0.0016
vn -0.0001 -1.0000 0.0079
vn 0.0096 -0.9999 0.0035
vn -0.0038 -0.9980 0.0626
vn -0.0000 -1.0000 0.0098
vn 0.0220 -0.9998 0.0026
vn 0.0230 -0.4400 -0.8977
vn 0.0077 -0.5623 0.8269
vn -0.0075 -1.0000 -0.0013
vn 0.0058 -1.0000 -0.0012
vn 0.0111 -0.9999 -0.0053
vn -0.0041 -0.9994 0.0339
vn 0.0063 -0.9999 -0.0138
vn -0.0035 -1.0000 -0.0086
vn 0.0259 -0.9996 0.0147
vn 0.0303 -0.9995 -0.0105
vn -0.0090 -0.9999 0.0138
vn 0.0194 -0.9997 0.0121
vn 0.0073 -0.9967 0.0811
vn 0.0086 -0.9970 -0.0773
vn 0.0278 -0.9996 -0.0060
vn 0.0752 -0.4290 0.9002
vn 0.0146 -0.9999 -0.0026
vn 0.0154 -0.9997 -0.0190
vn 0.0294 -0.9995 -0.0092
vn 0.0300 -0.9995 -0.0130
vn 0.0572 -0.9948 -0.0847
vn 0.2294 -0.6017 -0.7650
vn 0.0240 -0.9997 0.0082
vn 0.0224 -0.9997 0.0067
vn 0.0075 -0.9997 0.0231
vn 0.0344 -0.9994 -0.0004
vn 0.0410 -0.9974 0.0591
vn 0.0460 -0.9989 0.0118
vn 0.0292 -0.9994 -0.0201
vn 0.2762 -0.8761 0.3951
vn 0.0482 -0.9987 -0.0189
vn 0.0388 -0.9992 0.0086
vn 0.0262 -0.9996 0.0094
vn 0.0120 -0.9999 0.0031
vn 0.0469 -0.9989 -0.0085
vn 0.0587 -0.9982 -0.0114
vn 0.0848 -0.9956 -0.0408
vn 0.5704 -0.5935 -0.5678
vn 0.0230 -0.9997 -0.0054
vn 0.0647 -0.9979 -0.0003
vn 0.0557 -0.9984 0.0060
vn 0.5451 -0.6182 0.5662
vn 0.1283 -0.9917 0.0028
vn 0.0289 -0.9996 0.0051
vn 0.1635 -0.9833 0.0801
vn 0.0911 -0.9958 0.0078
vn 0.0969 -0.9953 -0.0067
vn 0.0427 -0.9991 0.0059
vn 0.2802 -0.9599 0.0121
vn 0.8661 -0.1794 0.4665
vn 0.8508 -0.2802 -0.4445
vn 0.4817 -0.8763 0.0016
vn 0.5026 -0.8645 0.0021
vn 0.6521 -0.7581 -0.0079
vn 0.6649 -0.7381 -0.1149
vn 0.9440 -0.3300 0.0062
vn 0.7849 -0.6195 -0.0143
vn 0.8150 -0.5795 -0.0068
vn 0.8838 -0.4678 -0.0077
vn 0.9445 -0.3284 0.0062
vn 0.9191 -0.3940 -0.0055
vn 0.9248 -0.3610 0.1198
vn -0.0578 0.9983 0.0029
vn -0.4531 0.8848 -0.1087
vn -0.9555 0.2939 -0.0240
vn -0.7196 0.6943 0.0112
vn -0.0575 0.9983 0.0068
vn -0.8151 0.5792 0.0069
vn -0.0099 0.9999 0.0082
vn -0.8431 0.5377 0.0049
vn -0.0125 0.9999 0.0027
vn -0.6023 0.7983 0.0013
vn -0.6466 0.7628 0.0001
vn -0.0045 1.0000 -0.0023
vn -0.5810 0.8139 0.0092
vn 0.0145 0.9999 -0.0064
vn -0.0417 0.9991 0.0055
vn -0.6189 0.7855 -0.0055
vn -0.0176 0.9998 -0.0043
vn -0.6453 0.7639 -0.0102
vn -0.0114 0.9999 -0.0125
vn -0.6210 0.7838 0.0034
vn -0.0292 0.9996 -0.0035
vn -0.6392 0.7690 -0.0065
vn -0.7676 0.6359 0.0804
vn -0.0419 0.9991 -0.0104
vn -0.2016 0.9687 0.1452
vn -0.0373 0.9991 -0.0199
vn -0.7227 0.5701 -0.3908
vn -0.5132 0.6732 -0.5324
vn -0.0042 1.0000 0.0046
vn -0.0032 1.0000 0.0063
vn -0.0153 0.9995 -0.0282
vn 0.0159 0.9997 0.0184
vn 0.0091 1.0000 0.0007
vn -0.0164 0.9967 0.0792
vn -0.6162 0.5204 0.5911
vn 0.0019 1.0000 -0.0085
vn -0.0520 0.9984 -0.0203
vn -0.2830 0.8520 -0.4404
vn 0.0174 0.9998 -0.0122
vn 0.0225 0.9997 0.0131
vn 0.0114 0.9999 -0.0097
vn 0.0078 0.9990 0.0444
vn -0.4574 0.2180 0.8621
vn 0.0156 0.9998 0.0109
vn -0.3270 0.9444 -0.0341
vn -0.8089 0.5874 0.0232
vn 0.0186 0.9998 -0.0088
vn -0.0200 0.9990 0.0400
vn -0.6035 0.7879 -0.1227
vn -0.5769 0.8069 0.1268
vn -0.1310 0.8081 -0.5743
vn -0.5156 0.8279 -0.2207
vn -0.4440 0.8678 0.2231
vn -0.0031 0.9996 -0.0266
vn -0.1146 0.6756 0.7283
vn -0.4693 0.8431 -0.2624
vn 0.0338 0.9992 0.0230
vn -0.5046 0.8183 0.2753
vn 0.0046 0.9999 -0.0103
vn 0.0128 0.9998 -0.0123
vn -0.0089 0.6581 0.7529
vn 0.0074 0.9958 0.0909
vn -0.2488 0.9461 -0.2074
vn 0.0073 1.0000 0.0061
vn -0.0230 0.5449 -0.8382
vn 0.0027 0.9983 -0.0590
vn 0.0063 1.0000 0.0039
vn -0.1518 0.9810 0.1212
vn 0.0242 0.9996 0.0172
vn 0.0233 0.9990 0.0368
vn -0.4923 0.7393 0.4594
vn 0.0084 0.9999 -0.0074
vn 0.0017 0.5705 -0.8213
vn 0.0085 0.5206 0.8538
vn 0.0137 0.9996 -0.0250
vn -0.4104 0.7966 -0.4438
vn 0.0042 0.9982 0.0595
vn 0.0184 0.9995 0.0246
vn -0.0290 0.9993 -0.0217
vn -0.3252 0.8621 0.3886
vn 0.0063 1.0000 -0.0056
vn -0.0167 0.9998 -0.0053
vn -0.4138 0.6404 -0.6470
vn 0.0082 1.0000 0.0052
vn 0.0085 1.0000 0.0013
vn -0.0688 0.9924 0.1021
vn 0.0065 0.6545 -0.7560
vn -0.0074 0.7755 0.6314
vn 0.0218 0.9995 -0.0241
vn -0.2537 0.8169 0.5179
vn 0.0095 0.9997 0.0242
vn 0.0033 0.9982 0.0607
vn -0.1657 0.9266 -0.3375
vn 0.0111 0.9997 -0.0228
vn -0.0018 0.9998 0.0208
vn 0.0091 0.7951 -0.6064
vn 0.0024 0.6398 0.7685
vn 0.0062 0.9999 0.0143
vn -0.1611 0.7573 0.6329
vn -0.1023 0.8864 -0.4515
vn -0.0064 0.9990 -0.0435
vn -0.0013 0.9995 0.0301
vn -0.0440 0.9990 -0.0113
vn -0.7114 0.6731 -0.2022
vn -0.4185 0.8914 0.1736
vn -0.0721 0.8764 0.4761
vn -0.6005 0.6475 -0.4692
vn -0.0138 0.9997 0.0221
vn -0.0016 0.9991 -0.0424
vn 0.0030 0.9995 0.0307
vn -0.0666 0.9910 -0.1160
vn -0.4952 0.6649 0.5591
vn 0.0002 0.6814 0.7320
vn -0.1216 0.6839 -0.7193
vn -0.0183 0.4386 -0.8985
vn -0.0019 0.9997 0.0251
vn 0.0183 0.9998 0.0022
vn -0.2090 0.7469 0.6313
vn 0.0018 0.9997 -0.0240
vn 0.0057 1.0000 -0.0053
vn 0.0028 0.9993 0.0381
vn -0.0300 0.9086 -0.4167
vn -0.4898 0.4533 -0.7447
vn 0.0014 0.9273 -0.3742
vn -0.0505 0.6016 0.7972
vn -0.0015 0.9999 -0.0115
vn -0.0266 0.8055 -0.5920
vn 0.0091 0.9879 0.1547
vn -0.0037 0.7663 0.6425
vn 0.0357 0.9992 0.0153
vn 0.0707 0.8684 0.4908
vn -0.0044 0.9999 0.0111
vn 0.3755 0.7590 0.5318
vn 0.1389 0.5720 0.8084
vn 0.1164 0.9627 -0.2444
vn 0.0842 0.8425 -0.5321
vn 0.0020 0.9998 0.0215
vn -0.0030 0.9999 -0.0126
vn 0.0247 0.9827 -0.1838
vn 0.0174 0.9997 0.0149
vn 0.0159 0.9981 0.0602
vn 0.0009 0.5960 -0.8030
vn 0.1727 0.5293 0.8307
vn 0.5276 0.7700 0.3587
vn 0.6489 0.2962 0.7009
vn -0.0092 0.9998 0.0170
vn 0.2335 0.9693 -0.0770
vn 0.7066 0.4783 -0.5214
vn -0.0070 0.9997 -0.0243
vn 0.8501 0.2824 0.4445
vn 0.1729 0.9839 0.0459
vn 0.8580 0.4484 -0.2505
vn 0.0022 0.7219 0.6920
vn 0.8874 0.4193 0.1916
vn -0.0043 1.0000 0.0002
vn 0.7953 0.2322 0.5600
vn 0.9316 0.2413 0.2717
vn 0.1886 0.8453 0.4999
vn 0.7592 0.2298 0.6089
vn 0.8821 0.2419 0.4041
vn 0.9670 0.2522 -0.0353
vn 0.9135 0.2502 -0.3207
vn 0.9700 0.2370 -0.0537
vn 0.9096 0.2340 -0.3434
vn -0.0222 0.9994 -0.0253
vn -0.0066 0.9991 0.0413
vn 0.2583 0.7079 -0.6574
vn 0.9695 0.2336 -0.0742
vn 0.9595 0.2366 0.1528
vn 0.0017 0.7130 -0.7012
vn 0.7874 0.2468 0.5649
vn 0.9282 0.2356 0.2879
vn 0.9069 0.2345 -0.3502
vn -0.0004 0.4538 0.8911
vn 0.0047 1.0000 0.0029
vn 0.7657 0.2338 0.5992
vn 0.8866 0.2475 0.3908
vn 0.9647 0.2448 -0.0973
vn 0.7532 0.2417 0.6117
vn 0.8661 0.2342 0.4417
vn 0.9354 0.2423 0.2574
vn 0.9549 0.2482 0.1631
vn 0.4135 0.5073 -0.7561
vn -0.0154 0.9998 -0.0122
vn 0.1911 0.9172 0.3496
vn -0.0117 0.9999 0.0092
vn 0.7662 0.2327 0.5990
vn 0.8569 0.2356 0.4585
vn 0.9700 0.2354 0.0612
vn 0.7806 0.2365 0.5786
vn 0.9528 0.2358 -0.1911
vn 0.7685 0.2399 0.5932
vn 0.8700 0.2377 0.4319
vn 0.9432 0.2309 0.2391
vn -0.0168 0.9995 -0.0252
vn 0.9215 0.2371 0.3077
vn 0.9716 0.2365 0.0017
vn 0.9260 0.2410 -0.2905
vn 0.9638 0.2444 -0.1066
vn 0.9208 0.2367 -0.3099
vn 0.9609 0.2447 0.1299
vn -0.0108 0.6087 -0.7933
vn 0.7899 0.2384 0.5650
vn 0.8566 0.2378 0.4578
vn 0.8952 0.2393 0.3760
vn 0.9405 0.2295 0.2507
vn -0.0122 0.8352 0.5499
vn 0.2247 0.9059 -0.3590
vn 0.9608 0.2267 -0.1594
vn 0.9009 0.2362 -0.3643
vn -0.0179 0.9996 0.0198
vn 0.7866 0.2387 0.5694
vn 0.8751 0.2369 0.4220
vn 0.9717 0.2345 0.0270
vn -0.0183 0.9979 -0.0622
vn 0.0681 0.9951 0.0715
vn 0.9255 0.2334 0.2984
vn 0.9580 0.2379 -0.1602
vn 0.9507 0.2381 0.1987
vn 0.8569 0.2334 0.4597
vn -0.0172 0.9993 0.0342
vn 0.9212 0.2387 -0.3074
vn 0.8715 0.2303 0.4329
vn 0.7984 0.2379 0.5531
vn 0.9623 0.2333 -0.1401
vn 0.9273 0.2361 -0.2906
vn 0.9605 0.2352 0.1485
vn 0.9704 0.2412 0.0124
vn 0.5647 0.3983 0.7228
vn 0.9438 0.2415 0.2258
vn 0.0680 0.9951 0.0715
vn 0.2970 0.8996 0.3201
vn 0.5647 0.3984 0.7227
vn -0.0321 0.9988 -0.0377
vn -0.0152 0.9998 -0.0118
vn 0.9119 0.2411 0.3320
vn -0.0000 0.9991 0.0426
vn 0.2551 0.9276 -0.2730
vn 0.2971 0.8996 0.3201
vn 0.7920 0.2337 0.5641
vn 0.8663 0.2431 0.4363
vn 0.9557 0.2443 -0.1643
vn 0.9696 0.2439 0.0194
vn -0.0054 0.9993 -0.0374
vn 0.6715 0.2941 0.6802
vn 0.9563 0.2358 0.1730
vn 0.7721 0.2369 0.5896
vn 0.8621 0.2346 0.4491
vn 0.9302 0.2374 0.2799
vn 0.9693 0.2433 -0.0354
vn -0.0173 0.9996 0.0206
vn 0.8473 0.2327 0.4774
vn 0.9077 0.2445 0.3411
vn 0.9390 0.2397 -0.2466
vn -0.0414 0.9983 0.0407
vn 0.0680 0.9949 -0.0749
vn 0.6594 0.3853 -0.6456
vn -0.0140 0.9999 -0.0075
vn 0.2207 0.9542 0.2020
vn 0.7726 0.2315 0.5912
vn 0.9676 0.2346 -0.0937
vn 0.9374 0.2375 -0.2547
vn 0.9630 0.2377 0.1273
vn 0.8648 0.2397 0.4412
vn 0.9551 0.2318 0.1848
vn 0.0269 0.8229 0.5676
vn 0.2207 0.9542 0.2019
vn 0.7323 0.4112 0.5428
vn 0.7912 0.2459 0.5600
vn 0.9180 0.2372 0.3178
vn 0.9299 0.2408 0.2780
vn 0.9633 0.2301 -0.1380
vn 0.9382 0.2320 -0.2567
vn 0.7856 0.2365 0.5718
vn 0.8638 0.2320 0.4473
vn 0.9707 0.2357 0.0472
vn 0.0019 0.7116 -0.7026
vn 0.6840 0.5600 -0.4676
vn -0.0306 0.9992 -0.0273
vn 0.8631 0.2351 0.4470
vn 0.8649 0.2339 0.4441
vn 0.9587 0.2338 0.1621
vn 0.0386 0.9990 0.0229
vn 0.0385 0.9990 0.0229
vn 0.7289 0.2329 0.6438
vn 0.8438 0.2303 0.4847
vn 0.9608 0.2371 0.1440
vn 0.9601 0.2332 -0.1541
vn 0.9205 0.2435 -0.3057
vn 0.9715 0.2348 0.0334
vn 0.9377 0.2347 0.2562
vn -0.0031 0.9998 -0.0216
vn 0.0082 0.9999 -0.0141
vn 0.0025 0.9973 0.0729
vn 0.9556 0.2434 -0.1659
vn 0.9716 0.2367 0.0015
vn 0.0812 0.7066 0.7030
vn 0.9119 0.2400 0.3330
vn 0.9318 0.2397 -0.2724
vn 0.0757 0.8287 -0.5545
vn -0.0221 0.9996 0.0164
vn 0.2378 0.9616 0.1370
vn 0.6386 0.6830 -0.3547
vn 0.8361 0.3089 0.4534
vn 0.8664 0.2432 0.4361
vn -0.0516 0.9984 0.0234
vn 0.9131 0.2370 0.3318
vn 0.9592 0.2389 0.1511
vn 0.9572 0.2362 -0.1672
vn -0.0345 0.9991 -0.0235
vn 0.9608 0.2332 -0.1497
vn 0.9345 0.2313 -0.2706
vn 0.9707 0.2392 -0.0232
vn -0.0094 0.9999 -0.0087
vn 0.9518 0.2403 0.1905
vn 0.7698 0.4941 0.4040
vn 0.9600 0.2311 0.1584
vn 0.9704 0.2412 0.0145
vn -0.0334 0.9993 0.0174
vn 0.0615 0.9967 -0.0524
vn 0.0032 0.9999 0.0102
vn 0.0063 0.9987 0.0496
vn 0.9547 0.2404 0.1754
vn 0.9619 0.2326 -0.1437
vn -0.0154 0.9998 -0.0141
vn 0.9067 0.2954 0.3011
vn 0.9530 0.2588 -0.1573
vn 0.9069 0.2521 -0.3376
vn 0.9729 0.2284 0.0372
vn 0.2088 0.8842 -0.4177
vn 0.0240 0.9997 -0.0105
vn 0.8394 0.3944 -0.3739
vn 0.9121 0.3813 0.1504
vn 0.1610 0.9857 0.0495
vn 0.6340 0.7597 -0.1446
vn 0.6339 0.7597 -0.1446
vn 0.9303 0.3304 0.1591
vn 0.9619 0.2733 -0.0075
vn 0.0107 0.9999 -0.0105
vn 0.3749 0.6061 0.7015
vn 0.2530 0.9658 0.0562
vn 0.6702 0.7374 -0.0841
vn -0.0026 1.0000 -0.0071
vn 0.0282 0.9995 -0.0135
vn 0.2699 0.9625 0.0295
vn 0.0009 1.0000 0.0054
vn 0.1611 0.9857 0.0495
vn 0.0439 0.9990 -0.0062
vn 0.2698 0.9625 0.0294
vn 0.2418 0.9307 -0.2744
vn 0.0154 0.9999 -0.0013
vn 0.0352 0.9994 -0.0003
vn 0.0326 0.9993 0.0207
vn 0.5150 0.6385 0.5720
vn 0.0137 0.9999 0.0099
vn 0.0377 0.9993 0.0081
vn 0.0419 0.9991 0.0023
vn 0.0171 0.9998 0.0083
vn 0.0337 0.9994 0.0020
vn 0.2908 0.9568 0.0016
vn 0.4633 0.8488 -0.2548
vn 0.5305 0.7649 0.3654
vn 0.5296 0.8481 0.0165
vn 0.8632 0.4807 0.1544
vn 0.4321 0.9018 0.0060
vn 0.8948 0.4462 0.0146
vn 0.7247 0.6889 -0.0171
vn 0.5528 0.8333 0.0019
vn 0.7438 0.6640 -0.0771
vn 0.8179 0.5754 -0.0015
vn 0.7206 0.6934 0.0007
vn 0.7465 0.6654 0.0050
vn 0.6227 0.7824 -0.0095
vn -0.9991 -0.0374 -0.0219
vn -0.5917 -0.7949 -0.1347
vn -0.6321 -0.7748 -0.0139
vn -0.7929 -0.6092 -0.0132
vn -1.0000 0.0044 0.0032
vn -0.6792 -0.7340 0.0068
vn -0.8557 -0.5173 -0.0074
vn -0.9996 -0.0265 -0.0024
vn -0.9997 0.0253 0.0021
vn -0.5423 -0.8402 -0.0025
vn -0.9998 0.0200 0.0008
vn -0.8465 -0.5323 -0.0126
vn -0.9990 0.0435 -0.0063
vn -0.7518 -0.6594 -0.0047
vn -0.9888 -0.0009 0.1494
vn -0.7428 -0.6688 0.0320
vn -0.5803 -0.7993 0.1561
vn -0.9997 0.0243 0.0034
vn -0.8071 -0.5905 -0.0021
vn -0.9997 -0.0249 0.0012
vn -0.9987 0.0499 0.0038
vn -0.4466 -0.8947 0.0020
vn -0.9995 0.0297 -0.0042
vn -0.9942 0.1073 0.0005
vn -0.9998 0.0158 0.0144
vn -0.9974 0.0718 -0.0036
vn -0.9948 0.1016 0.0088
vn -0.6392 0.7690 -0.0064
vn -0.8151 0.5793 0.0069
vn -0.6022 0.7983 0.0013
vn -0.6465 0.7629 -0.0000
vn -0.6452 0.7639 -0.0102
vn -0.6209 0.7839 0.0033
vn -0.7675 0.6360 0.0805
vn -0.9556 0.2938 -0.0241
vn -0.7195 0.6944 0.0113
vn -0.5809 0.8139 0.0092
vn -0.9720 0.0740 -0.2231
vn -0.4532 0.8848 -0.1086
vn -0.8295 0.0414 -0.5570
vn -0.5764 -0.6620 -0.4791
vn -0.8674 0.0130 0.4974
vn -0.4532 0.8848 -0.1087
vn -0.7227 0.5701 -0.3907
vn -0.8547 0.2167 0.4717
vn -0.2016 0.9686 0.1452
vn -0.6056 -0.5651 0.5602
vn -0.6923 0.0869 0.7163
vn -0.6162 0.5205 0.5911
vn -0.4234 -0.7562 0.4989
vn -0.5270 0.0056 0.8499
vn 0.8898 0.1327 0.4365
vn 0.8632 0.4807 0.1545
vn 0.8661 -0.1794 0.4666
vn 0.9735 0.1233 0.1926
vn 0.7437 0.6640 -0.0771
vn 0.9329 0.1022 -0.3453
vn 0.4632 0.8488 -0.2548
vn 0.9917 0.0454 -0.1199
vn 0.9248 -0.3611 0.1198
vn 0.6648 -0.7381 -0.1149
vn 0.8149 -0.5795 -0.0069
vn 0.9969 0.0779 -0.0072
vn 0.9999 0.0169 0.0020
vn 0.9941 0.1048 0.0266
vn 0.9942 0.1072 0.0046
vn 0.9964 0.0846 0.0007
vn 0.9998 -0.0050 -0.0166
vn 0.9924 0.1234 0.0002
vn 0.9984 0.0567 -0.0060
vn 0.9989 0.0472 -0.0036
vn 0.9984 0.0565 0.0026
vn 0.6226 0.7824 -0.0095
vn 0.7247 0.6889 -0.0170
vn 0.7205 0.6934 0.0007
vn 0.9975 0.0701 0.0020
vn 0.7464 0.6655 0.0050
vn 0.5527 0.8333 0.0018
vn 0.8178 0.5754 -0.0015
vn 0.4322 0.9018 0.0060
vn 0.2803 -0.9598 0.0121
vn 0.9191 -0.3939 -0.0055
vn 0.4817 -0.8763 0.0017
vn 0.6520 -0.7582 -0.0078
vn -0.5131 0.6733 -0.5324
vn -0.6638 0.0613 -0.7454
vn -0.4256 -0.6995 -0.5740
vn -0.5010 0.1072 -0.8588
vn -0.2830 0.8521 -0.4404
vn -0.3576 0.0231 -0.9336
vn -0.1199 0.1094 -0.9867
vn -0.1311 0.8081 -0.5743
vn -0.0047 0.0414 -0.9991
vn -0.0008 -0.7992 -0.6010
vn -0.0229 0.5449 -0.8382
vn 0.0017 0.5706 -0.8213
vn -0.0054 -0.6030 -0.7977
vn -0.0011 0.0650 -0.9979
vn 0.0065 0.6546 -0.7559
vn 0.0060 -0.0355 -0.9994
vn 0.0208 -0.9339 -0.3569
vn 0.0074 0.0711 -0.9974
vn 0.0091 0.7952 -0.6063
vn -0.0007 0.0371 -0.9993
vn -0.0132 -0.5920 -0.8058
vn -0.0065 0.0238 -0.9997
vn -0.0058 -0.0553 -0.9985
vn 0.0022 0.0417 -0.9991
vn -0.0038 -0.0941 -0.9956
vn 0.0009 0.5961 -0.8029
vn 0.0201 -0.6930 -0.7206
vn 0.0073 0.0209 -0.9998
vn -0.0048 0.0464 -0.9989
vn 0.0017 0.7130 -0.7011
vn -0.0085 0.0417 -0.9991
vn -0.0108 0.6088 -0.7933
vn 0.0008 0.0328 -0.9995
vn 0.0229 -0.4400 -0.8977
vn 0.0044 0.0603 -0.9982
vn 0.0019 0.7116 -0.7025
vn 0.0816 0.0224 -0.9964
vn 0.0757 0.8288 -0.5544
vn 0.2294 -0.6018 -0.7650
vn 0.3819 0.1091 -0.9177
vn 0.2088 0.8843 -0.4177
vn 0.5997 0.0184 -0.8000
vn 0.6178 0.1520 -0.7715
vn 0.5703 -0.5936 -0.5678
vn 0.2418 0.9307 -0.2743
vn 0.7373 0.0810 -0.6707
vn 0.4633 0.8488 -0.2547
vn 0.9329 0.1022 -0.3454
vn -0.5269 0.0056 0.8499
vn -0.4233 -0.7562 0.4990
vn -0.2762 -0.5759 0.7695
vn -0.4574 0.2179 0.8622
vn -0.1491 0.0107 0.9888
vn -0.0867 -0.6674 0.7396
vn -0.1146 0.6757 0.7282
vn -0.0089 0.6582 0.7528
vn -0.0213 0.0380 0.9991
vn 0.0125 -0.0002 0.9999
vn 0.0085 0.5206 0.8537
vn 0.0082 0.0318 0.9995
vn -0.0074 0.7755 0.6313
vn -0.0090 0.0298 0.9995
vn 0.0024 0.6399 0.7685
vn -0.0009 -0.0755 0.9971
vn 0.0157 -0.9909 0.1335
vn -0.0028 0.0566 0.9984
vn 0.0127 -0.3444 0.9387
vn 0.0002 0.6814 0.7319
vn 0.0111 -0.0023 0.9999
vn -0.0098 -0.7994 0.6008
vn -0.0037 0.7663 0.6424
vn -0.0102 0.0172 0.9998
vn -0.0304 -0.7267 0.6863
vn 0.0070 -0.2885 0.9575
vn 0.0107 0.0579 0.9983
vn -0.0005 0.4537 0.8911
vn -0.0015 0.0547 0.9985
vn -0.0047 0.0516 0.9987
vn -0.0089 -0.6538 0.7566
vn -0.0021 0.0670 0.9978
vn 0.0266 0.0220 0.9994
vn 0.0268 0.8229 0.5675
vn 0.2442 0.1031 0.9642
vn 0.3924 -0.0387 0.9190
vn 0.6131 0.0941 0.7844
vn 0.5149 0.6385 0.5720
vn 0.5451 -0.6183 0.5662
vn 0.6852 0.1112 0.7198
vn 0.8898 0.1327 0.4366
vn -0.9481 0.2886 -0.1332
vn -0.9711 0.2365 -0.0322
vn -0.9572 0.2627 0.1211
vn -0.9490 0.2595 -0.1790
vn -0.9200 0.2562 -0.2964
vn -0.5155 0.8279 -0.2208
vn -0.8842 0.2742 0.3781
vn -0.9449 0.2602 0.1985
vn -0.9570 0.2350 -0.1700
vn -0.9710 0.2392 -0.0025
vn -0.9609 0.2345 0.1471
vn -0.8067 0.4005 0.4345
vn -0.9602 0.2343 -0.1522
vn -0.8492 0.2743 -0.4512
vn -0.9230 0.2355 0.3042
vn -0.9308 0.2367 -0.2785
vn -0.9716 0.2362 0.0170
vn -0.4693 0.8432 -0.2624
vn -0.8688 0.2356 -0.4355
vn -0.8675 0.2253 0.4436
vn -0.9346 0.2381 0.2641
vn -0.9324 0.2369 -0.2730
vn -0.9569 0.2393 0.1647
vn -0.8661 0.2607 0.4266
vn -0.9607 0.2332 -0.1506
vn -0.9738 0.2269 0.0168
vn -0.8688 0.2350 0.4358
vn -0.8811 0.2409 -0.4070
vn -0.7660 0.2802 -0.5786
vn -0.9573 0.2268 0.1790
vn -0.8297 0.2498 0.4992
vn -0.7903 0.2458 -0.5613
vn -0.9075 0.2388 0.3457
vn -0.8717 0.2393 -0.4275
vn -0.9682 0.2330 -0.0910
vn -0.9622 0.2435 0.1222
vn -0.7220 0.3049 0.6211
vn -0.8259 0.2407 -0.5098
vn -0.9227 0.2377 -0.3037
vn -0.8435 0.2308 0.4850
vn -0.9305 0.2456 0.2716
vn -0.9509 0.2419 -0.1928
vn -0.9699 0.2422 -0.0259
vn -0.9538 0.2375 0.1839
vn -0.8336 0.2384 0.4983
vn -0.8653 0.2358 -0.4423
vn -0.9026 0.2437 -0.3550
vn -0.6919 0.2299 -0.6844
vn -0.8651 0.2402 0.4403
vn -0.9132 0.2361 -0.3322
vn -0.9536 0.2362 -0.1866
vn -0.6773 0.2931 -0.6748
vn -0.9052 0.2360 0.3535
vn -0.8636 0.2354 -0.4458
vn -0.9623 0.2389 0.1298
vn -0.7818 0.2433 0.5741
vn -0.7971 0.2207 -0.5621
vn -0.9692 0.2415 -0.0489
vn -0.4104 0.7967 -0.4438
vn -0.7134 0.2368 -0.6595
vn -0.8253 0.2387 -0.5119
vn -0.8430 0.2368 0.4829
vn -0.9323 0.2335 0.2762
vn -0.7220 0.2388 0.6494
vn -0.7717 0.2380 0.5898
vn -0.9571 0.2396 0.1629
vn -0.9711 0.2386 -0.0016
vn -0.7701 0.2391 0.5914
vn -0.8604 0.2348 0.4522
vn -0.9119 0.2420 -0.3316
vn -0.9441 0.2444 -0.2211
vn -0.9531 0.2406 0.1837
vn -0.7975 0.2392 -0.5539
vn -0.9091 0.2402 0.3402
vn -0.8480 0.2357 -0.4747
vn -0.9682 0.2417 -0.0648
vn -0.7162 0.2368 -0.6565
vn -0.7730 0.2355 -0.5891
vn -0.7568 0.2380 0.6088
vn -0.9034 0.2373 0.3573
vn -0.9552 0.2310 0.1850
vn -0.8688 0.2388 -0.4337
vn -0.9215 0.2318 -0.3116
vn -0.5729 0.2520 -0.7799
vn -0.6749 0.2377 -0.6986
vn -0.7972 0.2396 -0.5541
vn -0.8332 0.2358 0.5001
vn -0.9701 0.2401 0.0365
vn -0.9616 0.2303 -0.1491
vn -0.9138 0.2382 0.3289
vn -0.9571 0.2348 0.1701
vn -0.9704 0.2396 0.0309
vn -0.5871 0.2306 -0.7760
vn -0.6440 0.2381 -0.7270
vn -0.8525 0.2338 0.4676
vn -0.6861 0.2328 -0.6892
vn -0.7425 0.2374 -0.6263
vn -0.9280 0.2328 -0.2910
vn -0.9621 0.2300 -0.1462
vn -0.6070 0.2371 -0.7585
vn -0.7396 0.2407 -0.6285
vn -0.7991 0.2376 0.5523
vn -0.8231 0.2371 -0.5161
vn -0.8508 0.2390 -0.4680
vn -0.9246 0.2411 0.2949
vn -0.9683 0.2323 0.0920
vn -0.5815 0.2496 -0.7743
vn -0.8489 0.2426 0.4697
vn -0.9057 0.2351 -0.3529
vn -0.9689 0.2416 -0.0527
vn -0.4612 0.2623 -0.8476
vn -0.5742 0.2447 -0.7813
vn -0.8441 0.2340 0.4824
vn -0.9381 0.2348 -0.2547
vn -0.9217 0.2336 0.3097
vn -0.7401 0.2385 0.6288
vn -0.9548 0.2341 0.1833
vn -0.4617 0.2284 -0.8571
vn -0.4526 0.2353 -0.8601
vn -0.5249 0.2373 -0.8174
vn -0.6173 0.2407 -0.7490
vn -0.8463 0.2304 -0.4803
vn -0.9646 0.2392 -0.1111
vn -0.4844 0.2389 -0.8416
vn -0.6853 0.2323 -0.6902
vn -0.7557 0.2445 -0.6076
vn -0.8986 0.2381 -0.3686
vn -0.5685 0.2357 -0.7882
vn -0.8545 0.2379 0.4617
vn -0.7258 0.2390 0.6450
vn -0.7426 0.2401 -0.6252
vn -0.9648 0.2342 0.1199
vn -0.9134 0.2441 -0.3257
vn -0.8542 0.2324 -0.4650
vn -0.9011 0.2378 0.3625
vn -0.9626 0.2415 -0.1229
vn -0.5858 0.2326 -0.7763
vn -0.6391 0.2380 -0.7314
vn -0.7580 0.2333 -0.6091
vn -0.4244 0.2308 -0.8756
vn -0.4573 0.2381 -0.8568
vn -0.8904 0.2375 -0.3883
vn -0.8892 0.2408 0.3891
vn -0.5328 0.2406 -0.8113
vn -0.7320 0.2379 0.6384
vn -0.7957 0.2396 0.5564
vn -0.9436 0.2382 -0.2301
vn -0.9548 0.2426 0.1718
vn -0.4532 0.2361 -0.8596
vn -0.7325 0.2396 0.6372
vn -0.7648 0.2383 -0.5986
vn -0.8697 0.2471 0.4273
vn -0.9674 0.2461 -0.0601
vn -0.3647 0.2922 -0.8841
vn -0.3416 0.2438 -0.9077
vn -0.6014 0.2379 -0.7627
vn -0.8941 0.2415 -0.3771
vn -0.4380 0.2372 -0.8671
vn -0.6093 0.2374 -0.7566
vn -0.9269 0.2411 0.2876
vn -0.4429 0.2354 -0.8651
vn -0.7510 0.2344 0.6173
vn -0.9715 0.2368 -0.0125
vn -0.3771 0.2268 -0.8980
vn -0.5806 0.2430 -0.7771
vn -0.7515 0.2462 -0.6120
vn -0.9191 0.2329 -0.3177
vn -0.9436 0.2307 0.2374
vn -0.3208 0.2308 -0.9186
vn -0.5906 0.2375 -0.7712
vn -0.7580 0.2370 0.6076
vn -0.7684 0.2348 -0.5954
vn -0.8557 0.2232 0.4669
vn -0.9693 0.2373 0.0649
vn -0.2588 0.2309 -0.9379
vn -0.3151 0.2354 -0.9194
vn -0.4387 0.2446 -0.8647
vn -0.4868 0.2363 -0.8409
vn -0.8396 0.2323 -0.4910
vn -0.9387 0.2392 -0.2482
vn -0.8830 0.2345 0.4067
vn -0.3434 0.2347 -0.9094
vn -0.3310 0.2424 -0.9120
vn -0.4370 0.2299 -0.8696
vn -0.4373 0.2424 -0.8660
vn -0.9638 0.2413 -0.1136
vn -0.9364 0.2689 0.2252
vn -0.5539 0.2378 -0.7979
vn -0.8681 0.2687 -0.4173
vn -0.6875 0.2343 -0.6874
vn -0.5942 0.2282 -0.7713
vn -0.7232 0.2408 0.6473
vn -0.7114 0.6731 -0.2021
vn -0.9179 0.3935 0.0510
vn -0.3184 0.2246 -0.9210
vn -0.4213 0.2328 -0.8765
vn -0.6890 0.2512 0.6798
vn -0.6990 0.2531 -0.6688
vn -0.8056 0.3316 0.4910
vn -0.4186 0.8914 0.1737
vn -0.2940 0.2552 -0.9211
vn -0.2669 0.2328 -0.9352
vn -0.3443 0.2384 -0.9081
vn -0.4143 0.2404 -0.8778
vn -0.3755 0.2394 -0.8954
vn -0.5342 0.2400 -0.8106
vn -0.4952 0.6650 0.5591
vn -0.4949 0.2411 -0.8348
vn -0.3044 0.2295 -0.9245
vn -0.2412 0.2432 -0.9395
vn -0.3134 0.2355 -0.9200
vn -0.2386 0.2499 -0.9384
vn -0.7172 0.2264 0.6590
vn -0.8335 0.2384 0.4984
vn -0.7817 0.2433 0.5742
vn -0.6854 0.2609 0.6798
vn -0.6352 0.2414 0.7336
vn -0.6590 0.2363 0.7141
vn -0.6781 0.2408 0.6944
vn -0.7716 0.2380 0.5899
vn -0.3252 0.8622 0.3885
vn -0.5987 0.2616 0.7571
vn -0.6822 0.2364 0.6919
vn -0.5671 0.2361 0.7891
vn -0.6805 0.2382 0.6929
vn -0.4883 0.2362 0.8401
vn -0.7094 0.2314 0.6657
vn -0.8332 0.2359 0.5001
vn -0.4553 0.4007 0.7951
vn -0.5094 0.2358 0.8276
vn -0.5404 0.2371 0.8073
vn -0.6073 0.2368 0.7584
vn -0.6884 0.2371 0.6855
vn -0.5861 0.2307 0.7767
vn -0.2537 0.8170 0.5179
vn -0.4391 0.2691 0.8572
vn -0.6090 0.2349 0.7576
vn -0.4362 0.2292 0.8702
vn -0.4261 0.2422 0.8716
vn -0.5462 0.2419 0.8019
vn -0.7258 0.2390 0.6451
vn -0.6067 0.2387 0.7582
vn -0.4320 0.2362 0.8704
vn -0.4443 0.2378 0.8638
vn -0.5255 0.2395 0.8164
vn -0.6220 0.2401 0.7453
vn -0.4477 0.2348 0.8628
vn -0.4604 0.2335 0.8564
vn -0.7320 0.2379 0.6385
vn -0.5784 0.2378 0.7803
vn -0.3336 0.2380 0.9122
vn -0.3395 0.2376 0.9101
vn -0.4739 0.2328 0.8492
vn -0.6048 0.2394 0.7595
vn -0.2841 0.2396 0.9284
vn -0.7956 0.2395 0.5564
vn -0.6103 0.2372 0.7558
vn -0.3020 0.2629 0.9163
vn -0.4582 0.2356 0.8570
vn -0.7510 0.2343 0.6173
vn -0.3055 0.2400 0.9215
vn -0.4433 0.2433 0.8627
vn -0.3234 0.2409 0.9151
vn -0.3511 0.2377 0.9057
vn -0.4640 0.2379 0.8533
vn -0.5602 0.2358 0.7941
vn -0.7580 0.2370 0.6077
vn -0.2470 0.2322 0.9408
vn -0.3109 0.2350 0.9210
vn -0.1827 0.2324 0.9553
vn -0.3379 0.2385 0.9105
vn -0.5520 0.2388 0.7989
vn -0.8557 0.2231 0.4669
vn -0.1796 0.2303 0.9564
vn -0.1453 0.2785 0.9494
vn -0.1893 0.2428 0.9514
vn -0.1830 0.2454 0.9520
vn -0.4032 0.2363 0.8841
vn -0.5741 0.2337 0.7847
vn -0.3718 0.2331 0.8986
vn -0.4922 0.2370 0.8376
vn -0.2740 0.2397 0.9314
vn -0.1692 0.2402 0.9559
vn -0.1655 0.2300 0.9590
vn -0.2511 0.2398 0.9378
vn -0.2981 0.2397 0.9239
vn -0.4952 0.6649 0.5592
vn -0.8055 0.3316 0.4910
vn -0.1489 0.2329 0.9610
vn -0.3065 0.2367 0.9220
vn -0.3356 0.2343 0.9124
vn -0.1583 0.2370 0.9585
vn -0.1771 0.2322 0.9564
vn -0.4138 0.2880 0.8636
vn -0.1452 0.2244 0.9636
vn -0.0783 0.2306 0.9699
vn -0.1678 0.2368 0.9570
vn -0.0403 0.2417 0.9695
vn -0.1726 0.2361 0.9563
vn -0.2089 0.7468 0.6313
vn -0.0592 0.2345 0.9703
vn -0.1039 0.2419 0.9647
vn -0.1170 0.2400 0.9637
vn -0.0112 0.2327 0.9725
vn -0.1709 0.2379 0.9561
vn -0.1991 0.2358 0.9512
vn -0.0804 0.2342 0.9689
vn 0.0255 0.2369 0.9712
vn -0.0275 0.2410 0.9701
vn 0.0465 0.2390 0.9699
vn 0.0010 0.2448 0.9696
vn 0.0179 0.2374 0.9712
vn 0.1228 0.2413 0.9626
vn 0.0365 0.2379 0.9706
vn -0.0117 0.2968 0.9549
vn -0.0019 0.2435 0.9699
vn 0.0628 0.2268 0.9719
vn 0.0613 0.2411 0.9686
vn 0.1200 0.2364 0.9642
vn -0.0306 0.2972 0.9543
vn 0.1390 0.5719 0.8084
vn 0.0422 0.2414 0.9695
vn 0.1330 0.2391 0.9618
vn 0.1567 0.2668 0.9509
vn 0.1506 0.2297 0.9615
vn 0.2563 0.2391 0.9365
vn 0.1871 0.2346 0.9539
vn 0.1346 0.2293 0.9640
vn 0.1293 0.2304 0.9645
vn 0.1683 0.2424 0.9555
vn 0.1633 0.2384 0.9573
vn 0.1440 0.2268 0.9632
vn 0.2371 0.2412 0.9411
vn 0.3152 0.2288 0.9210
vn 0.1821 0.2358 0.9546
vn 0.1930 0.2303 0.9538
vn 0.1677 0.2327 0.9580
vn 0.1797 0.2407 0.9538
vn 0.1768 0.2389 0.9548
vn 0.4061 0.2611 0.8757
vn 0.1649 0.2347 0.9580
vn 0.3561 0.2416 0.9026
vn 0.3928 0.2312 0.8901
vn 0.3776 0.2368 0.8952
vn 0.3599 0.2390 0.9019
vn 0.2939 0.2340 0.9267
vn 0.5218 0.2380 0.8192
vn 0.5858 0.2142 0.7816
vn 0.3756 0.7590 0.5319
vn 0.2737 0.2391 0.9316
vn 0.1727 0.5292 0.8307
vn 0.2573 0.2420 0.9356
vn 0.2265 0.2365 0.9449
vn 0.3838 0.2352 0.8930
vn 0.6488 0.2961 0.7009
vn 0.3109 0.2380 0.9202
vn 0.4261 0.2334 0.8741
vn 0.6088 0.2542 0.7515
vn 0.3158 0.2387 0.9183
vn 0.3253 0.2358 0.9157
vn 0.4467 0.2363 0.8629
vn 0.5861 0.2414 0.7734
vn 0.5897 0.2317 0.7737
vn 0.2733 0.2512 0.9286
vn 0.3427 0.2364 0.9092
vn 0.5312 0.2392 0.8128
vn 0.8501 0.2824 0.4446
vn 0.4471 0.2361 0.8628
vn 0.4356 0.2380 0.8681
vn 0.5724 0.2350 0.7856
vn 0.7873 0.2468 0.5650
vn 0.6054 0.2374 0.7597
vn 0.1887 0.8453 0.4999
vn 0.3935 0.2397 0.8875
vn 0.4181 0.2348 0.8775
vn 0.4429 0.2369 0.8647
vn 0.4361 0.2358 0.8685
vn 0.4586 0.2351 0.8570
vn 0.7532 0.2417 0.6118
vn 0.5424 0.2412 0.8047
vn 0.5258 0.2376 0.8167
vn 0.6537 0.2369 0.7187
vn 0.4422 0.2341 0.8658
vn 0.7661 0.2327 0.5991
vn 0.4524 0.2335 0.8607
vn 0.4437 0.2387 0.8638
vn 0.5500 0.2429 0.7991
vn 0.5762 0.2354 0.7827
vn 0.7684 0.2399 0.5933
vn 0.4030 0.3358 0.8513
vn 0.6704 0.2378 0.7029
vn 0.6700 0.2386 0.7030
vn 0.6120 0.2386 0.7540
vn 0.1911 0.9172 0.3495
vn 0.6783 0.2383 0.6951
vn 0.5959 0.2316 0.7689
vn 0.5316 0.2379 0.8129
vn 0.6928 0.2340 0.6821
vn 0.5585 0.2385 0.7945
vn 0.4623 0.2864 0.8392
vn 0.6729 0.2390 0.7000
vn 0.6987 0.2373 0.6750
vn 0.7866 0.2387 0.5695
vn 0.6784 0.2380 0.6951
vn 0.6878 0.2359 0.6865
vn 0.6612 0.2330 0.7131
vn 0.7721 0.2369 0.5897
vn 0.7984 0.2379 0.5532
vn 0.6805 0.2307 0.6955
vn 0.7919 0.2336 0.5642
vn 0.7063 0.2507 0.6620
vn 0.7911 0.2459 0.5600
vn 0.7855 0.2365 0.5719
vn 0.7323 0.4111 0.5429
vn -0.1023 0.8864 -0.4514
vn -0.1658 0.9266 -0.3375
vn -0.2028 0.2863 -0.9364
vn -0.2007 0.2460 -0.9483
vn -0.1888 0.2405 -0.9521
vn -0.3207 0.2307 -0.9186
vn -0.1854 0.2263 -0.9563
vn -0.1809 0.2441 -0.9527
vn -0.3433 0.2347 -0.9094
vn -0.2257 0.2402 -0.9441
vn -0.3183 0.2246 -0.9210
vn -0.1854 0.2270 -0.9561
vn -0.1404 0.2343 -0.9620
vn -0.2270 0.2366 -0.9447
vn -0.4373 0.2424 -0.8661
vn -0.4212 0.2328 -0.8766
vn -0.1606 0.2495 -0.9550
vn -0.1759 0.2440 -0.9537
vn -0.3309 0.2424 -0.9120
vn -0.2205 0.2398 -0.9455
vn -0.1362 0.2311 -0.9634
vn -0.1560 0.2381 -0.9586
vn -0.1599 0.2347 -0.9588
vn -0.0819 0.2453 -0.9660
vn -0.2051 0.2435 -0.9480
vn -0.0607 0.2404 -0.9688
vn -0.0506 0.2329 -0.9712
vn 0.0021 0.2381 -0.9712
vn -0.1684 0.2290 -0.9588
vn 0.0428 0.2413 -0.9695
vn -0.0007 0.2364 -0.9717
vn -0.3043 0.2296 -0.9245
vn -0.0858 0.2281 -0.9699
vn -0.3133 0.2355 -0.9200
vn -0.0110 0.2329 -0.9724
vn -0.0415 0.2423 -0.9693
vn -0.1341 0.3693 -0.9196
vn -0.0370 0.2936 -0.9552
vn 0.0173 0.2416 -0.9702
vn -0.0470 0.2402 -0.9696
vn 0.0152 0.2413 -0.9703
vn -0.0355 0.2345 -0.9715
vn -0.0299 0.9085 -0.4168
vn 0.0184 0.2392 -0.9708
vn 0.0598 0.2396 -0.9690
vn 0.0427 0.2390 -0.9701
vn 0.1187 0.2417 -0.9631
vn 0.1613 0.2551 -0.9534
vn 0.0841 0.8425 -0.5321
vn 0.1414 0.2287 -0.9632
vn 0.1190 0.2354 -0.9646
vn 0.1611 0.2232 -0.9614
vn 0.2474 0.4024 -0.8814
vn 0.1483 0.2398 -0.9594
vn 0.1690 0.2370 -0.9567
vn 0.1505 0.2420 -0.9585
vn 0.2471 0.2450 -0.9375
vn 0.1840 0.2363 -0.9541
vn 0.1775 0.2385 -0.9548
vn 0.1783 0.2321 -0.9562
vn 0.2540 0.2415 -0.9366
vn 0.1452 0.2341 -0.9613
vn 0.1856 0.2430 -0.9521
vn 0.3093 0.2372 -0.9209
vn 0.1688 0.2337 -0.9575
vn 0.3111 0.2315 -0.9218
vn 0.3898 0.2451 -0.8877
vn 0.5128 0.2400 -0.8243
vn 0.3170 0.2331 -0.9194
vn 0.5610 0.3392 -0.7552
vn 0.2057 0.2314 -0.9509
vn 0.2607 0.2308 -0.9374
vn 0.2450 0.2432 -0.9385
vn 0.3488 0.2294 -0.9087
vn 0.4480 0.2403 -0.8611
vn 0.5669 0.2362 -0.7892
vn 0.2096 0.3387 -0.9172
vn 0.0248 0.9827 -0.1838
vn 0.2516 0.2373 -0.9383
vn 0.3123 0.2431 -0.9184
vn 0.3701 0.2345 -0.8989
vn 0.5709 0.2331 -0.7872
vn 0.2801 0.2525 -0.9262
vn 0.6283 0.2365 -0.7412
vn 0.3390 0.2393 -0.9098
vn 0.5058 0.2415 -0.8282
vn 0.2701 0.2350 -0.9337
vn 0.3041 0.2358 -0.9230
vn 0.4292 0.2561 -0.8662
vn 0.5252 0.2357 -0.8177
vn 0.7602 0.2433 -0.6024
vn 0.3094 0.2371 -0.9209
vn 0.4475 0.2404 -0.8614
vn 0.4476 0.2348 -0.8628
vn 0.7968 0.2369 -0.5559
vn 0.3078 0.2403 -0.9206
vn 0.4197 0.2307 -0.8779
vn 0.9135 0.2503 -0.3208
vn 0.3816 0.2290 -0.8955
vn 0.4593 0.2363 -0.8563
vn 0.7518 0.2364 -0.6155
vn 0.7737 0.2340 -0.5888
vn 0.2646 0.2495 -0.9315
vn 0.5577 0.2376 -0.7953
vn 0.7142 0.2361 -0.6590
vn 0.9095 0.2340 -0.3435
vn 0.4156 0.2371 -0.8781
vn 0.4502 0.2355 -0.8613
vn 0.5399 0.2349 -0.8083
vn 0.4348 0.2424 -0.8673
vn 0.6666 0.2412 -0.7054
vn 0.9068 0.2345 -0.3502
vn 0.4350 0.2302 -0.8705
vn 0.6683 0.2428 -0.7031
vn 0.7420 0.2315 -0.6291
vn 0.4331 0.2546 -0.8647
vn 0.5525 0.2369 -0.7991
vn 0.5837 0.2393 -0.7759
vn 0.8780 0.2411 -0.4135
vn 0.6808 0.2309 -0.6951
vn 0.8194 0.2338 -0.5234
vn 0.8162 0.2389 -0.5261
vn 0.5133 0.2436 -0.8229
vn 0.5538 0.2322 -0.7996
vn 0.9260 0.2411 -0.2905
vn 0.9647 0.2448 -0.0974
vn 0.6832 0.2418 -0.6890
vn 0.7890 0.2474 -0.5623
vn 0.8552 0.2323 -0.4633
vn 0.9528 0.2358 -0.1912
vn 0.6851 0.2320 -0.6905
vn 0.6854 0.2330 -0.6899
vn 0.6185 0.2352 -0.7498
vn 0.6847 0.2418 -0.6876
vn 0.5581 0.2420 -0.7937
vn 0.5412 0.2333 -0.8079
vn 0.9208 0.2367 -0.3100
vn 0.5072 0.2936 -0.8103
vn 0.8200 0.2384 -0.5203
vn 0.7952 0.2386 -0.5575
vn 0.9008 0.2362 -0.3643
vn 0.5604 0.2330 -0.7948
vn 0.8614 0.2456 -0.4447
vn 0.2247 0.9059 -0.3589
vn 0.6689 0.2389 -0.7039
vn 0.7777 0.2351 -0.5831
vn 0.7176 0.2375 -0.6547
vn 0.8692 0.2341 -0.4356
vn 0.7425 0.2368 -0.6266
vn 0.6793 0.2349 -0.6952
vn 0.9211 0.2387 -0.3075
vn 0.6754 0.2402 -0.6972
vn 0.7136 0.2386 -0.6587
vn 0.7940 0.2367 -0.5599
vn 0.8730 0.2385 -0.4254
vn 0.8912 0.2351 -0.3880
vn 0.6322 0.2889 -0.7189
vn 0.8261 0.2318 -0.5136
vn 0.7812 0.2420 -0.5755
vn 0.8671 0.2339 -0.4399
vn 0.8829 0.2332 -0.4076
vn 0.6593 0.3853 -0.6456
vn 0.7771 0.2357 -0.5836
vn 0.7482 0.2405 -0.6184
vn 0.8566 0.2398 -0.4568
vn 0.9374 0.2375 -0.2548
vn 0.8322 0.2404 -0.4997
vn 0.8471 0.2365 -0.4759
vn 0.9204 0.2435 -0.3058
vn 0.9382 0.2320 -0.2568
vn 0.7621 0.2502 -0.5972
vn 0.6840 0.5599 -0.4676
vn 0.8694 0.2398 -0.4321
vn 0.8736 0.2303 -0.4286
vn 0.8753 0.2320 -0.4244
vn 0.8558 0.2502 -0.4528
vn 0.9318 0.2397 -0.2725
vn 0.6386 0.6830 -0.3546
vn 0.9069 0.2521 -0.3377
vn 0.6339 0.7598 -0.1446
vt 0.952532 0.363183
vt 0.952552 0.328461
vt 0.947446 0.337265
vt 0.952048 0.214920
vt 0.952112 0.188550
vt 0.945175 0.189309
vt 0.952114 0.244895
vt 0.942594 0.234094
vt 0.945839 0.255880
vt 0.951663 0.274762
vt 0.947058 0.307335
vt 0.951513 0.299772
vt 0.951112 0.393188
vt 0.945084 0.364298
vt 0.938627 0.163763
vt 0.951211 0.167899
vt 0.951559 0.141009
vt 0.944346 0.425042
vt 0.952259 0.415728
vt 0.951965 0.444397
vt 0.944852 0.462375
vt 0.952309 0.472672
vt 0.943101 0.489340
vt 0.950301 0.500230
vt 0.938853 0.131162
vt 0.942303 0.285873
vt 0.945900 0.123336
vt 0.936978 0.511752
vt 0.944775 0.516737
vt 0.939492 0.403798
vt 0.934642 0.326563
vt 0.932893 0.213419
vt 0.935650 0.530078
vt 0.930949 0.451837
vt 0.933600 0.104563
vt 0.924787 0.270208
vt 0.934409 0.378723
vt 0.924111 0.191486
vt 0.923991 0.482837
vt 0.927535 0.117077
vt 0.924018 0.294316
vt 0.925644 0.353449
vt 0.919026 0.152531
vt 0.925375 0.397781
vt 0.923902 0.427273
vt 0.920489 0.237745
vt 0.927655 0.539864
vt 0.918881 0.534436
vt 0.911628 0.209301
vt 0.923760 0.096395
vt 0.914148 0.372775
vt 0.914974 0.512801
vt 0.913292 0.106282
vt 0.911893 0.329334
vt 0.907099 0.457408
vt 0.914044 0.544377
vt 0.905545 0.410637
vt 0.917570 0.092216
vt 0.906413 0.494068
vt 0.903788 0.180487
vt 0.900716 0.255074
vt 0.905855 0.093513
vt 0.906308 0.289348
vt 0.904500 0.138593
vt 0.900770 0.539485
vt 0.899782 0.224070
vt 0.893317 0.362299
vt 0.896625 0.525238
vt 0.904269 0.545231
vt 0.891717 0.165176
vt 0.890253 0.481165
vt 0.888337 0.136060
vt 0.887514 0.280463
vt 0.897131 0.317137
vt 0.888450 0.440898
vt 0.894312 0.105868
vt 0.884028 0.195454
vt 0.883078 0.092460
vt 0.885607 0.341977
vt 0.884711 0.392131
vt 0.882443 0.503944
vt 0.882864 0.243791
vt 0.888570 0.543677
vt 0.880943 0.308703
vt 0.871873 0.105666
vt 0.882336 0.219878
vt 0.882177 0.529129
vt 0.875547 0.266154
vt 0.875846 0.469653
vt 0.865071 0.142520
vt 0.873168 0.543928
vt 0.869133 0.409582
vt 0.870322 0.369999
vt 0.873084 0.168995
vt 0.866455 0.284105
vt 0.865976 0.448582
vt 0.864624 0.336713
vt 0.866204 0.200589
vt 0.861298 0.533387
vt 0.868399 0.239542
vt 0.859001 0.485934
vt 0.864026 0.094693
vt 0.858823 0.303659
vt 0.848369 0.192458
vt 0.853216 0.254632
vt 0.857002 0.430830
vt 0.854379 0.218663
vt 0.856474 0.544339
vt 0.848856 0.105753
vt 0.851721 0.516557
vt 0.845931 0.402598
vt 0.854223 0.369317
vt 0.847211 0.459047
vt 0.846141 0.331795
vt 0.842600 0.279816
vt 0.844242 0.150987
vt 0.844926 0.092891
vt 0.839463 0.431392
vt 0.843790 0.494971
vt 0.841839 0.542275
vt 0.835725 0.305518
vt 0.835825 0.228956
vt 0.838101 0.125376
vt 0.836918 0.368690
vt 0.836902 0.258514
vt 0.836488 0.523076
vt 0.832406 0.178149
vt 0.831102 0.205828
vt 0.828486 0.282548
vt 0.824321 0.133442
vt 0.822028 0.387494
vt 0.825668 0.158289
vt 0.827559 0.475943
vt 0.827092 0.102381
vt 0.822359 0.422129
vt 0.824694 0.093050
vt 0.818288 0.499769
vt 0.830471 0.544729
vt 0.826283 0.535735
vt 0.821335 0.329686
vt 0.824258 0.358605
vt 0.822533 0.256523
vt 0.825484 0.450025
vt 0.819235 0.225179
vt 0.809543 0.410137
vt 0.814808 0.198628
vt 0.813140 0.542441
vt 0.813593 0.108769
vt 0.809554 0.288427
vt 0.813465 0.522339
vt 0.806630 0.466448
vt 0.808386 0.437318
vt 0.801310 0.162906
vt 0.808362 0.361257
vt 0.808802 0.250191
vt 0.807644 0.095969
vt 0.806699 0.132566
vt 0.805360 0.229511
vt 0.800201 0.312754
vt 0.798324 0.527267
vt 0.796281 0.502300
vt 0.793673 0.104027
vt 0.795975 0.392424
vt 0.791665 0.339279
vt 0.794179 0.209150
vt 0.789426 0.442023
vt 0.796897 0.544651
vt 0.786488 0.367579
vt 0.788764 0.264319
vt 0.790136 0.093847
vt 0.789371 0.129729
vt 0.790262 0.416020
vt 0.781548 0.299366
vt 0.779057 0.469564
vt 0.784723 0.233662
vt 0.779184 0.156969
vt 0.786637 0.536466
vt 0.779916 0.185418
vt 0.777021 0.396962
vt 0.776834 0.517227
vt 0.778709 0.251393
vt 0.780838 0.545095
vt 0.775762 0.438564
vt 0.770981 0.332662
vt 0.773144 0.093125
vt 0.768384 0.367490
vt 0.768309 0.212366
vt 0.772806 0.540074
vt 0.764523 0.304175
vt 0.766018 0.105904
vt 0.766628 0.252079
vt 0.769413 0.132877
vt 0.768885 0.493102
vt 0.762904 0.544875
vt 0.758171 0.462264
vt 0.756628 0.152752
vt 0.756987 0.189511
vt 0.755659 0.393232
vt 0.759510 0.519527
vt 0.753622 0.421862
vt 0.754059 0.342481
vt 0.755537 0.538960
vt 0.752499 0.118557
vt 0.750892 0.490815
vt 0.748798 0.092781
vt 0.748399 0.226191
vt 0.748351 0.289768
vt 0.743652 0.453492
vt 0.750961 0.255139
vt 0.738417 0.311603
vt 0.740639 0.369710
vt 0.744982 0.545231
vt 0.740303 0.172628
vt 0.737488 0.426931
vt 0.740948 0.508597
vt 0.732124 0.332971
vt 0.735114 0.485860
vt 0.736715 0.100242
vt 0.736170 0.130781
vt 0.737061 0.398757
vt 0.732320 0.197645
vt 0.733568 0.254911
vt 0.733752 0.532085
vt 0.732678 0.222517
vt 0.724266 0.288443
vt 0.728762 0.092786
vt 0.728489 0.544734
vt 0.728054 0.459764
vt 0.721566 0.161255
vt 0.721263 0.371487
vt 0.719937 0.512482
vt 0.716720 0.435328
vt 0.721637 0.401461
vt 0.712012 0.263182
vt 0.720590 0.347404
vt 0.719081 0.484065
vt 0.709830 0.234879
vt 0.714766 0.536911
vt 0.719051 0.105412
vt 0.703262 0.323790
vt 0.711980 0.544417
vt 0.708498 0.463712
vt 0.708215 0.128844
vt 0.699797 0.358918
vt 0.707526 0.395291
vt 0.701609 0.109523
vt 0.706493 0.095312
vt 0.702345 0.285176
vt 0.704787 0.190402
vt 0.707303 0.498056
vt 0.701767 0.154353
vt 0.698911 0.518756
vt 0.692583 0.209078
vt 0.700898 0.432102
vt 0.700182 0.536694
vt 0.691157 0.412090
vt 0.694670 0.487112
vt 0.693803 0.244666
vt 0.693667 0.304105
vt 0.692513 0.385648
vt 0.690442 0.450320
vt 0.688642 0.135041
vt 0.691266 0.113812
vt 0.684576 0.334348
vt 0.682607 0.156134
vt 0.687242 0.182586
vt 0.690764 0.523936
vt 0.683951 0.476243
vt 0.683880 0.285711
vt 0.684233 0.501424
vt 0.683409 0.227362
vt 0.683281 0.253284
vt 0.682138 0.366386
vt 0.679111 0.202036
vt 0.683008 0.511435
vt 0.682001 0.131799
vt 0.679308 0.321117
vt 0.678630 0.380744
vt 0.679464 0.423965
vt 0.679234 0.152028
vt 0.678557 0.226922
vt 0.678734 0.457423
vt 0.678668 0.177674
vt 0.678798 0.259181
vt 0.678669 0.295135
vt 0.678736 0.346740
vt 0.678406 0.486123
vt 0.969817 0.624286
vt 0.973433 0.599315
vt 0.974905 0.617372
vt 0.974557 0.638596
vt 0.968207 0.657598
vt 0.974513 0.666635
vt 0.967909 0.687737
vt 0.974462 0.693095
vt 0.967292 0.730136
vt 0.973907 0.714528
vt 0.974266 0.744801
vt 0.968839 0.762918
vt 0.973450 0.788251
vt 0.965498 0.785899
vt 0.963425 0.816248
vt 0.973764 0.828997
vt 0.962424 0.845105
vt 0.974737 0.850930
vt 0.963427 0.870039
vt 0.973747 0.884183
vt 0.963427 0.903187
vt 0.974808 0.909741
vt 0.974446 0.944561
vt 0.964877 0.938710
vt 0.965754 0.967184
vt 0.964133 0.596652
vt 0.971334 0.585495
vt 0.965227 0.575483
vt 0.957402 0.621502
vt 0.956307 0.749307
vt 0.950205 0.575653
vt 0.953090 0.654538
vt 0.945700 0.958971
vt 0.952145 0.986176
vt 0.959823 0.983994
vt 0.950367 0.717283
vt 0.956282 0.783530
vt 0.952988 0.557820
vt 0.942111 0.892742
vt 0.944858 0.680801
vt 0.947413 0.921557
vt 0.942557 0.984385
vt 0.952006 0.993748
vt 0.938070 0.609896
vt 0.951227 0.761363
vt 0.950055 0.785029
vt 0.946569 0.863343
vt 0.949595 0.838886
vt 0.947314 0.734057
vt 0.947582 0.817481
vt 0.941948 0.550907
vt 0.943779 0.707816
vt 0.942960 0.846364
vt 0.938679 0.562483
vt 0.942020 0.999178
vt 0.937219 0.686264
vt 0.933739 0.649129
vt 0.934434 0.871025
vt 0.926035 0.913146
vt 0.930210 0.941224
vt 0.931403 0.999649
vt 0.924104 0.992049
vt 0.928920 0.661713
vt 0.920754 0.967350
vt 0.928911 0.549500
vt 0.924064 0.555293
vt 0.923187 0.579450
vt 0.927018 0.891208
vt 0.920908 0.637070
vt 0.920545 0.612654
vt 0.916822 0.906414
vt 0.910743 0.936088
vt 0.910724 0.548982
vt 0.910289 0.999563
vt 0.905807 0.562944
vt 0.913715 0.636423
vt 0.904964 0.987578
vt 0.906880 0.593860
vt 0.908814 0.621794
vt 0.908731 0.919760
vt 0.899980 0.953612
vt 0.897106 0.608557
vt 0.898970 0.618539
vt 0.892189 0.974196
vt 0.890669 0.583308
vt 0.898277 0.936147
vt 0.890272 0.549504
vt 0.889450 0.998950
vt 0.885158 0.556556
vt 0.885026 0.943516
vt 0.886712 0.949716
vt 0.880920 0.993169
vt 0.880393 0.600283
vt 0.869781 0.569022
vt 0.875226 0.961658
vt 0.869326 0.549456
vt 0.870455 0.998814
vt 0.867146 0.985897
vt 0.868813 0.954445
vt 0.866674 0.592373
vt 0.857295 0.581000
vt 0.861528 0.967596
vt 0.155671 0.726227
vt 0.156705 0.736676
vt 0.168357 0.725088
vt 0.852856 0.959083
vt 0.147578 0.735871
vt 0.168584 0.701633
vt 0.847317 0.556827
vt 0.852619 0.985071
vt 0.141063 0.726263
vt 0.175796 0.707827
vt 0.848503 0.999025
vt 0.854438 0.589919
vt 0.852128 0.548738
vt 0.841071 0.968740
vt 0.148254 0.707822
vt 0.176930 0.691417
vt 0.838232 0.571332
vt 0.155622 0.687547
vt 0.838452 0.990803
vt 0.130971 0.714288
vt 0.137264 0.731781
vt 0.835204 0.548855
vt 0.839965 0.963027
vt 0.136227 0.707854
vt 0.838498 0.583759
vt 0.173026 0.679838
vt 0.826601 0.999243
vt 0.163664 0.670466
vt 0.826168 0.960319
vt 0.139740 0.679610
vt 0.165969 0.660733
vt 0.173258 0.669262
vt 0.129209 0.691113
vt 0.827915 0.585843
vt 0.822819 0.977697
vt 0.814236 0.560654
vt 0.814354 0.589668
vt 0.151714 0.665372
vt 0.814565 0.962781
vt 0.811250 0.549162
vt 0.815165 0.955891
vt 0.156305 0.656692
vt 0.163692 0.646864
vt 0.810401 0.986061
vt 0.136120 0.668507
vt 0.129416 0.674803
vt 0.802260 0.582212
vt 0.155616 0.643605
vt 0.146983 0.658673
vt 0.134805 0.662573
vt 0.804221 0.999024
vt 0.144404 0.654752
vt 0.797697 0.962378
vt 0.158921 0.619123
vt 0.145416 0.625866
vt 0.801217 0.950902
vt 0.154959 0.585153
vt 0.148433 0.604395
vt 0.139417 0.648273
vt 0.131380 0.648394
vt 0.135328 0.625740
vt 0.123657 0.613715
vt 0.796067 0.558981
vt 0.788389 0.986913
vt 0.799640 0.598780
vt 0.131689 0.596670
vt 0.140177 0.599482
vt 0.791728 0.549511
vt 0.155967 0.558101
vt 0.141226 0.573127
vt 0.114855 0.575425
vt 0.788290 0.999084
vt 0.784997 0.601832
vt 0.153848 0.531795
vt 0.144955 0.544074
vt 0.124862 0.565640
vt 0.155145 0.500734
vt 0.143276 0.509566
vt 0.136055 0.522610
vt 0.134386 0.557075
vt 0.787576 0.607522
vt 0.782601 0.569736
vt 0.782173 0.937537
vt 0.773531 0.979007
vt 0.153148 0.476815
vt 0.141431 0.477401
vt 0.124320 0.512721
vt 0.149290 0.452753
vt 0.114633 0.527569
vt 0.150590 0.418309
vt 0.141522 0.434596
vt 0.134043 0.487988
vt 0.779042 0.951445
vt 0.133498 0.463754
vt 0.118587 0.492894
vt 0.103663 0.507879
vt 0.112359 0.473165
vt 0.098808 0.472413
vt 0.121903 0.463924
vt 0.767867 0.548882
vt 0.148306 0.379243
vt 0.137826 0.393346
vt 0.133384 0.413399
vt 0.127893 0.442021
vt 0.768301 0.998673
vt 0.775101 0.618716
vt 0.103388 0.448058
vt 0.091712 0.440877
vt 0.767040 0.584217
vt 0.147099 0.333785
vt 0.134772 0.363098
vt 0.112480 0.436676
vt 0.769294 0.557627
vt 0.773487 0.934255
vt 0.127270 0.391565
vt 0.097564 0.417515
vt 0.120950 0.420218
vt 0.137736 0.332584
vt 0.765968 0.618591
vt 0.085790 0.407585
vt 0.130180 0.306725
vt 0.144022 0.290352
vt 0.094925 0.383950
vt 0.082195 0.379845
vt 0.115795 0.398629
vt 0.105019 0.397219
vt 0.770655 0.923028
vt 0.118743 0.366785
vt 0.176930 0.073447
vt 0.162390 0.071381
vt 0.169667 0.078395
vt 0.758668 0.926685
vt 0.764421 0.958555
vt 0.125059 0.335665
vt 0.754168 0.989965
vt 0.764294 0.630978
vt 0.763631 0.916979
vt 0.141929 0.254669
vt 0.132112 0.281139
vt 0.085823 0.356550
vt 0.105416 0.358885
vt 0.752860 0.560457
vt 0.156742 0.082075
vt 0.108724 0.330146
vt 0.144344 0.216638
vt 0.126957 0.242057
vt 0.116089 0.302347
vt 0.094546 0.325514
vt 0.748931 0.600166
vt 0.129076 0.212417
vt 0.119772 0.271332
vt 0.075806 0.327123
vt 0.748627 0.627303
vt 0.752648 0.645555
vt 0.757710 0.645137
vt 0.744952 0.950152
vt 0.149856 0.069776
vt 0.144744 0.189292
vt 0.088132 0.299398
vt 0.069907 0.301499
vt 0.101138 0.291451
vt 0.123074 0.187459
vt 0.105020 0.267240
vt 0.749910 0.999649
vt 0.755313 0.901838
vt 0.138560 0.071714
vt 0.135628 0.159595
vt 0.113525 0.217729
vt 0.113316 0.246076
vt 0.080521 0.273626
vt 0.065554 0.266106
vt 0.139137 0.115478
vt 0.126828 0.138366
vt 0.091938 0.273531
vt 0.748462 0.549262
vt 0.748271 0.661471
vt 0.744129 0.906109
vt 0.122854 0.114150
vt 0.118560 0.161844
vt 0.099966 0.236282
vt 0.137597 0.064867
vt 0.745638 0.889017
vt 0.141596 0.086585
vt 0.129131 0.091525
vt 0.095067 0.211376
vt 0.073715 0.234409
vt 0.053144 0.229496
vt 0.087253 0.249488
vt 0.105729 0.186318
vt 0.732326 0.573506
vt 0.740453 0.668250
vt 0.739612 0.986997
vt 0.063712 0.205572
vt 0.081916 0.218370
vt 0.738268 0.999359
vt 0.108768 0.155327
vt 0.045954 0.189265
vt 0.736991 0.550119
vt 0.729767 0.627584
vt 0.125216 0.069235
vt 0.738188 0.690795
vt 0.122307 0.076882
vt 0.112869 0.093826
vt 0.737151 0.650646
vt 0.104219 0.117991
vt 0.088607 0.164258
vt 0.055255 0.184119
vt 0.729425 0.877629
vt 0.740799 0.870001
vt 0.058172 0.160578
vt 0.042610 0.153820
vt 0.074005 0.182030
vt 0.729734 0.942282
vt 0.098835 0.146256
vt 0.108736 0.075123
vt 0.087179 0.122479
vt 0.075330 0.154037
vt 0.725812 0.674452
vt 0.730967 0.699772
vt 0.112083 0.068611
vt 0.733280 0.852570
vt 0.726217 0.977487
vt 0.091974 0.099795
vt 0.058635 0.129871
vt 0.728234 0.909756
vt 0.100595 0.083426
vt 0.046724 0.112221
vt 0.035639 0.127110
vt 0.069857 0.125651
vt 0.725456 0.556047
vt 0.719219 0.594140
vt 0.732418 0.712120
vt 0.089367 0.084228
vt 0.099711 0.073624
vt 0.729059 0.728891
vt 0.037289 0.099924
vt 0.076372 0.088014
vt 0.065675 0.100171
vt 0.714799 0.851349
vt 0.725315 0.992981
vt 0.087233 0.077994
vt 0.053684 0.091546
vt 0.720787 0.713386
vt 0.711456 0.887382
vt 0.071859 0.082194
vt 0.713885 0.819039
vt 0.727222 0.812068
vt 0.729043 0.832827
vt 0.719919 0.745135
vt 0.725984 0.756342
vt 0.723936 0.787176
vt 0.714960 0.571979
vt 0.716905 0.767258
vt 0.711419 0.940678
vt 0.716045 0.962772
vt 0.715557 0.978354
vt 0.710092 0.654947
vt 0.712646 0.793883
vt 0.709045 0.618077
vt 0.709174 0.690272
vt 0.709076 0.725564
vt 0.704786 0.756419
vt 0.706922 0.584308
vt 0.707984 0.966493
vt 0.702847 0.923786
vt 0.703978 0.947790
vt 0.703018 0.669214
vt 0.702446 0.734095
vt 0.702504 0.782361
vt 0.702685 0.814387
vt 0.702526 0.612678
vt 0.702772 0.895550
vt 0.702481 0.642221
vt 0.702502 0.700996
vt 0.702521 0.861327
vt 0.006974 0.021641
vt 0.000211 0.010560
vt 0.012457 0.009229
vt 0.023437 0.009971
vt 0.024926 0.024926
vt 0.038061 0.010114
vt 0.113388 0.011655
vt 0.094132 0.017812
vt 0.093222 0.009623
vt 0.146140 0.022808
vt 0.137323 0.010820
vt 0.157449 0.010049
vt 0.164896 0.026102
vt 0.170861 0.010568
vt 0.180340 0.024563
vt 0.187181 0.010621
vt 0.208840 0.022574
vt 0.201346 0.010309
vt 0.214967 0.010691
vt 0.041960 0.024474
vt 0.056367 0.010191
vt 0.071161 0.015303
vt 0.055789 0.029841
vt 0.075938 0.009690
vt 0.113872 0.019708
vt 0.129304 0.026387
vt 0.196792 0.026589
vt 0.075384 0.031477
vt 0.101486 0.032277
vt 0.192579 0.040151
vt 0.035683 0.040363
vt 0.065251 0.040794
vt 0.085974 0.040886
vt 0.144834 0.041022
vt 0.158792 0.040666
vt 0.179221 0.041595
vt 0.209556 0.041006
vt 0.009950 0.040247
vt 0.020332 0.040325
vt 0.051595 0.040575
vt 0.116672 0.041676
vt 0.000977 0.029961
vt 0.000819 0.040886
vt 0.999789 0.032203
vt 0.990752 0.023841
vt 0.999023 0.012802
vt 0.988253 0.011257
vt 0.220145 0.018348
vt 0.999631 0.043128
vt 0.992476 0.040982
vt 0.218665 0.036872
vt 0.224461 0.043128
vt 0.225096 0.010304
vt 0.232482 0.028071
vt 0.234864 0.040784
vt 0.236091 0.009471
vt 0.242302 0.019430
vt 0.243723 0.039475
vt 0.491006 0.017107
vt 0.500603 0.031969
vt 0.490297 0.031975
vt 0.491274 0.003158
vt 0.500380 0.016555
vt 0.703589 0.031597
vt 0.714733 0.023318
vt 0.718617 0.032721
vt 0.704783 0.010318
vt 0.716387 0.002692
vt 0.504783 0.002322
vt 0.705964 0.000769
vt 0.693335 0.000701
vt 0.693587 0.016162
vt 0.679405 0.007732
vt 0.514370 0.014526
vt 0.672670 0.023833
vt 0.666000 0.002932
vt 0.584824 0.017143
vt 0.598592 0.008436
vt 0.611084 0.019682
vt 0.632875 0.031080
vt 0.631696 0.014863
vt 0.536345 0.017934
vt 0.560360 0.015144
vt 0.546835 0.030869
vt 0.599344 0.031041
vt 0.688924 0.031965
vt 0.653510 0.014775
vt 0.654719 0.031457
vt 0.617696 0.032074
vt 0.577172 0.031290
vt 0.526976 0.031948
vt 0.512377 0.031592
vt 0.674264 0.032247
vt 0.518355 0.000351
vt 0.680641 0.000688
vt 0.645819 0.001325
vt 0.562977 0.001261
vt 0.585714 0.000876
vt 0.621544 0.000938
vt 0.603475 0.000556
vt 0.536130 0.000383
vt 0.984627 0.042406
vt 0.979475 0.022419
vt 0.973057 0.011191
vt 0.967856 0.031426
vt 0.969750 0.042329
vt 0.963415 0.015421
vt 0.963259 0.009892
vt 0.956277 0.030475
vt 0.959354 0.041562
vt 0.957245 0.011979
vt 0.944504 0.023861
vt 0.948530 0.009835
vt 0.948690 0.041241
vt 0.932759 0.040016
vt 0.928200 0.009737
vt 0.923796 0.025837
vt 0.912948 0.039395
vt 0.909523 0.015095
vt 0.909836 0.007480
vt 0.899125 0.029142
vt 0.890350 0.037661
vt 0.888692 0.009824
vt 0.874817 0.018356
vt 0.870580 0.035739
vt 0.865489 0.007897
vt 0.861874 0.030022
vt 0.852268 0.012669
vt 0.850711 0.036838
vt 0.841969 0.027208
vt 0.845431 0.004544
vt 0.832488 0.009811
vt 0.822964 0.035292
vt 0.825248 0.004824
vt 0.821604 0.018565
vt 0.805920 0.023388
vt 0.806605 0.005404
vt 0.801575 0.035013
vt 0.791266 0.015813
vt 0.782218 0.003064
vt 0.778210 0.033318
vt 0.777669 0.015049
vt 0.764472 0.002983
vt 0.761428 0.022579
vt 0.761271 0.033837
vt 0.752752 0.017810
vt 0.752031 0.033148
vt 0.746475 0.002513
vt 0.745921 0.022336
vt 0.741616 0.032911
vt 0.738080 0.009383
vt 0.736368 0.027317
vt 0.729348 0.001460
vt 0.728578 0.033082
vt 0.725418 0.020441
vt 0.245105 0.009494
vt 0.250848 0.021970
vt 0.256648 0.008594
vt 0.252801 0.039843
vt 0.261145 0.039072
vt 0.264689 0.031190
vt 0.264715 0.010554
vt 0.275187 0.020509
vt 0.279226 0.037117
vt 0.277785 0.006741
vt 0.292552 0.008787
vt 0.298747 0.027719
vt 0.299381 0.037607
vt 0.314642 0.019014
vt 0.309889 0.006719
vt 0.319740 0.037076
vt 0.327052 0.011367
vt 0.325732 0.006124
vt 0.335412 0.028336
vt 0.339039 0.008100
vt 0.344852 0.035900
vt 0.354574 0.019121
vt 0.359167 0.004974
vt 0.370426 0.035390
vt 0.376842 0.022519
vt 0.377926 0.004559
vt 0.395855 0.004970
vt 0.395823 0.034757
vt 0.401081 0.021904
vt 0.412756 0.033713
vt 0.414824 0.007276
vt 0.416112 0.017750
vt 0.430667 0.018189
vt 0.432368 0.033921
vt 0.431969 0.002951
vt 0.446204 0.026940
vt 0.446486 0.002546
vt 0.453111 0.013501
vt 0.448051 0.033319
vt 0.459489 0.002167
vt 0.457272 0.030676
vt 0.463013 0.019233
vt 0.465059 0.004984
vt 0.470555 0.000799
vt 0.468870 0.032116
vt 0.472260 0.012692
vt 0.480853 0.032476
vt 0.481535 0.001799
vt 0.484192 0.016717
vt 0.406158 0.619461
vt 0.392505 0.599028
vt 0.393351 0.608901
vt 0.402564 0.599414
vt 0.380818 0.590290
vt 0.416106 0.614694
vt 0.384218 0.582471
vt 0.422789 0.636718
vt 0.375276 0.569008
vt 0.367616 0.574909
vt 0.437318 0.636419
vt 0.437052 0.654956
vt 0.430043 0.617885
vt 0.397834 0.571292
vt 0.415803 0.570976
vt 0.429928 0.583284
vt 0.443266 0.653130
vt 0.410125 0.548513
vt 0.363554 0.557390
vt 0.444717 0.604528
vt 0.391427 0.542973
vt 0.428976 0.544208
vt 0.356481 0.559539
vt 0.452288 0.667317
vt 0.372385 0.542342
vt 0.455290 0.621499
vt 0.449007 0.580231
vt 0.406126 0.519216
vt 0.445149 0.557311
vt 0.452396 0.646889
vt 0.426212 0.507733
vt 0.441455 0.523626
vt 0.461299 0.597876
vt 0.390294 0.518737
vt 0.348422 0.537890
vt 0.453785 0.538696
vt 0.343858 0.541016
vt 0.465491 0.647983
vt 0.360278 0.517369
vt 0.463223 0.561518
vt 0.400494 0.488398
vt 0.441570 0.497158
vt 0.451890 0.508694
vt 0.464516 0.669084
vt 0.379935 0.502261
vt 0.419245 0.483796
vt 0.476146 0.580958
vt 0.469802 0.523812
vt 0.439090 0.470128
vt 0.458243 0.469790
vt 0.468854 0.487172
vt 0.464641 0.678495
vt 0.471634 0.622167
vt 0.409767 0.465123
vt 0.426447 0.463668
vt 0.344775 0.499351
vt 0.482046 0.547791
vt 0.441002 0.436793
vt 0.456316 0.438088
vt 0.334052 0.513546
vt 0.484563 0.507385
vt 0.423654 0.437164
vt 0.474891 0.461165
vt 0.482687 0.611887
vt 0.384947 0.475634
vt 0.470505 0.438396
vt 0.328974 0.515407
vt 0.362961 0.474908
vt 0.394731 0.459291
vt 0.496069 0.518923
vt 0.488730 0.472410
vt 0.494087 0.588551
vt 0.491262 0.565498
vt 0.484634 0.442944
vt 0.479967 0.421622
vt 0.503726 0.535730
vt 0.502170 0.490294
vt 0.454334 0.403671
vt 0.470752 0.394986
vt 0.496507 0.421371
vt 0.404660 0.440499
vt 0.500832 0.454369
vt 0.441581 0.394719
vt 0.490052 0.394824
vt 0.383345 0.451954
vt 0.413851 0.416103
vt 0.515473 0.497772
vt 0.511133 0.428150
vt 0.504290 0.394878
vt 0.458222 0.367211
vt 0.478014 0.360023
vt 0.325001 0.497096
vt 0.396840 0.419046
vt 0.428433 0.398505
vt 0.517274 0.467335
vt 0.500810 0.375179
vt 0.495485 0.357331
vt 0.522465 0.388804
vt 0.515024 0.375862
vt 0.511956 0.351231
vt 0.333585 0.479784
vt 0.373317 0.437040
vt 0.525314 0.415997
vt 0.412573 0.390678
vt 0.444194 0.355557
vt 0.490000 0.339999
vt 0.504321 0.331809
vt 0.317505 0.491803
vt 0.346818 0.460869
vt 0.430013 0.375780
vt 0.526814 0.446823
vt 0.463788 0.340173
vt 0.484263 0.319704
vt 0.527948 0.357774
vt 0.522119 0.328403
vt 0.355962 0.444731
vt 0.536475 0.394240
vt 0.498238 0.315926
vt 0.524643 0.307488
vt 0.318210 0.473427
vt 0.379519 0.413928
vt 0.548463 0.356736
vt 0.509105 0.302949
vt 0.540541 0.337205
vt 0.539750 0.416431
vt 0.541874 0.309582
vt 0.334708 0.459303
vt 0.342107 0.439289
vt 0.387562 0.385063
vt 0.424881 0.355109
vt 0.500903 0.288507
vt 0.532694 0.277308
vt 0.359082 0.420240
vt 0.453913 0.326739
vt 0.474791 0.306398
vt 0.514490 0.280275
vt 0.401227 0.374866
vt 0.555752 0.324439
vt 0.553272 0.377518
vt 0.485489 0.283353
vt 0.550614 0.266771
vt 0.529327 0.250073
vt 0.516384 0.256014
vt 0.558201 0.285278
vt 0.549673 0.245242
vt 0.427490 0.332051
vt 0.463519 0.294582
vt 0.504518 0.260065
vt 0.322275 0.450404
vt 0.365884 0.399550
vt 0.537348 0.228952
vt 0.567781 0.267864
vt 0.302841 0.465532
vt 0.446006 0.305969
vt 0.564313 0.345594
vt 0.571455 0.299718
vt 0.550274 0.225237
vt 0.564869 0.239464
vt 0.407392 0.338859
vt 0.567621 0.321269
vt 0.521944 0.232224
vt 0.576136 0.246974
vt 0.564744 0.214975
vt 0.305124 0.454468
vt 0.337255 0.410818
vt 0.484433 0.254710
vt 0.550838 0.206194
vt 0.376347 0.373010
vt 0.496797 0.234601
vt 0.578776 0.216106
vt 0.391753 0.350408
vt 0.582705 0.273955
vt 0.574081 0.189909
vt 0.324054 0.429264
vt 0.472995 0.269302
vt 0.533057 0.206268
vt 0.565472 0.185188
vt 0.588459 0.192111
vt 0.348784 0.395191
vt 0.515818 0.211018
vt 0.592145 0.236697
vt 0.551187 0.180560
vt 0.596612 0.203120
vt 0.588410 0.167786
vt 0.310489 0.428120
vt 0.363763 0.371329
vt 0.422376 0.313607
vt 0.456537 0.277400
vt 0.568409 0.158054
vt 0.579724 0.156986
vt 0.599459 0.174513
vt 0.379130 0.351641
vt 0.423392 0.294151
vt 0.440412 0.288028
vt 0.464821 0.252359
vt 0.591328 0.145858
vt 0.603353 0.150055
vt 0.529047 0.179324
vt 0.586418 0.131363
vt 0.556685 0.157672
vt 0.545613 0.157442
vt 0.605976 0.194913
vt 0.596007 0.126488
vt 0.599331 0.136816
vt 0.410495 0.309054
vt 0.478084 0.233878
vt 0.612924 0.169936
vt 0.576446 0.128592
vt 0.611754 0.155922
vt 0.608639 0.139625
vt 0.391563 0.331800
vt 0.432446 0.277675
vt 0.447708 0.262870
vt 0.492093 0.212820
vt 0.511095 0.184445
vt 0.588429 0.115701
vt 0.557036 0.133253
vt 0.579351 0.104548
vt 0.620892 0.151000
vt 0.569862 0.116280
vt 0.538836 0.145537
vt 0.523069 0.155719
vt 0.584503 0.101367
vt 0.554687 0.120209
vt 0.567077 0.101400
vt 0.476093 0.645779
vt 0.477374 0.686314
vt 0.480137 0.669296
vt 0.496337 0.657532
vt 0.494409 0.625891
vt 0.506972 0.584442
vt 0.487793 0.693659
vt 0.493171 0.687627
vt 0.515031 0.555857
vt 0.513828 0.613192
vt 0.520510 0.525816
vt 0.504907 0.678036
vt 0.528283 0.477638
vt 0.501655 0.699046
vt 0.499994 0.705768
vt 0.513135 0.644257
vt 0.520347 0.580298
vt 0.536267 0.507948
vt 0.540511 0.448214
vt 0.528928 0.554066
vt 0.513615 0.709696
vt 0.513572 0.697406
vt 0.542909 0.479252
vt 0.523231 0.683329
vt 0.528979 0.636462
vt 0.533677 0.530279
vt 0.562298 0.404837
vt 0.537048 0.602039
vt 0.548392 0.524363
vt 0.551768 0.454729
vt 0.553946 0.430418
vt 0.541243 0.555752
vt 0.555734 0.485050
vt 0.569596 0.372146
vt 0.534421 0.665190
vt 0.570639 0.470073
vt 0.566005 0.438118
vt 0.577141 0.338787
vt 0.545569 0.633091
vt 0.584526 0.307993
vt 0.528598 0.704902
vt 0.582733 0.354564
vt 0.530099 0.718830
vt 0.560986 0.536127
vt 0.575550 0.401310
vt 0.552247 0.572475
vt 0.586607 0.380645
vt 0.591387 0.326818
vt 0.596634 0.271697
vt 0.551805 0.607609
vt 0.566423 0.508351
vt 0.541178 0.697335
vt 0.577147 0.434695
vt 0.605544 0.236771
vt 0.548296 0.665504
vt 0.545137 0.716489
vt 0.560786 0.586722
vt 0.571254 0.555061
vt 0.600399 0.303467
vt 0.610541 0.209732
vt 0.607486 0.258853
vt 0.618108 0.187623
vt 0.545579 0.726117
vt 0.594694 0.358981
vt 0.579530 0.499966
vt 0.588218 0.445060
vt 0.588074 0.414488
vt 0.600794 0.330614
vt 0.560895 0.635774
vt 0.609876 0.282975
vt 0.619355 0.225368
vt 0.583339 0.477315
vt 0.602321 0.378500
vt 0.626730 0.169385
vt 0.555488 0.686576
vt 0.570506 0.614849
vt 0.579333 0.528424
vt 0.613629 0.340414
vt 0.611675 0.311655
vt 0.631201 0.156947
vt 0.564819 0.667689
vt 0.574005 0.581769
vt 0.601961 0.401055
vt 0.600847 0.423598
vt 0.621585 0.259599
vt 0.629230 0.195453
vt 0.619490 0.290095
vt 0.564942 0.697825
vt 0.584083 0.557381
vt 0.557999 0.732561
vt 0.574417 0.646352
vt 0.593144 0.496854
vt 0.629854 0.226260
vt 0.587362 0.576612
vt 0.598308 0.468859
vt 0.562792 0.723385
vt 0.588678 0.527617
vt 0.582057 0.599862
vt 0.612068 0.376380
vt 0.624135 0.306507
vt 0.639311 0.171049
vt 0.645295 0.164601
vt 0.602875 0.446454
vt 0.629582 0.273238
vt 0.639990 0.157258
vt 0.573077 0.724597
vt 0.587581 0.625225
vt 0.625543 0.372058
vt 0.625335 0.332326
vt 0.641926 0.190946
vt 0.580386 0.673045
vt 0.598442 0.544308
vt 0.599536 0.513081
vt 0.614026 0.402697
vt 0.638516 0.245208
vt 0.645075 0.211003
vt 0.571534 0.736716
vt 0.618193 0.433508
vt 0.611434 0.459478
vt 0.584212 0.702728
vt 0.589849 0.652651
vt 0.594065 0.599625
vt 0.650769 0.175897
vt 0.610312 0.496251
vt 0.626499 0.411570
vt 0.642433 0.266242
vt 0.637300 0.325991
vt 0.638462 0.294444
vt 0.604561 0.607142
vt 0.648638 0.238841
vt 0.655649 0.209225
vt 0.654942 0.164807
vt 0.606943 0.579273
vt 0.582776 0.738301
vt 0.617940 0.478633
vt 0.594325 0.677570
vt 0.625465 0.450681
vt 0.659594 0.178170
vt 0.617633 0.509617
vt 0.639186 0.358653
vt 0.653676 0.256306
vt 0.605128 0.644560
vt 0.612466 0.549190
vt 0.637420 0.392856
vt 0.651027 0.306505
vt 0.653959 0.282569
vt 0.593574 0.733492
vt 0.663929 0.205222
vt 0.599256 0.707310
vt 0.640177 0.439242
vt 0.666779 0.241289
vt 0.668283 0.179290
vt 0.626944 0.541846
vt 0.627390 0.488792
vt 0.645326 0.411572
vt 0.664760 0.269013
vt 0.650672 0.352794
vt 0.596562 0.744045
vt 0.606856 0.673829
vt 0.617126 0.605418
vt 0.625551 0.572499
vt 0.619114 0.633680
vt 0.631650 0.511771
vt 0.663394 0.327284
vt 0.665972 0.296077
vt 0.641449 0.479910
vt 0.630578 0.593687
vt 0.649736 0.389803
vt 0.610435 0.725753
vt 0.664511 0.351520
vt 0.618867 0.689330
vt 0.621338 0.663543
vt 0.634516 0.616046
vt 0.640008 0.546593
vt 0.664607 0.410052
vt 0.667288 0.376012
vt 0.609960 0.741222
vt 0.653725 0.467932
vt 0.655609 0.432634
vt 0.641188 0.515673
vt 0.616852 0.749436
vt 0.653270 0.501655
vt 0.640814 0.573688
vt 0.632102 0.662934
vt 0.655985 0.530926
vt 0.630894 0.711206
vt 0.665258 0.448902
vt 0.623046 0.738911
vt 0.648529 0.588035
vt 0.654026 0.559773
vt 0.664561 0.493743
vt 0.645099 0.624295
vt 0.643773 0.656921
vt 0.631281 0.748100
vt 0.639793 0.685890
vt 0.662249 0.608659
vt 0.665733 0.536669
vt 0.645120 0.711846
vt 0.666243 0.571806
vt 0.660686 0.635291
vt 0.643670 0.742589
vt 0.655030 0.691442
vt 0.659442 0.735850
vt 0.668283 0.665330
vt 0.663092 0.707966
vt 0.661829 0.750701
vt 0.293636 0.447020
vt 0.299819 0.438313
vt 0.320182 0.409298
vt 0.328538 0.377218
vt 0.346073 0.365208
vt 0.374850 0.334633
vt 0.398370 0.309202
vt 0.287080 0.429745
vt 0.358285 0.353942
vt 0.381722 0.313451
vt 0.460814 0.234985
vt 0.294480 0.418579
vt 0.407477 0.286915
vt 0.475025 0.212436
vt 0.304975 0.402342
vt 0.438195 0.251548
vt 0.418232 0.268964
vt 0.359411 0.328382
vt 0.492064 0.189649
vt 0.310572 0.376658
vt 0.341859 0.337881
vt 0.446436 0.219993
vt 0.507021 0.169451
vt 0.474101 0.188877
vt 0.527125 0.127718
vt 0.547134 0.113775
vt 0.324995 0.357978
vt 0.491482 0.172471
vt 0.571025 0.089747
vt 0.284404 0.402759
vt 0.368365 0.301290
vt 0.393256 0.280104
vt 0.432722 0.232786
vt 0.459791 0.207011
vt 0.573465 0.084080
vt 0.414509 0.253920
vt 0.508831 0.146839
vt 0.276174 0.409481
vt 0.298341 0.376106
vt 0.559648 0.090572
vt 0.281063 0.375744
vt 0.270736 0.394384
vt 0.330322 0.331015
vt 0.347126 0.313311
vt 0.480141 0.169241
vt 0.565123 0.077410
vt 0.302245 0.350371
vt 0.381199 0.272568
vt 0.394538 0.257568
vt 0.451592 0.187609
vt 0.541280 0.102491
vt 0.420839 0.226687
vt 0.432113 0.212046
vt 0.492487 0.147398
vt 0.317205 0.340240
vt 0.358706 0.283043
vt 0.525973 0.108212
vt 0.566459 0.061057
vt 0.405396 0.239054
vt 0.513225 0.118928
vt 0.545184 0.087551
vt 0.552685 0.070755
vt 0.465467 0.159245
vt 0.561120 0.060861
vt 0.337883 0.299376
vt 0.383223 0.246882
vt 0.438438 0.192789
vt 0.498268 0.128457
vt 0.529848 0.092092
vt 0.500710 0.105415
vt 0.266483 0.370099
vt 0.263282 0.375166
vt 0.320596 0.310833
vt 0.408121 0.217831
vt 0.423916 0.195233
vt 0.514955 0.097089
vt 0.306484 0.316268
vt 0.529465 0.076560
vt 0.559852 0.046813
vt 0.369352 0.248627
vt 0.479478 0.128740
vt 0.281118 0.339872
vt 0.391739 0.229885
vt 0.439650 0.168989
vt 0.452801 0.144846
vt 0.547143 0.050390
vt 0.350846 0.271526
vt 0.390332 0.206984
vt 0.405639 0.198851
vt 0.529795 0.062398
vt 0.292885 0.325840
vt 0.380353 0.222718
vt 0.547595 0.035601
vt 0.556865 0.031907
vt 0.327538 0.283789
vt 0.344394 0.252720
vt 0.502763 0.082792
vt 0.515163 0.071442
vt 0.265267 0.350033
vt 0.410581 0.178781
vt 0.483368 0.098844
vt 0.525419 0.047254
vt 0.257491 0.350732
vt 0.310851 0.281452
vt 0.361182 0.230450
vt 0.428636 0.162454
vt 0.295061 0.295449
vt 0.467245 0.114953
vt 0.501276 0.061203
vt 0.282206 0.310536
vt 0.438856 0.144050
vt 0.452622 0.114693
vt 0.263677 0.327652
vt 0.372105 0.208777
vt 0.390223 0.189019
vt 0.484708 0.073459
vt 0.414736 0.152161
vt 0.438551 0.111785
vt 0.466990 0.096267
vt 0.318188 0.250347
vt 0.356915 0.214507
vt 0.459753 0.078213
vt 0.495427 0.043761
vt 0.249995 0.332504
vt 0.396385 0.161178
vt 0.421206 0.130931
vt 0.451431 0.093075
vt 0.471898 0.060226
vt 0.382632 0.171618
vt 0.370424 0.186130
vt 0.334160 0.226985
vt 0.353726 0.196543
vt 0.298281 0.262196
vt 0.259747 0.296028
vt 0.438199 0.085583
vt 0.247769 0.308327
vt 0.384749 0.151026
vt 0.401088 0.138567
vt 0.419129 0.096838
vt 0.277247 0.278892
vt 0.410292 0.118863
vt 0.243567 0.311494
vt 0.307108 0.234031
vt 0.369016 0.162084
vt 0.335649 0.197012
vt 0.389962 0.127069
vt 0.319097 0.201025
vt 0.276620 0.255901
vt 0.399108 0.106051
vt 0.251450 0.265340
vt 0.289465 0.227873
vt 0.349364 0.171419
vt 0.354482 0.147656
vt 0.368633 0.128177
vt 0.382497 0.111539
vt 0.242400 0.286287
vt 0.329573 0.178318
vt 0.237396 0.292342
vt 0.303174 0.208803
vt 0.368655 0.105349
vt 0.317797 0.168605
vt 0.329932 0.148285
vt 0.234846 0.274858
vt 0.253132 0.236163
vt 0.272958 0.229030
vt 0.351037 0.121402
vt 0.295738 0.187917
vt 0.335771 0.130811
vt 0.281428 0.209698
vt 0.263301 0.214211
vt 0.292967 0.157659
vt 0.314756 0.137712
vt 0.237281 0.249443
vt 0.229782 0.253772
vt 0.281610 0.176952
vt 0.246379 0.209975
vt 0.263098 0.187163
vt 0.231448 0.223372
vt 0.269078 0.168987
vt 0.222595 0.222051
vt 0.248081 0.174217
vt 0.232219 0.185362
vt 0.220186 0.198663
vt 0.216154 0.182119
s 1
usemtl material_0
f 1/1/1 2/2/2 3/3/3
f 4/4/4 5/5/5 6/6/6
f 7/7/7 4/4/4 8/8/8
f 9/9/9 7/7/7 8/8/8
f 10/10/10 7/7/7 9/9/9
f 11/11/11 2/2/2 12/12/12
f 13/13/13 1/1/1 14/14/14
f 15/15/15 16/16/16 17/17/17
f 8/8/8 4/4/4 6/6/6
f 3/3/3 2/2/2 11/11/11
f 1/1/1 3/3/3 14/14/14
f 18/18/18 19/19/19 13/13/13
f 20/20/20 19/19/19 18/18/18
f 21/21/21 22/22/22 20/20/20
f 23/23/23 22/22/22 21/21/21
f 23/23/23 24/24/24 22/22/22
f 15/15/15 17/17/17 25/25/25
f 26/26/26 12/12/12 10/10/10
f 17/17/17 27/27/27 25/25/25
f 6/6/6 16/16/16 15/15/15
f 6/6/6 5/5/5 16/16/16
f 26/26/26 10/10/10 9/9/9
f 11/11/11 12/12/12 26/26/26
f 24/24/24 23/23/23 28/28/28
f 29/29/29 24/24/24 28/28/28
f 30/30/30 13/13/13 14/14/14
f 18/18/18 13/13/13 30/30/30
f 21/21/21 20/20/20 18/18/18
f 31/31/31 11/11/11 26/26/26
f 31/31/31 3/3/3 11/11/11
f 14/14/14 3/3/3 31/31/31
f 32/32/32 8/8/8 6/6/6
f 33/33/33 29/29/29 28/28/28
f 34/34/34 21/21/21 18/18/18
f 35/35/35 25/25/25 27/27/27
f 36/36/36 9/9/9 8/8/8
f 26/26/26 9/9/9 36/36/36
f 30/30/30 14/14/14 37/37/37
f 32/32/32 6/6/6 38/38/38
f 38/38/38 6/6/6 15/15/15
f 39/39/39 21/21/21 34/34/34
f 25/25/25 35/35/35 40/40/40
f 41/41/41 26/26/26 36/36/36
f 31/31/31 26/26/26 41/41/41
f 42/42/42 14/14/14 31/31/31
f 37/37/37 14/14/14 42/42/42
f 15/15/15 25/25/25 43/43/43
f 44/44/44 30/30/30 37/37/37
f 18/18/18 30/30/30 45/45/45
f 45/45/45 34/34/34 18/18/18
f 39/39/39 23/23/23 21/21/21
f 46/46/46 8/8/8 32/32/32
f 28/28/28 23/23/23 39/39/39
f 36/36/36 8/8/8 46/46/46
f 38/38/38 15/15/15 43/43/43
f 45/45/45 30/30/30 44/44/44
f 47/47/47 33/33/33 48/48/48
f 48/48/48 33/33/33 28/28/28
f 49/49/49 46/46/46 32/32/32
f 40/40/40 35/35/35 50/50/50
f 51/51/51 37/37/37 42/42/42
f 49/49/49 32/32/32 38/38/38
f 44/44/44 37/37/37 51/51/51
f 43/43/43 25/25/25 40/40/40
f 48/48/48 28/28/28 52/52/52
f 40/40/40 50/50/50 53/53/53
f 42/42/42 31/31/31 54/54/54
f 55/55/55 39/39/39 34/34/34
f 52/52/52 28/28/28 39/39/39
f 54/54/54 31/31/31 41/41/41
f 56/56/56 47/47/47 48/48/48
f 43/43/43 40/40/40 53/53/53
f 45/45/45 44/44/44 57/57/57
f 34/34/34 45/45/45 55/55/55
f 53/53/53 50/50/50 58/58/58
f 57/57/57 44/44/44 51/51/51
f 52/52/52 39/39/39 59/59/59
f 38/38/38 43/43/43 60/60/60
f 36/36/36 46/46/46 61/61/61
f 53/53/53 58/58/58 62/62/62
f 41/41/41 36/36/36 63/63/63
f 63/63/63 54/54/54 41/41/41
f 51/51/51 42/42/42 54/54/54
f 59/59/59 39/39/39 55/55/55
f 64/64/64 43/43/43 53/53/53
f 49/49/49 38/38/38 60/60/60
f 63/63/63 36/36/36 61/61/61
f 65/65/65 48/48/48 52/52/52
f 46/46/46 49/49/49 66/66/66
f 56/56/56 48/48/48 65/65/65
f 67/67/67 51/51/51 54/54/54
f 65/65/65 52/52/52 68/68/68
f 61/61/61 46/46/46 66/66/66
f 69/69/69 56/56/56 65/65/65
f 68/68/68 52/52/52 59/59/59
f 55/55/55 45/45/45 57/57/57
f 70/70/70 43/43/43 64/64/64
f 71/71/71 59/59/59 55/55/55
f 64/64/64 53/53/53 72/72/72
f 60/60/60 43/43/43 70/70/70
f 73/73/73 63/63/63 61/61/61
f 74/74/74 54/54/54 63/63/63
f 75/75/75 55/55/55 57/57/57
f 53/53/53 62/62/62 76/76/76
f 72/72/72 53/53/53 76/76/76
f 74/74/74 63/63/63 73/73/73
f 49/49/49 60/60/60 77/77/77
f 66/66/66 49/49/49 77/77/77
f 76/76/76 62/62/62 78/78/78
f 79/79/79 54/54/54 74/74/74
f 70/70/70 64/64/64 72/72/72
f 79/79/79 67/67/67 54/54/54
f 77/77/77 60/60/60 70/70/70
f 80/80/80 51/51/51 67/67/67
f 57/57/57 51/51/51 80/80/80
f 81/81/81 59/59/59 71/71/71
f 61/61/61 66/66/66 82/82/82
f 75/75/75 57/57/57 80/80/80
f 71/71/71 55/55/55 75/75/75
f 68/68/68 59/59/59 81/81/81
f 83/83/83 65/65/65 68/68/68
f 83/83/83 69/69/69 65/65/65
f 79/79/79 74/74/74 84/84/84
f 72/72/72 76/76/76 85/85/85
f 86/86/86 66/66/66 77/77/77
f 84/84/84 74/74/74 73/73/73
f 82/82/82 66/66/66 86/86/86
f 87/87/87 68/68/68 81/81/81
f 82/82/82 73/73/73 61/61/61
f 83/83/83 68/68/68 87/87/87
f 88/88/88 73/73/73 82/82/82
f 89/89/89 71/71/71 75/75/75
f 81/81/81 71/71/71 89/89/89
f 85/85/85 76/76/76 78/78/78
f 90/90/90 72/72/72 85/85/85
f 91/91/91 83/83/83 87/87/87
f 92/92/92 75/75/75 80/80/80
f 93/93/93 80/80/80 67/67/67
f 67/67/67 79/79/79 93/93/93
f 77/77/77 70/70/70 94/94/94
f 95/95/95 84/84/84 73/73/73
f 89/89/89 75/75/75 96/96/96
f 93/93/93 79/79/79 97/97/97
f 70/70/70 72/72/72 94/94/94
f 98/98/98 86/86/86 77/77/77
f 87/87/87 81/81/81 99/99/99
f 91/91/91 87/87/87 99/99/99
f 94/94/94 72/72/72 90/90/90
f 95/95/95 73/73/73 88/88/88
f 97/97/97 79/79/79 84/84/84
f 96/96/96 75/75/75 92/92/92
f 98/98/98 77/77/77 94/94/94
f 82/82/82 86/86/86 100/100/100
f 93/93/93 92/92/92 80/80/80
f 81/81/81 89/89/89 101/101/101
f 100/100/100 86/86/86 98/98/98
f 88/88/88 82/82/82 100/100/100
f 85/85/85 78/78/78 102/102/102
f 103/103/103 84/84/84 95/95/95
f 97/97/97 84/84/84 103/103/103
f 104/104/104 94/94/94 90/90/90
f 98/98/98 94/94/94 104/104/104
f 105/105/105 88/88/88 100/100/100
f 95/95/95 88/88/88 105/105/105
f 96/96/96 92/92/92 106/106/106
f 100/100/100 98/98/98 107/107/107
f 101/101/101 89/89/89 96/96/96
f 108/108/108 91/91/91 99/99/99
f 90/90/90 85/85/85 109/109/109
f 110/110/110 81/81/81 101/101/101
f 99/99/99 81/81/81 110/110/110
f 92/92/92 93/93/93 111/111/111
f 109/109/109 85/85/85 102/102/102
f 112/112/112 93/93/93 97/97/97
f 111/111/111 93/93/93 112/112/112
f 100/100/100 107/107/107 105/105/105
f 106/106/106 92/92/92 111/111/111
f 113/113/113 101/101/101 96/96/96
f 114/114/114 97/97/97 103/103/103
f 115/115/115 95/95/95 105/105/105
f 112/112/112 97/97/97 114/114/114
f 104/104/104 90/90/90 116/116/116
f 107/107/107 98/98/98 104/104/104
f 113/113/113 96/96/96 106/106/106
f 109/109/109 102/102/102 117/117/117
f 103/103/103 95/95/95 115/115/115
f 116/116/116 90/90/90 109/109/109
f 118/118/118 106/106/106 111/111/111
f 110/110/110 101/101/101 119/119/119
f 120/120/120 99/99/99 110/110/110
f 108/108/108 99/99/99 120/120/120
f 113/113/113 106/106/106 118/118/118
f 114/114/114 103/103/103 121/121/121
f 122/122/122 105/105/105 107/107/107
f 119/119/119 101/101/101 113/113/113
f 123/123/123 116/116/116 109/109/109
f 121/121/121 103/103/103 115/115/115
f 111/111/111 112/112/112 124/124/124
f 112/112/112 114/114/114 124/124/124
f 125/125/125 105/105/105 122/122/122
f 126/126/126 110/110/110 119/119/119
f 115/115/115 105/105/105 125/125/125
f 127/127/127 104/104/104 116/116/116
f 122/122/122 107/107/107 104/104/104
f 120/120/120 110/110/110 126/126/126
f 122/122/122 104/104/104 128/128/128
f 129/129/129 115/115/115 125/125/125
f 128/128/128 104/104/104 127/127/127
f 130/130/130 116/116/116 123/123/123
f 121/121/121 115/115/115 129/129/129
f 131/131/131 111/111/111 124/124/124
f 127/127/127 116/116/116 132/132/132
f 133/133/133 119/119/119 113/113/113
f 134/134/134 109/109/109 117/117/117
f 123/123/123 109/109/109 134/134/134
f 135/135/135 118/118/118 111/111/111
f 132/132/132 116/116/116 130/130/130
f 134/134/134 117/117/117 136/136/136
f 126/126/126 119/119/119 137/137/137
f 138/138/138 120/120/120 139/139/139
f 114/114/114 121/121/121 140/140/140
f 141/141/141 124/124/124 114/114/114
f 142/142/142 125/125/125 122/122/122
f 143/143/143 113/113/113 118/118/118
f 133/133/133 113/113/113 143/143/143
f 120/120/120 126/126/126 139/139/139
f 129/129/129 125/125/125 142/142/142
f 141/141/141 114/114/114 140/140/140
f 144/144/144 122/122/122 128/128/128
f 130/130/130 123/123/123 134/134/134
f 137/137/137 119/119/119 133/133/133
f 131/131/131 124/124/124 141/141/141
f 145/145/145 111/111/111 131/131/131
f 135/135/135 111/111/111 145/145/145
f 143/143/143 118/118/118 135/135/135
f 128/128/128 127/127/127 146/146/146
f 139/139/139 126/126/126 137/137/137
f 147/147/147 138/138/138 139/139/139
f 130/130/130 134/134/134 148/148/148
f 146/146/146 144/144/144 128/128/128
f 149/149/149 121/121/121 129/129/129
f 142/142/142 122/122/122 144/144/144
f 146/146/146 127/127/127 132/132/132
f 139/139/139 137/137/137 150/150/150
f 129/129/129 142/142/142 149/149/149
f 140/140/140 121/121/121 149/149/149
f 151/151/151 133/133/133 143/143/143
f 137/137/137 133/133/133 151/151/151
f 143/143/143 135/135/135 152/152/152
f 146/146/146 132/132/132 153/153/153
f 151/151/151 143/143/143 152/152/152
f 154/154/154 141/141/141 140/140/140
f 131/131/131 141/141/141 154/154/154
f 147/147/147 139/139/139 150/150/150
f 155/155/155 142/142/142 144/144/144
f 152/152/152 135/135/135 145/145/145
f 156/156/156 134/134/134 136/136/136
f 148/148/148 134/134/134 156/156/156
f 132/132/132 130/130/130 157/157/157
f 155/155/155 144/144/144 158/158/158
f 149/149/149 142/142/142 155/155/155
f 153/153/153 132/132/132 157/157/157
f 158/158/158 144/144/144 146/146/146
f 157/157/157 130/130/130 148/148/148
f 140/140/140 149/149/149 159/159/159
f 145/145/145 131/131/131 154/154/154
f 147/147/147 150/150/150 160/160/160
f 161/161/161 150/150/150 137/137/137
f 162/162/162 148/148/148 156/156/156
f 160/160/160 150/150/150 161/161/161
f 163/163/163 145/145/145 154/154/154
f 154/154/154 140/140/140 164/164/164
f 165/165/165 146/146/146 153/153/153
f 158/158/158 146/146/146 165/165/165
f 151/151/151 152/152/152 166/166/166
f 157/157/157 148/148/148 162/162/162
f 164/164/164 140/140/140 159/159/159
f 167/167/167 147/147/147 160/160/160
f 168/168/168 154/154/154 164/164/164
f 161/161/161 137/137/137 151/151/151
f 169/169/169 149/149/149 155/155/155
f 170/170/170 162/162/162 156/156/156
f 153/153/153 157/157/157 171/171/171
f 172/172/172 145/145/145 163/163/163
f 152/152/152 145/145/145 166/166/166
f 159/159/159 149/149/149 173/173/173
f 169/169/169 155/155/155 158/158/158
f 166/166/166 145/145/145 172/172/172
f 174/174/174 151/151/151 166/166/166
f 173/173/173 149/149/149 169/169/169
f 175/175/175 158/158/158 165/165/165
f 175/175/175 169/169/169 158/158/158
f 168/168/168 163/163/163 154/154/154
f 176/176/176 153/153/153 171/171/171
f 171/171/171 157/157/157 162/162/162
f 167/167/167 160/160/160 177/177/177
f 178/178/178 153/153/153 176/176/176
f 178/178/178 165/165/165 153/153/153
f 161/161/161 151/151/151 174/174/174
f 172/172/172 163/163/163 179/179/179
f 180/180/180 160/160/160 161/161/161
f 181/181/181 169/169/169 175/175/175
f 177/177/177 160/160/160 180/180/180
f 182/182/182 167/167/167 177/177/177
f 164/164/164 159/159/159 173/173/173
f 180/180/180 161/161/161 174/174/174
f 179/179/179 163/163/163 168/168/168
f 183/183/183 166/166/166 172/172/172
f 184/184/184 164/164/164 173/173/173
f 183/183/183 172/172/172 179/179/179
f 185/185/185 162/162/162 170/170/170
f 168/168/168 164/164/164 186/186/186
f 165/165/165 178/178/178 187/187/187
f 175/175/175 165/165/165 187/187/187
f 174/174/174 166/166/166 183/183/183
f 188/188/188 177/177/177 180/180/180
f 188/188/188 182/182/182 177/177/177
f 186/186/186 164/164/164 184/184/184
f 179/179/179 168/168/168 186/186/186
f 189/189/189 173/173/173 169/169/169
f 190/190/190 171/171/171 162/162/162
f 191/191/191 181/181/181 175/175/175
f 191/191/191 169/169/169 181/181/181
f 184/184/184 173/173/173 189/189/189
f 176/176/176 171/171/171 192/192/192
f 180/180/180 174/174/174 193/193/193
f 189/189/189 169/169/169 191/191/191
f 192/192/192 171/171/171 190/190/190
f 190/190/190 162/162/162 185/185/185
f 191/191/191 175/175/175 187/187/187
f 194/194/194 182/182/182 188/188/188
f 174/174/174 183/183/183 195/195/195
f 196/196/196 176/176/176 192/192/192
f 197/197/197 176/176/176 196/196/196
f 178/178/178 176/176/176 197/197/197
f 197/197/197 187/187/187 178/178/178
f 183/183/183 179/179/179 198/198/198
f 199/199/199 180/180/180 193/193/193
f 198/198/198 179/179/179 186/186/186
f 195/195/195 183/183/183 200/200/200
f 193/193/193 174/174/174 195/195/195
f 186/186/186 184/184/184 201/201/201
f 199/199/199 188/188/188 180/180/180
f 194/194/194 188/188/188 202/202/202
f 201/201/201 184/184/184 189/189/189
f 200/200/200 183/183/183 198/198/198
f 196/196/196 192/192/192 203/203/203
f 204/204/204 193/193/193 195/195/195
f 190/190/190 185/185/185 205/205/205
f 192/192/192 190/190/190 203/203/203
f 202/202/202 188/188/188 199/199/199
f 199/199/199 193/193/193 204/204/204
f 206/206/206 191/191/191 187/187/187
f 189/189/189 191/191/191 207/207/207
f 208/208/208 195/195/195 200/200/200
f 209/209/209 191/191/191 206/206/206
f 210/210/210 201/201/201 189/189/189
f 198/198/198 186/186/186 201/201/201
f 206/206/206 187/187/187 197/197/197
f 210/210/210 189/189/189 207/207/207
f 207/207/207 191/191/191 209/209/209
f 203/203/203 190/190/190 205/205/205
f 198/198/198 201/201/201 211/211/211
f 212/212/212 194/194/194 202/202/202
f 213/213/213 197/197/197 196/196/196
f 208/208/208 200/200/200 214/214/214
f 215/215/215 199/199/199 204/204/204
f 211/211/211 201/201/201 216/216/216
f 217/217/217 204/204/204 195/195/195
f 203/203/203 205/205/205 218/218/218
f 219/219/219 196/196/196 203/203/203
f 200/200/200 198/198/198 220/220/220
f 202/202/202 199/199/199 215/215/215
f 221/221/221 197/197/197 213/213/213
f 222/222/222 209/209/209 206/206/206
f 207/207/207 209/209/209 222/222/222
f 216/216/216 201/201/201 210/210/210
f 220/220/220 198/198/198 211/211/211
f 213/213/213 196/196/196 219/219/219
f 206/206/206 197/197/197 221/221/221
f 217/217/217 195/195/195 208/208/208
f 219/219/219 203/203/203 218/218/218
f 202/202/202 215/215/215 223/223/223
f 223/223/223 212/212/212 202/202/202
f 224/224/224 206/206/206 221/221/221
f 214/214/214 200/200/200 220/220/220
f 215/215/215 204/204/204 217/217/217
f 225/225/225 207/207/207 222/222/222
f 222/222/222 206/206/206 224/224/224
f 210/210/210 207/207/207 225/225/225
f 218/218/218 205/205/205 226/226/226
f 212/212/212 223/223/223 227/227/227
f 217/217/217 208/208/208 228/228/228
f 229/229/229 213/213/213 219/219/219
f 230/230/230 211/211/211 216/216/216
f 228/228/228 208/208/208 214/214/214
f 231/231/231 215/215/215 217/217/217
f 223/223/223 215/215/215 231/231/231
f 220/220/220 211/211/211 230/230/230
f 214/214/214 232/232/232 228/228/228
f 233/233/233 220/220/220 230/230/230
f 214/214/214 220/220/220 233/233/233
f 216/216/216 210/210/210 225/225/225
f 232/232/232 214/214/214 233/233/233
f 229/229/229 221/221/221 213/213/213
f 225/225/225 222/222/222 234/234/234
f 230/230/230 216/216/216 235/235/235
f 236/236/236 217/217/217 228/228/228
f 236/236/236 231/231/231 217/217/217
f 237/237/237 222/222/222 224/224/224
f 238/238/238 223/223/223 231/231/231
f 227/227/227 223/223/223 238/238/238
f 239/239/239 219/219/219 218/218/218
f 239/239/239 218/218/218 226/226/226
f 235/235/235 216/216/216 240/240/240
f 241/241/241 227/227/227 238/238/238
f 242/242/242 228/228/228 232/232/232
f 236/236/236 228/228/228 242/242/242
f 243/243/243 219/219/219 239/239/239
f 237/237/237 224/224/224 221/221/221
f 240/240/240 216/216/216 225/225/225
f 229/229/229 219/219/219 243/243/243
f 234/234/234 222/222/222 237/237/237
f 244/244/244 230/230/230 235/235/235
f 245/245/245 233/233/233 230/230/230
f 243/243/243 239/239/239 246/246/246
f 239/239/239 226/226/226 247/247/247
f 240/240/240 225/225/225 248/248/248
f 249/249/249 221/221/221 229/229/229
f 237/237/237 221/221/221 249/249/249
f 250/250/250 231/231/231 236/236/236
f 244/244/244 235/235/235 240/240/240
f 232/232/232 233/233/233 245/245/245
f 250/250/250 236/236/236 242/242/242
f 246/246/246 239/239/239 247/247/247
f 251/251/251 229/229/229 243/243/243
f 245/245/245 230/230/230 244/244/244
f 248/248/248 225/225/225 234/234/234
f 238/238/238 231/231/231 252/252/252
f 252/252/252 231/231/231 250/250/250
f 237/237/237 249/249/249 253/253/253
f 242/242/242 232/232/232 254/254/254
f 241/241/241 238/238/238 255/255/255
f 256/256/256 232/232/232 245/245/245
f 254/254/254 232/232/232 256/256/256
f 257/257/257 250/250/250 242/242/242
f 234/234/234 237/237/237 258/258/258
f 240/240/240 248/248/248 259/259/259
f 245/245/245 244/244/244 260/260/260
f 255/255/255 238/238/238 252/252/252
f 249/249/249 229/229/229 251/251/251
f 258/258/258 237/237/237 253/253/253
f 242/242/242 254/254/254 261/261/261
f 248/248/248 234/234/234 258/258/258
f 257/257/257 242/242/242 261/261/261
f 252/252/252 250/250/250 257/257/257
f 256/256/256 245/245/245 260/260/260
f 262/262/262 251/251/251 243/243/243
f 246/246/246 247/247/247 263/263/263
f 264/264/264 244/244/244 240/240/240
f 265/265/265 251/251/251 262/262/262
f 249/249/249 251/251/251 266/266/266
f 262/262/262 243/243/243 246/246/246
f 255/255/255 252/252/252 267/267/267
f 253/253/253 249/249/249 266/266/266
f 268/268/268 257/257/257 261/261/261
f 269/269/269 259/259/259 248/248/248
f 262/262/262 246/246/246 263/263/263
f 264/264/264 240/240/240 259/259/259
f 261/261/261 254/254/254 256/256/256
f 269/269/269 248/248/248 258/258/258
f 270/270/270 252/252/252 257/257/257
f 266/266/266 251/251/251 265/265/265
f 271/271/271 258/258/258 253/253/253
f 269/269/269 258/258/258 272/272/272
f 267/267/267 252/252/252 270/270/270
f 260/260/260 244/244/244 273/273/273
f 253/253/253 266/266/266 274/274/274
f 272/272/272 258/258/258 271/271/271
f 275/275/275 267/267/267 270/270/270
f 262/262/262 263/263/263 276/276/276
f 277/277/277 259/259/259 269/269/269
f 264/264/264 259/259/259 277/277/277
f 273/273/273 244/244/244 264/264/264
f 278/278/278 260/260/260 273/273/273
f 261/261/261 256/256/256 279/279/279
f 280/280/280 265/265/265 262/262/262
f 271/271/271 253/253/253 274/274/274
f 281/281/281 272/272/272 271/271/271
f 278/278/278 256/256/256 260/260/260
f 268/268/268 261/261/261 282/282/282
f 280/280/280 262/262/262 276/276/276
f 283/283/283 266/266/266 265/265/265
f 284/284/284 272/272/272 281/281/281
f 284/284/284 269/269/269 272/272/272
f 277/277/277 269/269/269 285/285/285
f 286/286/286 264/264/264 277/277/277
f 273/273/273 264/264/264 286/286/286
f 279/279/279 256/256/256 278/278/278
f 282/282/282 261/261/261 279/279/279
f 270/270/270 257/257/257 268/268/268
f 275/275/275 270/270/270 287/287/287
f 283/283/283 265/265/265 280/280/280
f 274/274/274 266/266/266 283/283/283
f 281/281/281 271/271/271 274/274/274
f 285/285/285 269/269/269 284/284/284
f 278/278/278 273/273/273 286/286/286
f 287/287/287 268/268/268 282/282/282
f 287/287/287 270/270/270 268/268/268
f 288/288/288 289/289/289 290/290/290
f 291/291/291 288/288/288 290/290/290
f 292/292/292 291/291/291 293/293/293
f 294/294/294 293/293/293 295/295/295
f 296/296/296 297/297/297 298/298/298
f 292/292/292 288/288/288 291/291/291
f 294/294/294 292/292/292 293/293/293
f 294/294/294 295/295/295 297/297/297
f 299/299/299 296/296/296 298/298/298
f 299/299/299 298/298/298 300/300/300
f 301/301/301 299/299/299 300/300/300
f 302/302/302 301/301/301 300/300/300
f 302/302/302 300/300/300 303/303/303
f 304/304/304 303/303/303 305/305/305
f 306/306/306 304/304/304 305/305/305
f 306/306/306 305/305/305 307/307/307
f 308/308/308 307/307/307 309/309/309
f 310/310/310 311/311/311 309/309/309
f 311/311/311 310/310/310 312/312/312
f 313/313/313 314/314/314 289/289/289
f 288/288/288 313/313/313 289/289/289
f 313/313/313 315/315/315 314/314/314
f 308/308/308 306/306/306 307/307/307
f 308/308/308 309/309/309 311/311/311
f 296/296/296 294/294/294 297/297/297
f 304/304/304 302/302/302 303/303/303
f 316/316/316 313/313/313 288/288/288
f 299/299/299 317/317/317 296/296/296
f 313/313/313 318/318/318 315/315/315
f 319/319/319 292/292/292 294/294/294
f 319/319/319 316/316/316 288/288/288
f 292/292/292 319/319/319 288/288/288
f 320/320/320 311/311/311 312/312/312
f 321/321/321 312/312/312 322/322/322
f 317/317/317 323/323/323 296/296/296
f 324/324/324 317/317/317 299/299/299
f 324/324/324 299/299/299 301/301/301
f 302/302/302 324/324/324 301/301/301
f 320/320/320 312/312/312 321/321/321
f 318/318/318 325/325/325 315/315/315
f 326/326/326 306/306/306 308/308/308
f 327/327/327 294/294/294 323/323/323
f 323/323/323 294/294/294 296/296/296
f 328/328/328 308/308/308 311/311/311
f 321/321/321 329/329/329 320/320/320
f 321/321/321 322/322/322 330/330/330
f 331/331/331 318/318/318 313/313/313
f 332/332/332 317/317/317 324/324/324
f 333/333/333 332/332/332 324/324/324
f 334/334/334 304/304/304 306/306/306
f 316/316/316 331/331/331 313/313/313
f 327/327/327 319/319/319 294/294/294
f 335/335/335 302/302/302 304/304/304
f 328/328/328 326/326/326 308/308/308
f 336/336/336 323/323/323 317/317/317
f 332/332/332 336/336/336 317/317/317
f 337/337/337 333/333/333 324/324/324
f 337/337/337 324/324/324 302/302/302
f 337/337/337 302/302/302 335/335/335
f 326/326/326 334/334/334 306/306/306
f 318/318/318 338/338/338 325/325/325
f 334/334/334 335/335/335 304/304/304
f 331/331/331 316/316/316 319/319/319
f 339/339/339 327/327/327 323/323/323
f 336/336/336 339/339/339 323/323/323
f 335/335/335 340/340/340 337/337/337
f 340/340/340 335/335/335 334/334/334
f 320/320/320 328/328/328 311/311/311
f 341/341/341 338/338/338 318/318/318
f 342/342/342 321/321/321 330/330/330
f 339/339/339 343/343/343 327/327/327
f 342/342/342 329/329/329 321/321/321
f 344/344/344 331/331/331 319/319/319
f 344/344/344 319/319/319 327/327/327
f 345/345/345 340/340/340 334/334/334
f 346/346/346 326/326/326 328/328/328
f 347/347/347 328/328/328 320/320/320
f 348/348/348 329/329/329 342/342/342
f 348/348/348 349/349/349 329/329/329
f 331/331/331 341/341/341 318/318/318
f 350/350/350 344/344/344 327/327/327
f 350/350/350 327/327/327 343/343/343
f 326/326/326 345/345/345 334/334/334
f 347/347/347 346/346/346 328/328/328
f 351/351/351 320/320/320 329/329/329
f 341/341/341 352/352/352 338/338/338
f 353/353/353 352/352/352 341/341/341
f 354/354/354 341/341/341 331/331/331
f 355/355/355 345/345/345 326/326/326
f 353/353/353 341/341/341 354/354/354
f 346/346/346 355/355/355 326/326/326
f 349/349/349 351/351/351 329/329/329
f 356/356/356 331/331/331 344/344/344
f 351/351/351 347/347/347 320/320/320
f 357/357/357 354/354/354 331/331/331
f 356/356/356 357/357/357 331/331/331
f 358/358/358 355/355/355 346/346/346
f 359/359/359 346/346/346 347/347/347
f 353/353/353 360/360/360 352/352/352
f 361/361/361 349/349/349 348/348/348
f 362/362/362 353/353/353 354/354/354
f 350/350/350 356/356/356 344/344/344
f 350/350/350 363/363/363 356/356/356
f 351/351/351 359/359/359 347/347/347
f 364/364/364 351/351/351 349/349/349
f 362/362/362 360/360/360 353/353/353
f 361/361/361 364/364/364 349/349/349
f 365/365/365 354/354/354 357/357/357
f 366/366/366 357/357/357 356/356/356
f 363/363/363 366/366/366 356/356/356
f 367/367/367 358/358/358 346/346/346
f 368/368/368 359/359/359 351/351/351
f 362/362/362 354/354/354 365/365/365
f 367/367/367 346/346/346 359/359/359
f 364/364/364 368/368/368 351/351/351
f 369/369/369 365/365/365 357/357/357
f 369/369/369 357/357/357 366/366/366
f 370/370/370 366/366/366 363/363/363
f 371/371/371 368/368/368 364/364/364
f 365/365/365 372/372/372 362/362/362
f 373/373/373 367/367/367 359/359/359
f 370/370/370 369/369/369 366/366/366
f 374/374/374 360/360/360 362/362/362
f 368/368/368 373/373/373 359/359/359
f 375/375/375 364/364/364 361/361/361
f 369/369/369 372/372/372 365/365/365
f 376/376/376 374/374/374 362/362/362
f 372/372/372 376/376/376 362/362/362
f 377/377/377 373/373/373 368/368/368
f 378/378/378 377/377/377 368/368/368
f 379/379/379 364/364/364 375/375/375
f 379/379/379 371/371/371 364/364/364
f 371/371/371 378/378/378 368/368/368
f 380/380/380 369/369/369 370/370/370
f 381/381/381 376/376/376 372/372/372
f 372/372/372 369/369/369 380/380/380
f 382/382/382 377/377/377 378/378/378
f 371/371/371 382/382/382 378/378/378
f 383/383/383 374/374/374 376/376/376
f 384/384/384 379/379/379 375/375/375
f 380/380/380 381/381/381 372/372/372
f 385/385/385 371/371/371 379/379/379
f 386/386/386 377/377/377 382/382/382
f 382/382/382 371/371/371 385/385/385
f 381/381/381 383/383/383 376/376/376
f 387/387/387 381/381/381 380/380/380
f 384/384/384 385/385/385 379/379/379
f 387/387/387 388/388/388 381/381/381
f 389/389/389 382/382/382 385/385/385
f 389/389/389 386/386/386 382/382/382
f 390/390/390 391/391/391 392/392/392
f 393/393/393 386/386/386 389/389/389
f 390/390/390 394/394/394 391/391/391
f 395/395/395 390/390/390 392/392/392
f 396/396/396 383/383/383 381/381/381
f 397/397/397 389/389/389 385/385/385
f 397/397/397 385/385/385 384/384/384
f 390/390/390 398/398/398 394/394/394
f 395/395/395 392/392/392 399/399/399
f 400/400/400 397/397/397 384/384/384
f 396/396/396 381/381/381 388/388/388
f 387/387/387 401/401/401 388/388/388
f 396/396/396 402/402/402 383/383/383
f 403/403/403 393/393/393 389/389/389
f 397/397/397 403/403/403 389/389/389
f 395/395/395 404/404/404 390/390/390
f 405/405/405 395/395/395 399/399/399
f 406/406/406 396/396/396 388/388/388
f 404/404/404 398/398/398 390/390/390
f 395/395/395 407/407/407 404/404/404
f 408/408/408 397/397/397 400/400/400
f 401/401/401 406/406/406 388/388/388
f 408/408/408 403/403/403 397/397/397
f 409/409/409 410/410/410 398/398/398
f 411/411/411 402/402/402 396/396/396
f 412/412/412 393/393/393 403/403/403
f 413/413/413 409/409/409 398/398/398
f 404/404/404 413/413/413 398/398/398
f 414/414/414 406/406/406 401/401/401
f 415/415/415 395/395/395 405/405/405
f 406/406/406 411/411/411 396/396/396
f 416/416/416 408/408/408 400/400/400
f 417/417/417 395/395/395 415/415/415
f 403/403/403 418/418/418 412/412/412
f 419/419/419 413/413/413 404/404/404
f 417/417/417 407/407/407 395/395/395
f 420/420/420 417/417/417 415/415/415
f 421/421/421 420/420/420 415/415/415
f 422/422/422 409/409/409 413/413/413
f 423/423/423 406/406/406 414/414/414
f 419/419/419 422/422/422 413/413/413
f 419/419/419 404/404/404 407/407/407
f 424/424/424 418/418/418 403/403/403
f 424/424/424 403/403/403 408/408/408
f 416/416/416 424/424/424 408/408/408
f 425/425/425 406/406/406 423/423/423
f 425/425/425 411/411/411 406/406/406
f 426/426/426 425/425/425 423/423/423
f 427/427/427 407/407/407 417/417/417
f 428/428/428 418/418/418 424/424/424
f 427/427/427 419/419/419 407/407/407
f 425/425/425 429/429/429 411/411/411
f 430/430/430 418/418/418 428/428/428
f 431/431/431 427/427/427 417/417/417
f 420/420/420 431/431/431 417/417/417
f 432/432/432 431/431/431 420/420/420
f 433/433/433 424/424/424 416/416/416
f 434/434/434 422/422/422 419/419/419
f 435/435/435 422/422/422 434/434/434
f 436/436/436 425/425/425 426/426/426
f 433/433/433 428/428/428 424/424/424
f 432/432/432 437/437/437 431/431/431
f 438/438/438 419/419/419 427/427/427
f 431/431/431 438/438/438 427/427/427
f 439/439/439 435/435/435 434/434/434
f 434/434/434 419/419/419 438/438/438
f 440/440/440 433/433/433 416/416/416
f 441/441/441 439/439/439 434/434/434
f 438/438/438 441/441/441 434/434/434
f 442/442/442 428/428/428 433/433/433
f 437/437/437 443/443/443 444/444/444
f 431/431/431 437/437/437 441/441/441
f 431/431/431 441/441/441 438/438/438
f 445/445/445 430/430/430 428/428/428
f 442/442/442 445/445/445 428/428/428
f 443/443/443 446/446/446 447/447/447
f 443/443/443 447/447/447 444/444/444
f 437/437/437 444/444/444 441/441/441
f 448/448/448 449/449/449 439/439/439
f 441/441/441 448/448/448 439/439/439
f 444/444/444 448/448/448 441/441/441
f 450/450/450 451/451/451 449/449/449
f 444/444/444 450/450/450 448/448/448
f 448/448/448 450/450/450 449/449/449
f 452/452/452 429/429/429 425/425/425
f 440/440/440 453/453/453 433/433/433
f 452/452/452 425/425/425 436/436/436
f 436/436/436 426/426/426 454/454/454
f 450/450/450 455/455/455 451/451/451
f 444/444/444 456/456/456 450/450/450
f 447/447/447 456/456/456 444/444/444
f 457/457/457 429/429/429 452/452/452
f 453/453/453 442/442/442 433/433/433
f 446/446/446 458/458/458 459/459/459
f 447/447/447 446/446/446 459/459/459
f 447/447/447 459/459/459 456/456/456
f 450/450/450 456/456/456 455/455/455
f 455/455/455 460/460/460 451/451/451
f 461/461/461 453/453/453 440/440/440
f 462/462/462 436/436/436 454/454/454
f 458/458/458 463/463/463 464/464/464
f 458/458/458 464/464/464 459/459/459
f 455/455/455 465/465/465 460/460/460
f 456/456/456 459/459/459 455/455/455
f 463/463/463 466/466/466 467/467/467
f 463/463/463 467/467/467 464/464/464
f 459/459/459 465/465/465 455/455/455
f 464/464/464 467/467/467 468/468/468
f 459/459/459 464/464/464 469/469/469
f 459/459/459 469/469/469 465/465/465
f 470/470/470 462/462/462 454/454/454
f 464/464/464 468/468/468 469/469/469
f 471/471/471 452/452/452 436/436/436
f 442/442/442 472/472/472 445/445/445
f 473/473/473 442/442/442 453/453/453
f 466/466/466 474/474/474 475/475/475
f 466/466/466 475/475/475 467/467/467
f 468/468/468 476/476/476 469/469/469
f 469/469/469 476/476/476 465/465/465
f 471/471/471 457/457/457 452/452/452
f 462/462/462 471/471/471 436/436/436
f 474/474/474 477/477/477 475/475/475
f 465/465/465 476/476/476 478/478/478
f 479/479/479 480/480/480 477/477/477
f 467/467/467 475/475/475 481/481/481
f 468/468/468 481/481/481 476/476/476
f 467/467/467 481/481/481 468/468/468
f 482/482/482 472/472/472 442/442/442
f 475/475/475 477/477/477 483/483/483
f 481/481/481 484/484/484 476/476/476
f 478/478/478 484/484/484 485/485/485
f 476/476/476 484/484/484 478/478/478
f 477/477/477 480/480/480 483/483/483
f 475/475/475 483/483/483 481/481/481
f 484/484/484 486/486/486 485/485/485
f 481/481/481 483/483/483 484/484/484
f 485/485/485 486/486/486 487/487/487
f 483/483/483 488/488/488 484/484/484
f 489/489/489 457/457/457 471/471/471
f 473/473/473 482/482/482 442/442/442
f 479/479/479 490/490/490 491/491/491
f 480/480/480 479/479/479 492/492/492
f 483/483/483 480/480/480 493/493/493
f 484/484/484 488/488/488 486/486/486
f 494/494/494 453/453/453 461/461/461
f 495/495/495 462/462/462 470/470/470
f 479/479/479 491/491/491 492/492/492
f 480/480/480 492/492/492 493/493/493
f 496/496/496 497/497/497 487/487/487
f 483/483/483 493/493/493 488/488/488
f 486/486/486 496/496/496 487/487/487
f 498/498/498 471/471/471 462/462/462
f 490/490/490 499/499/499 500/500/500
f 488/488/488 493/493/493 501/501/501
f 501/501/501 496/496/496 486/486/486
f 488/488/488 501/501/501 486/486/486
f 502/502/502 489/489/489 471/471/471
f 503/503/503 472/472/472 482/482/482
f 490/490/490 500/500/500 491/491/491
f 491/491/491 504/504/504 492/492/492
f 496/496/496 505/505/505 497/497/497
f 493/493/493 492/492/492 506/506/506
f 494/494/494 473/473/473 453/453/453
f 499/499/499 507/507/507 500/500/500
f 501/501/501 505/505/505 496/496/496
f 506/506/506 501/501/501 493/493/493
f 508/508/508 462/462/462 495/495/495
f 491/491/491 500/500/500 504/504/504
f 505/505/505 509/509/509 497/497/497
f 504/504/504 506/506/506 492/492/492
f 498/498/498 502/502/502 471/471/471
f 508/508/508 498/498/498 462/462/462
f 499/499/499 510/510/510 507/507/507
f 499/499/499 511/511/511 510/510/510
f 512/512/512 513/513/513 509/509/509
f 505/505/505 512/512/512 509/509/509
f 504/504/504 514/514/514 506/506/506
f 501/501/501 515/515/515 505/505/505
f 506/506/506 514/514/514 501/501/501
f 503/503/503 516/516/516 472/472/472
f 500/500/500 517/517/517 504/504/504
f 504/504/504 517/517/517 514/514/514
f 515/515/515 512/512/512 505/505/505
f 514/514/514 517/517/517 515/515/515
f 501/501/501 514/514/514 515/515/515
f 518/518/518 519/519/519 520/520/520
f 521/521/521 503/503/503 482/482/482
f 521/521/521 482/482/482 522/522/522
f 473/473/473 522/522/522 482/482/482
f 500/500/500 507/507/507 523/523/523
f 500/500/500 523/523/523 517/517/517
f 494/494/494 524/524/524 473/473/473
f 508/508/508 495/495/495 525/525/525
f 521/521/521 526/526/526 503/503/503
f 511/511/511 527/527/527 528/528/528
f 510/510/510 511/511/511 528/528/528
f 523/523/523 507/507/507 510/510/510
f 512/512/512 529/529/529 513/513/513
f 515/515/515 530/530/530 512/512/512
f 517/517/517 530/530/530 515/515/515
f 498/498/498 531/531/531 502/502/502
f 520/520/520 519/519/519 532/532/532
f 517/517/517 533/533/533 530/530/530
f 523/523/523 533/533/533 517/517/517
f 512/512/512 530/530/530 529/529/529
f 531/531/531 489/489/489 502/502/502
f 524/524/524 522/522/522 473/473/473
f 527/527/527 534/534/534 535/535/535
f 528/528/528 527/527/527 535/535/535
f 523/523/523 510/510/510 536/536/536
f 523/523/523 536/536/536 533/533/533
f 530/530/530 537/537/537 529/529/529
f 538/538/538 498/498/498 508/508/508
f 535/535/535 534/534/534 539/539/539
f 528/528/528 535/535/535 540/540/540
f 510/510/510 528/528/528 536/536/536
f 529/529/529 537/537/537 541/541/541
f 530/530/530 533/533/533 537/537/537
f 542/542/542 508/508/508 525/525/525
f 543/543/543 525/525/525 544/544/544
f 545/545/545 521/521/521 522/522/522
f 532/532/532 519/519/519 546/546/546
f 534/534/534 547/547/547 539/539/539
f 543/543/543 542/542/542 525/525/525
f 536/536/536 528/528/528 540/540/540
f 548/548/548 549/549/549 541/541/541
f 537/537/537 548/548/548 541/541/541
f 550/550/550 537/537/537 533/533/533
f 536/536/536 550/550/550 533/533/533
f 547/547/547 551/551/551 539/539/539
f 536/536/536 540/540/540 552/552/552
f 536/536/536 552/552/552 550/550/550
f 553/553/553 524/524/524 494/494/494
f 538/538/538 531/531/531 498/498/498
f 542/542/542 538/538/538 508/508/508
f 521/521/521 554/554/554 526/526/526
f 545/545/545 522/522/522 524/524/524
f 555/555/555 532/532/532 546/546/546
f 547/547/547 556/556/556 551/551/551
f 535/535/535 539/539/539 557/557/557
f 540/540/540 535/535/535 558/558/558
f 559/559/559 560/560/560 549/549/549
f 548/548/548 559/559/559 549/549/549
f 550/550/550 548/548/548 537/537/537
f 561/561/561 562/562/562 556/556/556
f 540/540/540 558/558/558 552/552/552
f 550/550/550 552/552/552 563/563/563
f 550/550/550 563/563/563 548/548/548
f 564/564/564 489/489/489 531/531/531
f 565/565/565 543/543/543 544/544/544
f 539/539/539 551/551/551 557/557/557
f 558/558/558 535/535/535 557/557/557
f 548/548/548 563/563/563 559/559/559
f 566/566/566 554/554/554 521/521/521
f 561/561/561 567/567/567 562/562/562
f 556/556/556 562/562/562 568/568/568
f 551/551/551 556/556/556 568/568/568
f 557/557/557 569/569/569 558/558/558
f 558/558/558 569/569/569 552/552/552
f 570/570/570 555/555/555 546/546/546
f 566/566/566 571/571/571 554/554/554
f 545/545/545 566/566/566 521/521/521
f 561/561/561 572/572/572 573/573/573
f 557/557/557 574/574/574 569/569/569
f 560/560/560 575/575/575 576/576/576
f 559/559/559 575/575/575 560/560/560
f 563/563/563 577/577/577 559/559/559
f 552/552/552 577/577/577 563/563/563
f 561/561/561 573/573/573 567/567/567
f 557/557/557 551/551/551 578/578/578
f 557/557/557 578/578/578 574/574/574
f 577/577/577 575/575/575 559/559/559
f 552/552/552 569/569/569 577/577/577
f 538/538/538 579/579/579 531/531/531
f 580/580/580 543/543/543 565/565/565
f 581/581/581 545/545/545 524/524/524
f 575/575/575 582/582/582 576/576/576
f 577/577/577 583/583/583 575/575/575
f 569/569/569 574/574/574 583/583/583
f 569/569/569 583/583/583 577/577/577
f 584/584/584 524/524/524 553/553/553
f 572/572/572 555/555/555 573/573/573
f 568/568/568 562/562/562 585/585/585
f 551/551/551 585/585/585 578/578/578
f 551/551/551 568/568/568 585/585/585
f 582/582/582 586/586/586 576/576/576
f 531/531/531 587/587/587 564/564/564
f 588/588/588 538/538/538 542/542/542
f 580/580/580 542/542/542 543/543/543
f 570/570/570 589/589/589 555/555/555
f 590/590/590 580/580/580 565/565/565
f 573/573/573 555/555/555 591/591/591
f 567/567/567 573/573/573 592/592/592
f 575/575/575 583/583/583 582/582/582
f 584/584/584 581/581/581 524/524/524
f 580/580/580 593/593/593 542/542/542
f 555/555/555 589/589/589 591/591/591
f 573/573/573 591/591/591 592/592/592
f 562/562/562 567/567/567 594/594/594
f 562/562/562 594/594/594 585/585/585
f 578/578/578 585/585/585 595/595/595
f 582/582/582 596/596/596 586/586/586
f 578/578/578 595/595/595 574/574/574
f 571/571/571 597/597/597 598/598/589
f 599/599/598 600/600/599 586/586/586
f 596/596/596 599/599/598 586/586/586
f 601/601/600 596/596/596 582/582/582
f 583/583/583 601/601/600 582/582/582
f 574/574/574 595/595/595 601/601/600
f 574/574/574 601/601/600 583/583/583
f 588/588/588 579/579/579 538/538/538
f 593/593/593 588/588/588 542/542/542
f 602/602/601 566/566/566 545/545/545
f 567/567/567 592/592/592 594/594/594
f 585/585/585 594/594/594 603/603/602
f 585/585/585 603/603/602 595/595/595
f 601/601/600 599/599/598 596/596/596
f 597/597/597 571/571/571 566/566/566
f 591/591/591 589/589/589 604/604/603
f 594/594/594 605/605/604 603/603/602
f 595/595/595 606/606/605 601/601/600
f 579/579/579 587/587/587 531/531/531
f 607/607/606 593/593/593 580/580/580
f 608/608/607 580/580/580 590/590/590
f 609/609/608 604/604/603 589/589/589
f 610/610/608 598/598/589 597/597/597
f 611/611/609 545/545/545 581/581/581
f 592/592/592 591/591/591 604/604/603
f 605/605/604 606/606/605 595/595/595
f 603/603/602 605/605/604 595/595/595
f 606/606/605 599/599/598 601/601/600
f 594/594/594 612/612/610 605/605/604
f 599/599/598 613/613/611 600/600/599
f 606/606/605 613/613/611 599/599/598
f 608/608/607 607/607/606 580/580/580
f 614/614/612 597/597/597 566/566/566
f 602/602/601 614/614/612 566/566/566
f 602/602/601 545/545/545 611/611/609
f 592/592/592 604/604/603 615/615/613
f 594/594/594 615/615/613 612/612/610
f 592/592/592 615/615/613 594/594/594
f 616/616/614 617/617/615 600/600/599
f 613/613/611 616/616/614 600/600/599
f 606/606/605 605/605/604 618/618/616
f 606/606/605 618/618/616 613/613/611
f 579/579/579 619/619/617 587/587/587
f 620/620/618 579/579/579 588/588/588
f 608/608/607 590/590/590 621/621/619
f 615/615/613 622/622/620 612/612/610
f 607/607/606 588/588/588 593/593/593
f 609/609/608 623/623/621 604/604/603
f 584/584/584 611/611/609 581/581/581
f 624/624/622 608/608/607 621/621/619
f 615/615/613 623/623/621 622/622/620
f 604/604/603 623/623/621 615/615/613
f 616/616/614 625/625/623 617/617/615
f 612/612/610 622/622/620 626/626/624
f 612/612/610 626/626/624 605/605/604
f 605/605/604 627/627/625 618/618/616
f 597/597/597 628/628/626 610/610/608
f 629/629/627 611/611/609 584/584/584
f 623/623/621 630/630/628 622/622/620
f 631/631/629 625/625/623 616/616/614
f 613/613/611 627/627/625 616/616/614
f 605/605/604 626/626/624 627/627/625
f 618/618/616 627/627/625 613/613/611
f 632/632/630 608/608/607 624/624/622
f 614/614/612 633/633/631 597/597/597
f 622/622/620 630/630/628 626/626/624
f 627/627/625 631/631/629 616/616/614
f 632/632/630 607/607/606 608/608/607
f 630/630/628 634/634/632 626/626/624
f 635/635/633 636/636/628 637/637/634
f 628/628/626 635/635/633 637/637/634
f 628/628/626 637/637/634 610/610/608
f 626/626/624 634/634/632 627/627/625
f 638/638/635 624/624/622 639/639/629
f 635/635/633 640/640/636 636/636/628
f 627/627/625 634/634/632 631/631/629
f 641/641/637 619/619/617 579/579/579
f 641/641/637 579/579/579 620/620/618
f 638/638/635 632/632/630 624/624/622
f 642/642/638 638/638/635 639/639/629
f 642/642/638 639/639/629 640/640/636
f 643/643/639 614/614/612 602/602/601
f 644/644/640 602/602/601 611/611/609
f 645/645/641 611/611/609 629/629/627
f 646/646/642 588/588/588 607/607/606
f 647/647/643 640/640/636 635/635/633
f 633/633/631 628/628/626 597/597/597
f 644/644/640 643/643/639 602/602/601
f 648/648/644 620/620/618 588/588/588
f 646/646/642 648/648/644 588/588/588
f 632/632/630 649/649/645 607/607/606
f 647/647/643 642/642/638 640/640/636
f 650/650/646 632/632/630 638/638/635
f 643/643/639 633/633/631 614/614/612
f 645/645/641 644/644/640 611/611/609
f 649/649/645 646/646/642 607/607/606
f 642/642/638 650/650/646 638/638/635
f 650/650/646 649/649/645 632/632/630
f 651/651/647 642/642/638 647/647/643
f 652/652/648 641/641/637 620/620/618
f 651/651/647 650/650/646 642/642/638
f 653/653/649 644/644/640 645/645/641
f 654/654/650 633/633/631 643/643/639
f 653/653/649 643/643/639 644/644/640
f 653/653/649 655/655/651 643/643/639
f 656/656/652 646/646/642 649/649/645
f 657/657/653 650/650/646 651/651/647
f 658/658/654 651/651/647 647/647/643
f 659/659/655 647/647/643 635/635/633
f 660/660/656 652/652/648 620/620/618
f 660/660/656 620/620/618 648/648/644
f 654/654/650 661/661/657 633/633/631
f 662/662/658 648/648/644 646/646/642
f 656/656/652 662/662/658 646/646/642
f 663/663/659 649/649/645 650/650/646
f 659/659/655 635/635/633 628/628/626
f 664/664/660 659/659/655 628/628/626
f 664/664/660 628/628/626 633/633/631
f 661/661/657 664/664/660 633/633/631
f 655/655/651 654/654/650 643/643/639
f 660/660/656 648/648/644 662/662/658
f 663/663/659 656/656/652 649/649/645
f 657/657/653 663/663/659 650/650/646
f 659/659/655 658/658/654 647/647/643
f 665/665/661 666/666/662 667/667/663
f 668/668/664 669/669/665 667/667/663
f 669/669/665 668/668/664 670/670/666
f 671/671/667 672/672/668 673/673/12
f 674/674/669 675/675/1 676/676/670
f 677/677/671 676/676/670 678/678/672
f 679/679/673 678/678/672 680/680/674
f 681/681/675 682/682/676 683/683/677
f 669/669/665 665/665/661 667/667/663
f 669/669/665 670/670/666 684/684/678
f 684/684/678 670/670/666 685/685/679
f 686/686/680 687/687/681 685/685/679
f 672/672/668 686/686/680 688/688/682
f 672/672/668 688/688/682 673/673/12
f 689/689/683 672/672/668 671/671/667
f 690/690/684 689/689/683 671/671/667
f 690/690/684 671/671/667 675/675/1
f 674/674/669 690/690/684 675/675/1
f 677/677/671 674/674/669 676/676/670
f 677/677/671 678/678/672 679/679/673
f 691/691/685 680/680/674 682/682/676
f 691/691/685 682/682/676 681/681/675
f 687/687/681 684/684/678 685/685/679
f 691/691/685 679/679/673 680/680/674
f 672/672/668 692/692/686 686/686/680
f 692/692/686 687/687/681 686/686/680
f 693/693/687 692/692/686 672/672/668
f 693/693/687 672/672/668 689/689/683
f 690/690/684 693/693/687 689/689/683
f 694/694/688 679/679/673 691/691/685
f 695/695/689 669/669/665 684/684/678
f 696/696/690 687/687/681 692/692/686
f 693/693/687 697/697/691 692/692/686
f 698/698/303 690/690/684 674/674/669
f 677/677/671 699/699/692 674/674/669
f 700/700/693 677/677/671 679/679/673
f 701/701/694 691/691/685 681/681/675
f 702/702/695 665/665/661 669/669/665
f 703/703/696 702/702/695 669/669/665
f 704/704/295 695/695/689 684/684/678
f 704/704/295 684/684/678 687/687/681
f 696/696/690 704/704/295 687/687/681
f 705/705/697 693/693/687 690/690/684
f 698/698/303 705/705/697 690/690/684
f 699/699/692 698/698/303 674/674/669
f 688/688/682 686/686/680 685/685/679
f 665/665/661 706/706/698 666/666/662
f 702/702/695 706/706/698 665/665/661
f 695/695/689 703/703/696 669/669/665
f 697/697/691 696/696/690 692/692/686
f 694/694/688 700/700/693 679/679/673
f 701/701/694 694/694/688 691/691/685
f 707/707/699 706/706/698 702/702/695
f 699/699/692 677/677/671 700/700/693
f 708/708/698 709/709/700 710/710/662
f 709/709/700 711/711/701 710/710/662
f 712/712/702 681/681/675 683/683/677
f 713/713/703 714/714/704 708/708/698
f 715/715/705 701/701/694 681/681/675
f 705/705/697 697/697/691 693/693/687
f 716/716/706 701/701/694 715/715/705
f 715/715/705 681/681/675 712/712/702
f 714/714/704 709/709/700 708/708/698
f 712/712/702 683/683/677 717/717/707
f 718/718/708 715/715/705 712/712/702
f 718/718/708 712/712/702 717/717/707
f 716/716/706 715/715/705 718/718/708
f 716/716/706 718/718/708 719/719/709
f 718/718/708 717/717/707 720/720/710
f 718/718/708 720/720/710 721/721/711
f 722/722/330 719/719/709 718/718/708
f 722/722/330 718/718/708 721/721/711
f 723/723/712 724/724/713 725/725/649
f 723/723/712 726/726/714 727/727/715
f 723/723/712 727/727/715 724/724/713
f 728/728/716 729/729/717 730/730/718
f 731/731/719 732/732/276 729/729/717
f 726/726/714 733/733/720 727/727/715
f 731/731/719 734/734/721 732/732/276
f 731/731/719 735/735/722 734/734/721
f 736/736/723 735/735/722 731/731/719
f 737/737/724 735/735/722 736/736/723
f 727/727/715 733/733/720 738/738/725
f 739/739/726 740/740/281 737/737/724
f 739/739/726 737/737/724 736/736/723
f 741/741/727 742/742/728 743/743/729
f 728/728/716 731/731/719 729/729/717
f 736/736/723 731/731/719 728/728/716
f 744/744/653 743/743/729 745/745/730
f 746/746/731 747/747/732 748/748/733
f 749/749/734 741/741/727 743/743/729
f 750/750/735 736/736/723 728/728/716
f 750/750/735 739/739/726 736/736/723
f 751/751/736 739/739/726 752/752/737
f 744/744/653 751/751/736 752/752/737
f 744/744/653 745/745/730 751/751/736
f 753/753/647 743/743/729 744/744/653
f 749/749/734 743/743/729 753/753/647
f 754/754/738 747/747/732 741/741/727
f 748/748/733 747/747/732 754/754/738
f 755/755/739 746/746/731 748/748/733
f 755/755/739 738/738/725 746/746/731
f 756/756/650 738/738/725 755/755/739
f 724/724/713 738/738/725 756/756/650
f 727/727/715 738/738/725 724/724/713
f 757/757/740 739/739/726 750/750/735
f 752/752/737 739/739/726 757/757/740
f 754/754/738 741/741/727 749/749/734
f 733/733/720 758/758/282 738/738/725
f 759/759/741 735/735/722 737/737/724
f 751/751/736 760/760/284 740/740/281
f 761/761/278 762/762/742 747/747/732
f 737/737/724 740/740/281 759/759/741
f 751/751/736 740/740/281 739/739/726
f 745/745/730 760/760/284 751/751/736
f 745/745/730 763/763/285 760/760/284
f 743/743/729 763/763/285 745/745/730
f 764/764/743 763/763/285 743/743/729
f 742/742/728 764/764/743 743/743/729
f 762/762/742 764/764/743 742/742/728
f 741/741/727 762/762/742 742/742/728
f 747/747/732 762/762/742 741/741/727
f 765/765/744 761/761/278 747/747/732
f 746/746/731 765/765/744 747/747/732
f 746/746/731 758/758/282 765/765/744
f 758/758/282 746/746/731 738/738/725
f 766/766/745 767/709/700 768/714/704
f 769/767/746 770/711/701 767/709/700
f 766/766/745 769/767/746 767/709/700
f 769/767/746 771/768/747 770/711/701
f 769/767/746 772/769/748 771/768/747
f 772/769/748 769/767/746 766/766/745
f 766/766/745 773/770/749 772/769/748
f 774/771/750 771/768/747 772/769/748
f 774/771/750 775/772/50 771/768/747
f 776/773/751 774/771/750 772/769/748
f 777/774/752 772/769/748 773/770/749
f 778/775/58 775/772/50 774/771/750
f 776/773/751 778/775/58 774/771/750
f 777/774/752 776/773/751 772/769/748
f 779/776/753 778/775/58 776/773/751
f 780/777/754 778/775/58 779/776/753
f 781/778/755 776/773/751 777/774/752
f 779/776/753 776/773/751 781/778/755
f 782/779/756 779/776/753 781/778/755
f 779/776/753 783/780/757 780/777/754
f 782/779/756 784/781/758 779/776/753
f 784/781/758 783/780/757 779/776/753
f 785/782/759 784/781/758 782/779/756
f 786/783/760 783/780/757 784/781/758
f 786/783/760 787/784/761 783/780/757
f 788/785/762 786/783/760 784/781/758
f 785/782/759 788/785/762 784/781/758
f 789/786/763 788/785/762 785/782/759
f 790/787/117 787/784/761 786/783/760
f 790/787/117 786/783/760 788/785/762
f 791/788/764 790/787/117 788/785/762
f 791/788/764 788/785/762 789/786/763
f 792/789/402 791/788/764 789/786/763
f 793/790/765 790/787/117 791/788/764
f 794/791/766 791/788/764 792/789/402
f 795/792/767 793/790/765 791/788/764
f 795/792/767 791/788/764 794/791/766
f 796/793/411 794/791/766 792/789/402
f 797/794/768 795/792/767 794/791/766
f 797/794/768 794/791/766 796/793/411
f 798/795/156 793/790/765 795/792/767
f 799/796/769 798/795/156 795/792/767
f 797/794/768 799/796/769 795/792/767
f 800/797/770 797/794/768 796/793/411
f 801/798/771 798/795/156 799/796/769
f 800/797/770 802/799/772 797/794/768
f 802/799/772 799/796/769 797/794/768
f 802/799/772 801/798/771 799/796/769
f 800/797/770 803/800/773 802/799/772
f 804/801/185 801/798/771 802/799/772
f 803/800/773 804/801/185 802/799/772
f 805/802/774 803/800/773 800/797/770
f 803/800/773 806/803/775 804/801/185
f 806/803/775 803/800/773 805/802/774
f 806/803/775 807/804/205 804/801/185
f 808/805/776 806/803/775 805/802/774
f 809/806/777 807/804/205 806/803/775
f 808/805/776 809/806/777 806/803/775
f 810/807/778 807/804/205 809/806/777
f 811/808/779 809/806/777 808/805/776
f 811/808/779 810/807/778 809/806/777
f 812/809/780 811/808/779 808/805/776
f 813/810/781 810/807/778 811/808/779
f 814/811/782 811/808/779 812/809/780
f 815/812/783 810/807/778 813/810/781
f 814/811/782 813/810/781 811/808/779
f 816/813/784 815/812/783 813/810/781
f 816/813/784 813/810/781 814/811/782
f 817/814/785 816/813/784 814/811/782
f 818/815/786 815/812/783 816/813/784
f 819/816/787 818/815/786 816/813/784
f 819/816/787 816/813/784 817/814/785
f 820/817/788 815/812/783 818/815/786
f 821/818/789 819/816/787 817/814/785
f 822/819/790 818/815/786 819/816/787
f 821/818/789 822/819/790 819/816/787
f 820/817/788 818/815/786 822/819/790
f 823/732/276 820/817/788 822/819/790
f 824/730/791 822/819/790 821/818/789
f 825/729/792 822/819/790 824/730/791
f 825/729/792 823/732/276 822/819/790
f 826/721/793 827/720/794 828/820/795
f 829/722/796 826/721/793 830/821/797
f 830/821/797 826/721/793 828/820/795
f 831/822/798 830/821/797 828/820/795
f 832/823/799 829/722/796 830/821/797
f 833/824/800 832/823/799 830/821/797
f 833/824/800 830/821/797 834/825/801
f 835/826/69 830/821/797 831/822/798
f 834/825/801 830/821/797 835/826/69
f 836/827/802 834/825/801 835/826/69
f 837/828/803 833/824/800 834/825/801
f 836/827/802 837/828/803 834/825/801
f 836/827/802 835/826/69 838/829/83
f 839/830/91 836/827/802 838/829/83
f 837/828/803 836/827/802 840/831/804
f 840/831/804 836/827/802 839/830/91
f 841/832/805 837/828/803 840/831/804
f 840/831/804 839/830/91 842/833/806
f 842/833/806 839/830/91 843/834/108
f 844/835/807 841/832/805 840/831/804
f 844/835/807 840/831/804 842/833/806
f 845/836/808 842/833/806 843/834/108
f 845/836/808 843/834/108 846/837/809
f 842/833/806 845/836/808 847/838/810
f 844/835/807 842/833/806 847/838/810
f 845/836/808 846/837/809 848/839/811
f 849/840/812 844/835/807 847/838/810
f 847/838/810 845/836/808 848/839/811
f 847/838/810 848/839/811 850/841/813
f 849/840/812 847/838/810 850/841/813
f 850/841/813 848/839/811 851/842/814
f 852/843/815 849/840/812 850/841/813
f 852/843/815 850/841/813 853/844/816
f 853/844/816 850/841/813 851/842/814
f 853/844/816 851/842/814 854/845/817
f 853/844/816 854/845/817 855/846/818
f 852/843/815 853/844/816 856/847/440
f 857/848/819 853/844/816 855/846/818
f 856/847/440 853/844/816 857/848/819
f 856/847/440 857/848/819 858/849/820
f 859/850/194 857/848/819 855/846/818
f 860/851/821 857/848/819 859/850/194
f 858/849/820 857/848/819 860/851/821
f 861/852/822 858/849/820 860/851/821
f 861/852/822 860/851/821 859/850/194
f 862/853/494 858/849/820 861/852/822
f 861/852/822 859/850/194 863/854/823
f 864/855/824 862/853/494 861/852/822
f 861/852/822 863/854/823 865/856/227
f 864/855/824 861/852/822 866/857/825
f 867/858/826 862/853/494 864/855/824
f 866/857/825 861/852/822 865/856/227
f 866/857/825 865/856/227 868/859/241
f 869/860/584 867/858/826 864/855/824
f 869/860/584 864/855/824 866/857/825
f 870/861/827 869/860/584 866/857/825
f 866/857/825 868/859/241 870/861/827
f 870/861/827 868/859/241 871/862/828
f 871/862/828 868/859/241 872/863/255
f 873/864/627 869/860/584 870/861/827
f 874/865/829 871/862/828 872/863/255
f 870/861/827 871/862/828 874/865/829
f 874/865/829 873/864/627 870/861/827
f 875/866/830 873/864/627 874/865/829
f 872/863/255 876/867/831 874/865/829
f 875/866/830 874/865/829 877/868/832
f 877/868/832 874/865/829 876/867/831
f 875/866/830 877/868/832 878/725/649
f 879/726/714 877/868/832 876/867/831
f 880/723/833 877/868/832 879/726/714
f 878/725/649 877/868/832 880/723/833
f 881/869/333 882/870/834 883/871/332
f 884/872/835 882/870/834 881/869/333
f 882/870/834 885/873/336 883/871/332
f 886/874/836 884/872/835 881/869/333
f 882/870/834 887/875/837 885/873/336
f 886/874/836 881/869/333 888/876/337
f 889/877/838 890/878/839 885/873/336
f 891/879/840 888/876/337 892/880/340
f 887/875/837 889/877/838 885/873/336
f 893/881/841 886/874/836 888/876/337
f 894/882/842 887/875/837 882/870/834
f 894/882/842 882/870/834 884/872/835
f 895/883/843 884/872/835 886/874/836
f 893/881/841 888/876/337 891/879/840
f 894/882/842 889/877/838 887/875/837
f 894/882/842 884/872/835 895/883/843
f 893/881/841 896/884/844 886/874/836
f 896/884/844 895/883/843 886/874/836
f 897/885/845 891/879/840 892/880/340
f 895/883/843 898/886/846 894/882/842
f 889/877/838 899/887/847 890/878/839
f 900/888/848 893/881/841 891/879/840
f 894/882/842 901/889/849 889/877/838
f 896/884/844 893/881/841 900/888/848
f 896/884/844 902/890/850 895/883/843
f 899/887/847 903/891/851 890/878/839
f 898/886/846 901/889/849 894/882/842
f 904/892/345 897/885/845 892/880/340
f 905/893/852 899/887/847 889/877/838
f 906/894/853 900/888/848 891/879/840
f 901/889/849 905/893/852 889/877/838
f 907/895/854 896/884/844 900/888/848
f 898/886/846 908/896/855 901/889/849
f 909/897/856 902/890/850 896/884/844
f 902/890/850 898/886/846 895/883/843
f 910/898/857 891/879/840 897/885/845
f 909/897/856 896/884/844 907/895/854
f 911/899/858 908/896/855 898/886/846
f 902/890/850 911/899/858 898/886/846
f 912/900/859 911/899/858 902/890/850
f 910/898/857 906/894/853 891/879/840
f 913/901/860 900/888/848 906/894/853
f 908/896/855 914/902/861 901/889/849
f 913/901/860 907/895/854 900/888/848
f 899/887/847 915/903/862 903/891/851
f 910/898/857 897/885/845 904/892/345
f 901/889/849 914/902/861 905/893/852
f 916/904/863 902/890/850 909/897/856
f 912/900/859 902/890/850 916/904/863
f 915/903/862 917/905/350 903/891/851
f 918/906/864 910/898/857 904/892/345
f 919/907/865 915/903/862 899/887/847
f 905/893/852 919/907/865 899/887/847
f 920/908/866 907/895/854 913/901/860
f 921/909/867 914/902/861 908/896/855
f 920/908/866 909/897/856 907/895/854
f 920/908/866 916/904/863 909/897/856
f 922/910/868 911/899/858 912/900/859
f 922/910/868 912/900/859 923/911/869
f 924/912/870 918/906/864 904/892/345
f 906/894/853 910/898/857 918/906/864
f 914/902/861 925/913/871 905/893/852
f 911/899/858 926/914/872 908/896/855
f 923/911/869 912/900/859 916/904/863
f 925/913/871 919/907/865 905/893/852
f 927/915/873 920/908/866 913/901/860
f 926/914/872 921/909/867 908/896/855
f 928/916/874 916/904/863 920/908/866
f 922/910/868 929/917/875 911/899/858
f 930/918/876 922/910/868 923/911/869
f 931/919/877 930/918/876 923/911/869
f 924/912/870 904/892/345 932/920/355
f 933/921/878 906/894/853 918/906/864
f 921/909/867 925/913/871 914/902/861
f 934/922/879 921/909/867 926/914/872
f 929/917/875 926/914/872 911/899/858
f 928/916/874 923/911/869 916/904/863
f 931/919/877 923/911/869 928/916/874
f 930/918/876 929/917/875 922/910/868
f 933/921/878 913/901/860 906/894/853
f 935/923/880 926/914/872 929/917/875
f 936/924/881 915/903/862 919/907/865
f 937/925/882 920/908/866 927/915/873
f 937/925/882 928/916/874 920/908/866
f 935/923/880 934/922/879 926/914/872
f 938/926/883 935/923/880 929/917/875
f 930/918/876 939/927/884 929/917/875
f 915/903/862 940/928/885 917/905/350
f 941/929/886 928/916/874 937/925/882
f 938/926/883 942/930/887 935/923/880
f 941/929/886 931/919/877 928/916/874
f 943/931/888 930/918/876 931/919/877
f 936/924/881 940/928/885 915/903/862
f 944/932/889 913/901/860 933/921/878
f 927/915/873 913/901/860 944/932/889
f 921/909/867 945/933/890 925/913/871
f 935/923/880 942/930/887 934/922/879
f 938/926/883 929/917/875 939/927/884
f 946/934/891 939/927/884 930/918/876
f 943/931/888 946/934/891 930/918/876
f 940/928/885 947/935/892 917/905/350
f 948/936/893 919/907/865 925/913/871
f 921/909/867 949/937/894 945/933/890
f 934/922/879 949/937/894 921/909/867
f 950/938/895 941/929/886 937/925/882
f 951/939/896 931/919/877 941/929/886
f 943/931/888 931/919/877 951/939/896
f 936/924/881 919/907/865 948/936/893
f 945/933/890 948/936/893 925/913/871
f 952/940/897 927/915/873 944/932/889
f 953/941/898 937/925/882 927/915/873
f 953/941/898 927/915/873 952/940/897
f 954/942/899 943/931/888 951/939/896
f 954/942/899 946/934/891 943/931/888
f 955/943/900 946/934/891 954/942/899
f 956/944/901 950/938/895 937/925/882
f 957/945/902 951/939/896 941/929/886
f 958/946/903 938/926/883 939/927/884
f 946/934/891 959/947/904 939/927/884
f 955/943/900 959/947/904 946/934/891
f 960/948/905 955/943/900 954/942/899
f 934/922/879 961/949/906 949/937/894
f 956/944/901 937/925/882 953/941/898
f 942/930/887 961/949/906 934/922/879
f 962/950/907 954/942/899 951/939/896
f 959/947/904 958/946/903 939/927/884
f 962/950/907 960/948/905 954/942/899
f 957/945/902 941/929/886 950/938/895
f 958/946/903 963/951/908 938/926/883
f 962/950/907 951/939/896 957/945/902
f 964/952/909 955/943/900 960/948/905
f 964/952/909 959/947/904 955/943/900
f 965/953/910 948/936/893 945/933/890
f 965/953/910 945/933/890 949/937/894
f 942/930/887 966/954/911 961/949/906
f 967/955/912 957/945/902 950/938/895
f 938/926/883 963/951/908 942/930/887
f 968/956/913 960/948/905 962/950/907
f 960/948/905 969/957/914 964/952/909
f 965/953/910 949/937/894 961/949/906
f 967/955/912 950/938/895 956/944/901
f 959/947/904 970/958/915 958/946/903
f 964/952/909 971/959/916 959/947/904
f 940/928/885 972/960/917 947/935/892
f 961/949/906 973/961/918 965/953/910
f 966/954/911 973/961/918 961/949/906
f 963/951/908 974/962/919 942/930/887
f 975/963/920 962/950/907 957/945/902
f 968/956/913 962/950/907 975/963/920
f 968/956/913 969/957/914 960/948/905
f 976/964/921 977/965/922 964/952/909
f 969/957/914 976/964/921 964/952/909
f 974/962/919 966/954/911 942/930/887
f 975/963/920 957/945/902 967/955/912
f 970/958/915 963/951/908 958/946/903
f 971/959/916 970/958/915 959/947/904
f 978/966/923 969/957/914 968/956/913
f 977/965/922 971/959/916 964/952/909
f 979/967/924 976/964/921 969/957/914
f 979/967/924 980/968/925 976/964/921
f 981/969/926 972/960/917 940/928/885
f 936/924/881 981/969/926 940/928/885
f 973/961/918 982/970/927 965/953/910
f 983/971/928 978/966/923 968/956/913
f 977/965/922 976/964/921 980/968/925
f 982/970/927 948/936/893 965/953/910
f 974/962/919 984/972/929 966/954/911
f 970/958/915 985/973/930 963/951/908
f 979/967/924 969/957/914 978/966/923
f 977/965/922 986/974/931 971/959/916
f 980/968/925 987/975/932 977/965/922
f 988/976/370 947/935/892 972/960/917
f 948/936/893 989/977/933 936/924/881
f 963/951/908 990/978/934 974/962/919
f 985/973/930 990/978/934 963/951/908
f 991/979/935 968/956/913 975/963/920
f 983/971/928 968/956/913 991/979/935
f 971/959/916 992/980/936 970/958/915
f 986/974/931 993/981/937 971/959/916
f 987/975/932 986/974/931 977/965/922
f 994/982/938 979/967/924 978/966/923
f 994/982/938 980/968/925 979/967/924
f 981/969/926 936/924/881 989/977/933
f 990/978/934 984/972/929 974/962/919
f 994/982/938 995/983/939 980/968/925
f 995/983/939 987/975/932 980/968/925
f 982/970/927 996/984/940 948/936/893
f 984/972/929 973/961/918 966/954/911
f 992/980/936 985/973/930 970/958/915
f 997/985/941 978/966/923 983/971/928
f 993/981/937 992/980/936 971/959/916
f 994/982/938 978/966/923 997/985/941
f 998/986/942 993/981/937 986/974/931
f 998/986/942 986/974/931 987/975/932
f 999/987/943 987/975/932 995/983/939
f 1000/988/944 972/960/917 981/969/926
f 973/961/918 1001/989/945 982/970/927
f 1002/990/946 994/982/938 997/985/941
f 999/987/943 1003/991/947 987/975/932
f 1004/992/948 995/983/939 994/982/938
f 1000/988/944 988/976/370 972/960/917
f 996/984/940 989/977/933 948/936/893
f 1005/993/949 983/971/928 991/979/935
f 997/985/941 983/971/928 1005/993/949
f 1003/991/947 998/986/942 987/975/932
f 1006/994/950 995/983/939 1004/992/948
f 1006/994/950 999/987/943 995/983/939
f 1007/995/951 981/969/926 989/977/933
f 1008/996/952 989/977/933 996/984/940
f 1009/997/953 1001/989/945 973/961/918
f 985/973/930 1010/998/954 990/978/934
f 998/986/942 1011/999/955 993/981/937
f 1004/992/948 994/982/938 1002/990/946
f 1003/991/947 1011/999/955 998/986/942
f 1012/1000/956 1003/991/947 999/987/943
f 1007/995/951 989/977/933 1008/996/952
f 1013/1001/957 996/984/940 982/970/927
f 1010/998/954 984/972/929 990/978/934
f 1014/1002/958 985/973/930 992/980/936
f 1015/1003/959 992/980/936 993/981/937
f 1016/1004/960 1011/999/955 1003/991/947
f 1016/1004/960 1003/991/947 1012/1000/956
f 1012/1000/956 999/987/943 1006/994/950
f 1007/995/951 1000/988/944 981/969/926
f 1013/1001/957 982/970/927 1001/989/945
f 1017/1005/961 973/961/918 984/972/929
f 1018/1006/962 1006/994/950 1004/992/948
f 1015/1003/959 1014/1002/958 992/980/936
f 1019/1007/963 997/985/941 1005/993/949
f 1019/1007/963 1002/990/946 997/985/941
f 1011/999/955 1020/1008/964 993/981/937
f 1018/1006/962 1004/992/948 1002/990/946
f 1021/1009/965 1012/1000/956 1006/994/950
f 1009/997/953 973/961/918 1017/1005/961
f 1020/1008/964 1015/1003/959 993/981/937
f 1022/1010/966 1023/1011/967 1016/1004/960
f 1022/1010/966 1016/1004/960 1012/1000/956
f 1021/1009/965 1006/994/950 1024/1012/968
f 1025/1013/969 1012/1000/956 1021/1009/965
f 1026/1014/970 1010/998/954 985/973/930
f 1014/1002/958 1026/1014/970 985/973/930
f 1027/1015/971 1014/1002/958 1015/1003/959
f 1028/1016/972 1020/1008/964 1011/999/955
f 1016/1004/960 1028/1016/972 1011/999/955
f 1024/1012/968 1006/994/950 1018/1006/962
f 1025/1013/969 1022/1010/966 1012/1000/956
f 1029/1017/973 1000/988/944 1007/995/951
f 1029/1017/973 1007/995/951 1008/996/952
f 1008/996/952 996/984/940 1013/1001/957
f 1030/1018/974 1013/1001/957 1001/989/945
f 1017/1005/961 984/972/929 1010/998/954
f 1023/1011/967 1028/1016/972 1016/1004/960
f 1025/1013/969 1031/1019/975 1022/1010/966
f 1024/1012/968 1032/1020/976 1021/1009/965
f 1033/1021/380 988/976/370 1000/988/944
f 1027/1015/971 1034/1022/977 1014/1002/958
f 1035/1023/978 1002/990/946 1019/1007/963
f 1036/1024/979 1024/1012/968 1018/1006/962
f 1032/1020/976 1024/1012/968 1036/1024/979
f 1037/1025/980 1031/1019/975 1025/1013/969
f 1032/1020/976 1038/1026/981 1021/1009/965
f 1038/1026/981 1025/1013/969 1021/1009/965
f 1030/1018/974 1001/989/945 1009/997/953
f 1039/1027/982 1017/1005/961 1010/998/954
f 1014/1002/958 1034/1022/977 1026/1014/970
f 1020/1008/964 1027/1015/971 1015/1003/959
f 1035/1023/978 1018/1006/962 1002/990/946
f 1040/1028/983 1018/1006/962 1035/1023/978
f 1036/1024/979 1018/1006/962 1040/1028/983
f 1022/1010/966 1041/1029/984 1023/1011/967
f 1042/1030/985 1038/1026/981 1032/1020/976
f 1043/1031/986 1037/1025/980 1025/1013/969
f 1043/1031/986 1025/1013/969 1038/1026/981
f 1044/1032/987 1033/1021/380 1000/988/944
f 1045/1033/988 1008/996/952 1013/1001/957
f 1028/1016/972 1046/1034/989 1020/1008/964
f 1023/1011/967 1041/1029/984 1028/1016/972
f 1031/1019/975 1041/1029/984 1022/1010/966
f 1047/1035/990 1031/1019/975 1037/1025/980
f 1044/1032/987 1000/988/944 1029/1017/973
f 1048/1036/991 1030/1018/974 1009/997/953
f 1041/1029/984 1049/1037/992 1028/1016/972
f 1050/1038/993 1038/1026/981 1042/1030/985
f 1043/1031/986 1047/1035/990 1037/1025/980
f 1050/1038/993 1043/1031/986 1038/1026/981
f 1051/1039/994 1009/997/953 1017/1005/961
f 1049/1037/992 1046/1034/989 1028/1016/972
f 1052/1040/995 1032/1020/976 1036/1024/979
f 1053/1041/996 1043/1031/986 1050/1038/993
f 1054/1042/997 1029/1017/973 1008/996/952
f 1026/1014/970 1039/1027/982 1010/998/954
f 1055/1043/998 1027/1015/971 1020/1008/964
f 1055/1043/998 1020/1008/964 1046/1034/989
f 1031/1019/975 1056/1044/999 1041/1029/984
f 1042/1030/985 1032/1020/976 1052/1040/995
f 1047/1035/990 1056/1044/999 1031/1019/975
f 1057/1045/1000 1047/1035/990 1043/1031/986
f 1053/1041/996 1057/1045/1000 1043/1031/986
f 1058/1046/1001 1053/1041/996 1050/1038/993
f 1045/1033/988 1054/1042/997 1008/996/952
f 1059/1047/1002 1013/1001/957 1030/1018/974
f 1048/1036/991 1009/997/953 1051/1039/994
f 1051/1039/994 1017/1005/961 1039/1027/982
f 1056/1044/999 1060/1048/1003 1041/1029/984
f 1061/1049/1004 1042/1030/985 1052/1040/995
f 1047/1035/990 1062/1050/1005 1056/1044/999
f 1057/1045/1000 1062/1050/1005 1047/1035/990
f 1059/1047/1002 1045/1033/988 1013/1001/957
f 1061/1049/1004 1050/1038/993 1042/1030/985
f 1063/1051/1006 1058/1046/1001 1050/1038/993
f 1064/1052/1007 1053/1041/996 1058/1046/1001
f 1065/1053/1008 1029/1017/973 1054/1042/997
f 1066/1054/1009 1059/1047/1002 1030/1018/974
f 1067/1055/1010 1026/1014/970 1034/1022/977
f 1068/1056/1011 1034/1022/977 1027/1015/971
f 1068/1056/1011 1027/1015/971 1055/1043/998
f 1060/1048/1003 1049/1037/992 1041/1029/984
f 1061/1049/1004 1063/1051/1006 1050/1038/993
f 1069/1057/1012 1062/1050/1005 1057/1045/1000
f 1070/1058/1013 1069/1057/1012 1057/1045/1000
f 1070/1058/1013 1057/1045/1000 1053/1041/996
f 1070/1058/1013 1053/1041/996 1064/1052/1007
f 1065/1053/1008 1044/1032/987 1029/1017/973
f 1048/1036/991 1066/1054/1009 1030/1018/974
f 1071/1059/1014 1064/1052/1007 1058/1046/1001
f 1072/1060/1015 1048/1036/991 1051/1039/994
f 1067/1055/1010 1039/1027/982 1026/1014/970
f 1073/1061/1016 1067/1055/1010 1034/1022/977
f 1074/1062/1017 1034/1022/977 1068/1056/1011
f 1075/1063/1018 1055/1043/998 1046/1034/989
f 1071/1059/1014 1058/1046/1001 1063/1051/1006
f 1076/1064/1019 1070/1058/1013 1064/1052/1007
f 1077/1065/1020 1064/1052/1007 1071/1059/1014
f 1077/1065/1020 1076/1064/1019 1064/1052/1007
f 1066/1054/1009 1048/1036/991 1072/1060/1015
f 1073/1061/1016 1034/1022/977 1074/1062/1017
f 1075/1063/1018 1068/1056/1011 1055/1043/998
f 1078/1066/1021 1060/1048/1003 1056/1044/999
f 1062/1050/1005 1078/1066/1021 1056/1044/999
f 1076/1064/1019 1079/1067/1022 1070/1058/1013
f 1080/1068/1023 1081/1069/1024 1062/1050/1005
f 1069/1057/1012 1080/1068/1023 1062/1050/1005
f 1082/1070/1025 1071/1059/1014 1063/1051/1006
f 1079/1067/1022 1069/1057/1012 1070/1058/1013
f 1076/1064/1019 1083/1071/1026 1079/1067/1022
f 1084/1072/1027 1076/1064/1019 1077/1065/1020
f 1084/1072/1027 1083/1071/1026 1076/1064/1019
f 1085/1073/1028 1039/1027/982 1067/1055/1010
f 1086/1074/1029 1046/1034/989 1049/1037/992
f 1078/1066/1021 1062/1050/1005 1081/1069/1024
f 1087/1075/1030 1071/1059/1014 1082/1070/1025
f 1079/1067/1022 1088/1076/1031 1069/1057/1012
f 1089/1077/1032 1077/1065/1020 1071/1059/1014
f 1090/1078/1033 1084/1072/1027 1077/1065/1020
f 1091/1079/1034 1072/1060/1015 1051/1039/994
f 1091/1079/1034 1051/1039/994 1039/1027/982
f 1092/1080/1035 1073/1061/1016 1074/1062/1017
f 1093/1081/1036 1074/1062/1017 1068/1056/1011
f 1086/1074/1029 1075/1063/1018 1046/1034/989
f 1094/1082/1037 1086/1074/1029 1049/1037/992
f 1094/1082/1037 1049/1037/992 1060/1048/1003
f 1087/1075/1030 1089/1077/1032 1071/1059/1014
f 1090/1078/1033 1077/1065/1020 1089/1077/1032
f 1090/1078/1033 1083/1071/1026 1084/1072/1027
f 1085/1073/1028 1067/1055/1010 1073/1061/1016
f 1093/1081/1036 1068/1056/1011 1075/1063/1018
f 1095/1083/1038 1060/1048/1003 1078/1066/1021
f 1088/1076/1031 1080/1068/1023 1069/1057/1012
f 1096/1084/394 1088/1076/1031 1079/1067/1022
f 1083/1071/1026 1096/1084/394 1079/1067/1022
f 1092/1080/1035 1074/1062/1017 1093/1081/1036
f 1095/1083/1038 1094/1082/1037 1060/1048/1003
f 1097/1085/1039 1081/1069/1024 1080/1068/1023
f 1088/1076/1031 1097/1085/1039 1080/1068/1023
f 1096/1084/394 1098/1086/410 1088/1076/1031
f 1099/1087/1040 1090/1078/1033 1089/1077/1032
f 1100/1088/1041 1097/1085/1039 1088/1076/1031
f 1101/1089/1042 1078/1066/1021 1081/1069/1024
f 1102/1090/1043 1095/1083/1038 1078/1066/1021
f 1098/1086/410 1100/1088/1041 1088/1076/1031
f 1103/1091/398 1098/1086/410 1096/1084/394
f 1102/1090/1043 1078/1066/1021 1101/1089/1042
f 1101/1089/1042 1081/1069/1024 1097/1085/1039
f 1104/1092/1044 1097/1085/1039 1100/1088/1041
f 1104/1092/1044 1101/1089/1042 1097/1085/1039
f 1104/1092/1044 1100/1088/1041 1105/1093/1045
f 1105/1093/1045 1100/1088/1041 1098/1086/410
f 1106/1094/1046 1107/906/864 1108/912/870
f 1106/1094/1046 1109/921/1047 1107/906/864
f 1108/912/870 1110/920/355 1111/1095/358
f 1112/932/1048 1109/921/1047 1106/1094/1046
f 1113/1096/1049 1108/912/870 1111/1095/358
f 1113/1096/1049 1106/1094/1046 1108/912/870
f 1114/1097/1050 1106/1094/1046 1113/1096/1049
f 1115/1098/1051 1106/1094/1046 1114/1097/1050
f 1112/932/1048 1106/1094/1046 1115/1098/1051
f 1116/1099/1052 1117/941/1053 1118/940/897
f 1113/1096/1049 1111/1095/358 1119/1100/1054
f 1120/1101/1055 1113/1096/1049 1119/1100/1054
f 1118/940/897 1112/932/1048 1115/1098/1051
f 1121/1102/1056 1117/941/1053 1116/1099/1052
f 1121/1102/1056 1122/944/901 1117/941/1053
f 1114/1097/1050 1113/1096/1049 1120/1101/1055
f 1123/1103/1057 1118/940/897 1115/1098/1051
f 1116/1099/1052 1118/940/897 1123/1103/1057
f 1124/955/912 1122/944/901 1125/1104/1058
f 1126/1105/1059 1114/1097/1050 1120/1101/1055
f 1125/1104/1058 1122/944/901 1121/1102/1056
f 1127/1106/1060 1128/963/1061 1124/955/912
f 1129/1107/1062 1119/1100/1054 1130/1108/373
f 1120/1101/1055 1119/1100/1054 1129/1107/1062
f 1123/1103/1057 1115/1098/1051 1131/1109/1063
f 1132/1110/1064 1121/1102/1056 1116/1099/1052
f 1133/979/935 1128/963/1061 1127/1106/1060
f 1131/1109/1063 1115/1098/1051 1114/1097/1050
f 1126/1105/1059 1120/1101/1055 1129/1107/1062
f 1131/1109/1063 1114/1097/1050 1126/1105/1059
f 1116/1099/1052 1123/1103/1057 1132/1110/1064
f 1124/955/912 1125/1104/1058 1134/1111/1065
f 1135/993/949 1133/979/935 1136/1112/1066
f 1137/1113/1067 1121/1102/1056 1132/1110/1064
f 1125/1104/1058 1121/1102/1056 1137/1113/1067
f 1134/1111/1065 1127/1106/1060 1124/955/912
f 1136/1112/1066 1133/979/935 1127/1106/1060
f 1138/1114/1068 1129/1107/1062 1130/1108/373
f 1139/1115/1069 1126/1105/1059 1129/1107/1062
f 1136/1112/1066 1127/1106/1060 1140/1116/1070
f 1139/1115/1069 1129/1107/1062 1138/1114/1068
f 1131/1109/1063 1126/1105/1059 1141/1117/1071
f 1123/1103/1057 1131/1109/1063 1142/1118/1072
f 1143/1119/1073 1125/1104/1058 1137/1113/1067
f 1134/1111/1065 1125/1104/1058 1143/1119/1073
f 1140/1116/1070 1127/1106/1060 1134/1111/1065
f 1144/1007/1074 1135/993/949 1145/1120/1075
f 1141/1117/1071 1126/1105/1059 1139/1115/1069
f 1132/1110/1064 1123/1103/1057 1146/1121/1076
f 1146/1121/1076 1123/1103/1057 1142/1118/1072
f 1134/1111/1065 1143/1119/1073 1147/1122/1077
f 1148/1123/1078 1136/1112/1066 1140/1116/1070
f 1149/1124/1079 1135/993/949 1136/1112/1066
f 1150/1125/1080 1137/1113/1067 1132/1110/1064
f 1150/1125/1080 1143/1119/1073 1137/1113/1067
f 1151/1126/1081 1140/1116/1070 1134/1111/1065
f 1145/1120/1075 1135/993/949 1149/1124/1079
f 1152/1023/1082 1144/1007/1074 1153/1127/1083
f 1147/1122/1077 1143/1119/1073 1150/1125/1080
f 1151/1126/1081 1148/1123/1078 1140/1116/1070
f 1154/1128/1084 1131/1109/1063 1141/1117/1071
f 1142/1118/1072 1131/1109/1063 1154/1128/1084
f 1149/1124/1079 1136/1112/1066 1148/1123/1078
f 1150/1125/1080 1132/1110/1064 1146/1121/1076
f 1151/1126/1081 1134/1111/1065 1147/1122/1077
f 1155/1129/1085 1148/1123/1078 1151/1126/1081
f 1156/1130/1086 1149/1124/1079 1148/1123/1078
f 1153/1127/1083 1144/1007/1074 1145/1120/1075
f 1157/1028/983 1152/1023/1082 1158/1131/1087
f 1146/1121/1076 1142/1118/1072 1159/1132/1088
f 1145/1120/1075 1149/1124/1079 1156/1130/1086
f 1158/1131/1087 1152/1023/1082 1153/1127/1083
f 1160/1024/1089 1157/1028/983 1161/1133/1090
f 1162/1134/1091 1139/1115/1069 1138/1114/1068
f 1141/1117/1071 1139/1115/1069 1162/1134/1091
f 1158/1131/1087 1153/1127/1083 1163/1135/1092
f 1161/1133/1090 1164/1040/1093 1160/1024/1089
f 1162/1134/1091 1138/1114/1068 1165/1136/386
f 1147/1122/1077 1150/1125/1080 1166/1137/1094
f 1153/1127/1083 1145/1120/1075 1167/1138/1095
f 1161/1133/1090 1157/1028/983 1158/1131/1087
f 1168/1139/1096 1150/1125/1080 1146/1121/1076
f 1156/1130/1086 1148/1123/1078 1155/1129/1085
f 1167/1138/1095 1145/1120/1075 1156/1130/1086
f 1154/1128/1084 1141/1117/1071 1162/1134/1091
f 1159/1132/1088 1142/1118/1072 1154/1128/1084
f 1166/1137/1094 1150/1125/1080 1168/1139/1096
f 1163/1135/1092 1153/1127/1083 1169/1140/1097
f 1170/1141/1098 1161/1133/1090 1158/1131/1087
f 1171/1142/1099 1172/1049/1100 1164/1040/1093
f 1173/1143/1101 1146/1121/1076 1159/1132/1088
f 1174/1144/1102 1147/1122/1077 1166/1137/1094
f 1174/1144/1102 1151/1126/1081 1147/1122/1077
f 1169/1140/1097 1153/1127/1083 1167/1138/1095
f 1171/1142/1099 1164/1040/1093 1161/1133/1090
f 1175/1145/1103 1154/1128/1084 1162/1134/1091
f 1168/1139/1096 1146/1121/1076 1173/1143/1101
f 1167/1138/1095 1156/1130/1086 1176/1146/1104
f 1170/1141/1098 1158/1131/1087 1163/1135/1092
f 1177/1147/1105 1172/1049/1100 1171/1142/1099
f 1178/1070/1025 1179/1051/1106 1172/1049/1100
f 1180/1148/1107 1154/1128/1084 1175/1145/1103
f 1162/1134/1091 1165/1136/386 1181/1149/1108
f 1159/1132/1088 1154/1128/1084 1180/1148/1107
f 1182/1150/1109 1168/1139/1096 1173/1143/1101
f 1183/1151/1110 1166/1137/1094 1168/1139/1096
f 1155/1129/1085 1151/1126/1081 1174/1144/1102
f 1176/1146/1104 1156/1130/1086 1155/1129/1085
f 1184/1152/1111 1161/1133/1090 1170/1141/1098
f 1185/1153/1112 1178/1070/1025 1172/1049/1100
f 1175/1145/1103 1162/1134/1091 1181/1149/1108
f 1171/1142/1099 1161/1133/1090 1184/1152/1111
f 1177/1147/1105 1171/1142/1099 1186/1154/1113
f 1185/1153/1112 1172/1049/1100 1177/1147/1105
f 1187/1075/1030 1178/1070/1025 1188/1155/1114
f 1181/1149/1108 1165/1136/386 1189/1156/393
f 1190/1157/1115 1163/1135/1092 1169/1140/1097
f 1185/1153/1112 1188/1155/1114 1178/1070/1025
f 1191/1158/1116 1155/1129/1085 1174/1144/1102
f 1176/1146/1104 1155/1129/1085 1192/1159/1117
f 1193/1160/1118 1167/1138/1095 1176/1146/1104
f 1194/1161/1119 1170/1141/1098 1163/1135/1092
f 1187/1075/1030 1195/1087/1120 1196/1077/1121
f 1197/1162/1122 1159/1132/1088 1180/1148/1107
f 1183/1151/1110 1168/1139/1096 1182/1150/1109
f 1198/1163/1123 1171/1142/1099 1184/1152/1111
f 1186/1154/1113 1171/1142/1099 1198/1163/1123
f 1185/1153/1112 1177/1147/1105 1199/1164/1124
f 1173/1143/1101 1159/1132/1088 1197/1162/1122
f 1200/1165/1125 1155/1129/1085 1191/1158/1116
f 1192/1159/1117 1155/1129/1085 1200/1165/1125
f 1169/1140/1097 1167/1138/1095 1193/1160/1118
f 1190/1157/1115 1169/1140/1097 1201/1166/1126
f 1184/1152/1111 1170/1141/1098 1194/1161/1119
f 1195/1087/1120 1187/1075/1030 1202/1167/1127
f 1193/1160/1118 1176/1146/1104 1192/1159/1117
f 1194/1161/1119 1163/1135/1092 1190/1157/1115
f 1199/1164/1124 1177/1147/1105 1186/1154/1113
f 1188/1155/1114 1185/1153/1112 1199/1164/1124
f 1202/1167/1127 1187/1075/1030 1188/1155/1114
f 1180/1148/1107 1175/1145/1103 1203/1168/1128
f 1204/1169/1129 1182/1150/1109 1173/1143/1101
f 1205/1170/1130 1166/1137/1094 1183/1151/1110
f 1174/1144/1102 1166/1137/1094 1205/1170/1130
f 1191/1158/1116 1174/1144/1102 1205/1170/1130
f 1206/1171/1131 1194/1161/1119 1190/1157/1115
f 1173/1143/1101 1197/1162/1122 1204/1169/1129
f 1207/1172/1132 1184/1152/1111 1194/1161/1119
f 1198/1163/1123 1184/1152/1111 1207/1172/1132
f 1208/1173/1133 1195/1087/1120 1202/1167/1127
f 1203/1168/1128 1175/1145/1103 1181/1149/1108
f 1209/1174/1134 1180/1148/1107 1203/1168/1128
f 1183/1151/1110 1182/1150/1109 1210/1175/1135
f 1211/1176/1136 1193/1160/1118 1212/1177/1137
f 1211/1176/1136 1169/1140/1097 1193/1160/1118
f 1186/1154/1113 1198/1163/1123 1213/1178/1138
f 1214/1179/1139 1188/1155/1114 1199/1164/1124
f 1197/1162/1122 1180/1148/1107 1209/1174/1134
f 1201/1166/1126 1169/1140/1097 1211/1176/1136
f 1206/1171/1131 1190/1157/1115 1201/1166/1126
f 1199/1164/1124 1186/1154/1113 1213/1178/1138
f 1202/1167/1127 1188/1155/1114 1214/1179/1139
f 1212/1177/1137 1193/1160/1118 1192/1159/1117
f 1215/1180/1140 1198/1163/1123 1207/1172/1132
f 1203/1168/1128 1181/1149/1108 1216/1181/1141
f 1182/1150/1109 1204/1169/1129 1210/1175/1135
f 1183/1151/1110 1210/1175/1135 1217/1182/1142
f 1181/1149/1108 1189/1156/393 1218/1183/412
f 1197/1162/1122 1209/1174/1134 1219/1184/1143
f 1220/1185/1144 1200/1165/1125 1191/1158/1116
f 1214/1179/1139 1199/1164/1124 1221/1186/1145
f 1217/1182/1142 1210/1175/1135 1222/1187/1146
f 1217/1182/1142 1205/1170/1130 1183/1151/1110
f 1192/1159/1117 1200/1165/1125 1223/1188/1147
f 1207/1172/1132 1194/1161/1119 1206/1171/1131
f 1213/1178/1138 1198/1163/1123 1215/1180/1140
f 1216/1181/1141 1181/1149/1108 1224/1189/1148
f 1225/1190/1149 1205/1170/1130 1217/1182/1142
f 1221/1186/1145 1199/1164/1124 1213/1178/1138
f 1204/1169/1129 1197/1162/1122 1219/1184/1143
f 1210/1175/1135 1204/1169/1129 1226/1191/1150
f 1222/1187/1146 1210/1175/1135 1226/1191/1150
f 1191/1158/1116 1205/1170/1130 1225/1190/1149
f 1223/1188/1147 1200/1165/1125 1220/1185/1144
f 1206/1171/1131 1201/1166/1126 1227/1192/1151
f 1228/1193/1152 1207/1172/1132 1206/1171/1131
f 1229/1194/1153 1208/1173/1133 1202/1167/1127
f 1230/1195/1154 1208/1173/1133 1229/1194/1153
f 1224/1189/1148 1181/1149/1108 1218/1183/412
f 1209/1174/1134 1203/1168/1128 1216/1181/1141
f 1220/1185/1144 1191/1158/1116 1225/1190/1149
f 1231/1196/1155 1192/1159/1117 1223/1188/1147
f 1227/1192/1151 1201/1166/1126 1211/1176/1136
f 1228/1193/1152 1215/1180/1140 1207/1172/1132
f 1232/1197/1156 1213/1178/1138 1215/1180/1140
f 1232/1197/1156 1221/1186/1145 1213/1178/1138
f 1229/1194/1153 1202/1167/1127 1214/1179/1139
f 1230/1195/1154 1233/1198/415 1208/1173/1133
f 1216/1181/1141 1224/1189/1148 1234/1199/1157
f 1226/1191/1150 1204/1169/1129 1235/1200/1158
f 1212/1177/1137 1192/1159/1117 1231/1196/1155
f 1236/1201/1159 1206/1171/1131 1227/1192/1151
f 1237/1202/1160 1228/1193/1152 1206/1171/1131
f 1238/1203/1161 1214/1179/1139 1221/1186/1145
f 1229/1194/1153 1214/1179/1139 1238/1203/1161
f 1239/1204/1162 1209/1174/1134 1216/1181/1141
f 1219/1184/1143 1209/1174/1134 1239/1204/1162
f 1240/1205/1163 1225/1190/1149 1217/1182/1142
f 1241/1206/1164 1225/1190/1149 1240/1205/1163
f 1241/1206/1164 1220/1185/1144 1225/1190/1149
f 1242/1207/1165 1211/1176/1136 1212/1177/1137
f 1227/1192/1151 1211/1176/1136 1242/1207/1165
f 1243/1208/1166 1221/1186/1145 1232/1197/1156
f 1238/1203/1161 1221/1186/1145 1244/1209/1167
f 1224/1189/1148 1218/1183/412 1245/1210/418
f 1212/1177/1137 1231/1196/1155 1246/1211/1168
f 1232/1197/1156 1215/1180/1140 1228/1193/1152
f 1235/1200/1158 1204/1169/1129 1219/1184/1143
f 1247/1212/1169 1231/1196/1155 1223/1188/1147
f 1237/1202/1160 1206/1171/1131 1236/1201/1159
f 1234/1199/1157 1224/1189/1148 1245/1210/418
f 1248/1213/1170 1216/1181/1141 1234/1199/1157
f 1239/1204/1162 1216/1181/1141 1248/1213/1170
f 1240/1205/1163 1217/1182/1142 1222/1187/1146
f 1242/1207/1165 1212/1177/1137 1246/1211/1168
f 1236/1201/1159 1227/1192/1151 1242/1207/1165
f 1244/1209/1167 1221/1186/1145 1243/1208/1166
f 1219/1184/1143 1239/1204/1162 1249/1214/1171
f 1250/1215/1172 1226/1191/1150 1235/1200/1158
f 1250/1215/1172 1222/1187/1146 1226/1191/1150
f 1246/1211/1168 1231/1196/1155 1247/1212/1169
f 1251/1216/1173 1229/1194/1153 1238/1203/1161
f 1230/1195/1154 1229/1194/1153 1251/1216/1173
f 1252/1217/1174 1220/1185/1144 1241/1206/1164
f 1223/1188/1147 1220/1185/1144 1252/1217/1174
f 1253/1218/1175 1236/1201/1159 1242/1207/1165
f 1243/1208/1166 1232/1197/1156 1254/1219/1176
f 1235/1200/1158 1219/1184/1143 1249/1214/1171
f 1228/1193/1152 1237/1202/1160 1255/1220/1177
f 1232/1197/1156 1228/1193/1152 1256/1221/1178
f 1251/1216/1173 1238/1203/1161 1244/1209/1167
f 1250/1215/1172 1235/1200/1158 1257/1222/1179
f 1255/1220/1177 1256/1221/1178 1228/1193/1152
f 1254/1219/1176 1232/1197/1156 1256/1221/1178
f 1258/1223/1180 1243/1208/1166 1254/1219/1176
f 1244/1209/1167 1243/1208/1166 1258/1223/1180
f 1251/1216/1173 1244/1209/1167 1259/1224/1181
f 1260/1225/1182 1230/1195/1154 1251/1216/1173
f 1261/1226/1183 1222/1187/1146 1250/1215/1172
f 1261/1226/1183 1240/1205/1163 1222/1187/1146
f 1253/1218/1175 1242/1207/1165 1246/1211/1168
f 1262/1227/1184 1234/1199/1157 1245/1210/418
f 1263/1228/1185 1223/1188/1147 1252/1217/1174
f 1263/1228/1185 1247/1212/1169 1223/1188/1147
f 1255/1220/1177 1237/1202/1160 1236/1201/1159
f 1249/1214/1171 1239/1204/1162 1264/1229/1186
f 1246/1211/1168 1247/1212/1169 1265/1230/1187
f 1259/1224/1181 1244/1209/1167 1258/1223/1180
f 1266/1231/1188 1251/1216/1173 1259/1224/1181
f 1266/1231/1188 1260/1225/1182 1251/1216/1173
f 1261/1226/1183 1250/1215/1172 1257/1222/1179
f 1241/1206/1164 1240/1205/1163 1267/1232/1189
f 1267/1232/1189 1252/1217/1174 1241/1206/1164
f 1255/1220/1177 1236/1201/1159 1268/1233/1190
f 1258/1223/1180 1254/1219/1176 1269/1234/1191
f 1264/1229/1186 1239/1204/1162 1248/1213/1170
f 1235/1200/1158 1249/1214/1171 1270/1235/1192
f 1257/1222/1179 1235/1200/1158 1270/1235/1192
f 1267/1232/1189 1240/1205/1163 1271/1236/1193
f 1263/1228/1185 1252/1217/1174 1267/1232/1189
f 1265/1230/1187 1247/1212/1169 1263/1228/1185
f 1272/1237/1194 1236/1201/1159 1253/1218/1175
f 1256/1221/1178 1255/1220/1177 1273/1238/1195
f 1274/1239/1196 1254/1219/1176 1256/1221/1178
f 1248/1213/1170 1234/1199/1157 1275/1240/1197
f 1269/1234/1191 1254/1219/1176 1274/1239/1196
f 1266/1231/1188 1259/1224/1181 1276/1241/443
f 1275/1240/1197 1234/1199/1157 1262/1227/1184
f 1264/1229/1186 1248/1213/1170 1277/1242/1198
f 1253/1218/1175 1246/1211/1168 1265/1230/1187
f 1274/1239/1196 1256/1221/1178 1273/1238/1195
f 1270/1235/1192 1249/1214/1171 1264/1229/1186
f 1261/1226/1183 1271/1236/1193 1240/1205/1163
f 1253/1218/1175 1265/1230/1187 1278/1243/1199
f 1268/1233/1190 1236/1201/1159 1272/1237/1194
f 1258/1223/1180 1269/1234/1191 1279/1244/446
f 1259/1224/1181 1258/1223/1180 1279/1244/446
f 1259/1224/1181 1279/1244/446 1276/1241/443
f 1280/1245/1200 1266/1231/1188 1276/1241/443
f 1267/1232/1189 1271/1236/1193 1281/1246/1201
f 1263/1228/1185 1267/1232/1189 1282/1247/1202
f 1265/1230/1187 1263/1228/1185 1282/1247/1202
f 1272/1237/1194 1253/1218/1175 1283/1248/1203
f 1284/1249/1204 1269/1234/1191 1274/1239/1196
f 1277/1242/1198 1248/1213/1170 1275/1240/1197
f 1285/1250/1205 1268/1233/1190 1272/1237/1194
f 1279/1244/446 1269/1234/1191 1284/1249/1204
f 1275/1240/1197 1262/1227/1184 1286/1251/1206
f 1287/1252/1207 1264/1229/1186 1277/1242/1198
f 1270/1235/1192 1264/1229/1186 1287/1252/1207
f 1261/1226/1183 1257/1222/1179 1288/1253/1208
f 1271/1236/1193 1261/1226/1183 1289/1254/1209
f 1283/1248/1203 1253/1218/1175 1278/1243/1199
f 1285/1250/1205 1255/1220/1177 1268/1233/1190
f 1257/1222/1179 1270/1235/1192 1290/1255/1210
f 1282/1247/1202 1267/1232/1189 1291/1256/1211
f 1273/1238/1195 1255/1220/1177 1285/1250/1205
f 1288/1253/1208 1257/1222/1179 1290/1255/1210
f 1291/1256/1211 1267/1232/1189 1281/1246/1201
f 1273/1238/1195 1285/1250/1205 1292/1257/1212
f 1274/1239/1196 1273/1238/1195 1293/1258/463
f 1289/1254/1209 1261/1226/1183 1288/1253/1208
f 1281/1246/1201 1271/1236/1193 1289/1254/1209
f 1294/1259/1213 1265/1230/1187 1282/1247/1202
f 1278/1243/1199 1265/1230/1187 1294/1259/1213
f 1289/1254/1209 1288/1253/1208 1295/1260/1214
f 1296/1261/1215 1272/1237/1194 1283/1248/1203
f 1285/1250/1205 1272/1237/1194 1296/1261/1215
f 1284/1249/1204 1274/1239/1196 1293/1258/463
f 1294/1259/1213 1282/1247/1202 1291/1256/1211
f 1273/1238/1195 1292/1257/1212 1293/1258/463
f 1297/1262/1216 1277/1242/1198 1275/1240/1197
f 1298/1263/1217 1292/1257/1212 1285/1250/1205
f 1287/1252/1207 1277/1242/1198 1299/1264/1218
f 1300/1265/1219 1270/1235/1192 1287/1252/1207
f 1300/1265/1219 1290/1255/1210 1270/1235/1192
f 1301/1266/1220 1288/1253/1208 1290/1255/1210
f 1291/1256/1211 1281/1246/1201 1302/1267/1221
f 1283/1248/1203 1303/1268/1222 1296/1261/1215
f 1304/1269/477 1285/1250/1205 1296/1261/1215
f 1298/1263/1217 1285/1250/1205 1304/1269/477
f 1305/1270/1223 1275/1240/1197 1286/1251/1206
f 1299/1264/1218 1277/1242/1198 1297/1262/1216
f 1278/1243/1199 1294/1259/1213 1306/1271/1224
f 1283/1248/1203 1278/1243/1199 1307/1272/1225
f 1296/1261/1215 1303/1268/1222 1304/1269/477
f 1297/1262/1216 1275/1240/1197 1305/1270/1223
f 1294/1259/1213 1291/1256/1211 1308/1273/1226
f 1278/1243/1199 1306/1271/1224 1307/1272/1225
f 1300/1265/1219 1287/1252/1207 1299/1264/1218
f 1308/1273/1226 1291/1256/1211 1302/1267/1221
f 1305/1270/1223 1286/1251/1206 1309/1274/1227
f 1295/1260/1214 1288/1253/1208 1301/1266/1220
f 1302/1267/1221 1281/1246/1201 1289/1254/1209
f 1294/1259/1213 1308/1273/1226 1310/1275/1228
f 1303/1268/1222 1283/1248/1203 1307/1272/1225
f 1311/1276/1229 1289/1254/1209 1295/1260/1214
f 1290/1255/1210 1300/1265/1219 1312/1277/1230
f 1302/1267/1221 1289/1254/1209 1311/1276/1229
f 1308/1273/1226 1302/1267/1221 1313/1278/1231
f 1310/1275/1228 1308/1273/1226 1313/1278/1231
f 1314/1279/1232 1299/1264/1218 1297/1262/1216
f 1294/1259/1213 1310/1275/1228 1306/1271/1224
f 1307/1272/1225 1306/1271/1224 1315/1280/490
f 1303/1268/1222 1307/1272/1225 1315/1280/490
f 1301/1266/1220 1290/1255/1210 1312/1277/1230
f 1297/1262/1216 1305/1270/1223 1316/1281/1233
f 1312/1277/1230 1300/1265/1219 1299/1264/1218
f 1311/1276/1229 1295/1260/1214 1317/1282/1234
f 1302/1267/1221 1311/1276/1229 1318/1283/1235
f 1313/1278/1231 1302/1267/1221 1318/1283/1235
f 1316/1281/1233 1305/1270/1223 1309/1274/1227
f 1317/1282/1234 1295/1260/1214 1301/1266/1220
f 1306/1271/1224 1310/1275/1228 1319/1284/1236
f 1314/1279/1232 1297/1262/1216 1316/1281/1233
f 1320/1285/1237 1317/1282/1234 1301/1266/1220
f 1301/1266/1220 1321/1286/1238 1320/1285/1237
f 1301/1266/1220 1312/1277/1230 1321/1286/1238
f 1318/1283/1235 1311/1276/1229 1317/1282/1234
f 1310/1275/1228 1313/1278/1231 1319/1284/1236
f 1315/1280/490 1306/1271/1224 1319/1284/1236
f 1312/1277/1230 1299/1264/1218 1314/1279/1232
f 1322/1287/516 1316/1281/1233 1309/1274/1227
f 1312/1277/1230 1314/1279/1232 1323/1288/1239
f 1317/1282/1234 1320/1285/1237 1324/1289/1240
f 1319/1284/1236 1313/1278/1231 1325/1290/1241
f 1314/1279/1232 1316/1281/1233 1322/1287/516
f 1321/1286/1238 1312/1277/1230 1323/1288/1239
f 1313/1278/1231 1318/1283/1235 1325/1290/1241
f 1323/1288/1239 1314/1279/1232 1326/1291/1242
f 1327/1292/1243 1317/1282/1234 1324/1289/1240
f 1327/1292/1243 1318/1283/1235 1317/1282/1234
f 1325/1290/1241 1318/1283/1235 1327/1292/1243
f 1320/1285/1237 1328/1293/547 1324/1289/1240
f 1329/1294/532 1314/1279/1232 1322/1287/516
f 1328/1293/547 1320/1285/1237 1321/1286/1238
f 1326/1291/1242 1314/1279/1232 1329/1294/532
f 1323/1288/1239 1330/1295/1244 1321/1286/1238
f 1330/1295/1244 1323/1288/1239 1326/1291/1242
f 1326/1291/1242 1329/1294/532 1331/1296/572
f 1328/1293/547 1321/1286/1238 1332/1297/1245
f 1332/1297/1245 1321/1286/1238 1330/1295/1244
f 1326/1291/1242 1331/1296/572 1333/1298/1246
f 1333/1298/1246 1330/1295/1244 1326/1291/1242
f 1329/1294/532 1334/1299/1247 1331/1296/572
f 1332/1297/1245 1330/1295/1244 1333/1298/1246
f 1335/1300/1248 1336/1021/1249 1337/1032/987
f 1338/1301/1250 1335/1300/1248 1337/1032/987
f 1339/1302/1251 1340/1053/1008 1341/1042/997
f 1340/1053/1008 1338/1301/1250 1337/1032/987
f 1342/1033/988 1339/1302/1251 1341/1042/997
f 1343/1303/1252 1339/1302/1251 1342/1033/988
f 1343/1303/1252 1342/1033/988 1344/1047/1253
f 1345/1304/1254 1343/1303/1252 1344/1047/1253
f 1345/1304/1254 1344/1047/1253 1346/1054/1009
f 1347/1305/1255 1348/1060/1256 1349/1079/1034
f 1349/1079/1034 1350/1027/982 1351/1306/1257
f 1351/1306/1257 1350/1027/982 1352/1073/1258
f 1353/1307/401 1335/1300/1248 1338/1301/1250
f 1354/1308/1259 1345/1304/1254 1346/1054/1009
f 1347/1305/1255 1354/1308/1259 1346/1054/1009
f 1347/1305/1255 1346/1054/1009 1348/1060/1256
f 1351/1306/1257 1355/1309/1260 1349/1079/1034
f 1356/1310/1261 1357/1063/1262 1358/1074/1263
f 1359/1311/1264 1353/1307/401 1338/1301/1250
f 1347/1305/1255 1349/1079/1034 1355/1309/1260
f 1360/1312/1265 1351/1306/1257 1352/1073/1258
f 1360/1312/1265 1352/1073/1258 1361/1061/1266
f 1362/1313/1267 1358/1074/1263 1363/1082/1037
f 1359/1311/1264 1338/1301/1250 1340/1053/1008
f 1339/1302/1251 1364/1314/1268 1340/1053/1008
f 1365/1315/1269 1366/1080/1035 1367/1081/1036
f 1356/1310/1261 1367/1081/1036 1357/1063/1262
f 1364/1314/1268 1359/1311/1264 1340/1053/1008
f 1365/1315/1269 1367/1081/1036 1356/1310/1261
f 1362/1313/1267 1356/1310/1261 1358/1074/1263
f 1368/1316/1270 1360/1312/1265 1361/1061/1266
f 1368/1316/1270 1361/1061/1266 1366/1080/1035
f 1365/1315/1269 1368/1316/1270 1366/1080/1035
f 1369/1317/1271 1354/1308/1259 1347/1305/1255
f 1370/1318/1272 1362/1313/1267 1363/1082/1037
f 1371/1083/1038 1370/1318/1272 1363/1082/1037
f 1372/1319/1273 1339/1302/1251 1343/1303/1252
f 1373/1320/1274 1345/1304/1254 1354/1308/1259
f 1369/1317/1271 1373/1320/1274 1354/1308/1259
f 1374/1321/1275 1365/1315/1269 1356/1310/1261
f 1375/1090/1043 1376/1322/1276 1371/1083/1038
f 1372/1319/1273 1364/1314/1268 1339/1302/1251
f 1377/1323/1277 1362/1313/1267 1370/1318/1272
f 1378/1324/1278 1375/1090/1043 1379/1089/1279
f 1380/1325/1280 1379/1089/1279 1381/1092/1281
f 1382/1326/1282 1343/1303/1252 1345/1304/1254
f 1383/1327/1283 1370/1318/1272 1371/1083/1038
f 1376/1322/1276 1383/1327/1283 1371/1083/1038
f 1384/1328/1284 1385/1093/1045 1386/1086/410
f 1387/1329/1285 1359/1311/1264 1364/1314/1268
f 1388/1330/1286 1369/1317/1271 1347/1305/1255
f 1355/1309/1260 1388/1330/1286 1347/1305/1255
f 1360/1312/1265 1389/1331/1287 1351/1306/1257
f 1374/1321/1275 1390/1332/1288 1365/1315/1269
f 1362/1313/1267 1391/1333/1289 1356/1310/1261
f 1389/1331/1287 1355/1309/1260 1351/1306/1257
f 1391/1333/1289 1374/1321/1275 1356/1310/1261
f 1380/1325/1280 1378/1324/1278 1379/1089/1279
f 1392/1334/1290 1384/1328/1284 1386/1086/410
f 1387/1329/1285 1353/1307/401 1359/1311/1264
f 1373/1320/1274 1382/1326/1282 1345/1304/1254
f 1368/1316/1270 1389/1331/1287 1360/1312/1265
f 1393/1335/1291 1368/1316/1270 1365/1315/1269
f 1375/1090/1043 1394/1336/1292 1376/1322/1276
f 1385/1093/1045 1380/1325/1280 1381/1092/1281
f 1387/1329/1285 1395/1337/414 1353/1307/401
f 1396/1338/1293 1387/1329/1285 1364/1314/1268
f 1396/1338/1293 1364/1314/1268 1372/1319/1273
f 1378/1324/1278 1394/1336/1292 1375/1090/1043
f 1382/1326/1282 1372/1319/1273 1343/1303/1252
f 1388/1330/1286 1355/1309/1260 1389/1331/1287
f 1383/1327/1283 1377/1323/1277 1370/1318/1272
f 1397/1339/1294 1385/1093/1045 1384/1328/1284
f 1398/1340/1295 1387/1329/1285 1396/1338/1293
f 1393/1335/1291 1389/1331/1287 1368/1316/1270
f 1390/1332/1288 1393/1335/1291 1365/1315/1269
f 1377/1323/1277 1391/1333/1289 1362/1313/1267
f 1394/1336/1292 1383/1327/1283 1376/1322/1276
f 1397/1339/1294 1380/1325/1280 1385/1093/1045
f 1387/1329/1285 1399/1341/1296 1395/1337/414
f 1400/1342/1297 1382/1326/1282 1373/1320/1274
f 1401/1343/1298 1373/1320/1274 1369/1317/1271
f 1402/1344/1299 1377/1323/1277 1383/1327/1283
f 1403/1345/1300 1397/1339/1294 1384/1328/1284
f 1403/1345/1300 1384/1328/1284 1392/1334/1290
f 1404/1346/1301 1396/1338/1293 1372/1319/1273
f 1404/1346/1301 1372/1319/1273 1382/1326/1282
f 1401/1343/1298 1369/1317/1271 1388/1330/1286
f 1405/1347/1302 1388/1330/1286 1389/1331/1287
f 1393/1335/1291 1406/1348/1303 1389/1331/1287
f 1407/1349/1304 1374/1321/1275 1391/1333/1289
f 1408/1350/1305 1378/1324/1278 1380/1325/1280
f 1397/1339/1294 1408/1350/1305 1380/1325/1280
f 1401/1343/1298 1400/1342/1297 1373/1320/1274
f 1409/1351/1306 1393/1335/1291 1390/1332/1288
f 1410/1352/1307 1390/1332/1288 1374/1321/1275
f 1411/1353/1308 1402/1344/1299 1383/1327/1283
f 1411/1353/1308 1383/1327/1283 1394/1336/1292
f 1412/1354/1309 1404/1346/1301 1382/1326/1282
f 1400/1342/1297 1412/1354/1309 1382/1326/1282
f 1377/1323/1277 1407/1349/1304 1391/1333/1289
f 1413/1355/1310 1401/1343/1298 1388/1330/1286
f 1406/1348/1303 1405/1347/1302 1389/1331/1287
f 1408/1350/1305 1414/1356/1311 1378/1324/1278
f 1415/1357/422 1403/1345/1300 1392/1334/1290
f 1399/1341/1296 1387/1329/1285 1398/1340/1295
f 1416/1358/1312 1406/1348/1303 1393/1335/1291
f 1409/1351/1306 1416/1358/1312 1393/1335/1291
f 1410/1352/1307 1409/1351/1306 1390/1332/1288
f 1378/1324/1278 1417/1359/1313 1394/1336/1292
f 1418/1360/1314 1408/1350/1305 1397/1339/1294
f 1419/1361/1315 1397/1339/1294 1403/1345/1300
f 1420/1362/1316 1407/1349/1304 1377/1323/1277
f 1420/1362/1316 1377/1323/1277 1402/1344/1299
f 1421/1363/1317 1403/1345/1300 1415/1357/422
f 1413/1355/1310 1422/1364/1318 1401/1343/1298
f 1423/1365/1319 1405/1347/1302 1406/1348/1303
f 1424/1366/1320 1374/1321/1275 1407/1349/1304
f 1425/1367/1321 1411/1353/1308 1394/1336/1292
f 1414/1356/1311 1417/1359/1313 1378/1324/1278
f 1426/1368/1322 1414/1356/1311 1408/1350/1305
f 1419/1361/1315 1418/1360/1314 1397/1339/1294
f 1421/1363/1317 1419/1361/1315 1403/1345/1300
f 1424/1366/1320 1410/1352/1307 1374/1321/1275
f 1420/1362/1316 1402/1344/1299 1411/1353/1308
f 1417/1359/1313 1425/1367/1321 1394/1336/1292
f 1418/1360/1314 1426/1368/1322 1408/1350/1305
f 1404/1346/1301 1398/1340/1295 1396/1338/1293
f 1405/1347/1302 1413/1355/1310 1388/1330/1286
f 1417/1359/1313 1427/1369/1323 1425/1367/1321
f 1428/1370/1324 1429/1371/1325 1399/1341/1296
f 1398/1340/1295 1428/1370/1324 1399/1341/1296
f 1430/1372/1326 1412/1354/1309 1400/1342/1297
f 1422/1364/1318 1400/1342/1297 1401/1343/1298
f 1431/1373/1327 1416/1358/1312 1409/1351/1306
f 1432/1374/1328 1431/1373/1327 1409/1351/1306
f 1432/1374/1328 1409/1351/1306 1410/1352/1307
f 1414/1356/1311 1433/1375/1329 1417/1359/1313
f 1434/1376/1330 1404/1346/1301 1412/1354/1309
f 1430/1372/1326 1434/1376/1330 1412/1354/1309
f 1422/1364/1318 1430/1372/1326 1400/1342/1297
f 1426/1368/1322 1433/1375/1329 1414/1356/1311
f 1435/1377/1331 1426/1368/1322 1418/1360/1314
f 1419/1361/1315 1435/1377/1331 1418/1360/1314
f 1436/1378/435 1421/1363/1317 1415/1357/422
f 1423/1365/1319 1437/1379/1332 1405/1347/1302
f 1432/1374/1328 1410/1352/1307 1424/1366/1320
f 1438/1380/1333 1420/1362/1316 1411/1353/1308
f 1433/1375/1329 1427/1369/1323 1417/1359/1313
f 1439/1381/1334 1398/1340/1295 1404/1346/1301
f 1440/1382/1335 1423/1365/1319 1406/1348/1303
f 1440/1382/1335 1406/1348/1303 1416/1358/1312
f 1441/1383/1336 1424/1366/1320 1407/1349/1304
f 1425/1367/1321 1438/1380/1333 1411/1353/1308
f 1437/1379/1332 1413/1355/1310 1405/1347/1302
f 1442/1384/1337 1407/1349/1304 1420/1362/1316
f 1443/1385/1338 1419/1361/1315 1421/1363/1317
f 1436/1378/435 1443/1385/1338 1421/1363/1317
f 1444/1386/1339 1422/1364/1318 1413/1355/1310
f 1431/1373/1327 1440/1382/1335 1416/1358/1312
f 1441/1383/1336 1432/1374/1328 1424/1366/1320
f 1443/1385/1338 1435/1377/1331 1419/1361/1315
f 1437/1379/1332 1444/1386/1339 1413/1355/1310
f 1445/1387/1340 1440/1382/1335 1431/1373/1327
f 1432/1374/1328 1446/1388/1341 1431/1373/1327
f 1442/1384/1337 1441/1383/1336 1407/1349/1304
f 1435/1377/1331 1433/1375/1329 1426/1368/1322
f 1443/1385/1338 1447/1389/1342 1435/1377/1331
f 1448/1390/1343 1439/1381/1334 1404/1346/1301
f 1449/1391/1344 1423/1365/1319 1440/1382/1335
f 1446/1388/1341 1445/1387/1340 1431/1373/1327
f 1427/1369/1323 1438/1380/1333 1425/1367/1321
f 1450/1392/1345 1443/1385/1338 1436/1378/435
f 1451/1393/439 1450/1392/1345 1436/1378/435
f 1452/1394/1346 1430/1372/1326 1422/1364/1318
f 1444/1386/1339 1452/1394/1346 1422/1364/1318
f 1453/1395/1347 1444/1386/1339 1437/1379/1332
f 1449/1391/1344 1437/1379/1332 1423/1365/1319
f 1448/1390/1343 1404/1346/1301 1434/1376/1330
f 1433/1375/1329 1454/1396/1348 1427/1369/1323
f 1455/1397/1349 1433/1375/1329 1435/1377/1331
f 1456/1398/1350 1428/1370/1324 1398/1340/1295
f 1445/1387/1340 1449/1391/1344 1440/1382/1335
f 1457/1399/1351 1446/1388/1341 1432/1374/1328
f 1427/1369/1323 1458/1400/1352 1438/1380/1333
f 1447/1389/1342 1455/1397/1349 1435/1377/1331
f 1459/1401/1353 1447/1389/1342 1443/1385/1338
f 1450/1392/1345 1459/1401/1353 1443/1385/1338
f 1460/1402/454 1429/1371/1325 1428/1370/1324
f 1439/1381/1334 1456/1398/1350 1398/1340/1295
f 1430/1372/1326 1461/1403/1354 1434/1376/1330
f 1453/1395/1347 1452/1394/1346 1444/1386/1339
f 1462/1404/1355 1453/1395/1347 1437/1379/1332
f 1441/1383/1336 1463/1405/1356 1432/1374/1328
f 1438/1380/1333 1442/1384/1337 1420/1362/1316
f 1455/1397/1349 1454/1396/1348 1433/1375/1329
f 1447/1389/1342 1459/1401/1353 1455/1397/1349
f 1456/1398/1350 1460/1402/454 1428/1370/1324
f 1464/1406/1357 1448/1390/1343 1434/1376/1330
f 1452/1394/1346 1461/1403/1354 1430/1372/1326
f 1463/1405/1356 1457/1399/1351 1432/1374/1328
f 1465/1407/1358 1442/1384/1337 1438/1380/1333
f 1465/1407/1358 1438/1380/1333 1458/1400/1352
f 1454/1396/1348 1458/1400/1352 1427/1369/1323
f 1466/1408/1359 1454/1396/1348 1455/1397/1349
f 1467/1409/1360 1439/1381/1334 1448/1390/1343
f 1468/1410/1361 1463/1405/1356 1441/1383/1336
f 1468/1410/1361 1441/1383/1336 1442/1384/1337
f 1465/1407/1358 1469/1411/1362 1442/1384/1337
f 1459/1401/1353 1466/1408/1359 1455/1397/1349
f 1470/1412/1363 1456/1398/1350 1439/1381/1334
f 1464/1406/1357 1467/1409/1360 1448/1390/1343
f 1449/1391/1344 1471/1413/1364 1437/1379/1332
f 1470/1412/1363 1460/1402/454 1456/1398/1350
f 1461/1403/1354 1464/1406/1357 1434/1376/1330
f 1445/1387/1340 1471/1413/1364 1449/1391/1344
f 1446/1388/1341 1472/1414/1365 1445/1387/1340
f 1473/1415/1366 1458/1400/1352 1454/1396/1348
f 1466/1408/1359 1473/1415/1366 1454/1396/1348
f 1467/1409/1360 1470/1412/1363 1439/1381/1334
f 1471/1413/1364 1462/1404/1355 1437/1379/1332
f 1474/1416/1367 1457/1399/1351 1463/1405/1356
f 1469/1411/1362 1468/1410/1361 1442/1384/1337
f 1457/1399/1351 1472/1414/1365 1446/1388/1341
f 1468/1410/1361 1474/1416/1367 1463/1405/1356
f 1475/1417/1368 1468/1410/1361 1469/1411/1362
f 1476/1418/1369 1465/1407/1358 1458/1400/1352
f 1473/1415/1366 1476/1418/1369 1458/1400/1352
f 1472/1414/1365 1471/1413/1364 1445/1387/1340
f 1453/1395/1347 1477/1419/1370 1452/1394/1346
f 1471/1413/1364 1478/1420/1371 1462/1404/1355
f 1469/1411/1362 1465/1407/1358 1476/1418/1369
f 1479/1421/1372 1476/1418/1369 1473/1415/1366
f 1480/1422/1373 1473/1415/1366 1466/1408/1359
f 1470/1412/1363 1481/1423/470 1460/1402/454
f 1477/1419/1370 1461/1403/1354 1452/1394/1346
f 1482/1424/1374 1472/1414/1365 1457/1399/1351
f 1483/1425/1375 1474/1416/1367 1468/1410/1361
f 1484/1426/1376 1469/1411/1362 1476/1418/1369
f 1480/1422/1373 1485/1427/1377 1473/1415/1366
f 1478/1420/1371 1453/1395/1347 1462/1404/1355
f 1486/1428/1378 1487/1429/1379 1471/1413/1364
f 1486/1428/1378 1471/1413/1364 1472/1414/1365
f 1482/1424/1374 1457/1399/1351 1474/1416/1367
f 1475/1417/1368 1483/1425/1375 1468/1410/1361
f 1488/1430/1380 1477/1419/1370 1453/1395/1347
f 1478/1420/1371 1488/1430/1380 1453/1395/1347
f 1471/1413/1364 1489/1431/1381 1478/1420/1371
f 1475/1417/1368 1469/1411/1362 1484/1426/1376
f 1479/1421/1372 1484/1426/1376 1476/1418/1369
f 1485/1427/1377 1479/1421/1372 1473/1415/1366
f 1461/1403/1354 1490/1432/1382 1464/1406/1357
f 1486/1428/1378 1472/1414/1365 1482/1424/1374
f 1467/1409/1360 1491/1433/1383 1470/1412/1363
f 1489/1431/1381 1488/1430/1380 1478/1420/1371
f 1492/1434/1384 1475/1417/1368 1484/1426/1376
f 1470/1412/1363 1493/1435/1385 1481/1423/470
f 1491/1433/1383 1493/1435/1385 1470/1412/1363
f 1487/1429/1379 1489/1431/1381 1471/1413/1364
f 1494/1436/1386 1486/1428/1378 1482/1424/1374
f 1495/1437/1387 1482/1424/1374 1474/1416/1367
f 1483/1425/1375 1495/1437/1387 1474/1416/1367
f 1496/1438/1388 1483/1425/1375 1475/1417/1368
f 1479/1421/1372 1492/1434/1384 1484/1426/1376
f 1497/1439/1389 1491/1433/1383 1467/1409/1360
f 1497/1439/1389 1467/1409/1360 1464/1406/1357
f 1490/1432/1382 1497/1439/1389 1464/1406/1357
f 1498/1440/1390 1495/1437/1387 1483/1425/1375
f 1493/1435/1385 1499/1441/1391 1481/1423/470
f 1490/1432/1382 1461/1403/1354 1477/1419/1370
f 1495/1437/1387 1494/1436/1386 1482/1424/1374
f 1496/1438/1388 1498/1440/1390 1483/1425/1375
f 1492/1434/1384 1496/1438/1388 1475/1417/1368
f 1477/1419/1370 1500/1442/1392 1490/1432/1382
f 1486/1428/1378 1501/1443/1393 1487/1429/1379
f 1502/1444/1394 1488/1430/1380 1489/1431/1381
f 1503/1445/1395 1495/1437/1387 1498/1440/1390
f 1488/1430/1380 1500/1442/1392 1477/1419/1370
f 1504/1446/1396 1488/1430/1380 1502/1444/1394
f 1501/1443/1393 1486/1428/1378 1494/1436/1386
f 1503/1445/1395 1494/1436/1386 1495/1437/1387
f 1505/1447/1397 1497/1439/1389 1490/1432/1382
f 1505/1447/1397 1490/1432/1382 1500/1442/1392
f 1506/1448/1398 1503/1445/1395 1498/1440/1390
f 1496/1438/1388 1506/1448/1398 1498/1440/1390
f 1507/1449/1399 1491/1433/1383 1497/1439/1389
f 1508/1450/1400 1505/1447/1397 1500/1442/1392
f 1509/1451/1401 1502/1444/1394 1489/1431/1381
f 1509/1451/1401 1489/1431/1381 1487/1429/1379
f 1509/1451/1401 1487/1429/1379 1501/1443/1393
f 1510/1452/1402 1509/1451/1401 1501/1443/1393
f 1511/1453/1403 1494/1436/1386 1503/1445/1395
f 1507/1449/1399 1497/1439/1389 1505/1447/1397
f 1510/1452/1402 1501/1443/1393 1494/1436/1386
f 1511/1453/1403 1510/1452/1402 1494/1436/1386
f 1512/1454/513 1503/1445/1395 1506/1448/1398
f 1513/1455/1404 1493/1435/1385 1491/1433/1383
f 1504/1446/1396 1500/1442/1392 1488/1430/1380
f 1514/1456/1405 1502/1444/1394 1509/1451/1401
f 1512/1454/513 1511/1453/1403 1503/1445/1395
f 1515/1457/525 1499/1441/1391 1493/1435/1385
f 1516/1458/1406 1500/1442/1392 1504/1446/1396
f 1502/1444/1394 1514/1456/1405 1504/1446/1396
f 1513/1455/1404 1515/1457/525 1493/1435/1385
f 1507/1449/1399 1513/1455/1404 1491/1433/1383
f 1516/1458/1406 1508/1450/1400 1500/1442/1392
f 1517/1459/529 1511/1453/1403 1512/1454/513
f 1518/1460/1407 1504/1446/1396 1514/1456/1405
f 1510/1452/1402 1519/1461/1408 1509/1451/1401
f 1513/1455/1404 1520/1462/1409 1515/1457/525
f 1521/1463/1410 1507/1449/1399 1505/1447/1397
f 1508/1450/1400 1522/1464/1411 1505/1447/1397
f 1518/1460/1407 1516/1458/1406 1504/1446/1396
f 1519/1461/1408 1514/1456/1405 1509/1451/1401
f 1511/1453/1403 1523/1465/541 1510/1452/1402
f 1517/1459/529 1523/1465/541 1511/1453/1403
f 1518/1460/1407 1524/1466/1412 1516/1458/1406
f 1519/1461/1408 1518/1460/1407 1514/1456/1405
f 1522/1464/1411 1521/1463/1410 1505/1447/1397
f 1525/1467/1413 1519/1461/1408 1510/1452/1402
f 1523/1465/541 1525/1467/1413 1510/1452/1402
f 1507/1449/1399 1520/1462/1409 1513/1455/1404
f 1526/1468/1414 1522/1464/1411 1508/1450/1400
f 1516/1458/1406 1526/1468/1414 1508/1450/1400
f 1524/1466/1412 1526/1468/1414 1516/1458/1406
f 1526/1468/1414 1527/1469/1415 1522/1464/1411
f 1528/1470/1416 1524/1466/1412 1518/1460/1407
f 1529/1471/1417 1518/1460/1407 1519/1461/1408
f 1525/1467/1413 1529/1471/1417 1519/1461/1408
f 1530/1472/1418 1520/1462/1409 1507/1449/1399
f 1529/1471/1417 1528/1470/1416 1518/1460/1407
f 1530/1472/1418 1531/1473/1419 1520/1462/1409
f 1527/1469/1415 1521/1463/1410 1522/1464/1411
f 1532/1474/1420 1526/1468/1414 1524/1466/1412
f 1521/1463/1410 1530/1472/1418 1507/1449/1399
f 1527/1469/1415 1533/1475/1421 1521/1463/1410
f 1534/1476/1422 1527/1469/1415 1526/1468/1414
f 1532/1474/1420 1534/1476/1422 1526/1468/1414
f 1528/1470/1416 1532/1474/1420 1524/1466/1412
f 1535/1477/1423 1530/1472/1418 1521/1463/1410
f 1533/1475/1421 1535/1477/1423 1521/1463/1410
f 1533/1475/1421 1527/1469/1415 1534/1476/1422
f 1535/1477/1423 1531/1473/1419 1530/1472/1418
f 1536/1478/1424 1534/1476/1422 1532/1474/1420
f 1528/1470/1416 1536/1478/1424 1532/1474/1420
f 1535/1477/1423 1537/1479/1425 1531/1473/1419
f 1536/1478/1424 1538/1480/599 1534/1476/1422
f 1538/1480/599 1533/1475/1421 1534/1476/1422
f 1539/1481/1426 1535/1477/1423 1533/1475/1421
f 1539/1481/1426 1533/1475/1421 1538/1480/599
f 1540/1482/619 1537/1479/1425 1535/1477/1423
f 1540/1482/619 1535/1477/1423 1539/1481/1426
f 1539/1481/1426 1541/1483/1427 1540/1482/619
