# Blender 4.2.0
# www.blender.org
mtllib model.mtl
o texture_mapping
v -0.357589 -0.484021 -0.032377
v -0.363077 -0.479291 0.002626
v -0.370068 -0.471592 -0.051560
v -0.345365 -0.494501 -0.059137
v -0.360989 -0.480935 -0.088662
v -0.339705 -0.497841 -0.006890
v -0.356527 -0.485083 0.034974
v -0.352827 -0.488046 0.072227
v -0.334845 -0.499212 0.050073
v -0.351083 -0.486361 0.092295
v -0.339067 -0.497761 0.076370
v -0.331478 -0.497442 -0.088934
v -0.333956 -0.494217 0.098077
v -0.342236 -0.482504 -0.105696
v -0.332193 -0.500139 -0.037280
v -0.324768 -0.499789 0.024144
v -0.322253 -0.499322 0.086699
v -0.344491 -0.477183 0.107582
v -0.317049 -0.499561 -0.010138
v -0.311373 -0.500181 0.055484
v -0.324096 -0.484881 0.116813
v -0.288223 -0.499894 -0.048604
v -0.326656 -0.482331 -0.118767
v -0.306236 -0.490945 0.106354
v -0.293340 -0.491814 -0.105973
v -0.289730 -0.499706 -0.084020
v -0.291449 -0.498817 0.085316
v -0.297017 -0.482303 0.119718
v -0.293394 -0.483717 -0.119477
v -0.285617 -0.499257 0.018162
v -0.273420 -0.500061 0.053840
v -0.260793 -0.495002 0.098383
v -0.248247 -0.499048 -0.011297
v -0.229316 -0.499445 -0.082426
v -0.248269 -0.494097 -0.100871
v -0.251762 -0.483630 0.119106
v -0.245523 -0.484870 -0.118360
v -0.225415 -0.499982 0.078286
v -0.229544 -0.499673 0.039780
v -0.209668 -0.499909 -0.056302
v -0.225796 -0.492612 0.104046
v -0.196828 -0.499345 0.015080
v -0.196397 -0.483289 0.118995
v -0.195095 -0.498939 -0.024602
v -0.199349 -0.491439 -0.106026
v -0.205726 -0.483330 -0.119880
v -0.179068 -0.494075 0.101252
v -0.162842 -0.499467 0.080519
v -0.174689 -0.497655 -0.091522
v -0.156335 -0.499378 -0.028715
v -0.164654 -0.486174 -0.116258
v -0.144785 -0.499121 -0.081507
v -0.144726 -0.500081 0.056869
v -0.151071 -0.499333 0.014243
v -0.138622 -0.482128 0.120353
v -0.122416 -0.492041 -0.105287
v -0.131406 -0.493005 0.103316
v -0.114298 -0.499633 -0.027663
v -0.132948 -0.478577 -0.121217
v -0.103887 -0.499460 0.024509
v -0.112746 -0.498664 0.088066
v -0.092615 -0.483187 0.119502
v -0.097691 -0.499176 -0.084674
v -0.093077 -0.500104 0.063645
v -0.078810 -0.490397 0.107879
v -0.081501 -0.500195 -0.054054
v -0.065789 -0.492975 -0.103668
v -0.095388 -0.480156 -0.121233
v -0.059898 -0.499382 -0.015652
v -0.053287 -0.499862 0.048211
v -0.048991 -0.498254 0.088686
v -0.045986 -0.500051 -0.068060
v -0.053276 -0.484226 -0.119372
v -0.048961 -0.482592 0.120384
v -0.030802 -0.490365 0.108206
v -0.023837 -0.498224 -0.090100
v -0.016131 -0.499823 0.057428
v -0.016282 -0.499243 0.013365
v -0.014627 -0.482742 0.120182
v -0.007978 -0.499981 -0.059381
v 0.008855 -0.490490 -0.108739
v 0.010160 -0.480798 -0.120917
v -0.001211 -0.498941 0.085302
v 0.008257 -0.499252 -0.028284
v 0.024250 -0.500108 0.061340
v 0.017541 -0.497340 -0.093412
v 0.029646 -0.491039 0.107162
v 0.022130 -0.483008 0.120071
v 0.044079 -0.499331 0.017524
v 0.034560 -0.498650 0.087179
v 0.040669 -0.499918 -0.067489
v 0.047867 -0.499225 -0.024373
v 0.053284 -0.495771 -0.097222
v 0.048511 -0.483818 -0.121020
v 0.055854 -0.478679 0.119618
v 0.066040 -0.499944 0.060517
v 0.061082 -0.494668 0.099157
v 0.083629 -0.500186 -0.052691
v 0.064194 -0.482503 -0.113216
v 0.072418 -0.484077 0.104166
v 0.089726 -0.499344 -0.008629
v 0.100715 -0.499815 0.038437
v 0.089733 -0.498274 0.088196
v 0.083630 -0.497416 -0.090798
v 0.105053 -0.487646 -0.107064
v 0.070496 -0.476506 -0.110887
v 0.081921 -0.472493 -0.117956
v 0.090266 -0.490205 0.102460
v 0.117823 -0.476815 -0.121382
v 0.139883 -0.499471 0.011023
v 0.143429 -0.500005 -0.062311
v 0.136117 -0.497059 -0.091536
v 0.136923 -0.497660 0.090637
v 0.138451 -0.489413 0.104941
v 0.103302 -0.476320 0.120303
v 0.152163 -0.478162 0.119590
v 0.149848 -0.500314 0.059802
v 0.166701 -0.487037 -0.108587
v 0.152165 -0.477402 -0.121013
v 0.202314 -0.499950 -0.047798
v 0.180153 -0.498448 0.085134
v 0.185853 -0.489514 0.104990
v 0.189683 -0.478660 -0.120016
v 0.202019 -0.499814 0.050643
v 0.191404 -0.498568 -0.086433
v 0.195468 -0.479160 0.119236
v 0.190418 -0.499207 0.002647
v 0.210317 -0.485990 -0.110480
v 0.221764 -0.497887 0.090049
v 0.233398 -0.488470 0.106940
v 0.240655 -0.499166 0.003294
v 0.226751 -0.498069 -0.086474
v 0.251152 -0.476919 0.120004
v 0.246896 -0.476227 -0.120646
v 0.247017 -0.489511 -0.105152
v 0.236841 -0.500266 -0.058636
v 0.270010 -0.499447 -0.033159
v 0.273477 -0.499700 0.044133
v 0.249021 -0.500069 0.067296
v 0.262455 -0.498216 -0.088275
v 0.284306 -0.498475 0.086862
v 0.271015 -0.499757 -0.070133
v 0.284225 -0.486973 0.109578
v 0.286505 -0.489842 -0.105052
v 0.295910 -0.499710 -0.005074
v 0.301275 -0.498289 -0.088234
v 0.289608 -0.474008 -0.121167
v 0.305194 -0.477630 0.121297
v 0.323999 -0.499679 -0.058000
v 0.308924 -0.499771 0.029258
v 0.313315 -0.501138 -0.030302
v 0.317086 -0.490451 0.105008
v 0.316328 -0.499600 0.068820
v 0.326464 -0.489038 -0.106223
v 0.318580 -0.480149 -0.119235
v 0.322024 -0.501289 0.004062
v 0.328153 -0.499931 0.037954
v 0.335325 -0.491774 -0.010807
v 0.336348 -0.497077 0.090743
v 0.341560 -0.489461 -0.041528
v 0.334727 -0.477174 0.120589
v 0.343304 -0.489029 0.024152
v 0.337580 -0.497849 0.070953
v 0.336662 -0.497664 -0.085212
v 0.342812 -0.484179 0.107289
v 0.342577 -0.469793 -0.120661
v 0.353016 -0.482981 -0.098395
v 0.357545 -0.484025 -0.066730
v 0.355688 -0.485197 0.063308
v 0.360345 -0.482961 0.092202
v 0.363421 -0.465159 -0.106600
v 0.363965 -0.478615 -0.025869
v 0.368182 -0.475720 -0.090541
v 0.369712 -0.473739 0.037300
v 0.369985 -0.474133 -0.072354
v 0.370673 -0.473763 0.079586
v -0.342236 -0.482504 -0.105696
v -0.360989 -0.480935 -0.088662
v -0.355955 -0.460463 -0.109371
v -0.330912 -0.280844 -0.121745
v -0.352814 -0.300222 -0.118469
v -0.349057 -0.262707 -0.118451
v -0.352668 -0.174321 -0.090234
v -0.334085 -0.184648 -0.095843
v -0.349211 -0.201161 -0.092546
v -0.347740 -0.420546 -0.119198
v -0.342803 -0.464669 -0.118808
v -0.333654 -0.387107 -0.121161
v -0.351154 -0.356156 -0.118139
v -0.336191 -0.342289 -0.121357
v -0.332091 -0.199252 -0.106133
v -0.347747 -0.224984 -0.104537
v -0.332589 -0.167259 -0.101535
v -0.344335 -0.148665 -0.105907
v -0.320208 -0.466066 -0.120906
v -0.310889 -0.428844 -0.121741
v -0.341569 -0.225271 -0.116396
v -0.326090 -0.158082 -0.118703
v -0.341197 -0.121204 -0.118514
v -0.326656 -0.482331 -0.118767
v -0.321605 -0.233149 -0.121521
v -0.324521 -0.114311 -0.121025
v -0.338612 -0.084453 -0.119047
v -0.324732 -0.202984 -0.117863
v -0.314599 -0.051772 -0.121653
v -0.337935 -0.042569 -0.119237
v -0.335019 -0.006336 -0.119613
v -0.302210 0.018340 -0.122257
v -0.312778 0.094830 -0.121949
v -0.333395 0.041720 -0.119910
v -0.334576 0.093668 -0.119713
v -0.332595 0.137377 -0.120219
v -0.324415 0.184494 -0.119367
v -0.320935 0.152448 -0.122517
v -0.297257 -0.368950 -0.122709
v -0.305268 -0.308706 -0.122914
v -0.319527 -0.181742 -0.110389
v -0.301802 -0.162066 -0.121429
v -0.293394 -0.483717 -0.119477
v -0.305754 -0.192936 -0.119571
v -0.306156 0.191199 -0.123394
v -0.304521 0.231878 -0.122308
v -0.316555 0.232789 -0.117955
v -0.267673 -0.461402 -0.121699
v -0.274208 -0.258483 -0.122140
v -0.287474 -0.102548 -0.122356
v -0.284653 0.151475 -0.123077
v -0.296384 0.266734 -0.118783
v -0.264503 -0.313986 -0.121967
v -0.260630 0.056883 -0.122641
v -0.262693 0.207383 -0.123164
v -0.274428 -0.015012 -0.122521
v -0.262935 -0.202923 -0.121613
v -0.262386 -0.060740 -0.122494
v -0.275877 0.105545 -0.122777
v -0.268894 -0.153586 -0.122483
v -0.253539 0.259718 -0.122856
v -0.259380 0.300342 -0.122072
v -0.281674 0.306239 -0.118870
v -0.258617 -0.408830 -0.122878
v -0.250627 -0.349584 -0.122014
v -0.243000 -0.126505 -0.122529
v -0.245523 -0.484870 -0.118360
v -0.223741 -0.171526 -0.122426
v -0.243485 0.122618 -0.122666
v -0.227532 -0.244100 -0.121649
v -0.259231 0.331831 -0.120230
v -0.227758 -0.007501 -0.122519
v -0.243960 0.166958 -0.122748
v -0.216301 -0.468102 -0.121693
v -0.225681 -0.093318 -0.122434
v -0.223993 0.340644 -0.121604
v -0.239970 0.359601 -0.117194
v -0.219383 -0.384584 -0.122255
v -0.223534 0.085278 -0.122537
v -0.224646 -0.428167 -0.123173
v -0.210330 0.203085 -0.122680
v -0.216878 -0.293506 -0.120879
v -0.214609 -0.051877 -0.122481
v -0.210058 0.306421 -0.122380
v -0.218477 0.384944 -0.110210
v -0.247710 0.364614 -0.103702
v -0.222203 0.399318 -0.097969
v -0.194014 0.056665 -0.122541
v -0.201014 0.148254 -0.122511
v -0.221057 0.366394 -0.119723
v -0.205726 -0.483330 -0.119880
v -0.198047 -0.352929 -0.120924
v -0.183642 -0.223191 -0.122505
v -0.187995 0.269068 -0.122523
v -0.195438 -0.137937 -0.122533
v -0.187833 -0.081472 -0.122480
v -0.197494 0.356343 -0.115627
v -0.196176 0.397027 -0.117634
v -0.201285 0.377782 -0.110875
v -0.167028 -0.441444 -0.123284
v -0.162403 0.104237 -0.122498
v -0.174720 -0.319050 -0.120931
v -0.168628 -0.283530 -0.122120
v -0.187098 -0.028154 -0.122510
v -0.168483 0.012530 -0.122597
v -0.172251 0.325357 -0.122404
v -0.174936 -0.474981 -0.121462
v -0.163173 -0.161565 -0.122597
v -0.172325 0.217933 -0.122522
v -0.182083 0.372948 -0.120233
v -0.164654 -0.486174 -0.116258
v -0.154705 -0.379615 -0.121146
v -0.161719 0.151408 -0.122392
v -0.175613 0.404936 -0.121098
v -0.159114 0.429237 -0.118640
v -0.143464 -0.243075 -0.122637
v -0.146821 -0.115628 -0.122573
v -0.159179 0.375048 -0.122249
v -0.124337 -0.062219 -0.122624
v -0.143187 0.290948 -0.122503
v -0.140553 -0.020936 -0.122682
v -0.125425 0.038118 -0.122648
v -0.137962 0.247138 -0.122106
v -0.138717 0.418898 -0.121864
v -0.132948 -0.478577 -0.121217
v -0.125962 -0.329527 -0.122442
v -0.123864 -0.195516 -0.122522
v -0.124927 0.187993 -0.122574
v -0.134462 0.349619 -0.122437
v -0.114044 -0.437193 -0.123107
v -0.111144 -0.377998 -0.121155
v -0.113625 -0.145268 -0.122547
v -0.119110 0.394628 -0.122463
v -0.126594 0.448405 -0.120083
v -0.117165 -0.290577 -0.122676
v -0.092716 -0.100176 -0.122659
v -0.093130 -0.233997 -0.122553
v -0.086930 0.066847 -0.122550
v -0.104767 0.310966 -0.122404
v -0.099691 0.127295 -0.123099
v -0.092225 0.363229 -0.122490
v -0.095388 -0.480156 -0.121233
v -0.100598 -0.019948 -0.122537
v -0.087332 0.432147 -0.122372
v -0.099515 0.268029 -0.122436
v -0.088836 0.466340 -0.120166
v -0.069911 -0.182038 -0.122626
v -0.072336 0.215065 -0.122846
v -0.077605 -0.287318 -0.122554
v -0.068672 -0.472089 -0.121912
v -0.071800 -0.391196 -0.121118
v -0.065403 -0.141594 -0.122637
v -0.066935 -0.334347 -0.122210
v -0.076079 0.160472 -0.122994
v -0.062511 -0.023438 -0.122673
v -0.057616 0.118633 -0.122588
v -0.058225 0.280760 -0.122462
v -0.035246 0.340275 -0.122439
v -0.038039 0.012968 -0.122692
v -0.051073 -0.437431 -0.122832
v -0.053276 -0.484226 -0.119372
v -0.048883 -0.244763 -0.122521
v -0.043636 0.467944 -0.121803
v -0.032762 -0.289662 -0.122541
v -0.044818 0.379421 -0.122623
v -0.032741 -0.206773 -0.122601
v -0.047198 0.430648 -0.122797
v -0.037352 0.480373 -0.119346
v -0.033364 -0.467228 -0.122288
v -0.036651 -0.377215 -0.120890
v -0.043439 -0.074181 -0.122711
v -0.030748 -0.113672 -0.122731
v -0.040313 0.171441 -0.122627
v -0.038324 0.069348 -0.122724
v -0.013519 -0.331827 -0.122165
v -0.008758 0.237401 -0.122800
v -0.019380 -0.163947 -0.122522
v 0.017483 0.098956 -0.122689
v 0.002576 -0.422901 -0.122263
v -0.005855 -0.235279 -0.122595
v -0.007372 -0.035973 -0.122692
v -0.004117 0.194813 -0.122507
v -0.000801 0.282242 -0.122537
v -0.004879 0.429817 -0.122582
v 0.010160 -0.480798 -0.120917
v -0.003014 -0.089116 -0.122763
v 0.005439 0.140558 -0.122577
v -0.000025 -0.368919 -0.120820
v -0.000929 0.389972 -0.122449
v 0.023158 0.044029 -0.122707
v 0.013431 0.336622 -0.122508
v 0.014102 -0.175461 -0.122513
v 0.017795 0.001131 -0.122718
v 0.006070 0.472602 -0.121527
v 0.025013 -0.269875 -0.122563
v 0.007130 -0.131072 -0.122767
v 0.006596 0.490228 -0.109988
v 0.047027 0.183534 -0.122675
v 0.033080 0.402295 -0.122573
v 0.033803 -0.463648 -0.123559
v 0.035983 -0.322235 -0.122242
v 0.036112 -0.053152 -0.122804
v 0.039468 -0.374571 -0.120899
v 0.045733 -0.204758 -0.122609
v 0.039820 0.250428 -0.122612
v 0.044922 0.305477 -0.122561
v 0.054962 -0.128602 -0.122580
v 0.034673 0.482121 -0.118024
v 0.054359 0.444320 -0.122433
v 0.061675 -0.422067 -0.123224
v 0.076936 -0.336842 -0.121670
v 0.071421 0.146041 -0.122542
v 0.064229 0.462984 -0.121932
v 0.070876 -0.021731 -0.122705
v 0.064516 0.086428 -0.122655
v 0.079356 0.383563 -0.122799
v 0.048511 -0.483818 -0.121020
v 0.085490 -0.285240 -0.122456
v 0.087644 0.026226 -0.122633
v 0.076274 0.225041 -0.122641
v 0.059926 -0.472976 -0.124556
v 0.079221 -0.239230 -0.122490
v 0.093878 -0.076565 -0.122879
v 0.084269 0.336561 -0.122570
v 0.068042 0.476675 -0.108502
v 0.064259 -0.458488 -0.124790
v 0.070496 -0.476506 -0.110887
v 0.064194 -0.482503 -0.113216
v 0.083824 -0.382228 -0.121801
v 0.085810 0.279944 -0.122619
v 0.097390 -0.202239 -0.122607
v 0.081921 -0.472493 -0.117956
v 0.100611 0.432819 -0.122226
v 0.083630 -0.497416 -0.090798
v 0.094123 -0.447878 -0.123080
v 0.112052 0.099906 -0.123022
v 0.117230 0.195796 -0.122600
v 0.115755 -0.365104 -0.121624
v 0.110235 -0.155041 -0.122621
v 0.112038 0.447501 -0.119903
v 0.124313 -0.410032 -0.122964
v 0.125503 -0.328990 -0.121731
v 0.119060 -0.251393 -0.122493
v 0.119468 0.142297 -0.123080
v 0.117823 -0.476815 -0.121382
v 0.140437 -0.105428 -0.123552
v 0.136257 -0.045796 -0.122668
v 0.126141 -0.292812 -0.122517
v 0.132699 0.068677 -0.122556
v 0.123849 0.276769 -0.122537
v 0.147630 0.240480 -0.122632
v 0.137000 0.313784 -0.122566
v 0.152001 -0.457112 -0.123141
v 0.144315 0.369363 -0.122494
v 0.145524 0.405828 -0.122161
v 0.146499 -0.202706 -0.122589
v 0.147743 0.018764 -0.122597
v 0.165347 -0.339864 -0.119813
v 0.148295 -0.151417 -0.122756
v 0.160025 -0.366971 -0.122662
v 0.163313 -0.255290 -0.122721
v 0.168250 0.111712 -0.122586
v 0.152165 -0.477402 -0.121013
v 0.152703 -0.314412 -0.121257
v 0.172686 0.206866 -0.122682
v 0.155460 0.426174 -0.113318
v 0.165577 -0.404331 -0.123122
v 0.188560 -0.014405 -0.122578
v 0.184009 0.152332 -0.122654
v 0.180224 -0.280060 -0.121607
v 0.184027 0.081127 -0.122576
v 0.185518 0.292797 -0.122807
v 0.182052 0.336572 -0.122475
v 0.176156 -0.298206 -0.116571
v 0.184929 -0.075429 -0.122727
v 0.184289 -0.131133 -0.123058
v 0.189683 -0.478660 -0.120016
v 0.179815 -0.317651 -0.118263
v 0.191875 -0.189571 -0.122851
v 0.182412 0.377426 -0.122278
v 0.176236 0.404680 -0.120790
v 0.188870 -0.336202 -0.121004
v 0.187921 0.038404 -0.122586
v 0.199095 -0.429482 -0.123175
v 0.184230 -0.328175 -0.114446
v 0.215573 -0.228020 -0.123162
v 0.189010 0.255632 -0.122820
v 0.202677 -0.466317 -0.122734
v 0.216114 -0.371885 -0.122752
v 0.189878 -0.306673 -0.110774
v 0.196288 -0.298370 -0.119444
v 0.227490 0.223216 -0.123127
v 0.208255 0.382490 -0.119598
v 0.223117 -0.270825 -0.122470
v 0.219678 -0.110042 -0.122992
v 0.217737 -0.052458 -0.122924
v 0.236902 0.058403 -0.122701
v 0.237549 0.128863 -0.122893
v 0.217812 0.346684 -0.122410
v 0.204429 -0.324574 -0.122707
v 0.226646 0.000028 -0.122730
v 0.217978 0.172413 -0.122907
v 0.248078 -0.451526 -0.122777
v 0.245852 -0.409630 -0.122689
v 0.233336 0.259950 -0.123110
v 0.246896 -0.476227 -0.120646
v 0.259673 -0.326225 -0.122946
v 0.239803 0.347771 -0.120481
v 0.244473 -0.145226 -0.123039
v 0.241930 0.303680 -0.122687
v 0.252302 -0.078654 -0.123343
v 0.264653 -0.289907 -0.123323
v 0.273919 -0.213417 -0.121950
v 0.254645 -0.191500 -0.123223
v 0.252257 0.193425 -0.123275
v 0.262732 0.029576 -0.122806
v 0.264297 0.092297 -0.122840
v 0.275642 -0.022431 -0.122889
v 0.274335 0.241865 -0.122743
v 0.284883 -0.133881 -0.123136
v 0.284369 0.158020 -0.123190
v 0.292213 0.055477 -0.122488
v 0.290924 0.201892 -0.122576
v 0.271540 0.280819 -0.121752
v 0.271406 0.304362 -0.121081
v 0.297743 -0.358391 -0.122449
v 0.270570 0.320670 -0.112649
v 0.289608 -0.474008 -0.121167
v 0.305581 -0.399748 -0.122184
v 0.296500 -0.174589 -0.120382
v 0.298740 -0.073782 -0.122089
v 0.311978 -0.449847 -0.122149
v 0.304829 0.006506 -0.121748
v 0.308380 0.104864 -0.122112
v 0.312685 -0.257811 -0.121607
v 0.295559 0.251659 -0.121115
v 0.318931 -0.309156 -0.122062
v 0.313106 -0.117721 -0.120642
v 0.317280 0.071495 -0.120672
v 0.314520 -0.205855 -0.120580
v 0.317084 -0.164278 -0.119849
v 0.312058 -0.144797 -0.121074
v 0.314300 0.193316 -0.120236
v 0.318580 -0.480149 -0.119235
v 0.317892 -0.140670 -0.114113
v 0.320776 -0.016524 -0.119907
v 0.321127 0.143754 -0.119940
v 0.341830 -0.407526 -0.120942
v 0.328839 -0.155526 -0.119181
v 0.331967 -0.121604 -0.105672
v 0.324873 -0.090727 -0.119397
v 0.324413 -0.051715 -0.118777
v 0.321673 0.024309 -0.119516
v 0.326254 -0.188247 -0.119329
v 0.329886 -0.220868 -0.119474
v 0.335438 -0.135534 -0.107473
v 0.324840 -0.113765 -0.119090
v 0.333015 0.087852 -0.105103
v 0.327284 0.108403 -0.116126
v 0.342577 -0.469793 -0.120661
v 0.341755 -0.345177 -0.120922
v 0.336952 -0.013105 -0.103743
v 0.354416 -0.439519 -0.119067
v 0.340537 -0.256646 -0.118186
v 0.344722 -0.152781 -0.103412
v 0.352129 -0.305882 -0.118292
v 0.363421 -0.465159 -0.106600
v 0.354766 -0.385375 -0.118693
v 0.354374 -0.343228 -0.118645
v -0.344491 -0.477183 0.107582
v -0.371002 -0.464568 0.092144
v -0.351083 -0.486361 0.092295
v -0.363462 -0.456114 0.106083
v -0.358492 -0.415918 0.106773
v -0.345357 -0.437397 0.120117
v -0.344946 -0.395216 0.119393
v -0.335583 -0.470118 0.120026
v -0.327911 -0.328755 0.121178
v -0.351032 -0.309154 0.119303
v -0.350396 -0.353857 0.119011
v -0.308743 -0.376928 0.122045
v -0.352011 -0.277371 0.117100
v -0.336784 -0.274985 0.120613
v -0.344854 -0.251895 0.119197
v -0.331328 -0.213195 0.119176
v -0.344552 -0.219887 0.112618
v -0.328059 -0.189694 0.110134
v -0.318238 -0.418105 0.121706
v -0.314895 -0.248764 0.121572
v -0.337115 -0.097364 0.120108
v -0.342362 -0.120776 0.116759
v -0.329438 -0.149685 0.119077
v -0.326094 -0.065610 0.121061
v -0.338864 -0.057030 0.118849
v -0.324164 0.127923 0.120773
v -0.338267 0.124668 0.108747
v -0.332801 0.079929 0.119905
v -0.307854 -0.459616 0.121390
v -0.329147 0.159015 0.117750
v -0.324096 -0.484881 0.116813
v -0.310793 -0.126110 0.121708
v -0.332365 -0.012881 0.120506
v -0.310279 0.017537 0.121846
v -0.336746 0.019969 0.118533
v -0.316748 0.066668 0.121456
v -0.302985 -0.303544 0.122018
v -0.327220 -0.172895 0.102849
v -0.309997 -0.181327 0.120850
v -0.297958 0.110206 0.122106
v -0.314909 0.211455 0.120156
v -0.314136 0.176466 0.121204
v -0.297017 -0.482303 0.119718
v -0.273814 0.160971 0.122508
v -0.279852 -0.270954 0.122413
v -0.284630 -0.215743 0.122057
v -0.295254 -0.033548 0.122546
v -0.277834 -0.099477 0.122589
v -0.274861 0.058574 0.122513
v -0.284378 -0.345544 0.122300
v -0.285708 0.234716 0.121916
v -0.299086 0.265525 0.119639
v -0.280239 -0.428087 0.122458
v -0.256736 -0.383406 0.122431
v -0.272383 -0.164411 0.122882
v -0.282550 0.314704 0.112701
v -0.272164 0.301194 0.121600
v -0.259332 0.267807 0.122622
v -0.257760 -0.465726 0.121581
v -0.260812 -0.304596 0.122286
v -0.253613 0.002214 0.122616
v -0.258488 -0.058074 0.122412
v -0.260617 0.331469 0.120507
v -0.224741 -0.325081 0.122223
v -0.254586 -0.198996 0.121765
v -0.241877 -0.144747 0.122642
v -0.234997 0.335302 0.122491
v -0.251762 -0.483630 0.119106
v -0.220280 -0.254709 0.122493
v -0.249565 -0.215340 0.120918
v -0.230611 0.116566 0.122325
v -0.233061 0.185998 0.122388
v -0.217324 0.294188 0.122885
v -0.223100 -0.108103 0.122202
v -0.232395 -0.028091 0.122190
v -0.224854 0.229870 0.122562
v -0.235062 -0.424124 0.122769
v -0.235370 -0.207206 0.118858
v -0.219203 0.027105 0.122291
v -0.229784 0.068230 0.122212
v -0.232761 0.362495 0.119947
v -0.218288 -0.189983 0.122566
v -0.215584 -0.070887 0.122080
v -0.213421 -0.465045 0.121655
v -0.193105 -0.165877 0.122284
v -0.196397 -0.483289 0.118995
v -0.216440 0.379358 0.112896
v -0.224838 0.389001 0.106825
v -0.198956 -0.413675 0.122570
v -0.203440 -0.358730 0.122182
v -0.210182 0.356218 0.121365
v -0.177939 0.047959 0.122058
v -0.187171 0.099602 0.122075
v -0.188538 -0.039350 0.121890
v -0.185500 0.157394 0.122029
v -0.199939 0.362181 0.111859
v -0.205626 0.395390 0.116693
v -0.194110 -0.276871 0.122252
v -0.170923 0.252128 0.122156
v -0.194357 0.376166 0.112279
v -0.182854 -0.213951 0.122487
v -0.181624 -0.001141 0.121963
v -0.168190 -0.313412 0.122169
v -0.176022 -0.083239 0.121936
v -0.172191 0.190659 0.122070
v -0.179586 0.383259 0.120967
v -0.185019 0.347667 0.120569
v -0.173786 0.417789 0.118957
v -0.176843 -0.454537 0.122200
v -0.170657 0.324142 0.122521
v -0.142228 -0.360970 0.122273
v -0.159998 -0.261922 0.120965
v -0.174118 -0.126056 0.122079
v -0.153360 0.285122 0.122250
v -0.161168 -0.423008 0.122615
v -0.146167 -0.203048 0.121960
v -0.147159 -0.158895 0.121925
v -0.141886 0.228788 0.122095
v -0.149670 0.367671 0.122706
v -0.141647 -0.019182 0.121954
v -0.152437 0.411698 0.122024
v -0.135640 -0.060469 0.121950
v -0.137266 0.017796 0.122074
v -0.142702 -0.102993 0.121945
v -0.128910 0.073251 0.121979
v -0.129964 0.154086 0.122221
v -0.138622 -0.482128 0.120353
v -0.129088 -0.461741 0.121883
v -0.123122 -0.409032 0.122591
v -0.134263 0.444650 0.118828
v -0.113422 -0.282719 0.122168
v -0.134367 0.116988 0.122907
v -0.126783 0.195540 0.121905
v -0.125585 -0.247718 0.122172
v -0.115927 0.351869 0.122402
v -0.107930 0.435817 0.121978
v -0.105001 0.308998 0.122270
v -0.087430 -0.322209 0.122149
v -0.096161 -0.128723 0.121962
v -0.105265 -0.183418 0.121932
v -0.103593 -0.081343 0.122018
v -0.086039 -0.030625 0.121907
v -0.078315 0.034767 0.122081
v -0.090347 0.467347 0.118336
v -0.092615 -0.483187 0.119502
v -0.089017 -0.452140 0.122263
v -0.104616 -0.369879 0.122291
v -0.080257 0.124540 0.122002
v -0.084232 0.268080 0.122175
v -0.094965 0.389547 0.122623
v -0.074906 -0.230988 0.122126
v -0.093944 0.169144 0.122078
v -0.062446 -0.419721 0.122512
v -0.080868 0.214315 0.121975
v -0.076259 0.083316 0.121955
v -0.056065 0.451412 0.122166
v -0.046803 -0.282006 0.122108
v -0.063616 -0.155826 0.122012
v -0.060638 -0.375130 0.122250
v -0.054180 0.312258 0.122150
v -0.064997 0.364621 0.122198
v -0.031543 -0.110730 0.122083
v -0.041553 -0.049257 0.121917
v -0.054147 0.167784 0.122195
v -0.047580 0.408205 0.122358
v -0.043902 -0.194511 0.122025
v -0.036798 0.093372 0.122092
v -0.025106 0.051033 0.122086
v -0.048961 -0.482592 0.120384
v -0.025055 0.144965 0.121863
v -0.029037 -0.467720 0.121866
v -0.027434 -0.010137 0.121904
v -0.015484 -0.388580 0.122326
v -0.009584 -0.334753 0.122153
v -0.021850 0.276118 0.122206
v -0.025648 0.480035 0.120114
v -0.052382 0.485787 0.111927
v -0.021522 -0.240123 0.122137
v -0.017761 0.379287 0.122140
v -0.017316 -0.169278 0.121840
v -0.023603 0.196065 0.121953
v -0.000828 0.324016 0.122102
v -0.021310 0.232691 0.122009
v -0.014984 0.492104 0.108140
v -0.014627 -0.482742 0.120182
v -0.014005 -0.429556 0.122651
v 0.008267 -0.291768 0.122126
v 0.015434 -0.061581 0.121946
v -0.006902 0.428666 0.122387
v 0.009257 -0.204192 0.122062
v 0.025119 -0.461790 0.122509
v 0.005927 0.014335 0.122019
v 0.001802 0.082276 0.121818
v 0.017228 0.120619 0.121992
v 0.008525 0.458634 0.122145
v 0.039952 0.150608 0.122057
v 0.016975 0.242653 0.122188
v 0.022836 -0.124432 0.122084
v 0.020840 -0.025466 0.121950
v 0.043602 0.197709 0.122086
v 0.028823 0.383708 0.122206
v 0.034292 0.476555 0.119425
v 0.052297 -0.241388 0.122128
v 0.043120 -0.399848 0.122573
v 0.036686 -0.165743 0.121940
v 0.033121 0.062047 0.121942
v 0.032545 0.429016 0.122506
v 0.022130 -0.483008 0.120071
v 0.043398 0.280376 0.122140
v 0.037572 -0.353127 0.122199
v 0.049679 0.014247 0.122089
v 0.044994 0.324000 0.122039
v 0.054187 0.454155 0.121955
v 0.055854 -0.478679 0.119618
v 0.072120 -0.194208 0.122111
v 0.063867 -0.045632 0.122008
v 0.056013 0.246579 0.122201
v 0.087262 -0.430386 0.122865
v 0.089500 -0.351387 0.122177
v 0.070757 -0.121189 0.122081
v 0.074209 0.364458 0.122147
v 0.080274 -0.268775 0.122076
v 0.073465 0.093244 0.122233
v 0.084581 -0.387921 0.122391
v 0.078860 -0.307029 0.122097
v 0.083281 0.457988 0.120290
v 0.048625 0.482349 0.108085
v 0.074714 -0.461967 0.121609
v 0.076722 0.417577 0.122486
v 0.072418 -0.484077 0.104166
v 0.086813 0.150382 0.122136
v 0.092063 0.245989 0.121989
v 0.111983 -0.023939 0.121830
v 0.095715 0.060277 0.121835
v 0.097871 0.321982 0.122089
v 0.109712 0.456976 0.108419
v 0.098501 0.021312 0.122079
v 0.090266 -0.490205 0.102460
v 0.113437 -0.218814 0.122058
v 0.103137 -0.140426 0.121972
v 0.110651 -0.080127 0.122019
v 0.106802 0.198653 0.121899
v 0.112356 0.386795 0.122343
v 0.103302 -0.476320 0.120303
v 0.124477 -0.317322 0.121834
v 0.108821 0.122240 0.121510
v 0.124457 0.293636 0.121894
v 0.119602 0.428354 0.121586
v 0.108266 -0.178674 0.122014
v 0.120994 -0.275123 0.122082
v 0.134252 0.084808 0.122203
v 0.125366 0.167130 0.122133
v 0.124642 -0.463803 0.121782
v 0.138166 -0.368218 0.122300
v 0.147974 -0.168695 0.122110
v 0.139408 0.046906 0.121957
v 0.145389 0.136280 0.122087
v 0.149080 0.208603 0.121842
v 0.122911 0.440828 0.119970
v 0.155398 0.003918 0.121933
v 0.129697 0.247164 0.121917
v 0.155864 -0.116900 0.122050
v 0.147690 0.334911 0.122191
v 0.152163 -0.478162 0.119590
v 0.151692 -0.440185 0.122456
v 0.149288 -0.231071 0.122439
v 0.154905 -0.069508 0.121958
v 0.159389 0.282833 0.121941
v 0.175443 0.372047 0.122472
v 0.150777 0.427136 0.116484
v 0.165629 -0.275020 0.120435
v 0.169965 0.240959 0.121694
v 0.181168 -0.404379 0.122397
v 0.170296 0.091417 0.122096
v 0.166201 0.169716 0.122092
v 0.166454 -0.322911 0.119284
v 0.184318 -0.209653 0.122561
v 0.170032 0.405541 0.120728
v 0.195896 -0.353226 0.122101
v 0.195829 -0.151656 0.122223
v 0.190734 -0.033198 0.122026
v 0.195368 -0.453018 0.121979
v 0.196938 0.305865 0.122468
v 0.196505 0.140258 0.122154
v 0.185912 0.409261 0.107552
v 0.195468 -0.479160 0.119236
v 0.198646 0.197801 0.122083
v 0.205668 0.044618 0.122204
v 0.203144 -0.303657 0.121210
v 0.228283 -0.069151 0.122295
v 0.202550 0.389703 0.119195
v 0.215632 0.252100 0.122149
v 0.229625 -0.233177 0.122081
v 0.211135 0.102444 0.122182
v 0.216629 0.337867 0.122594
v 0.221731 -0.383105 0.122081
v 0.227799 -0.009629 0.122356
v 0.236853 -0.179617 0.122645
v 0.215958 -0.117877 0.122230
v 0.219123 -0.421178 0.122293
v 0.224970 0.365525 0.119600
v 0.233208 0.185480 0.122247
v 0.251152 -0.476919 0.120004
v 0.252205 -0.337407 0.122408
v 0.256031 0.081213 0.122444
v 0.265058 -0.449921 0.122057
v 0.250459 -0.142361 0.122570
v 0.244398 -0.281198 0.122076
v 0.252050 -0.106002 0.122367
v 0.258522 0.154998 0.122440
v 0.250282 0.263568 0.122596
v 0.260926 -0.397048 0.122338
v 0.257816 0.021714 0.122561
v 0.246883 0.309343 0.122028
v 0.263890 0.215180 0.122520
v 0.281234 -0.259973 0.122782
v 0.269158 -0.018976 0.122600
v 0.262447 0.322142 0.119825
v 0.280638 -0.204929 0.120984
v 0.279123 -0.061603 0.122487
v 0.296994 -0.386380 0.122761
v 0.292961 0.136148 0.122064
v 0.280111 0.246221 0.122007
v 0.278621 0.289831 0.120103
v 0.281373 -0.303859 0.122777
v 0.284832 -0.171059 0.119830
v 0.287520 -0.119323 0.122276
v 0.307294 0.208394 0.120414
v 0.305194 -0.477630 0.121297
v 0.321878 -0.291538 0.121521
v 0.298267 0.025248 0.121930
v 0.297699 0.079265 0.121902
v 0.308610 -0.451636 0.122459
v 0.319344 -0.344871 0.122007
v 0.300892 -0.140151 0.120944
v 0.297929 0.180273 0.121801
v 0.300580 0.248263 0.119203
v 0.310562 -0.225785 0.122220
v 0.298160 -0.169779 0.114033
v 0.307037 -0.184491 0.121075
v 0.307525 -0.029186 0.121457
v 0.313110 -0.089293 0.121155
v 0.320905 -0.154604 0.120020
v 0.316450 -0.143136 0.112832
v 0.320479 0.150224 0.119620
v 0.324687 -0.206481 0.118897
v 0.326523 -0.171794 0.120933
v 0.321390 0.011107 0.119602
v 0.320426 0.062504 0.119324
v 0.340701 -0.446828 0.121834
v 0.327073 -0.107641 0.117318
v 0.324822 -0.053865 0.118952
v 0.323054 0.107176 0.119678
v 0.334727 -0.477174 0.120589
v 0.330958 -0.257472 0.121277
v 0.333369 -0.143216 0.113057
v 0.332899 -0.118235 0.106284
v 0.342124 -0.390181 0.121240
v 0.336640 -0.239446 0.119773
v 0.344985 -0.275216 0.118802
v 0.340840 -0.163449 0.107821
v 0.356140 -0.457960 0.118774
v 0.342812 -0.484179 0.107289
v 0.354481 -0.357153 0.117317
v 0.351668 -0.309039 0.119716
v 0.357073 -0.415809 0.116769
v 0.366417 -0.466898 0.101211
v 0.360345 -0.482961 0.092202
v -0.371541 -0.434511 -0.022977
v -0.370068 -0.471592 -0.051560
v -0.372990 -0.463725 -0.015159
v -0.370831 -0.423395 0.018834
v -0.371754 -0.467477 0.035149
v -0.372180 -0.437943 0.068472
v -0.371639 -0.465843 0.070187
v -0.371002 -0.464568 0.092144
v -0.372179 -0.443271 -0.070699
v -0.363077 -0.479291 0.002626
v -0.371810 -0.460295 -0.092675
v -0.371597 -0.436823 0.093877
v -0.363462 -0.456114 0.106083
v -0.369798 -0.418625 -0.092868
v -0.369325 -0.397123 -0.074993
v -0.369729 -0.404260 0.080777
v -0.368655 -0.392406 -0.028673
v -0.366625 -0.380803 0.093578
v -0.368624 -0.385025 0.051025
v -0.367179 -0.376542 -0.091095
v -0.366907 -0.355584 0.032177
v -0.367521 -0.351259 -0.078532
v -0.366423 -0.350199 -0.028279
v -0.356527 -0.485083 0.034974
v -0.355955 -0.460463 -0.109371
v -0.360989 -0.480935 -0.088662
v -0.360431 -0.443713 -0.105342
v -0.360364 -0.406077 -0.103147
v -0.358492 -0.415918 0.106773
v -0.366946 -0.334436 0.070103
v -0.363270 -0.326370 -0.093058
v -0.366682 -0.337882 0.090950
v -0.355024 -0.367529 0.109509
v -0.366127 -0.318959 -0.055071
v -0.364633 -0.308239 -0.002346
v -0.364537 -0.301904 0.036095
v -0.366584 -0.307410 0.084038
v -0.357846 -0.315162 0.105889
v -0.364880 -0.284888 0.066685
v -0.365322 -0.286096 -0.078663
v -0.359505 -0.260291 -0.038621
v -0.361255 -0.271446 0.010689
v -0.361107 -0.270968 0.093047
v -0.352827 -0.488046 0.072227
v -0.356913 -0.371038 -0.106008
v -0.355538 -0.269151 -0.106516
v -0.356970 -0.239161 -0.080271
v -0.356898 -0.243787 0.041518
v -0.357655 -0.243046 0.084244
v -0.351083 -0.486361 0.092295
v -0.353091 -0.222076 -0.002897
v -0.351154 -0.356156 -0.118139
v -0.352814 -0.300222 -0.118469
v -0.352011 -0.277371 0.117100
v -0.351080 -0.236987 0.104610
v -0.352709 -0.215252 -0.041054
v -0.352216 -0.216147 0.079239
v -0.353304 -0.191948 -0.069099
v -0.350324 -0.190317 0.033910
v -0.349211 -0.201161 -0.092546
v -0.352454 -0.178504 -0.023535
v -0.352668 -0.174321 -0.090234
v -0.353291 -0.169632 0.091029
v -0.352462 -0.183673 0.080720
v -0.350111 -0.201240 0.092214
v -0.353303 -0.143489 -0.086525
v -0.353188 -0.138655 -0.002830
v -0.352653 -0.148790 0.047672
v -0.344335 -0.148665 -0.105907
v -0.354538 -0.128064 -0.046829
v -0.353503 -0.149448 0.084802
v -0.353708 -0.104063 0.080485
v -0.354345 -0.102397 -0.076769
v -0.354145 -0.115637 0.057515
v -0.353701 -0.094352 0.021933
v -0.346700 -0.105790 -0.106615
v -0.353844 -0.084522 -0.023295
v -0.346861 -0.071080 -0.103167
v -0.353112 -0.071246 0.053365
v -0.351679 -0.049969 -0.066780
v -0.352380 -0.031379 -0.010133
v -0.347728 -0.057170 0.094857
v -0.351464 -0.026537 0.078624
v -0.351625 -0.018917 -0.045988
v -0.351720 -0.007639 0.035997
v -0.351538 0.019443 -0.033277
v -0.350517 0.015639 0.077041
v -0.351234 0.056156 -0.010314
v -0.351143 0.038453 0.041034
v -0.349371 0.070501 -0.064002
v -0.350978 0.085658 0.026705
v -0.349794 0.072381 0.067848
v -0.350600 0.115966 -0.025298
v -0.347740 -0.420546 -0.119198
v -0.344946 -0.395216 0.119393
v -0.350396 -0.353857 0.119011
v -0.351032 -0.309154 0.119303
v -0.349057 -0.262707 -0.118451
v -0.344854 -0.251895 0.119197
v -0.347747 -0.224984 -0.104537
v -0.342139 -0.199026 0.097074
v -0.339522 -0.157042 0.101488
v -0.344921 -0.134865 0.103364
v -0.344647 -0.097286 0.104842
v -0.345176 -0.021019 -0.100279
v -0.344008 -0.009401 0.102051
v -0.349211 0.007086 -0.071847
v -0.345451 0.035797 -0.094960
v -0.343009 0.051521 0.102064
v -0.346170 0.106262 0.090106
v -0.348353 0.113124 -0.075437
v -0.343757 0.078088 -0.098016
v -0.349206 0.126039 0.054305
v -0.349931 0.138466 0.015433
v -0.346858 0.149159 -0.067702
v -0.344744 0.164919 0.066873
v -0.346681 0.169724 -0.031123
v -0.346281 0.175372 0.021214
v -0.344552 -0.219887 0.112618
v -0.341569 -0.225271 -0.116396
v -0.343327 -0.177631 0.095078
v -0.339218 0.086330 0.108838
v -0.339035 0.113046 -0.109860
v -0.343980 0.139271 -0.095705
v -0.342445 0.155180 0.092743
v -0.339704 0.191916 -0.081197
v -0.339044 0.205689 0.054928
v -0.341132 0.203946 -0.006528
v -0.341453 0.200629 -0.041173
v -0.341197 -0.121204 -0.118514
v -0.342362 -0.120776 0.116759
v -0.338612 -0.084453 -0.119047
v -0.337115 -0.097364 0.120108
v -0.338864 -0.057030 0.118849
v -0.337935 -0.042569 -0.119237
v -0.338267 0.124668 0.108747
v -0.334885 0.171506 -0.108200
v -0.336526 0.198710 0.090696
v -0.333691 0.231753 0.015867
v -0.332091 -0.199252 -0.106133
v -0.328059 -0.189694 0.110134
v -0.327220 -0.172895 0.102849
v -0.329438 -0.149685 0.119077
v -0.332365 -0.012881 0.120506
v -0.335019 -0.006336 -0.119613
v -0.336746 0.019969 0.118533
v -0.333395 0.041720 -0.119910
v -0.332801 0.079929 0.119905
v -0.329147 0.159015 0.117750
v -0.329554 0.187696 0.109948
v -0.328909 0.241667 -0.067035
v -0.329058 0.247687 -0.033890
v -0.334576 0.093668 -0.119713
v -0.332595 0.137377 -0.120219
v -0.319131 0.262522 -0.089753
v -0.323023 0.237322 0.099312
v -0.326055 0.249986 0.068503
v -0.324732 -0.202984 -0.117863
v -0.324284 0.210722 -0.111379
v -0.321818 0.268524 0.015191
v -0.324415 0.184494 -0.119367
v -0.319795 0.264563 0.091312
v -0.334085 -0.184648 -0.095843
v -0.319527 -0.181742 -0.110389
v -0.314909 0.211455 0.120156
v -0.315929 0.279549 -0.053949
v -0.314029 0.281166 0.068980
v -0.309122 0.295816 -0.018088
v -0.309997 -0.181327 0.120850
v -0.316555 0.232789 -0.117955
v -0.303122 0.288639 0.102907
v -0.296384 0.266734 -0.118783
v -0.296873 0.310830 0.086529
v -0.295659 0.316998 -0.063606
v -0.308911 0.295639 0.030069
v -0.299086 0.265525 0.119639
v -0.296913 0.303326 -0.098888
v -0.292191 0.326505 0.001821
v -0.292274 0.324995 0.041801
v -0.282018 0.334408 -0.088533
v -0.281674 0.306239 -0.118870
v -0.282550 0.314704 0.112701
v -0.281572 0.336611 0.075053
v -0.276076 0.350054 -0.036885
v -0.275226 0.341317 0.097155
v -0.270086 0.336823 -0.107022
v -0.281674 0.306239 -0.118870
v -0.296913 0.303326 -0.098888
v -0.282018 0.334408 -0.088533
v -0.268686 0.355431 -0.073333
v -0.295659 0.316998 -0.063606
v -0.262265 0.368163 0.027279
v -0.292191 0.326505 0.001821
v -0.292274 0.324995 0.041801
v -0.263816 0.362694 0.064514
v -0.281572 0.336611 0.075053
v -0.275226 0.341317 0.097155
v -0.276076 0.350054 -0.036885
v -0.251083 0.382198 -0.007127
v -0.254353 0.369110 -0.092447
v -0.253703 0.377595 -0.045277
v -0.260617 0.331469 0.120507
v -0.250039 0.356171 0.110131
v -0.282550 0.314704 0.112701
v -0.239001 0.385927 0.090804
v -0.259231 0.331831 -0.120230
v -0.247710 0.364614 -0.103702
v -0.239970 0.359601 -0.117194
v -0.230834 0.403405 0.026009
v -0.232761 0.362495 0.119947
v -0.231701 0.397332 -0.081299
v -0.230364 0.400465 0.062539
v -0.222203 0.399318 -0.097969
v -0.233242 0.400962 -0.038557
v -0.224838 0.389001 0.106825
v -0.206937 0.424073 -0.014154
v -0.218477 0.384944 -0.110210
v -0.205197 0.422435 -0.068184
v -0.201200 0.423217 0.084778
v -0.201359 0.408956 0.107158
v -0.193445 0.433934 0.045601
v -0.205626 0.395390 0.116693
v -0.173786 0.417789 0.118957
v -0.183049 0.431457 -0.096318
v -0.179802 0.432816 0.098421
v -0.196176 0.397027 -0.117634
v -0.179255 0.443199 -0.053600
v -0.179731 0.444973 0.002743
v -0.159114 0.429237 -0.118640
v -0.167589 0.450092 0.070818
v -0.159775 0.458074 0.038616
v -0.156228 0.455622 -0.085902
v -0.149665 0.458140 0.092147
v -0.159178 0.458252 -0.036622
v -0.150619 0.464251 0.001530
v -0.148634 0.445296 0.109495
v -0.142659 0.451448 -0.107261
v -0.136458 0.469151 0.071137
v -0.134263 0.444650 0.118828
v -0.132438 0.470097 -0.075728
v -0.123487 0.478927 0.039663
v -0.119462 0.480072 -0.011061
v -0.126594 0.448405 -0.120083
v -0.120716 0.466496 0.103593
v -0.114215 0.472871 -0.098893
v -0.108033 0.482161 0.087570
v -0.104399 0.482937 -0.058704
v -0.090347 0.467347 0.118336
v -0.088836 0.466340 -0.120166
v -0.086645 0.480268 0.105757
v -0.099083 0.488792 0.057189
v -0.089300 0.490058 0.014039
v -0.093811 0.485786 -0.090895
v -0.093880 0.486554 -0.031878
v -0.083151 0.492512 0.087133
v -0.076314 0.478191 -0.111463
v -0.064266 0.495408 0.046943
v -0.060890 0.492257 -0.088157
v -0.066153 0.487761 -0.017479
v -0.070882 0.488463 -0.058745
v -0.051903 0.497990 0.097758
v -0.037352 0.480373 -0.119346
v -0.052382 0.485787 0.111927
v -0.049637 0.480662 -0.045306
v -0.037509 0.487881 -0.106936
v -0.039316 0.491303 0.007663
v -0.050246 0.499606 0.081860
v -0.043046 0.481182 -0.026162
v -0.040020 0.487119 -0.066207
v -0.014984 0.492104 0.108140
v -0.012853 0.499289 0.059301
v -0.028945 0.480649 -0.041769
v -0.020278 0.496464 -0.092420
v -0.012579 0.500916 0.087042
v -0.009796 0.488992 -0.024814
v 0.001321 0.493732 -0.046243
v -0.005426 0.496761 0.010227
v -0.002120 0.497949 -0.074901
v 0.006596 0.490228 -0.109988
v 0.020865 0.495577 0.095436
v 0.023604 0.500230 0.034991
v 0.027360 0.498727 0.067353
v 0.017464 0.500255 -0.092791
v 0.023288 0.499585 -0.066204
v 0.034292 0.476555 0.119425
v 0.024545 0.500817 -0.013677
v 0.048625 0.482349 0.108085
v 0.029577 0.492872 -0.102830
v 0.040255 0.496776 -0.080417
v 0.034673 0.482121 -0.118024
v 0.048899 0.497005 0.007924
v 0.056623 0.494852 -0.033902
v 0.054745 0.491338 0.084005
v 0.068042 0.476675 -0.108502
v 0.072947 0.484386 -0.091569
v 0.070126 0.488616 0.049402
v 0.081991 0.483200 -0.063146
v 0.082261 0.480356 0.088565
v 0.109712 0.456976 0.108419
v 0.100479 0.476255 -0.006222
v 0.081991 0.483200 -0.063146
v 0.056623 0.494852 -0.033902
v 0.048899 0.497005 0.007924
v 0.070126 0.488616 0.049402
v 0.116925 0.466182 0.046807
v 0.110173 0.466720 -0.088905
v 0.068042 0.476675 -0.108502
v 0.072947 0.484386 -0.091569
v 0.103145 0.471814 0.076068
v 0.082261 0.480356 0.088565
v 0.109712 0.456976 0.108419
v 0.112038 0.447501 -0.119903
v 0.128862 0.456676 0.086991
v 0.130074 0.458765 -0.060118
v 0.134510 0.456964 0.004935
v 0.148320 0.442749 -0.094759
v 0.144923 0.448843 0.052819
v 0.156487 0.443325 -0.032493
v 0.150777 0.427136 0.116484
v 0.122911 0.440828 0.119970
v 0.155460 0.426174 -0.113318
v 0.162458 0.433998 0.091372
v 0.166762 0.436588 0.009018
v 0.175958 0.427928 -0.069781
v 0.184495 0.422295 0.042779
v 0.185912 0.409261 0.107552
v 0.183706 0.420493 -0.092247
v 0.192563 0.405647 -0.107566
v 0.176236 0.404680 -0.120790
v 0.198803 0.411701 -0.007953
v 0.188231 0.416369 0.085156
v 0.204751 0.405952 -0.053095
v 0.208255 0.382490 -0.119598
v 0.221095 0.389606 0.062264
v 0.219398 0.386369 -0.099846
v 0.223215 0.390237 0.009370
v 0.202550 0.389703 0.119195
v 0.222419 0.384673 0.095559
v 0.224970 0.365525 0.119600
v 0.236068 0.374623 -0.080747
v 0.237543 0.376206 -0.036845
v 0.239803 0.347771 -0.120481
v 0.261251 0.351824 0.005097
v 0.253502 0.347564 0.107311
v 0.256114 0.355432 0.081887
v 0.255783 0.356350 -0.058632
v 0.255549 0.347258 -0.104164
v 0.262447 0.322142 0.119825
v 0.269551 0.337542 -0.082100
v 0.278941 0.311982 0.106504
v 0.281331 0.324601 0.046677
v 0.270570 0.320670 -0.112649
v 0.277070 0.327382 0.089425
v 0.273977 0.334496 -0.040379
v 0.279999 0.319590 -0.097681
v 0.282302 0.323818 0.001411
v 0.278621 0.289831 0.120103
v 0.293627 0.285980 -0.105774
v 0.271406 0.304362 -0.121081
v 0.295445 0.300735 0.066034
v 0.291763 0.306699 -0.050848
v 0.295559 0.251659 -0.121115
v 0.294860 0.278862 0.109986
v 0.300424 0.286827 0.086298
v 0.297107 0.292552 -0.089763
v 0.300580 0.248263 0.119203
v 0.303433 0.285830 0.000844
v 0.306269 0.280444 0.041534
v 0.310810 0.249364 0.101019
v 0.314472 0.237661 -0.101691
v 0.307272 0.276514 -0.044667
v 0.315666 0.251095 -0.072495
v 0.307294 0.208394 0.120414
v 0.321733 0.198394 0.107237
v 0.314300 0.193316 -0.120236
v 0.315370 0.253497 0.071278
v 0.324253 0.229129 0.013823
v 0.315355 0.256395 -0.005822
v 0.320479 0.150224 0.119620
v 0.323766 0.181545 -0.110565
v 0.324912 0.214106 0.091866
v 0.325107 0.224410 -0.039669
v 0.320426 0.062504 0.119324
v 0.321390 0.011107 0.119602
v 0.335355 0.028510 0.103644
v 0.333015 0.087852 -0.105103
v 0.331953 0.036406 -0.108029
v 0.321673 0.024309 -0.119516
v 0.327284 0.108403 -0.116126
v 0.317280 0.071495 -0.120672
v 0.321127 0.143754 -0.119940
v 0.329473 0.152606 0.106562
v 0.327220 0.206673 -0.088170
v 0.325208 0.219922 0.068143
v 0.326523 -0.171794 0.120933
v 0.324687 -0.206481 0.118897
v 0.335750 -0.196247 0.101151
v 0.335517 -0.181101 -0.105701
v 0.326254 -0.188247 -0.119329
v 0.328839 -0.155526 -0.119181
v 0.338272 -0.104766 -0.103118
v 0.331967 -0.121604 -0.105672
v 0.324840 -0.113765 -0.119090
v 0.324873 -0.090727 -0.119397
v 0.324822 -0.053865 0.118952
v 0.327073 -0.107641 0.117318
v 0.336505 -0.082840 0.106310
v 0.334628 -0.058775 -0.107890
v 0.324413 -0.051715 -0.118777
v 0.320776 -0.016524 -0.119907
v 0.334347 -0.046288 0.107931
v 0.332674 -0.005025 0.108768
v 0.336952 -0.013105 -0.103743
v 0.334709 0.071287 0.102588
v 0.323054 0.107176 0.119678
v 0.331582 0.113039 0.108249
v 0.331494 0.141032 -0.106278
v 0.333588 0.186860 -0.051980
v 0.329886 -0.220868 -0.119474
v 0.334389 -0.213641 -0.106272
v 0.340840 -0.163449 0.107821
v 0.341860 0.059138 -0.092615
v 0.334592 0.168100 -0.091986
v 0.334298 0.170255 0.090187
v 0.335106 0.183203 0.004704
v 0.333993 0.187115 0.042847
v 0.340537 -0.256646 -0.118186
v 0.344325 -0.196097 -0.089096
v 0.332899 -0.118235 0.106284
v 0.339317 0.136268 -0.086260
v 0.337387 0.160167 0.068103
v 0.346907 -0.251101 -0.101482
v 0.336640 -0.239446 0.119773
v 0.345996 -0.248682 0.106058
v 0.347013 -0.226337 0.092750
v 0.344722 -0.152781 -0.103412
v 0.344403 -0.043248 -0.091127
v 0.342924 -0.022373 0.094381
v 0.342459 0.051479 0.091040
v 0.340763 0.107507 -0.093452
v 0.340102 0.125572 0.090425
v 0.338779 0.153886 -0.062850
v 0.341789 0.136012 0.040150
v 0.344985 -0.275216 0.118802
v 0.348328 -0.228460 -0.084173
v 0.333369 -0.143216 0.113057
v 0.347124 -0.141955 0.098227
v 0.345179 -0.123027 -0.093285
v 0.335438 -0.135534 -0.107473
v 0.345115 -0.113338 0.092654
v 0.344710 -0.069346 0.089644
v 0.345064 -0.080898 -0.092123
v 0.344018 0.008500 -0.089162
v 0.344129 0.075504 -0.044833
v 0.343860 0.041970 -0.067392
v 0.341895 0.086859 0.090488
v 0.343464 0.070778 0.066755
v 0.342631 0.110700 0.067181
v 0.343267 0.109189 -0.065403
v 0.344044 0.112418 -0.027196
v 0.344261 0.097246 0.013722
v 0.341344 0.143099 -0.005533
v 0.353879 -0.280310 0.107581
v 0.351102 -0.236938 0.051676
v 0.345151 -0.208394 0.068818
v 0.344816 -0.202311 0.016487
v 0.345637 -0.185533 0.087452
v 0.344563 -0.178451 0.046206
v 0.346337 -0.202660 -0.063960
v 0.349280 -0.167227 -0.067141
v 0.344137 -0.179558 -0.025984
v 0.346478 -0.210081 -0.032251
v 0.344505 -0.176737 0.010744
v 0.350486 -0.165106 0.067488
v 0.351335 -0.160772 -0.091058
v 0.345873 -0.090371 -0.065756
v 0.344301 -0.074282 -0.002330
v 0.346617 -0.128363 0.002761
v 0.344979 -0.112698 -0.037484
v 0.345134 -0.107887 0.054562
v 0.344883 -0.056813 0.045197
v 0.344778 -0.034664 -0.065709
v 0.344391 -0.023264 0.071378
v 0.344860 -0.013290 -0.012771
v 0.344726 0.006149 0.024538
v 0.344132 0.004828 -0.066688
v 0.344422 0.035968 -0.016871
v 0.343640 0.032609 0.076875
v 0.344159 0.051096 0.033465
v 0.351668 -0.309039 0.119716
v 0.360859 -0.293702 -0.096764
v 0.352129 -0.305882 -0.118292
v 0.360641 -0.259153 -0.080590
v 0.351605 -0.236346 -0.049694
v 0.353170 -0.245747 0.003706
v 0.349970 -0.154273 -0.032605
v 0.351929 -0.153540 0.087845
v 0.350462 -0.158779 0.024968
v 0.350352 -0.139417 0.057256
v 0.350627 -0.143337 -0.073029
v 0.360359 -0.405403 -0.110009
v 0.354416 -0.439519 -0.119067
v 0.354766 -0.385375 -0.118693
v 0.357073 -0.415809 0.116769
v 0.363251 -0.379277 0.101838
v 0.354481 -0.357153 0.117317
v 0.359401 -0.335358 -0.107200
v 0.366973 -0.385843 -0.094969
v 0.354374 -0.343228 -0.118645
v 0.359713 -0.316979 0.105108
v 0.357493 -0.262798 0.091218
v 0.358593 -0.268824 0.067472
v 0.357629 -0.265935 -0.032623
v 0.361905 -0.277630 -0.065048
v 0.366986 -0.449340 -0.102585
v 0.363421 -0.465159 -0.106600
v 0.356140 -0.457960 0.118774
v 0.369352 -0.440256 0.097918
v 0.369150 -0.405079 0.090634
v 0.362514 -0.294978 0.088779
v 0.360275 -0.290398 0.031121
v 0.360748 -0.300342 -0.010137
v 0.366417 -0.466898 0.101211
v 0.365955 -0.340244 -0.087563
v 0.366320 -0.343793 0.080080
v 0.364043 -0.348291 -0.011216
v 0.364403 -0.331909 -0.057964
v 0.363752 -0.329678 0.043446
v 0.371019 -0.433845 -0.086130
v 0.366223 -0.382075 -0.001597
v 0.369178 -0.417553 -0.039450
v 0.368009 -0.387055 -0.061426
v 0.368326 -0.384889 0.072273
v 0.367980 -0.400859 0.028630
v 0.360345 -0.482961 0.092202
v 0.370673 -0.473763 0.079586
v 0.369712 -0.473739 0.037300
v 0.363965 -0.478615 -0.025869
v 0.372569 -0.465854 -0.006784
v 0.372433 -0.460683 -0.091485
v 0.368182 -0.475720 -0.090541
v 0.372590 -0.463412 -0.054570
v 0.369985 -0.474133 -0.072354
v 0.372855 -0.458680 0.075900
v 0.370584 -0.421855 0.068967
v 0.372166 -0.454514 0.037897
v 0.370889 -0.442445 -0.011913
vn -0.6533 -0.7571 -0.0009
vn -0.7327 -0.6806 0.0053
vn -0.9216 -0.3879 -0.0127
vn -0.5543 -0.8316 -0.0333
vn -0.6695 -0.6967 -0.2578
vn -0.4434 -0.8963 0.0072
vn -0.6616 -0.7497 0.0158
vn -0.6795 -0.7328 0.0361
vn -0.3598 -0.9330 0.0062
vn -0.6163 -0.7082 0.3445
vn -0.3006 -0.9505 0.0792
vn -0.1651 -0.9662 -0.1981
vn -0.2886 -0.8495 0.4417
vn -0.5253 -0.6389 -0.5619
vn -0.0903 -0.9957 -0.0196
vn -0.0265 -0.9996 -0.0112
vn -0.0317 -0.9838 0.1765
vn -0.5558 -0.5511 0.6224
vn -0.0118 -0.9999 0.0093
vn -0.0118 -0.9999 0.0086
vn -0.2209 -0.6924 0.6869
vn -0.0022 -1.0000 -0.0023
vn -0.1829 -0.6893 -0.7010
vn 0.0005 -0.9020 0.4317
vn -0.0283 -0.9064 -0.4214
vn -0.0116 -0.9882 -0.1525
vn 0.0008 -0.9892 0.1464
vn -0.0107 -0.4848 0.8745
vn -0.0053 -0.5024 -0.8646
vn 0.0050 -1.0000 -0.0066
vn -0.0006 -1.0000 0.0029
vn -0.0021 -0.9202 0.3915
vn 0.0032 -1.0000 0.0045
vn 0.0057 -0.9922 -0.1242
vn 0.0042 -0.9222 -0.3866
vn -0.0037 -0.5727 0.8197
vn -0.0046 -0.5506 -0.8348
vn 0.0015 -0.9930 0.1179
vn 0.0036 -0.9999 -0.0107
vn 0.0039 -1.0000 -0.0042
vn -0.0003 -0.9129 0.4082
vn -0.0029 -1.0000 -0.0064
vn 0.0003 -0.5137 0.8579
vn -0.0020 -1.0000 0.0083
vn 0.0003 -0.9113 -0.4117
vn -0.0017 -0.5389 -0.8423
vn -0.0002 -0.9219 0.3875
vn -0.0009 -0.9969 0.0789
vn 0.0018 -0.9708 -0.2397
vn -0.0016 -1.0000 0.0009
vn 0.0111 -0.7977 -0.6030
vn 0.0001 -0.9979 -0.0650
vn -0.0032 -1.0000 0.0034
vn -0.0017 -1.0000 -0.0054
vn -0.0051 -0.4891 0.8722
vn 0.0074 -0.9000 -0.4357
vn -0.0038 -0.9077 0.4195
vn -0.0047 -1.0000 -0.0001
vn 0.0040 -0.3338 -0.9426
vn -0.0005 -1.0000 -0.0074
vn -0.0000 -0.9828 0.1849
vn -0.0011 -0.4328 0.9015
vn -0.0004 -0.9921 -0.1258
vn 0.0044 -0.9998 0.0211
vn 0.0020 -0.8998 0.4364
vn -0.0060 -1.0000 0.0003
vn -0.0086 -0.9177 -0.3971
vn -0.0181 -0.3485 -0.9371
vn 0.0030 -1.0000 0.0060
vn 0.0030 -1.0000 0.0024
vn 0.0030 -0.9862 0.1657
vn 0.0020 -0.9977 -0.0671
vn -0.0048 -0.6248 -0.7807
vn -0.0095 -0.4066 0.9136
vn -0.0000 -0.8996 0.4367
vn -0.0097 -0.9791 -0.2032
vn -0.0044 -1.0000 0.0058
vn 0.0026 -1.0000 -0.0064
vn 0.0007 -0.3728 0.9279
vn 0.0039 -0.9998 -0.0175
vn -0.0013 -0.8788 -0.4773
vn -0.0155 -0.2328 -0.9724
vn -0.0037 -0.9801 0.1987
vn 0.0018 -1.0000 0.0086
vn -0.0006 -0.9999 0.0122
vn 0.0043 -0.9846 -0.1745
vn 0.0172 -0.8923 0.4511
vn 0.0251 -0.5805 0.8139
vn -0.0018 -1.0000 -0.0093
vn 0.0181 -0.9851 0.1713
vn 0.0005 -0.9991 -0.0421
vn -0.0050 -0.9999 0.0099
vn 0.0423 -0.9371 -0.3465
vn 0.0424 -0.6711 -0.7402
vn 0.1523 -0.5196 0.8407
vn 0.0063 -0.9991 0.0417
vn 0.0685 -0.9231 0.3783
vn -0.0013 -0.9999 -0.0166
vn 0.3156 -0.7079 -0.6319
vn 0.1612 -0.6751 0.7199
vn -0.0024 -1.0000 0.0043
vn -0.0020 -0.9999 0.0107
vn -0.0014 -0.9754 0.2206
vn 0.0090 -0.9658 -0.2592
vn -0.0573 -0.8007 -0.5963
vn 0.0864 -0.6584 -0.7477
vn -0.0871 -0.4557 -0.8859
vn -0.1195 -0.7611 0.6375
vn -0.0536 -0.3108 -0.9490
vn 0.0009 -1.0000 -0.0021
vn -0.0014 -0.9997 -0.0245
vn -0.0003 -0.9490 -0.3154
vn -0.0047 -0.9879 0.1548
vn -0.0048 -0.8410 0.5410
vn -0.0538 -0.4362 0.8982
vn 0.0007 -0.3756 0.9268
vn -0.0044 -0.9997 0.0238
vn 0.0009 -0.8473 -0.5311
vn 0.0019 -0.5616 -0.8274
vn 0.0023 -1.0000 -0.0014
vn 0.0046 -0.9791 0.2034
vn -0.0103 -0.8568 0.5156
vn 0.0013 -0.4822 -0.8761
vn 0.0017 -1.0000 0.0040
vn 0.0061 -0.9743 -0.2250
vn -0.0006 -0.4806 0.8769
vn 0.0031 -1.0000 0.0014
vn 0.0047 -0.8481 -0.5299
vn -0.0068 -0.9728 0.2317
vn 0.0045 -0.8384 0.5451
vn -0.0016 -1.0000 -0.0009
vn -0.0082 -0.9739 -0.2269
vn -0.0083 -0.3392 0.9407
vn 0.0140 -0.4845 -0.8747
vn -0.0079 -0.8478 -0.5302
vn -0.0049 -0.9996 -0.0296
vn -0.0061 -1.0000 0.0044
vn -0.0008 -1.0000 0.0004
vn -0.0007 -0.9993 0.0386
vn -0.0092 -0.9663 -0.2574
vn 0.0026 -0.9711 0.2388
vn 0.0052 -0.9996 -0.0275
vn -0.0120 -0.8299 0.5577
vn -0.0088 -0.8162 -0.5776
vn -0.0238 -0.9997 0.0057
vn 0.0159 -0.9738 -0.2270
vn 0.0018 -0.2942 -0.9558
vn -0.0064 -0.3498 0.9368
vn 0.0894 -0.9960 -0.0038
vn -0.0165 -0.9998 0.0112
vn 0.1551 -0.9879 -0.0062
vn 0.0331 -0.8498 0.5261
vn 0.0123 -0.9993 0.0357
vn 0.1546 -0.8383 -0.5228
vn 0.0259 -0.4707 -0.8819
vn 0.2360 -0.9713 -0.0281
vn 0.2436 -0.9697 -0.0176
vn 0.4404 -0.8973 -0.0295
vn 0.2280 -0.9453 0.2332
vn 0.4203 -0.9046 0.0707
vn 0.1386 -0.3564 0.9240
vn 0.5044 -0.8624 -0.0442
vn 0.3987 -0.9167 -0.0262
vn 0.3214 -0.9392 -0.1210
vn 0.4221 -0.6937 0.5836
vn 0.2848 -0.3354 -0.8980
vn 0.4890 -0.7692 -0.4113
vn 0.5239 -0.8518 0.0073
vn 0.5627 -0.8256 -0.0423
vn 0.5999 -0.7645 0.2358
vn 0.6894 -0.3140 -0.6528
vn 0.6053 -0.7959 0.0116
vn 0.7156 -0.6563 -0.2390
vn 0.7872 -0.6166 -0.0150
vn 0.8517 -0.5239 0.0131
vn 0.8484 -0.5259 0.0593
vn -0.5254 -0.6389 -0.5620
vn -0.6695 -0.6966 -0.2578
vn -0.6613 -0.2676 -0.7008
vn -0.0771 0.0200 -0.9968
vn -0.6448 0.0124 -0.7643
vn -0.5847 0.1166 -0.8028
vn -0.8156 -0.1228 -0.5654
vn -0.5396 0.0743 -0.8386
vn -0.8682 0.1403 -0.4760
vn -0.4093 -0.0135 -0.9123
vn -0.3740 -0.1847 -0.9088
vn -0.0813 -0.0096 -0.9966
vn -0.6511 -0.0184 -0.7587
vn -0.0891 -0.0055 -0.9960
vn -0.6805 0.3970 -0.6160
vn -0.8889 0.2171 -0.4035
vn -0.5759 -0.3783 -0.7248
vn -0.7959 -0.1957 -0.5729
vn -0.0440 -0.0411 -0.9982
vn -0.0322 -0.0150 -0.9994
vn -0.4276 0.1847 -0.8849
vn -0.4019 -0.2083 -0.8917
vn -0.5760 -0.0822 -0.8133
vn -0.0649 0.0415 -0.9970
vn -0.0764 -0.0133 -0.9970
vn -0.4729 0.0166 -0.8810
vn -0.3738 0.2640 -0.8891
vn -0.0487 -0.0001 -0.9988
vn -0.6396 0.0288 -0.7681
vn -0.5060 0.0211 -0.8623
vn -0.0402 -0.0009 -0.9992
vn -0.0455 -0.0068 -0.9989
vn -0.5094 -0.0001 -0.8605
vn -0.6104 -0.0046 -0.7921
vn -0.6207 0.0530 -0.7822
vn -0.5126 0.1054 -0.8521
vn -0.0842 -0.0003 -0.9964
vn -0.0111 -0.0021 -0.9999
vn -0.0093 0.0033 -1.0000
vn -0.7050 -0.0073 -0.7092
vn -0.0536 -0.0255 -0.9982
vn -0.0054 -0.5024 -0.8646
vn -0.0939 0.0100 -0.9955
vn -0.0513 0.0128 -0.9986
vn -0.0923 0.0543 -0.9943
vn -0.7237 0.2771 -0.6321
vn -0.0100 -0.0518 -0.9986
vn 0.0014 0.0109 -0.9999
vn -0.0198 -0.0021 -0.9998
vn -0.0025 -0.0078 -1.0000
vn -0.4484 0.2085 -0.8692
vn 0.0205 0.0031 -0.9998
vn -0.0037 -0.0010 -1.0000
vn 0.0025 0.0037 -1.0000
vn -0.0079 -0.0025 -1.0000
vn -0.0194 -0.0087 -0.9998
vn -0.0052 -0.0001 -1.0000
vn -0.0077 -0.0065 -0.9999
vn -0.0129 -0.0099 -0.9999
vn -0.0158 0.0164 -0.9997
vn -0.0565 0.0280 -0.9980
vn -0.5252 0.2823 -0.8028
vn -0.0057 -0.0020 -1.0000
vn 0.0152 0.0119 -0.9998
vn -0.0010 -0.0001 -1.0000
vn -0.0047 -0.5506 -0.8348
vn -0.0051 -0.0057 -1.0000
vn 0.0053 -0.0021 -1.0000
vn -0.0007 -0.0085 -1.0000
vn -0.2517 0.2236 -0.9416
vn 0.0001 -0.0010 -1.0000
vn 0.0072 -0.0035 -1.0000
vn -0.0114 -0.0725 -0.9973
vn 0.0005 0.0007 -1.0000
vn -0.0039 0.0878 -0.9961
vn -0.3957 0.4114 -0.8211
vn 0.0110 0.0251 -0.9996
vn 0.0022 0.0001 -1.0000
vn -0.0058 -0.0110 -0.9999
vn 0.0056 -0.0004 -1.0000
vn 0.0037 -0.0059 -1.0000
vn -0.0002 -0.0008 -1.0000
vn -0.0042 0.0123 -0.9999
vn -0.2861 0.4166 -0.8629
vn -0.5745 0.5518 -0.6046
vn -0.5781 0.6550 -0.4866
vn -0.0001 0.0006 -1.0000
vn 0.0033 -0.0011 -1.0000
vn 0.0543 0.2424 -0.9686
vn -0.0017 -0.5389 -0.8424
vn 0.0113 0.0127 -0.9999
vn -0.0094 -0.0071 -0.9999
vn 0.0036 0.0013 -1.0000
vn -0.0014 0.0001 -1.0000
vn -0.0015 0.0001 -1.0000
vn -0.0096 0.1745 -0.9846
vn -0.4388 0.3743 -0.8169
vn -0.2771 -0.0384 -0.9601
vn 0.0033 -0.0033 -1.0000
vn -0.0022 -0.0004 -1.0000
vn -0.0191 -0.0109 -0.9998
vn -0.0181 -0.0133 -0.9997
vn -0.0021 -0.0012 -1.0000
vn -0.0018 0.0001 -1.0000
vn -0.0209 0.0276 -0.9994
vn -0.0005 -0.1429 -0.9897
vn -0.0006 -0.0004 -1.0000
vn 0.0038 0.0017 -1.0000
vn -0.2163 -0.0024 -0.9763
vn -0.0006 0.0167 -0.9999
vn -0.0028 0.0007 -1.0000
vn -0.0974 0.0642 -0.9932
vn -0.3726 0.4723 -0.7988
vn -0.0034 -0.0013 -1.0000
vn -0.0014 -0.0000 -1.0000
vn -0.0308 0.0107 -0.9995
vn -0.0012 -0.0001 -1.0000
vn 0.0007 -0.0022 -1.0000
vn -0.0002 -0.0003 -1.0000
vn -0.0005 0.0006 -1.0000
vn -0.0013 0.0015 -1.0000
vn -0.0351 0.0499 -0.9981
vn 0.0040 -0.3338 -0.9427
vn -0.0101 -0.0147 -0.9998
vn -0.0003 0.0001 -1.0000
vn -0.0051 0.0043 -1.0000
vn -0.0022 0.0006 -1.0000
vn 0.0025 0.0047 -1.0000
vn 0.0015 -0.0008 -1.0000
vn -0.0007 -0.0008 -1.0000
vn -0.0058 0.0057 -1.0000
vn -0.1920 0.3603 -0.9128
vn -0.0032 -0.0023 -1.0000
vn -0.0013 -0.0007 -1.0000
vn 0.0006 0.0002 -1.0000
vn -0.0007 -0.0019 -1.0000
vn 0.0001 0.0002 -1.0000
vn -0.0031 -0.0018 -1.0000
vn -0.0010 -0.0006 -1.0000
vn 0.0001 -0.0002 -1.0000
vn -0.0143 0.0236 -0.9996
vn -0.0034 0.0009 -1.0000
vn -0.1511 0.3756 -0.9144
vn -0.0020 0.0028 -1.0000
vn 0.0018 -0.0030 -1.0000
vn 0.0012 -0.0582 -0.9983
vn 0.0038 0.0151 -0.9999
vn -0.0005 -0.0015 -1.0000
vn 0.0023 -0.0168 -0.9999
vn 0.0025 0.0012 -1.0000
vn -0.0012 0.0001 -1.0000
vn 0.0030 -0.0009 -1.0000
vn -0.0014 0.0036 -1.0000
vn -0.0004 -0.0005 -1.0000
vn -0.0007 -0.0000 -1.0000
vn 0.0024 0.0128 -0.9999
vn -0.0049 -0.6248 -0.7807
vn -0.0003 -0.0007 -1.0000
vn -0.0166 0.0710 -0.9973
vn 0.0006 -0.0044 -1.0000
vn -0.0006 -0.0023 -1.0000
vn 0.0004 -0.0001 -1.0000
vn -0.0010 0.0125 -0.9999
vn -0.0625 0.5961 -0.8004
vn 0.0099 -0.0495 -0.9987
vn 0.0025 0.0045 -1.0000
vn -0.0009 0.0005 -1.0000
vn -0.0012 -0.0016 -1.0000
vn 0.0049 -0.0006 -1.0000
vn -0.0013 0.0006 -1.0000
vn 0.0027 -0.0179 -0.9998
vn 0.0012 0.0014 -1.0000
vn -0.0000 -0.0019 -1.0000
vn 0.0003 0.0016 -1.0000
vn -0.0069 0.0137 -0.9999
vn -0.0005 0.0001 -1.0000
vn -0.0011 0.0006 -1.0000
vn 0.0010 -0.0020 -1.0000
vn -0.0008 0.0024 -1.0000
vn 0.0018 0.0078 -1.0000
vn 0.0002 -0.0002 -1.0000
vn -0.0001 0.0010 -1.0000
vn 0.0007 -0.0063 -1.0000
vn 0.0002 -0.0018 -1.0000
vn 0.0006 0.0001 -1.0000
vn -0.0019 -0.0002 -1.0000
vn -0.0003 -0.0009 -1.0000
vn 0.0029 0.1352 -0.9908
vn 0.0007 -0.0032 -1.0000
vn 0.0008 -0.0030 -1.0000
vn -0.0262 0.7809 -0.6241
vn -0.0026 0.0012 -1.0000
vn -0.0444 -0.0216 -0.9988
vn 0.0019 -0.0175 -0.9998
vn -0.0008 -0.0005 -1.0000
vn -0.0085 0.0115 -0.9999
vn -0.0002 -0.0002 -1.0000
vn 0.0001 0.0008 -1.0000
vn -0.0009 0.0009 -1.0000
vn -0.0023 -0.0024 -1.0000
vn 0.1320 0.6150 -0.7774
vn 0.0010 0.0133 -0.9999
vn -0.0087 0.0310 -0.9995
vn -0.0004 -0.0106 -0.9999
vn -0.0034 0.0016 -1.0000
vn 0.1027 0.2661 -0.9584
vn 0.0009 0.0021 -1.0000
vn -0.0026 0.0003 -1.0000
vn 0.0018 0.0023 -1.0000
vn 0.0423 -0.6710 -0.7402
vn 0.0010 -0.0083 -1.0000
vn 0.0007 -0.0007 -1.0000
vn 0.0002 0.0003 -1.0000
vn 0.2422 -0.2684 -0.9324
vn 0.0008 -0.0016 -1.0000
vn -0.0039 0.0035 -1.0000
vn 0.0004 -0.0011 -1.0000
vn 0.3349 0.7638 -0.5518
vn 0.0538 -0.0936 -0.9942
vn 0.3156 -0.7078 -0.6319
vn -0.0088 0.0233 -0.9997
vn -0.0001 -0.0010 -1.0000
vn -0.0870 -0.4557 -0.8859
vn 0.0214 0.0318 -0.9993
vn 0.0090 -0.9658 -0.2593
vn 0.0030 -0.0415 -0.9991
vn -0.0006 -0.0030 -1.0000
vn -0.0005 0.0019 -1.0000
vn -0.0010 0.0213 -0.9998
vn -0.0030 -0.0070 -1.0000
vn 0.3261 0.5865 -0.7414
vn -0.0055 0.0148 -0.9999
vn 0.0137 -0.0169 -0.9998
vn -0.0024 -0.0007 -1.0000
vn 0.0004 0.0029 -1.0000
vn -0.0015 -0.0003 -1.0000
vn 0.0011 0.0051 -1.0000
vn 0.0067 -0.0138 -0.9999
vn 0.0036 -0.0028 -1.0000
vn -0.0019 0.0006 -1.0000
vn -0.0018 -0.0000 -1.0000
vn -0.0002 0.0017 -1.0000
vn -0.0012 -0.0332 -0.9994
vn 0.0032 0.0025 -1.0000
vn 0.0497 0.0783 -0.9957
vn -0.0033 -0.0011 -1.0000
vn 0.0326 0.0462 -0.9984
vn -0.0032 -0.0084 -1.0000
vn -0.0122 0.0423 -0.9990
vn -0.0000 -0.0113 -0.9999
vn 0.0024 -0.0030 -1.0000
vn 0.0676 -0.0349 -0.9971
vn -0.0046 -0.0011 -1.0000
vn 0.3936 0.6150 -0.6833
vn -0.0013 0.0061 -1.0000
vn -0.0020 0.0017 -1.0000
vn -0.0002 0.0006 -1.0000
vn 0.0327 -0.1038 -0.9941
vn -0.0020 -0.0010 -1.0000
vn -0.0026 0.0042 -1.0000
vn 0.0008 0.0049 -1.0000
vn 0.1650 -0.1665 -0.9721
vn 0.0020 0.0059 -1.0000
vn 0.0028 -0.0020 -1.0000
vn 0.0013 -0.4821 -0.8761
vn 0.2591 0.0252 -0.9655
vn -0.0048 -0.0000 -1.0000
vn 0.0287 0.0338 -0.9990
vn 0.2186 0.3575 -0.9080
vn -0.1537 0.1038 -0.9826
vn -0.0014 0.0002 -1.0000
vn 0.0047 -0.0008 -1.0000
vn 0.0991 0.1926 -0.9763
vn 0.0058 -0.0090 -0.9999
vn -0.0059 -0.0001 -1.0000
vn 0.0041 -0.0702 -0.9975
vn -0.0017 0.0055 -1.0000
vn -0.2517 0.0124 -0.9677
vn -0.2113 -0.0566 -0.9758
vn -0.0010 0.0007 -1.0000
vn 0.3634 0.3892 -0.8464
vn -0.0126 -0.0065 -0.9999
vn -0.0037 -0.0005 -1.0000
vn -0.0061 0.0041 -1.0000
vn -0.0009 -0.0006 -1.0000
vn -0.0013 -0.0039 -1.0000
vn 0.0274 0.0316 -0.9991
vn -0.0451 0.0124 -0.9989
vn -0.0029 0.0018 -1.0000
vn -0.0073 -0.0030 -1.0000
vn 0.0088 -0.0270 -0.9996
vn 0.0078 0.0011 -1.0000
vn 0.0074 0.0067 -1.0000
vn 0.0020 -0.0031 -1.0000
vn 0.3908 0.3576 -0.8482
vn -0.0038 0.0012 -1.0000
vn 0.0255 0.0196 -0.9995
vn 0.0073 0.0025 -1.0000
vn 0.0093 0.0084 -0.9999
vn 0.0220 0.0068 -0.9997
vn 0.0213 -0.0089 -0.9997
vn 0.0008 0.0019 -1.0000
vn 0.0094 0.0016 -1.0000
vn 0.0080 0.0004 -1.0000
vn 0.0219 0.0029 -0.9998
vn 0.0257 0.0121 -0.9996
vn 0.0319 -0.0077 -0.9995
vn 0.0384 -0.0003 -0.9993
vn 0.0371 -0.0038 -0.9993
vn 0.0432 0.0102 -0.9990
vn 0.0404 0.0209 -0.9990
vn 0.3757 0.2069 -0.9033
vn 0.0170 -0.0026 -0.9999
vn 0.6809 0.4597 -0.5702
vn 0.0182 -0.0004 -0.9998
vn 0.0555 -0.0158 -0.9983
vn 0.0646 0.0043 -0.9979
vn 0.0265 -0.0167 -0.9995
vn 0.0579 -0.0024 -0.9983
vn 0.0673 -0.0024 -0.9977
vn 0.0522 0.0149 -0.9985
vn 0.4626 0.1696 -0.8702
vn 0.0530 0.0091 -0.9986
vn 0.2138 -0.0480 -0.9757
vn 0.3706 -0.0110 -0.9287
vn 0.0446 0.0183 -0.9988
vn 0.0814 0.0365 -0.9960
vn 0.1851 -0.0162 -0.9826
vn 0.4203 0.0985 -0.9020
vn 0.0259 -0.4706 -0.8820
vn 0.4384 0.1456 -0.8869
vn 0.3038 0.0047 -0.9527
vn 0.3656 0.0330 -0.9302
vn 0.0645 -0.0032 -0.9979
vn 0.5296 0.0724 -0.8451
vn 0.6207 -0.1057 -0.7769
vn 0.4471 0.0043 -0.8945
vn 0.3629 0.0136 -0.9317
vn 0.4641 0.0116 -0.8857
vn 0.4676 0.0136 -0.8838
vn 0.4682 0.0572 -0.8818
vn 0.5400 0.2714 -0.7967
vn 0.6255 -0.1924 -0.7561
vn 0.7762 -0.0034 -0.6305
vn 0.6770 -0.0078 -0.7360
vn 0.0807 0.0059 -0.9967
vn 0.7974 0.0185 -0.6031
vn 0.3991 -0.0245 -0.9166
vn 0.5173 0.1286 -0.8461
vn 0.7806 0.0119 -0.6249
vn 0.5039 0.0838 -0.8597
vn 0.6894 -0.3139 -0.6528
vn 0.6566 0.0148 -0.7541
vn 0.6053 0.0241 -0.7956
vn -0.8825 -0.3836 0.2722
vn -0.6163 -0.7081 0.3445
vn -0.6688 -0.1422 0.7297
vn -0.7332 0.0457 0.6785
vn -0.3044 -0.0153 0.9524
vn -0.3130 0.0008 0.9498
vn -0.2657 -0.1974 0.9436
vn -0.0625 0.0012 0.9980
vn -0.4502 0.0128 0.8928
vn -0.3488 -0.0188 0.9370
vn -0.0370 0.0006 0.9993
vn -0.6867 0.0656 0.7239
vn -0.0740 0.0007 0.9973
vn -0.3761 0.0820 0.9230
vn -0.1959 0.0923 0.9763
vn -0.7620 0.2919 0.5780
vn -0.6574 0.3728 0.6549
vn -0.0452 -0.0025 0.9990
vn -0.0492 0.0170 0.9986
vn -0.3490 -0.0070 0.9371
vn -0.8187 -0.0832 0.5681
vn -0.4603 -0.2023 0.8644
vn -0.0587 -0.0012 0.9983
vn -0.8062 0.0278 0.5910
vn -0.1899 0.0154 0.9817
vn -0.8451 0.0582 0.5315
vn -0.4766 0.0261 0.8787
vn -0.0242 -0.0347 0.9991
vn -0.6982 0.0858 0.7107
vn -0.2209 -0.6923 0.6869
vn -0.0442 -0.0062 0.9990
vn -0.2998 0.0126 0.9539
vn -0.0421 0.0043 0.9991
vn -0.5613 0.0047 0.8276
vn -0.0620 -0.0009 0.9981
vn -0.0224 0.0017 0.9997
vn -0.6720 -0.1277 0.7294
vn -0.2007 -0.0072 0.9796
vn -0.0234 0.0017 0.9997
vn -0.4959 0.1389 0.8572
vn -0.0769 0.0106 0.9970
vn -0.0107 -0.4848 0.8746
vn -0.0145 0.0016 0.9999
vn -0.0132 0.0011 0.9999
vn -0.0179 0.0080 0.9998
vn -0.0232 0.0002 0.9997
vn -0.0118 -0.0016 0.9999
vn -0.0066 0.0015 1.0000
vn -0.0089 0.0017 1.0000
vn -0.0302 0.0087 0.9995
vn -0.4452 0.1682 0.8795
vn -0.0109 -0.0092 0.9999
vn -0.0017 0.0041 1.0000
vn -0.0168 -0.0063 0.9998
vn -0.6657 0.4150 0.6201
vn -0.1177 0.0588 0.9913
vn -0.0298 0.0061 0.9995
vn -0.0037 -0.0559 0.9984
vn -0.0019 -0.0023 1.0000
vn -0.0009 0.0004 1.0000
vn 0.0066 -0.0004 1.0000
vn -0.3598 0.2816 0.8895
vn 0.0016 -0.0007 1.0000
vn 0.0174 -0.0382 0.9991
vn -0.0004 -0.0000 1.0000
vn -0.0292 0.0376 0.9989
vn -0.0037 -0.5727 0.8198
vn 0.0031 0.0144 0.9999
vn 0.0565 0.0478 0.9973
vn 0.0025 -0.0006 1.0000
vn 0.0013 -0.0003 1.0000
vn -0.0002 0.0044 1.0000
vn 0.0066 0.0038 1.0000
vn 0.0086 -0.0025 1.0000
vn 0.0007 -0.0049 1.0000
vn -0.0000 -0.0121 0.9999
vn -0.0216 -0.0074 0.9997
vn 0.0067 0.0002 1.0000
vn 0.0049 0.0003 1.0000
vn -0.2388 0.3364 0.9109
vn -0.0123 -0.0403 0.9991
vn 0.0063 0.0015 1.0000
vn 0.0026 -0.0598 0.9982
vn 0.0082 0.0041 1.0000
vn 0.0003 -0.5137 0.8580
vn 0.0129 0.2032 0.9790
vn -0.5527 0.5466 0.6291
vn 0.0001 -0.0000 1.0000
vn 0.0009 0.0034 1.0000
vn 0.0488 0.1252 0.9909
vn 0.0024 -0.0000 1.0000
vn -0.0020 -0.0008 1.0000
vn 0.0023 -0.0003 1.0000
vn 0.0024 -0.0004 1.0000
vn -0.1017 0.2660 0.9586
vn -0.3096 0.1469 0.9394
vn 0.0133 0.0063 0.9999
vn 0.0067 -0.0041 1.0000
vn -0.1931 -0.1736 0.9657
vn -0.0086 -0.0066 0.9999
vn 0.0030 -0.0026 1.0000
vn 0.0006 0.0068 1.0000
vn 0.0020 0.0020 1.0000
vn 0.0039 -0.0013 1.0000
vn -0.1710 0.0133 0.9852
vn -0.0971 0.1019 0.9900
vn -0.3139 0.4016 0.8603
vn -0.0047 -0.0495 0.9988
vn -0.0022 0.0097 1.0000
vn -0.0003 0.0035 1.0000
vn 0.0036 -0.0008 1.0000
vn 0.0043 0.0026 1.0000
vn 0.0036 -0.0039 1.0000
vn 0.0010 -0.0043 1.0000
vn 0.0014 -0.0017 1.0000
vn 0.0027 0.0002 1.0000
vn 0.0013 -0.0031 1.0000
vn -0.0195 0.0078 0.9998
vn -0.0004 -0.0018 1.0000
vn -0.0558 0.0627 0.9965
vn -0.0007 0.0005 1.0000
vn -0.0003 -0.0011 1.0000
vn 0.0004 0.0003 1.0000
vn 0.0018 -0.0049 1.0000
vn -0.0013 0.0071 1.0000
vn -0.0051 -0.4890 0.8723
vn 0.0035 -0.0388 0.9992
vn 0.0002 -0.0023 1.0000
vn -0.2141 0.3828 0.8987
vn -0.0037 0.0032 1.0000
vn 0.0014 -0.0030 1.0000
vn 0.0011 0.0016 1.0000
vn -0.0127 -0.0026 0.9999
vn 0.0043 -0.0042 1.0000
vn -0.0230 0.0538 0.9983
vn 0.0023 -0.0027 1.0000
vn 0.0007 0.0015 1.0000
vn -0.0012 -0.0007 1.0000
vn -0.0008 0.0013 1.0000
vn -0.0008 0.0007 1.0000
vn 0.0005 -0.0009 1.0000
vn 0.0001 -0.0002 1.0000
vn -0.1527 0.3892 0.9084
vn -0.0012 -0.4328 0.9015
vn -0.0031 -0.0376 0.9993
vn 0.0015 0.0050 1.0000
vn 0.0053 -0.0016 1.0000
vn 0.0006 -0.0023 1.0000
vn 0.0009 0.0029 1.0000
vn -0.0001 0.0019 1.0000
vn -0.0009 0.0020 1.0000
vn 0.0002 -0.0016 1.0000
vn 0.0001 -0.0013 1.0000
vn -0.0011 0.0006 1.0000
vn -0.0131 0.0442 0.9989
vn 0.0001 0.0002 1.0000
vn -0.0000 -0.0006 1.0000
vn 0.0004 0.0036 1.0000
vn 0.0013 -0.0000 1.0000
vn 0.0035 -0.0029 1.0000
vn -0.0000 -0.0002 1.0000
vn -0.0000 0.0015 1.0000
vn 0.0022 -0.0004 1.0000
vn 0.0026 -0.0009 1.0000
vn 0.0001 0.0027 1.0000
vn 0.0010 0.0010 1.0000
vn 0.0008 0.0003 1.0000
vn 0.0008 -0.0000 1.0000
vn -0.0043 -0.0387 0.9992
vn -0.0003 -0.0015 1.0000
vn -0.0012 0.0059 1.0000
vn -0.0002 0.0018 1.0000
vn -0.0001 -0.0007 1.0000
vn -0.0253 0.3198 0.9472
vn -0.1445 0.6957 0.7036
vn -0.0001 0.0009 1.0000
vn 0.0006 -0.0030 1.0000
vn 0.0003 -0.0005 1.0000
vn -0.0001 -0.0003 1.0000
vn 0.0007 -0.0001 1.0000
vn -0.0013 -0.0034 1.0000
vn 0.0401 0.8159 0.5768
vn 0.0008 -0.3728 0.9279
vn -0.0032 -0.0036 1.0000
vn 0.0001 0.0004 1.0000
vn -0.0006 0.0012 1.0000
vn -0.0013 0.0002 1.0000
vn -0.0007 0.0033 1.0000
vn 0.0024 -0.0382 0.9993
vn -0.0005 -0.0008 1.0000
vn 0.0021 -0.0000 1.0000
vn -0.0010 -0.0006 1.0000
vn 0.0032 0.0557 0.9984
vn -0.0028 -0.0003 1.0000
vn -0.0014 -0.0020 1.0000
vn -0.0017 -0.0016 1.0000
vn 0.0001 -0.0009 1.0000
vn -0.0009 -0.0043 1.0000
vn 0.0906 0.5180 0.8506
vn -0.0014 0.0048 1.0000
vn -0.0021 0.0004 1.0000
vn -0.0010 0.0001 1.0000
vn 0.0003 0.0041 1.0000
vn 0.0012 0.0013 1.0000
vn 0.0003 0.0004 1.0000
vn 0.0002 -0.0005 1.0000
vn 0.0214 0.0597 0.9980
vn 0.1524 -0.5195 0.8408
vn 0.0001 0.0011 1.0000
vn 0.0005 0.0005 1.0000
vn 0.0027 -0.0006 1.0000
vn 0.0015 -0.0111 0.9999
vn 0.0012 0.0043 1.0000
vn -0.0001 0.0003 1.0000
vn -0.0012 -0.0042 1.0000
vn 0.0005 -0.0000 1.0000
vn 0.0014 -0.0005 1.0000
vn -0.0000 0.0085 1.0000
vn 0.0022 0.0007 1.0000
vn 0.1381 0.3407 0.9300
vn 0.2740 0.8062 0.5243
vn 0.0013 -0.2786 0.9604
vn 0.0080 0.0121 0.9999
vn 0.1612 -0.6750 0.7200
vn 0.0024 -0.0017 1.0000
vn 0.0032 -0.0011 1.0000
vn 0.0008 -0.0007 1.0000
vn -0.0004 -0.0021 1.0000
vn 0.0001 -0.0027 1.0000
vn 0.4052 0.7903 0.4596
vn 0.0007 -0.0000 1.0000
vn -0.0026 0.0009 1.0000
vn 0.0003 0.0003 1.0000
vn 0.0008 0.0015 1.0000
vn 0.0011 0.0025 1.0000
vn 0.0009 0.0020 1.0000
vn 0.0284 0.0016 0.9996
vn 0.0010 0.0017 1.0000
vn 0.0008 -0.0030 1.0000
vn 0.0354 0.0628 0.9974
vn -0.0003 0.0011 1.0000
vn 0.0113 -0.0068 0.9999
vn -0.0024 0.0013 1.0000
vn -0.0002 0.0037 1.0000
vn 0.0033 -0.0639 0.9980
vn 0.0062 0.0154 0.9999
vn -0.0041 0.0031 1.0000
vn -0.0016 -0.0012 1.0000
vn -0.0033 -0.0016 1.0000
vn 0.0002 0.0033 1.0000
vn 0.2653 0.4770 0.8379
vn -0.0019 -0.0013 1.0000
vn 0.0026 -0.0007 1.0000
vn -0.0022 0.0011 1.0000
vn -0.0041 -0.0047 1.0000
vn 0.0055 -0.0183 0.9998
vn 0.0054 -0.0112 0.9999
vn -0.0023 0.0017 1.0000
vn -0.0051 -0.0061 1.0000
vn 0.0191 0.0259 0.9995
vn 0.4228 0.6464 0.6352
vn 0.0078 -0.0213 0.9997
vn -0.0031 -0.0007 1.0000
vn 0.0034 0.0010 1.0000
vn -0.0009 -0.0005 1.0000
vn -0.0010 0.0026 1.0000
vn 0.0030 0.0185 0.9998
vn -0.0008 -0.0102 0.9999
vn 0.1766 0.2636 0.9483
vn -0.0131 0.0213 0.9997
vn -0.0048 0.0041 1.0000
vn -0.0054 -0.0001 1.0000
vn -0.0006 -0.0496 0.9988
vn -0.0037 -0.0034 1.0000
vn -0.0028 0.0003 1.0000
vn 0.5381 0.7233 0.4328
vn -0.0051 0.0021 1.0000
vn -0.0051 -0.0000 1.0000
vn -0.0271 0.0026 0.9996
vn -0.0046 -0.0004 1.0000
vn 0.3810 0.4478 0.8089
vn -0.0090 -0.0042 1.0000
vn -0.0039 -0.0060 1.0000
vn -0.0044 0.0002 1.0000
vn 0.0417 0.0388 0.9984
vn -0.0016 0.0010 1.0000
vn -0.0072 -0.0007 1.0000
vn 0.0191 -0.0023 0.9998
vn -0.0045 0.0018 1.0000
vn 0.0002 -0.0033 1.0000
vn 0.3424 0.3378 0.8767
vn -0.0058 0.0003 1.0000
vn -0.0069 0.0028 1.0000
vn 0.0035 0.0005 1.0000
vn -0.0064 -0.0253 0.9997
vn 0.0160 -0.0127 0.9998
vn -0.0187 -0.0009 0.9998
vn -0.0015 0.0007 1.0000
vn 0.0021 0.0001 1.0000
vn 0.0161 0.0089 0.9998
vn -0.0062 -0.0026 1.0000
vn 0.0017 0.0017 1.0000
vn 0.0399 0.0203 0.9990
vn 0.0097 0.0012 1.0000
vn 0.0025 0.0098 0.9999
vn 0.0086 -0.0003 1.0000
vn 0.3616 0.2609 0.8951
vn 0.0150 0.0333 0.9993
vn 0.0156 -0.0006 0.9999
vn 0.0090 0.0017 1.0000
vn 0.0348 0.0005 0.9994
vn 0.0673 0.0244 0.9974
vn 0.2733 0.1419 0.9514
vn 0.0064 -0.0013 1.0000
vn 0.1093 -0.0336 0.9934
vn 0.0257 -0.0086 0.9996
vn 0.2767 0.0591 0.9591
vn -0.0064 -0.3497 0.9368
vn 0.0568 -0.0035 0.9984
vn 0.0449 0.0025 0.9990
vn 0.0561 -0.0001 0.9984
vn 0.0060 -0.0191 0.9998
vn 0.0486 0.0084 0.9988
vn 0.1690 -0.0979 0.9808
vn 0.0469 0.0065 0.9989
vn 0.5891 0.1919 0.7850
vn 0.0394 0.0213 0.9990
vn 0.0288 0.0680 0.9973
vn -0.0587 0.0836 0.9948
vn 0.0689 0.0016 0.9976
vn 0.1005 -0.0103 0.9949
vn -0.1566 0.2473 0.9562
vn 0.2714 -0.0237 0.9622
vn 0.3839 0.0479 0.9221
vn 0.6175 0.1178 0.7777
vn 0.5319 -0.0563 0.8450
vn 0.4126 0.0166 0.9108
vn 0.4387 -0.0013 0.8986
vn 0.0843 -0.0037 0.9964
vn 0.5112 -0.1002 0.8536
vn 0.4967 0.0093 0.8679
vn 0.4780 -0.0096 0.8783
vn 0.1387 -0.3564 0.9240
vn 0.1043 0.0038 0.9945
vn 0.4880 0.2023 0.8491
vn 0.6768 0.0270 0.7356
vn 0.1154 0.0146 0.9932
vn 0.4895 0.1514 0.8588
vn 0.4814 0.1044 0.8703
vn 0.8153 -0.1208 0.5662
vn 0.6166 -0.1803 0.7663
vn 0.4222 -0.6936 0.5836
vn 0.4334 0.0142 0.9011
vn 0.4752 0.0399 0.8790
vn 0.6971 0.0325 0.7162
vn 0.8367 -0.3055 0.4545
vn -0.9994 0.0349 -0.0072
vn -0.9216 -0.3878 -0.0128
vn -0.9928 -0.1200 -0.0033
vn -0.9987 0.0500 -0.0021
vn -0.9796 -0.2008 0.0073
vn -0.9995 0.0313 0.0001
vn -0.9034 -0.4277 0.0292
vn -0.8825 -0.3835 0.2722
vn -0.9996 0.0272 -0.0009
vn -0.7327 -0.6805 0.0053
vn -0.9445 -0.1679 -0.2823
vn -0.9425 0.0499 0.3305
vn -0.6689 -0.1422 0.7297
vn -0.9493 0.0557 -0.3092
vn -0.9986 0.0519 -0.0062
vn -0.9961 0.0831 0.0313
vn -0.9982 0.0601 0.0001
vn -0.9643 0.0460 0.2607
vn -0.9985 0.0550 0.0081
vn -0.9347 0.0546 -0.3511
vn -0.9987 0.0506 -0.0091
vn -0.9982 0.0520 -0.0313
vn -0.9991 0.0425 0.0096
vn -0.6613 -0.2676 -0.7007
vn -0.7523 0.0184 -0.6586
vn -0.7823 0.0414 -0.6215
vn -0.9995 0.0301 -0.0070
vn -0.9554 0.0293 -0.2938
vn -0.9421 0.0218 0.3347
vn -0.8193 -0.0023 0.5734
vn -0.9980 0.0623 0.0057
vn -0.9975 0.0706 -0.0004
vn -0.9965 0.0798 -0.0234
vn -0.9824 0.0656 0.1748
vn -0.9019 0.0208 0.4314
vn -0.9929 0.1169 -0.0209
vn -0.9922 0.0974 -0.0775
vn -0.9910 0.1324 0.0192
vn -0.9912 0.1326 -0.0009
vn -0.9581 0.1096 0.2647
vn -0.6796 -0.7327 0.0361
vn -0.8493 0.0105 -0.5278
vn -0.9447 0.1157 -0.3067
vn -0.9858 0.1404 -0.0919
vn -0.9892 0.1458 -0.0135
vn -0.9807 0.1862 0.0595
vn -0.6163 -0.7082 0.3444
vn -0.9940 0.1095 0.0042
vn -0.6512 -0.0184 -0.7587
vn -0.6868 0.0657 0.7239
vn -0.9188 0.1790 0.3518
vn -0.9966 0.0796 0.0232
vn -0.9939 0.1037 0.0386
vn -0.9996 0.0201 -0.0197
vn -0.9998 0.0221 0.0028
vn -0.9998 -0.0103 0.0172
vn -0.8245 -0.0050 0.5659
vn -0.9994 -0.0301 -0.0166
vn -0.8955 0.0548 0.4417
vn -0.9944 -0.0129 -0.1046
vn -0.9996 -0.0248 0.0152
vn -0.9994 -0.0326 -0.0121
vn -0.7959 -0.1956 -0.5729
vn -0.9998 -0.0179 0.0058
vn -0.9845 -0.0109 0.1753
vn -0.9871 0.0232 0.1586
vn -0.9950 0.0345 -0.0933
vn -1.0000 -0.0058 -0.0011
vn -1.0000 0.0035 0.0003
vn -0.9379 0.0072 -0.3469
vn -0.9998 0.0204 0.0009
vn -0.9596 0.0484 -0.2770
vn -0.9992 0.0255 0.0318
vn -0.9959 0.0425 -0.0798
vn -0.9998 0.0219 -0.0038
vn -0.9700 0.0252 0.2416
vn -0.9934 0.0136 0.1141
vn -0.9990 0.0206 -0.0385
vn -0.9998 0.0173 0.0085
vn -0.9996 0.0145 -0.0231
vn -0.9915 0.0242 0.1275
vn -0.9999 0.0099 -0.0093
vn -0.9998 0.0113 0.0175
vn -0.9969 0.0097 -0.0775
vn -0.9998 0.0155 0.0153
vn -0.9949 0.0204 0.0993
vn -0.9992 0.0310 -0.0244
vn -0.3130 0.0008 0.9497
vn -0.4502 0.0128 0.8929
vn -0.5847 0.1165 -0.8028
vn -0.3761 0.0819 0.9229
vn -0.8889 0.2171 -0.4034
vn -0.7270 0.2783 0.6277
vn -0.6904 -0.2030 0.6944
vn -0.9029 -0.0964 0.4190
vn -0.9353 0.0130 0.3535
vn -0.9644 0.0364 -0.2618
vn -0.9322 0.0232 0.3611
vn -0.9940 0.0186 -0.1074
vn -0.9594 0.0205 -0.2812
vn -0.9523 0.0211 0.3045
vn -0.9789 0.0386 0.2005
vn -0.9912 0.0197 -0.1310
vn -0.9575 0.0055 -0.2883
vn -0.9966 0.0489 0.0657
vn -0.9978 0.0644 0.0153
vn -0.9930 0.0904 -0.0757
vn -0.9896 0.1129 0.0896
vn -0.9928 0.1151 -0.0319
vn -0.9869 0.1588 0.0272
vn -0.7621 0.2919 0.5779
vn -0.4277 0.1848 -0.8848
vn -0.4390 -0.0594 0.8965
vn -0.9055 0.0200 0.4239
vn -0.9412 0.0163 -0.3375
vn -0.9610 0.0829 -0.2639
vn -0.9476 0.1052 0.3017
vn -0.9634 0.1928 -0.1864
vn -0.9707 0.2253 0.0837
vn -0.9757 0.2191 0.0011
vn -0.9742 0.2195 -0.0520
vn -0.8187 -0.0833 0.5681
vn -0.6396 0.0288 -0.7682
vn -0.8451 0.0582 0.5314
vn -0.9004 0.1627 -0.4034
vn -0.9546 0.2022 0.2188
vn -0.9636 0.2662 0.0235
vn -0.6805 0.3970 -0.6159
vn -0.6574 0.3728 0.6548
vn -0.4604 -0.2023 0.8644
vn -0.2998 0.0127 0.9539
vn -0.5614 0.0048 0.8276
vn -0.6983 0.0858 0.7107
vn -0.8454 0.1753 0.5045
vn -0.9545 0.2826 -0.0949
vn -0.9480 0.3175 -0.0206
vn -0.8949 0.3439 -0.2842
vn -0.8859 0.2462 0.3931
vn -0.9549 0.2868 0.0769
vn -0.3739 0.2640 -0.8891
vn -0.9063 0.2158 -0.3633
vn -0.9315 0.3635 0.0151
vn -0.5126 0.1055 -0.8521
vn -0.9126 0.3421 0.2240
vn -0.7050 -0.0073 -0.7091
vn -0.9121 0.4049 -0.0646
vn -0.9001 0.4289 0.0762
vn -0.8970 0.4417 -0.0164
vn -0.2006 -0.0072 0.9796
vn -0.7237 0.2770 -0.6321
vn -0.8217 0.3808 0.4240
vn -0.8563 0.4847 0.1783
vn -0.8647 0.4962 -0.0787
vn -0.8887 0.4578 0.0242
vn -0.4453 0.1682 0.8795
vn -0.8292 0.4144 -0.3751
vn -0.8395 0.5434 -0.0019
vn -0.8453 0.5322 0.0482
vn -0.8098 0.5395 -0.2305
vn -0.5253 0.2823 -0.8028
vn -0.6658 0.4150 0.6201
vn -0.8227 0.5616 0.0878
vn -0.8136 0.5808 -0.0285
vn -0.7521 0.5770 0.3186
vn -0.6774 0.5130 -0.5273
vn -0.7984 0.5954 -0.0900
vn -0.8646 0.4962 -0.0787
vn -0.7826 0.6216 0.0328
vn -0.8394 0.5434 -0.0019
vn -0.8452 0.5322 0.0482
vn -0.7766 0.6235 0.0903
vn -0.7520 0.5770 0.3186
vn -0.7551 0.6556 0.0001
vn -0.7349 0.6238 -0.2658
vn -0.7608 0.6452 -0.0698
vn -0.3598 0.2817 0.8895
vn -0.6111 0.5373 0.5813
vn -0.6657 0.4151 0.6201
vn -0.6915 0.6605 0.2925
vn -0.5745 0.5518 -0.6045
vn -0.3957 0.4115 -0.8210
vn -0.6901 0.7233 0.0238
vn -0.2389 0.3364 0.9109
vn -0.7023 0.6982 -0.1393
vn -0.7033 0.7054 0.0887
vn -0.5781 0.6550 -0.4865
vn -0.6885 0.7243 -0.0367
vn -0.6350 0.7724 -0.0139
vn -0.2860 0.4166 -0.8629
vn -0.6180 0.7767 -0.1218
vn -0.6230 0.7522 0.2147
vn -0.5520 0.6629 0.5059
vn -0.6189 0.7840 0.0480
vn -0.3140 0.4017 0.8603
vn -0.5564 0.7208 -0.4135
vn -0.5316 0.7230 0.4412
vn -0.4389 0.3744 -0.8169
vn -0.5909 0.8017 -0.0896
vn -0.5812 0.8138 -0.0026
vn -0.3727 0.4723 -0.7988
vn -0.5629 0.8156 0.1337
vn -0.5380 0.8419 0.0413
vn -0.5281 0.8205 -0.2189
vn -0.5009 0.8006 0.3290
vn -0.5076 0.8604 -0.0455
vn -0.5019 0.8649 -0.0071
vn -0.4396 0.6686 0.5998
vn -0.4475 0.7121 -0.5410
vn -0.4829 0.8708 0.0924
vn -0.2141 0.3829 0.8986
vn -0.4246 0.9004 -0.0952
vn -0.4244 0.9053 0.0148
vn -0.3863 0.9215 -0.0397
vn -0.1920 0.3604 -0.9128
vn -0.3722 0.7296 0.5737
vn -0.3896 0.8247 -0.4101
vn -0.4177 0.8706 0.2600
vn -0.3374 0.9403 -0.0451
vn -0.2991 0.7702 0.5632
vn -0.3235 0.9460 0.0207
vn -0.1736 0.9829 -0.0615
vn -0.2893 0.9273 -0.2374
vn -0.1535 0.9874 -0.0394
vn -0.2679 0.9537 0.1364
vn -0.2043 0.8252 -0.5266
vn -0.1074 0.9909 -0.0816
vn -0.1219 0.9891 -0.0828
vn 0.0765 0.9927 -0.0928
vn 0.0166 0.9975 0.0683
vn -0.1334 0.8971 0.4211
vn -0.0625 0.5962 -0.8004
vn -0.1445 0.6958 0.7036
vn 0.1761 0.9800 0.0927
vn -0.1259 0.8845 -0.4492
vn -0.0742 0.9853 -0.1542
vn -0.1022 0.9943 -0.0319
vn -0.0331 0.9746 -0.2215
vn -0.1232 0.9604 0.2498
vn -0.0511 0.9962 -0.0712
vn -0.2410 0.9635 0.1163
vn -0.1248 0.9860 -0.1105
vn 0.0312 0.9904 0.1347
vn -0.2520 0.9559 -0.1510
vn -0.2808 0.9522 0.1199
vn -0.1467 0.9848 -0.0930
vn -0.1683 0.9782 0.1219
vn -0.0262 0.7810 -0.6240
vn 0.1425 0.9161 0.3747
vn 0.0699 0.9974 0.0186
vn 0.1386 0.9892 0.0476
vn 0.0159 0.9807 -0.1948
vn 0.0114 0.9999 0.0094
vn 0.0906 0.5181 0.8505
vn -0.0551 0.9981 -0.0277
vn 0.2740 0.8063 0.5243
vn 0.2313 0.8733 -0.4287
vn 0.2734 0.9558 -0.1082
vn 0.1320 0.6151 -0.7773
vn 0.2878 0.9575 0.0203
vn 0.2938 0.9556 -0.0214
vn 0.2658 0.9451 0.1900
vn 0.3350 0.7638 -0.5517
vn 0.3523 0.9001 -0.2561
vn 0.3489 0.9364 0.0382
vn 0.4103 0.9103 -0.0555
vn 0.3818 0.8815 0.2778
vn 0.4405 0.8978 -0.0017
vn 0.4103 0.9102 -0.0555
vn 0.2879 0.9575 0.0203
vn 0.4739 0.8799 0.0347
vn 0.4488 0.8473 -0.2839
vn 0.3523 0.9001 -0.2562
vn 0.4449 0.8855 0.1339
vn 0.3818 0.8815 0.2777
vn 0.4052 0.7903 0.4595
vn 0.4973 0.8513 0.1672
vn 0.5000 0.8642 -0.0564
vn 0.5142 0.8576 0.0106
vn 0.5008 0.8182 -0.2824
vn 0.5452 0.8369 0.0479
vn 0.5600 0.8283 -0.0182
vn 0.4228 0.6464 0.6351
vn 0.2653 0.4771 0.8378
vn 0.3936 0.6150 -0.6832
vn 0.5424 0.8092 0.2258
vn 0.5727 0.8196 0.0147
vn 0.5706 0.8191 -0.0592
vn 0.6157 0.7869 0.0410
vn 0.6018 0.7698 -0.2124
vn 0.5279 0.6903 -0.4948
vn 0.6365 0.7713 -0.0063
vn 0.6265 0.7687 0.1287
vn 0.6486 0.7598 -0.0444
vn 0.6798 0.7322 0.0415
vn 0.6614 0.6966 -0.2782
vn 0.6824 0.7307 0.0195
vn 0.3809 0.4479 0.8089
vn 0.6541 0.7112 0.2577
vn 0.3424 0.3379 0.8767
vn 0.7012 0.7049 -0.1069
vn 0.6954 0.7183 -0.0184
vn 0.3908 0.3577 -0.8481
vn 0.7434 0.6688 0.0096
vn 0.6849 0.5990 0.4148
vn 0.7346 0.6743 0.0748
vn 0.7478 0.6627 -0.0405
vn 0.6963 0.6294 -0.3449
vn 0.3617 0.2609 0.8951
vn 0.7871 0.6093 -0.0963
vn 0.7694 0.4540 0.4494
vn 0.8327 0.5534 0.0164
vn 0.8162 0.5514 0.1725
vn 0.8072 0.5897 -0.0273
vn 0.8232 0.5269 -0.2113
vn 0.8432 0.5376 -0.0024
vn 0.2734 0.1419 0.9514
vn 0.7863 0.3526 -0.5073
vn 0.8698 0.4910 0.0490
vn 0.8626 0.5047 -0.0345
vn 0.4626 0.1695 -0.8702
vn 0.7944 0.3748 0.4780
vn 0.8913 0.4104 0.1930
vn 0.8994 0.4123 -0.1453
vn 0.5891 0.1919 0.7849
vn 0.9001 0.4358 0.0012
vn 0.9173 0.3980 0.0096
vn 0.8911 0.3045 0.3363
vn 0.8756 0.2851 -0.3900
vn 0.9242 0.3808 -0.0293
vn 0.9415 0.3237 -0.0942
vn 0.2768 0.0590 0.9591
vn 0.8299 0.1798 0.5281
vn 0.9437 0.3220 0.0752
vn 0.9586 0.2846 0.0076
vn 0.9424 0.3344 -0.0027
vn 0.3839 0.0480 0.9221
vn 0.8636 0.1686 -0.4752
vn 0.9441 0.2523 0.2121
vn 0.9628 0.2692 -0.0233
vn 0.4127 0.0167 0.9107
vn 0.7913 0.0270 0.6109
vn 0.7762 -0.0035 -0.6305
vn 0.8109 0.0194 -0.5849
vn 0.4642 0.0116 -0.8857
vn 0.6770 -0.0078 -0.7359
vn 0.8685 0.1082 0.4838
vn 0.9585 0.2417 -0.1512
vn 0.9708 0.2347 0.0488
vn 0.5319 -0.0563 0.8449
vn 0.6176 0.1177 0.7776
vn 0.8192 -0.0518 0.5712
vn 0.8282 -0.0898 -0.5532
vn 0.5297 0.0724 -0.8451
vn 0.7937 -0.0319 -0.6074
vn 0.6208 -0.1056 -0.7768
vn 0.6256 -0.1924 -0.7561
vn 0.4472 0.0043 -0.8944
vn 0.4968 0.0093 0.8678
vn 0.8179 -0.0044 0.5754
vn 0.7903 0.0180 -0.6124
vn 0.8255 0.0118 0.5643
vn 0.7684 0.0275 0.6394
vn 0.7975 0.0185 -0.6031
vn 0.8230 0.0040 0.5681
vn 0.8485 0.0336 0.5281
vn 0.8778 0.0895 -0.4705
vn 0.9813 0.1900 -0.0301
vn 0.4682 0.0573 -0.8818
vn 0.8904 0.1313 -0.4358
vn 0.8154 -0.1209 0.5662
vn 0.9755 0.0157 -0.2195
vn 0.9672 0.1628 -0.1949
vn 0.9642 0.1701 0.2035
vn 0.9815 0.1914 -0.0012
vn 0.9801 0.1965 0.0283
vn 0.9593 -0.0637 -0.2752
vn 0.6769 0.0270 0.7356
vn 0.9811 0.1044 -0.1626
vn 0.9869 0.1508 0.0567
vn 0.8684 0.2468 -0.4301
vn 0.8490 0.2476 0.4668
vn 0.9503 0.1992 0.2394
vn 0.9774 0.0168 -0.2109
vn 0.9522 0.0148 0.3050
vn 0.9611 0.0205 0.2755
vn 0.9472 0.0411 -0.3181
vn 0.9609 0.0786 0.2655
vn 0.9911 0.1285 -0.0358
vn 0.9936 0.1112 0.0204
vn 0.4814 0.1044 0.8702
vn 0.9510 0.2101 -0.2269
vn 0.4881 0.2023 0.8491
vn 0.7972 0.1213 0.5914
vn 0.9481 0.0896 -0.3051
vn 0.5401 0.2714 -0.7966
vn 0.9731 0.0894 0.2125
vn 0.9902 0.0132 0.1394
vn 0.9587 0.0151 -0.2839
vn 0.9758 0.0206 -0.2175
vn 0.9998 0.0063 -0.0208
vn 0.9996 0.0149 -0.0256
vn 0.9790 0.0296 0.2015
vn 0.9994 0.0143 0.0309
vn 0.9976 0.0556 0.0418
vn 0.9976 0.0460 -0.0515
vn 0.9980 0.0621 -0.0119
vn 0.9997 0.0242 0.0089
vn 0.9926 0.1211 -0.0046
vn 0.8876 0.1630 0.4307
vn 0.9782 0.2070 0.0187
vn 0.9960 0.0896 -0.0009
vn 0.9930 0.1179 0.0063
vn 0.9798 -0.1026 0.1718
vn 0.9927 -0.1179 -0.0256
vn 0.9989 0.0460 -0.0008
vn 0.9931 -0.1126 0.0328
vn 0.9981 -0.0503 0.0365
vn 0.9892 0.1457 0.0133
vn 0.9869 -0.1608 -0.0110
vn 0.9866 -0.1610 -0.0281
vn 0.9662 -0.0676 -0.2488
vn 0.9995 0.0313 -0.0006
vn 0.9999 0.0109 0.0024
vn 0.9959 0.0892 -0.0121
vn 0.9974 0.0674 0.0274
vn 0.9986 0.0521 -0.0014
vn 1.0000 0.0018 -0.0003
vn 1.0000 0.0099 0.0004
vn 0.9996 0.0116 0.0244
vn 1.0000 0.0011 -0.0038
vn 0.9999 0.0085 0.0076
vn 0.9999 0.0107 -0.0084
vn 1.0000 0.0056 -0.0040
vn 0.9994 0.0106 0.0315
vn 0.9999 0.0068 0.0104
vn 0.4752 0.0399 0.8789
vn 0.9427 0.1335 -0.3058
vn 0.5039 0.0837 -0.8597
vn 0.9587 0.2367 -0.1577
vn 0.9771 0.2116 0.0209
vn 0.9850 0.1726 0.0002
vn 0.9996 -0.0229 0.0142
vn 0.9884 -0.0063 0.1520
vn 0.9973 -0.0693 -0.0233
vn 0.9937 0.1108 -0.0147
vn 0.9971 0.0764 0.0006
vn 0.8887 0.0328 -0.4574
vn 0.3992 -0.0244 -0.9165
vn 0.9507 0.0456 0.3068
vn 0.9216 0.0455 -0.3855
vn 0.9699 0.0434 -0.2394
vn 0.9408 0.0554 0.3344
vn 0.9538 0.2124 0.2126
vn 0.9820 0.1888 -0.0101
vn 0.9845 0.1694 0.0465
vn 0.9945 0.1005 0.0303
vn 0.8825 0.0424 -0.4685
vn 0.6895 -0.3139 -0.6528
vn 0.6167 -0.1803 0.7663
vn 0.9485 0.0242 0.3158
vn 0.9694 0.0705 0.2351
vn 0.9937 0.0970 0.0558
vn 0.9932 0.1138 -0.0263
vn 0.9956 0.0916 0.0190
vn 0.8368 -0.3055 0.4544
vn 0.9953 0.0591 -0.0764
vn 0.9953 0.0528 0.0814
vn 0.9977 0.0663 0.0105
vn 0.9976 0.0593 0.0353
vn 0.9972 0.0700 -0.0259
vn 0.9936 0.0632 -0.0933
vn 0.9977 0.0671 0.0015
vn 0.9976 0.0678 0.0103
vn 0.9981 0.0598 0.0135
vn 0.9978 0.0650 0.0106
vn 0.9973 0.0709 -0.0171
vn 0.8485 -0.5258 0.0594
vn 0.7872 -0.6165 -0.0149
vn 0.6054 -0.7958 0.0116
vn 0.9842 -0.1772 -0.0048
vn 0.9856 -0.0641 -0.1566
vn 0.7157 -0.6563 -0.2390
vn 0.9988 -0.0476 0.0086
vn 0.8517 -0.5238 0.0130
vn 0.9981 -0.0250 0.0554
vn 0.9981 0.0614 0.0044
vn 0.9994 0.0346 -0.0097
vn 0.9974 0.0726 -0.0017
vt 0.102082 0.983645
vt 0.087440 0.990695
vt 0.110365 0.999492
vt 0.112925 0.968332
vt 0.125640 0.985633
vt 0.091366 0.963022
vt 0.073848 0.982465
vt 0.058185 0.977362
vt 0.067699 0.958331
vt 0.049594 0.974991
vt 0.056950 0.961771
vt 0.124835 0.955040
vt 0.048152 0.957406
vt 0.133118 0.968113
vt 0.103868 0.955680
vt 0.078467 0.949177
vt 0.052885 0.946717
vt 0.041648 0.971405
vt 0.092665 0.942109
vt 0.065540 0.936873
vt 0.039296 0.949957
vt 0.108548 0.915826
vt 0.138611 0.952857
vt 0.044004 0.932861
vt 0.132772 0.921308
vt 0.123146 0.917447
vt 0.053193 0.918933
vt 0.037251 0.924743
vt 0.139341 0.921875
vt 0.080947 0.913321
vt 0.066167 0.902217
vt 0.047402 0.890913
vt 0.093160 0.879056
vt 0.122779 0.862003
vt 0.130736 0.879642
vt 0.037494 0.882800
vt 0.139028 0.877304
vt 0.055917 0.858202
vt 0.071947 0.861882
vt 0.111935 0.843740
vt 0.044747 0.858667
vt 0.082216 0.831732
vt 0.037326 0.831564
vt 0.098742 0.830188
vt 0.133271 0.834427
vt 0.139981 0.840398
vt 0.045979 0.815478
vt 0.054913 0.800436
vt 0.126718 0.811549
vt 0.100488 0.794412
vt 0.138130 0.802333
vt 0.122548 0.783831
vt 0.064782 0.783672
vt 0.082570 0.789522
vt 0.036531 0.778112
vt 0.132972 0.763184
vt 0.044976 0.771418
vt 0.100067 0.755577
vt 0.141712 0.772876
vt 0.078289 0.745942
vt 0.051747 0.754138
vt 0.037065 0.735529
vt 0.123873 0.740284
vt 0.061952 0.735960
vt 0.042787 0.722763
vt 0.111096 0.725275
vt 0.132176 0.710708
vt 0.141291 0.738085
vt 0.095059 0.705293
vt 0.068389 0.699184
vt 0.051470 0.695208
vt 0.116966 0.692433
vt 0.139683 0.699106
vt 0.036639 0.695140
vt 0.042683 0.678364
vt 0.126161 0.671878
vt 0.064544 0.664843
vt 0.082940 0.664982
vt 0.036764 0.663401
vt 0.113316 0.657278
vt 0.134571 0.641680
vt 0.141068 0.640489
vt 0.052906 0.651048
vt 0.100323 0.642295
vt 0.062916 0.627543
vt 0.127556 0.633675
vt 0.043228 0.622536
vt 0.036885 0.629447
vt 0.081200 0.609212
vt 0.052132 0.618055
vt 0.116676 0.612307
vt 0.098679 0.605713
vt 0.129220 0.600590
vt 0.140350 0.605017
vt 0.036085 0.598147
vt 0.063239 0.588901
vt 0.046928 0.593517
vt 0.110468 0.572689
vt 0.137759 0.589925
vt 0.042500 0.582181
vt 0.092114 0.567094
vt 0.072500 0.556890
vt 0.051650 0.566812
vt 0.126376 0.572586
vt 0.134209 0.552777
vt 0.138358 0.585078
vt 0.141712 0.574491
vt 0.044816 0.565790
vt 0.141668 0.541028
vt 0.083972 0.520902
vt 0.114412 0.517650
vt 0.126619 0.524289
vt 0.050830 0.523170
vt 0.043994 0.521537
vt 0.035485 0.553630
vt 0.036389 0.508748
vt 0.063733 0.511488
vt 0.134785 0.496098
vt 0.141348 0.509412
vt 0.108352 0.463672
vt 0.053277 0.483413
vt 0.044242 0.477944
vt 0.140620 0.474876
vt 0.067694 0.463674
vt 0.124365 0.473552
vt 0.036965 0.468910
vt 0.087508 0.474548
vt 0.135551 0.455985
vt 0.051474 0.445171
vt 0.043555 0.434247
vt 0.087313 0.428726
vt 0.124332 0.441136
vt 0.036448 0.417668
vt 0.141229 0.422177
vt 0.132761 0.422368
vt 0.112768 0.432124
vt 0.102294 0.402090
vt 0.070651 0.398695
vt 0.061048 0.420608
vt 0.124853 0.408552
vt 0.053264 0.388262
vt 0.117354 0.401086
vt 0.042790 0.387641
vt 0.132324 0.386369
vt 0.090823 0.378671
vt 0.124492 0.373808
vt 0.141617 0.382849
vt 0.036865 0.367849
vt 0.112419 0.353894
vt 0.076846 0.366853
vt 0.101125 0.362885
vt 0.045670 0.358098
vt 0.060878 0.359995
vt 0.132027 0.350716
vt 0.138722 0.356213
vt 0.087110 0.355132
vt 0.073355 0.349481
vt 0.093356 0.340786
vt 0.052369 0.342205
vt 0.105989 0.335404
vt 0.037828 0.340511
vt 0.079050 0.332710
vt 0.060056 0.341159
vt 0.123044 0.343585
vt 0.044406 0.333905
vt 0.140209 0.332096
vt 0.129146 0.326486
vt 0.116519 0.321126
vt 0.062945 0.321276
vt 0.050938 0.317630
vt 0.135091 0.311463
vt 0.099838 0.312327
vt 0.126768 0.310652
vt 0.073698 0.304752
vt 0.119225 0.306980
vt 0.056046 0.304370
vt 0.994904 0.929346
vt 0.996163 0.952744
vt 0.985130 0.940381
vt 0.910620 0.920562
vt 0.918888 0.940163
vt 0.903420 0.937907
vt 0.868037 0.952744
vt 0.872055 0.935004
vt 0.878928 0.948607
vt 0.968267 0.931647
vt 0.986093 0.925477
vt 0.954322 0.919775
vt 0.941862 0.936976
vt 0.935942 0.923459
vt 0.878812 0.928796
vt 0.889433 0.942438
vt 0.864842 0.932696
vt 0.856641 0.940583
vt 0.986488 0.905156
vt 0.971135 0.897754
vt 0.887909 0.932492
vt 0.859278 0.919686
vt 0.844523 0.934479
vt 0.993270 0.910933
vt 0.890902 0.913693
vt 0.841448 0.919361
vt 0.829365 0.933236
vt 0.878693 0.917774
vt 0.815583 0.912103
vt 0.812100 0.933850
vt 0.797105 0.932258
vt 0.786469 0.902810
vt 0.754965 0.914793
vt 0.777225 0.932209
vt 0.755754 0.934896
vt 0.737624 0.934439
vt 0.717952 0.928635
vt 0.731216 0.923987
vt 0.946359 0.887100
vt 0.921706 0.896259
vt 0.869600 0.917065
vt 0.860825 0.897576
vt 0.993493 0.880344
vt 0.873792 0.901152
vt 0.714964 0.911580
vt 0.698090 0.911312
vt 0.697751 0.923092
vt 0.983956 0.857461
vt 0.900576 0.869491
vt 0.836164 0.885851
vt 0.731128 0.890607
vt 0.683446 0.905130
vt 0.923306 0.858862
vt 0.769978 0.865759
vt 0.707660 0.872085
vt 0.799887 0.876358
vt 0.877383 0.860976
vt 0.818614 0.864031
vt 0.750035 0.881187
vt 0.856998 0.867603
vt 0.685815 0.865281
vt 0.669037 0.871890
vt 0.666866 0.892773
vt 0.962234 0.850675
vt 0.937766 0.845117
vt 0.845526 0.844530
vt 0.993435 0.836610
vt 0.863914 0.825710
vt 0.742539 0.851904
vt 0.893968 0.827149
vt 0.655967 0.872823
vt 0.796189 0.833756
vt 0.724169 0.853633
vt 0.986067 0.810403
vt 0.831617 0.829519
vt 0.651809 0.840685
vt 0.644076 0.856202
vt 0.951753 0.815563
vt 0.757746 0.832494
vt 0.969746 0.819128
vt 0.708737 0.823730
vt 0.914220 0.815917
vt 0.814366 0.820476
vt 0.665793 0.826646
vt 0.632882 0.837329
vt 0.641987 0.863780
vt 0.625897 0.845864
vt 0.769219 0.804563
vt 0.731363 0.813565
vt 0.641311 0.839113
vt 0.992238 0.800347
vt 0.938446 0.796972
vt 0.884776 0.787488
vt 0.681019 0.805114
vt 0.849692 0.800611
vt 0.826270 0.795126
vt 0.644514 0.816884
vt 0.627608 0.816030
vt 0.635730 0.821809
vt 0.974479 0.766167
vt 0.749120 0.776807
vt 0.924200 0.776620
vt 0.909480 0.772034
vt 0.804224 0.795877
vt 0.787169 0.779890
vt 0.657301 0.792280
vt 0.988394 0.772452
vt 0.859067 0.770388
vt 0.702073 0.789141
vt 0.637493 0.802409
vt 0.993349 0.762744
vt 0.948880 0.756628
vt 0.729554 0.777483
vt 0.624193 0.797029
vt 0.613819 0.782740
vt 0.892483 0.750117
vt 0.839895 0.756604
vt 0.636413 0.781235
vt 0.817555 0.737377
vt 0.671307 0.764328
vt 0.800677 0.753346
vt 0.776058 0.741015
vt 0.689489 0.758260
vt 0.617953 0.763472
vt 0.989336 0.734025
vt 0.927899 0.731732
vt 0.872617 0.733442
vt 0.713912 0.744602
vt 0.646743 0.757791
vt 0.972073 0.717924
vt 0.947680 0.716878
vt 0.851747 0.725383
vt 0.627818 0.744723
vt 0.605489 0.753117
vt 0.911747 0.724749
vt 0.832875 0.707377
vt 0.888129 0.704267
vt 0.763704 0.706380
vt 0.662505 0.729307
vt 0.738797 0.719713
vt 0.640585 0.719059
vt 0.989514 0.699723
vt 0.799796 0.716685
vt 0.611809 0.716331
vt 0.680324 0.723316
vt 0.597546 0.718688
vt 0.866417 0.684357
vt 0.702029 0.696824
vt 0.909928 0.688645
vt 0.985863 0.675587
vt 0.952636 0.680586
vt 0.849668 0.681265
vt 0.929174 0.677641
vt 0.724751 0.698838
vt 0.800801 0.681621
vt 0.741895 0.680747
vt 0.674540 0.685496
vt 0.649489 0.665771
vt 0.785455 0.660063
vt 0.971413 0.660460
vt 0.990757 0.661214
vt 0.892048 0.663477
vt 0.596344 0.676856
vt 0.910366 0.647563
vt 0.633284 0.675623
vt 0.876195 0.649674
vt 0.611953 0.679155
vt 0.590971 0.671429
vt 0.983440 0.643542
vt 0.946474 0.648835
vt 0.821566 0.662831
vt 0.837741 0.650198
vt 0.719781 0.666156
vt 0.762107 0.661739
vt 0.927509 0.628874
vt 0.692012 0.638711
vt 0.858373 0.638519
vt 0.749213 0.611123
vt 0.964838 0.611862
vt 0.887644 0.624340
vt 0.805364 0.630676
vt 0.709663 0.633369
vt 0.673268 0.632471
vt 0.611795 0.639930
vt 0.988516 0.603565
vt 0.827286 0.625371
vt 0.732087 0.623227
vt 0.942638 0.615579
vt 0.628382 0.635266
vt 0.771914 0.604573
vt 0.650463 0.620655
vt 0.862752 0.607563
vt 0.789735 0.608467
vt 0.593774 0.630851
vt 0.901551 0.595228
vt 0.844506 0.615039
vt 0.584936 0.630865
vt 0.713792 0.585931
vt 0.622863 0.604072
vt 0.981269 0.582465
vt 0.922987 0.583864
vt 0.811995 0.590342
vt 0.944513 0.579315
vt 0.874488 0.577888
vt 0.686064 0.594178
vt 0.663095 0.590776
vt 0.842970 0.571257
vt 0.589302 0.604433
vt 0.605094 0.585381
vt 0.963896 0.557750
vt 0.928522 0.546044
vt 0.729103 0.562569
vt 0.597211 0.576689
vt 0.798629 0.559166
vt 0.753904 0.567537
vt 0.630175 0.560759
vt 0.989352 0.569052
vt 0.907195 0.539579
vt 0.778605 0.544867
vt 0.696235 0.559929
vt 0.984763 0.559503
vt 0.888331 0.546422
vt 0.821065 0.536788
vt 0.649726 0.555110
vt 0.589357 0.571785
vt 0.979092 0.554466
vt 0.988226 0.546531
vt 0.990095 0.553646
vt 0.947142 0.538511
vt 0.673297 0.552384
vt 0.872900 0.530671
vt 0.984761 0.536873
vt 0.609378 0.542253
vt 0.999771 0.531429
vt 0.974174 0.527034
vt 0.747824 0.524097
vt 0.707970 0.521474
vt 0.939669 0.509763
vt 0.853306 0.519999
vt 0.603071 0.531986
vt 0.958085 0.500620
vt 0.924690 0.501936
vt 0.892920 0.509736
vt 0.730164 0.518217
vt 0.985609 0.504144
vt 0.832518 0.493441
vt 0.807916 0.498594
vt 0.909854 0.502318
vt 0.760565 0.504397
vt 0.674228 0.517164
vt 0.689092 0.494409
vt 0.658683 0.505818
vt 0.977013 0.473823
vt 0.635433 0.500239
vt 0.620158 0.499864
vt 0.872598 0.485739
vt 0.781090 0.489467
vt 0.928495 0.465200
vt 0.851427 0.485224
vt 0.939850 0.469198
vt 0.894107 0.469238
vt 0.742373 0.472617
vt 0.985345 0.473027
vt 0.918406 0.477681
vt 0.702823 0.470565
vt 0.610936 0.490350
vt 0.955169 0.463103
vt 0.794423 0.451258
vt 0.725366 0.458965
vt 0.904189 0.453299
vt 0.754903 0.457447
vt 0.666960 0.460528
vt 0.648764 0.464637
vt 0.911923 0.456403
vt 0.819690 0.453290
vt 0.842704 0.452688
vt 0.985398 0.438975
vt 0.919351 0.454023
vt 0.866741 0.444500
vt 0.631743 0.465113
vt 0.620441 0.471308
vt 0.926868 0.443383
vt 0.772570 0.452961
vt 0.965059 0.431879
vt 0.923133 0.448743
vt 0.882363 0.422001
vt 0.682393 0.456527
vt 0.980070 0.427570
vt 0.941276 0.417887
vt 0.915282 0.445317
vt 0.911664 0.438034
vt 0.695514 0.420342
vt 0.629350 0.441228
vt 0.899923 0.414141
vt 0.833663 0.420697
vt 0.809884 0.423676
vt 0.763833 0.408334
vt 0.734610 0.409160
vt 0.644233 0.431790
vt 0.922097 0.429612
vt 0.788096 0.416579
vt 0.716711 0.428075
vt 0.973472 0.386842
vt 0.956384 0.389956
vt 0.680187 0.415689
vt 0.983604 0.387229
vt 0.922159 0.379491
vt 0.643551 0.411414
vt 0.847962 0.397243
vt 0.661913 0.408636
vt 0.820391 0.391427
vt 0.907274 0.375857
vt 0.875817 0.369040
vt 0.866957 0.387048
vt 0.707671 0.396896
vt 0.775544 0.384020
vt 0.749540 0.383800
vt 0.796944 0.371152
vt 0.687342 0.377483
vt 0.842924 0.360373
vt 0.722089 0.366597
vt 0.764565 0.357409
vt 0.703810 0.361401
vt 0.671157 0.380808
vt 0.661355 0.381375
vt 0.934887 0.344193
vt 0.653722 0.380119
vt 0.982168 0.348631
vt 0.951678 0.336073
vt 0.859681 0.348959
vt 0.817942 0.348942
vt 0.972046 0.329007
vt 0.784728 0.344913
vt 0.743948 0.343438
vt 0.893659 0.332923
vt 0.683074 0.358033
vt 0.914572 0.326149
vt 0.835993 0.334426
vt 0.757723 0.334584
vt 0.872409 0.332220
vt 0.855318 0.330144
vt 0.847259 0.335209
vt 0.707162 0.339563
vt 0.984380 0.322212
vt 0.845434 0.327244
vt 0.794115 0.329796
vt 0.727687 0.332310
vt 0.954445 0.303040
vt 0.852104 0.319028
vt 0.837751 0.312731
vt 0.824638 0.324644
vt 0.808616 0.325735
vt 0.777229 0.329633
vt 0.865149 0.321885
vt 0.878401 0.317989
vt 0.843385 0.310580
vt 0.833765 0.324243
vt 0.750677 0.314692
vt 0.742318 0.325234
vt 0.979833 0.300772
vt 0.929025 0.304627
vt 0.792532 0.308869
vt 0.967351 0.290748
vt 0.892903 0.307510
vt 0.849686 0.300005
vt 0.912881 0.295964
vt 0.978096 0.277947
vt 0.945269 0.291695
vt 0.928086 0.293071
vt 0.569744 0.926409
vt 0.565532 0.955793
vt 0.575321 0.939022
vt 0.560580 0.943225
vt 0.543837 0.940983
vt 0.552407 0.923488
vt 0.535157 0.924156
vt 0.565561 0.914360
vt 0.507595 0.909500
vt 0.499667 0.931097
vt 0.518123 0.929818
vt 0.527350 0.891224
vt 0.486515 0.932654
vt 0.485432 0.918359
vt 0.475933 0.926150
vt 0.459871 0.914239
vt 0.462420 0.927980
vt 0.449386 0.914912
vt 0.544345 0.899252
vt 0.474472 0.898620
vt 0.412011 0.921099
vt 0.421774 0.926073
vt 0.433607 0.913456
vt 0.398818 0.911373
vt 0.395347 0.923375
vt 0.318828 0.912213
vt 0.320099 0.929244
vt 0.338722 0.919467
vt 0.561287 0.889385
vt 0.305974 0.917496
vt 0.571944 0.904712
vt 0.423737 0.896521
vt 0.377062 0.917831
vt 0.364359 0.897941
vt 0.363505 0.922433
vt 0.344100 0.904520
vt 0.497028 0.886968
vt 0.441845 0.916887
vt 0.446565 0.895091
vt 0.325995 0.887884
vt 0.284288 0.904777
vt 0.298718 0.903562
vt 0.570659 0.879537
vt 0.304880 0.866410
vt 0.483429 0.866187
vt 0.460640 0.871312
vt 0.385382 0.883472
vt 0.412529 0.866623
vt 0.347190 0.865996
vt 0.514255 0.869354
vt 0.274525 0.878303
vt 0.261901 0.891070
vt 0.548240 0.864516
vt 0.529715 0.843565
vt 0.439340 0.860756
vt 0.241105 0.878536
vt 0.247039 0.866890
vt 0.260711 0.854638
vt 0.563652 0.843642
vt 0.497213 0.848294
vt 0.370352 0.845753
vt 0.395299 0.849419
vt 0.234465 0.856858
vt 0.505467 0.814971
vt 0.453529 0.843958
vt 0.431028 0.833032
vt 0.232758 0.833472
vt 0.571093 0.838000
vt 0.476369 0.811753
vt 0.460273 0.839157
vt 0.322958 0.826204
vt 0.294295 0.829407
vt 0.249537 0.816590
vt 0.415768 0.816286
vt 0.382750 0.825880
vt 0.276130 0.822510
vt 0.546393 0.823262
vt 0.456856 0.826235
vt 0.359856 0.814523
vt 0.342925 0.824785
vt 0.221539 0.831792
vt 0.449574 0.810790
vt 0.400339 0.809884
vt 0.563184 0.803041
vt 0.439474 0.788005
vt 0.570720 0.787253
vt 0.213943 0.816935
vt 0.209620 0.825574
vt 0.541910 0.790302
vt 0.519246 0.795036
vt 0.224035 0.811437
vt 0.350984 0.776953
vt 0.329698 0.786131
vt 0.387139 0.785490
vt 0.305808 0.785406
vt 0.220417 0.801787
vt 0.207353 0.806455
vt 0.485378 0.787484
vt 0.266569 0.773413
vt 0.215235 0.797351
vt 0.459308 0.778007
vt 0.371302 0.779664
vt 0.500332 0.763256
vt 0.405208 0.773417
vt 0.291977 0.773673
vt 0.212252 0.782571
vt 0.226841 0.787910
vt 0.198095 0.777776
vt 0.558682 0.769612
vt 0.236708 0.774373
vt 0.519852 0.738876
vt 0.479002 0.756381
vt 0.422899 0.771102
vt 0.252790 0.757812
vt 0.545581 0.755564
vt 0.454581 0.744453
vt 0.436321 0.745929
vt 0.276024 0.746442
vt 0.218602 0.755301
vt 0.378515 0.742736
vt 0.200534 0.758157
vt 0.395549 0.736663
vt 0.363201 0.739224
vt 0.413176 0.742575
vt 0.340225 0.732324
vt 0.306821 0.734428
vt 0.569929 0.734277
vt 0.561439 0.725740
vt 0.539623 0.720816
vt 0.186793 0.742176
vt 0.487342 0.713373
vt 0.322181 0.737943
vt 0.289668 0.732102
vt 0.472933 0.724971
vt 0.224970 0.724252
vt 0.190356 0.717896
vt 0.242629 0.713715
vt 0.503535 0.689030
vt 0.423539 0.699509
vt 0.446220 0.707147
vt 0.403987 0.706968
vt 0.382904 0.691546
vt 0.355817 0.685364
vt 0.177144 0.702335
vt 0.570187 0.692063
vt 0.557286 0.689071
vt 0.523344 0.704258
vt 0.318717 0.688410
vt 0.259412 0.694099
vt 0.209326 0.705500
vt 0.465722 0.678650
vt 0.300368 0.701601
vt 0.543756 0.665009
vt 0.281614 0.690250
vt 0.335733 0.684159
vt 0.183645 0.670751
vt 0.486677 0.652193
vt 0.434557 0.669264
vt 0.525297 0.663815
vt 0.240977 0.667148
vt 0.219430 0.677759
vt 0.415703 0.640418
vt 0.390334 0.650453
vt 0.300675 0.665073
vt 0.201365 0.662408
vt 0.450447 0.650646
vt 0.331325 0.648093
vt 0.348755 0.636762
vt 0.569722 0.652012
vt 0.309921 0.638055
vt 0.563460 0.633873
vt 0.374066 0.638038
vt 0.530648 0.622174
vt 0.508319 0.617346
vt 0.255700 0.636999
vt 0.171707 0.643433
vt 0.168380 0.668388
vt 0.469196 0.629492
vt 0.213090 0.634723
vt 0.439845 0.626558
vt 0.288790 0.637458
vt 0.235784 0.618416
vt 0.273640 0.635881
vt 0.164606 0.634089
vt 0.569646 0.620505
vt 0.547611 0.620422
vt 0.490413 0.601456
vt 0.395076 0.597958
vt 0.192671 0.625524
vt 0.454139 0.601677
vt 0.560823 0.584229
vt 0.363733 0.607759
vt 0.335665 0.612512
vt 0.319713 0.598908
vt 0.180223 0.611901
vt 0.307167 0.578493
vt 0.269274 0.600911
vt 0.421038 0.590283
vt 0.380101 0.593503
vt 0.287674 0.575830
vt 0.210952 0.592149
vt 0.172511 0.588629
vt 0.469288 0.561617
vt 0.535056 0.568085
vt 0.438053 0.576989
vt 0.343828 0.583479
vt 0.192244 0.589461
vt 0.569595 0.586833
vt 0.253515 0.577234
vt 0.515692 0.573733
vt 0.363489 0.567594
vt 0.235485 0.576422
vt 0.181718 0.570090
vt 0.567743 0.556312
vt 0.449623 0.544026
vt 0.388168 0.553706
vt 0.267394 0.565163
vt 0.547601 0.526926
vt 0.514682 0.525942
vt 0.419393 0.546300
vt 0.218574 0.550265
vt 0.480472 0.535523
vt 0.330665 0.546903
vt 0.529896 0.529978
vt 0.496341 0.536324
vt 0.179915 0.543548
vt 0.168010 0.574062
vt 0.561117 0.538078
vt 0.196630 0.548836
vt 0.572900 0.539195
vt 0.306953 0.535488
vt 0.267396 0.532083
vt 0.378880 0.509836
vt 0.344153 0.526001
vt 0.235954 0.527906
vt 0.177882 0.517410
vt 0.360250 0.522876
vt 0.575321 0.523399
vt 0.459562 0.505692
vt 0.427152 0.516267
vt 0.402138 0.510239
vt 0.286865 0.517857
vt 0.209064 0.515650
vt 0.566428 0.510805
vt 0.500333 0.494210
vt 0.318443 0.514878
vt 0.247485 0.503084
vt 0.191819 0.509715
vt 0.442961 0.511007
vt 0.482857 0.497974
vt 0.333754 0.490988
vt 0.299774 0.500357
vt 0.561053 0.491655
vt 0.521352 0.480904
vt 0.438569 0.474630
vt 0.349395 0.485699
vt 0.312396 0.481525
vt 0.282468 0.479212
vt 0.186572 0.506915
vt 0.367068 0.470385
vt 0.266658 0.497574
vt 0.417060 0.468147
vt 0.230260 0.482401
vt 0.566808 0.466223
vt 0.551098 0.467293
vt 0.464418 0.472534
vt 0.397449 0.469745
vt 0.251711 0.470869
vt 0.214707 0.457500
vt 0.191768 0.480687
vt 0.482552 0.456882
vt 0.268950 0.460532
vt 0.536061 0.440793
vt 0.330782 0.458003
vt 0.298432 0.462920
vt 0.502378 0.455484
vt 0.455313 0.440581
vt 0.200853 0.462942
vt 0.514776 0.427983
vt 0.431183 0.430863
vt 0.382184 0.437391
vt 0.556083 0.427013
vt 0.241930 0.436761
vt 0.310411 0.434670
vt 0.197075 0.445599
vt 0.566940 0.426530
vt 0.286602 0.433561
vt 0.349900 0.424844
vt 0.494193 0.421977
vt 0.396796 0.402364
vt 0.207172 0.432777
vt 0.264033 0.418787
vt 0.464791 0.398502
vt 0.325951 0.420681
vt 0.228565 0.419186
vt 0.526989 0.403826
vt 0.372185 0.403723
vt 0.442486 0.392628
vt 0.417046 0.412903
vt 0.542759 0.405681
vt 0.217020 0.411842
vt 0.291464 0.401654
vt 0.565629 0.375500
vt 0.507890 0.376428
vt 0.334432 0.379158
vt 0.554351 0.363120
vt 0.426924 0.380771
vt 0.484648 0.384307
vt 0.411862 0.379950
vt 0.303901 0.377963
vt 0.259054 0.387154
vt 0.532517 0.367645
vt 0.359024 0.376643
vt 0.240145 0.390976
vt 0.278974 0.373934
vt 0.475669 0.350633
vt 0.375769 0.365632
vt 0.234716 0.376790
vt 0.452725 0.351629
vt 0.393314 0.355849
vt 0.527892 0.334687
vt 0.311466 0.346066
vt 0.266026 0.359510
vt 0.247981 0.361465
vt 0.493841 0.350041
vt 0.438530 0.348533
vt 0.417088 0.347181
vt 0.281483 0.333931
vt 0.565555 0.325908
vt 0.488536 0.312989
vt 0.357295 0.339571
vt 0.334962 0.340878
vt 0.554784 0.323151
vt 0.510603 0.314681
vt 0.425581 0.334473
vt 0.293184 0.342164
vt 0.265013 0.340582
vt 0.461431 0.324019
vt 0.437993 0.335446
vt 0.444418 0.326911
vt 0.379733 0.330278
vt 0.404499 0.324275
vt 0.432578 0.314041
vt 0.427140 0.318376
vt 0.305457 0.320912
vt 0.453468 0.310912
vt 0.439366 0.309131
vt 0.362989 0.318042
vt 0.341743 0.319637
vt 0.552598 0.293802
vt 0.411978 0.310834
vt 0.389808 0.313885
vt 0.323248 0.317924
vt 0.565184 0.298807
vt 0.474427 0.305099
vt 0.427564 0.302788
vt 0.417057 0.301186
vt 0.529204 0.293240
vt 0.466981 0.299989
vt 0.481657 0.291878
vt 0.435206 0.292846
vt 0.557134 0.279272
vt 0.569745 0.286841
vt 0.515459 0.281986
vt 0.495585 0.285385
vt 0.539675 0.278519
vt 0.563089 0.263719
vt 0.571059 0.265771
vt 0.030250 0.179865
vt 0.013237 0.211129
vt 0.016345 0.172578
vt 0.035020 0.135633
vt 0.013880 0.119731
vt 0.027481 0.083744
vt 0.014195 0.082647
vt 0.014490 0.059238
vt 0.026827 0.229483
vt 0.007306 0.154537
vt 0.019598 0.251584
vt 0.027697 0.057058
vt 0.018387 0.041948
vt 0.038246 0.252022
vt 0.048326 0.233346
vt 0.043383 0.069724
vt 0.050214 0.184862
vt 0.054540 0.055286
vt 0.052904 0.100690
vt 0.058127 0.250215
vt 0.067131 0.120024
vt 0.070048 0.236550
vt 0.070228 0.183656
vt 0.002761 0.120423
vt 0.018566 0.274361
vt 0.008988 0.251135
vt 0.026693 0.268730
vt 0.044394 0.266074
vt 0.037796 0.038077
vt 0.076883 0.079574
vt 0.082102 0.251770
vt 0.075113 0.057666
vt 0.061011 0.034301
vt 0.085242 0.211376
vt 0.089973 0.155556
vt 0.092662 0.114852
vt 0.089586 0.064498
vt 0.086034 0.039651
vt 0.100412 0.082238
vt 0.100966 0.235475
vt 0.113186 0.193044
vt 0.107457 0.141110
vt 0.106910 0.054237
vt 0.000229 0.080802
vt 0.061123 0.269082
vt 0.109617 0.265446
vt 0.123529 0.236783
vt 0.120572 0.107911
vt 0.120397 0.062621
vt 0.000240 0.059145
vt 0.131415 0.154718
vt 0.068483 0.282591
vt 0.095104 0.279662
vt 0.104131 0.027091
vt 0.123396 0.040028
vt 0.134873 0.195009
vt 0.133760 0.066924
vt 0.146090 0.224502
vt 0.146455 0.115236
vt 0.141945 0.249835
vt 0.152305 0.176121
vt 0.154676 0.246442
vt 0.156351 0.054913
vt 0.149536 0.065211
vt 0.141023 0.052070
vt 0.169245 0.242225
vt 0.171248 0.153946
vt 0.166362 0.100394
vt 0.166922 0.264725
vt 0.176389 0.200309
vt 0.166112 0.060625
vt 0.187865 0.066032
vt 0.188608 0.231524
vt 0.182269 0.090165
vt 0.192336 0.127783
vt 0.187224 0.263811
vt 0.196983 0.175410
vt 0.203583 0.259663
vt 0.203374 0.094785
vt 0.213363 0.220985
vt 0.222100 0.161620
vt 0.210267 0.050910
vt 0.224668 0.068735
vt 0.227977 0.199117
vt 0.233384 0.113516
vt 0.245970 0.185797
vt 0.244543 0.070881
vt 0.263131 0.162032
vt 0.255044 0.108711
vt 0.269870 0.217385
vt 0.276939 0.124102
vt 0.271100 0.081394
vt 0.290761 0.177445
vt 0.037808 0.288110
vt 0.047850 0.018854
vt 0.067649 0.023325
vt 0.089001 0.023840
vt 0.113102 0.279263
vt 0.116539 0.022932
vt 0.130890 0.263426
vt 0.142363 0.041818
vt 0.162537 0.036974
vt 0.173510 0.039273
vt 0.191394 0.038953
vt 0.227191 0.256371
vt 0.232971 0.043260
vt 0.240270 0.226059
vt 0.253843 0.250125
vt 0.261739 0.044518
vt 0.287216 0.059056
vt 0.289650 0.228558
vt 0.273636 0.252902
vt 0.295815 0.096574
vt 0.301142 0.136289
vt 0.306060 0.220214
vt 0.313863 0.084872
vt 0.315236 0.183332
vt 0.317978 0.131024
vt 0.131431 0.029416
vt 0.131300 0.277541
vt 0.152533 0.043996
vt 0.278224 0.037549
vt 0.290060 0.265123
vt 0.301888 0.248855
vt 0.309968 0.058088
vt 0.325699 0.233387
vt 0.332278 0.098030
vt 0.330849 0.159043
vt 0.329284 0.193361
vt 0.180043 0.277838
vt 0.180500 0.025939
vt 0.197486 0.278775
vt 0.191590 0.021196
vt 0.210567 0.024071
vt 0.217248 0.278077
vt 0.296301 0.038942
vt 0.317122 0.262036
vt 0.329905 0.061949
vt 0.343771 0.137266
vt 0.144952 0.269992
vt 0.146689 0.021951
vt 0.154617 0.025810
vt 0.166635 0.016434
vt 0.231585 0.020275
vt 0.234326 0.278817
vt 0.247078 0.025224
vt 0.256872 0.278813
vt 0.275431 0.023929
vt 0.313010 0.029346
vt 0.325977 0.040145
vt 0.348390 0.218889
vt 0.350910 0.186287
vt 0.281178 0.276955
vt 0.301682 0.276577
vt 0.358592 0.241253
vt 0.348421 0.054145
vt 0.353009 0.085810
vt 0.144187 0.285063
vt 0.335702 0.265416
vt 0.360838 0.138526
vt 0.323948 0.275836
vt 0.360299 0.064134
vt 0.151398 0.257476
vt 0.154749 0.278159
vt 0.338479 0.027237
vt 0.366039 0.206034
vt 0.367776 0.086184
vt 0.373863 0.171286
vt 0.151585 0.000508
vt 0.346469 0.272079
vt 0.373181 0.052401
vt 0.364354 0.275865
vt 0.383050 0.069694
vt 0.384664 0.215631
vt 0.374122 0.124508
vt 0.364504 0.030599
vt 0.379114 0.250428
vt 0.389248 0.152407
vt 0.388974 0.113752
vt 0.394226 0.240023
vt 0.383526 0.273613
vt 0.388151 0.041762
vt 0.396101 0.081751
vt 0.401432 0.190010
vt 0.399656 0.060321
vt 0.398035 0.260015
vt 0.405137 0.225337
vt 0.411644 0.128748
vt 0.409738 0.092800
vt 0.419128 0.161893
vt 0.413760 0.244192
vt 0.416741 0.198309
vt 0.400409 0.031708
vt 0.411997 0.044926
vt 0.424831 0.067914
vt 0.399015 0.277750
vt 0.414177 0.257885
vt 0.414444 0.274453
vt 0.431881 0.130861
vt 0.419402 0.032108
vt 0.429535 0.232946
vt 0.431552 0.096019
vt 0.433295 0.249799
vt 0.430072 0.191995
vt 0.430478 0.050676
vt 0.444985 0.169196
vt 0.429821 0.269819
vt 0.445093 0.220014
vt 0.447747 0.076008
vt 0.444186 0.051604
vt 0.452549 0.113518
vt 0.439133 0.038954
vt 0.456605 0.037733
vt 0.455138 0.246800
vt 0.457840 0.063078
vt 0.441893 0.275037
vt 0.459063 0.206140
vt 0.459483 0.153835
vt 0.463235 0.272483
vt 0.465742 0.090896
vt 0.469794 0.121205
vt 0.470084 0.235728
vt 0.474370 0.071756
vt 0.469495 0.190397
vt 0.473962 0.155507
vt 0.472328 0.051804
vt 0.474223 0.257650
vt 0.480958 0.092164
vt 0.477873 0.040400
vt 0.481460 0.226140
vt 0.487024 0.121553
vt 0.488163 0.167513
vt 0.479769 0.273149
vt 0.486998 0.060876
vt 0.488758 0.247537
vt 0.494162 0.078610
vt 0.494039 0.210839
vt 0.499526 0.044261
vt 0.497699 0.272009
vt 0.502589 0.060530
vt 0.497962 0.106611
vt 0.501295 0.145614
vt 0.498318 0.239551
vt 0.498704 0.186798
vt 0.505089 0.080440
vt 0.504227 0.261046
vt 0.512064 0.117067
vt 0.511771 0.238070
vt 0.510046 0.174654
vt 0.507793 0.211424
vt 0.518058 0.072408
vt 0.520371 0.270340
vt 0.517504 0.055289
vt 0.516558 0.199404
vt 0.520787 0.256910
vt 0.521228 0.153267
vt 0.518478 0.086596
vt 0.519124 0.183596
vt 0.520152 0.218178
vt 0.533378 0.062840
vt 0.532891 0.108326
vt 0.524202 0.196673
vt 0.528243 0.242486
vt 0.533638 0.083735
vt 0.532212 0.182770
vt 0.536705 0.201635
vt 0.534876 0.151919
vt 0.535516 0.226912
vt 0.539069 0.260054
vt 0.547281 0.078156
vt 0.546803 0.131307
vt 0.548954 0.103274
vt 0.543247 0.242218
vt 0.545507 0.219287
vt 0.554647 0.053050
vt 0.546419 0.173651
vt 0.559637 0.066743
vt 0.548317 0.252075
vt 0.552173 0.231798
vt 0.551194 0.268189
vt 0.556300 0.155682
vt 0.558893 0.191902
vt 0.560386 0.090101
vt 0.564951 0.259046
vt 0.565744 0.242167
vt 0.565738 0.120660
vt 0.569389 0.217717
vt 0.571942 0.087466
vt 0.586043 0.069771
vt 0.577608 0.169402
vt 0.585755 0.124596
vt 0.581732 0.240596
vt 0.580496 0.098940
vt 0.585687 0.271131
vt 0.592235 0.090706
vt 0.590219 0.216300
vt 0.592786 0.160966
vt 0.599139 0.246652
vt 0.598511 0.120593
vt 0.602236 0.193471
vt 0.606139 0.064158
vt 0.594058 0.058890
vt 0.604814 0.265263
vt 0.607925 0.088523
vt 0.607423 0.158633
vt 0.611321 0.225680
vt 0.616579 0.130783
vt 0.621257 0.074988
vt 0.615218 0.244923
vt 0.621305 0.259143
vt 0.616400 0.273721
vt 0.622609 0.174110
vt 0.619804 0.095058
vt 0.625239 0.212296
vt 0.631723 0.271570
vt 0.635520 0.116158
vt 0.633962 0.252445
vt 0.635107 0.160524
vt 0.631386 0.065568
vt 0.637796 0.088199
vt 0.644186 0.066020
vt 0.641758 0.236383
vt 0.642097 0.199590
vt 0.649949 0.273655
vt 0.655272 0.165637
vt 0.656330 0.080214
vt 0.654222 0.101917
vt 0.652008 0.218254
vt 0.654271 0.256799
vt 0.666377 0.068279
vt 0.660563 0.238127
vt 0.672863 0.082358
vt 0.668401 0.132426
vt 0.665852 0.265519
vt 0.667343 0.097113
vt 0.662763 0.203679
vt 0.668209 0.251403
vt 0.668225 0.169615
vt 0.680526 0.068104
vt 0.681650 0.259129
vt 0.671575 0.275103
vt 0.678896 0.117477
vt 0.674883 0.212924
vt 0.693730 0.275624
vt 0.686786 0.080713
vt 0.684580 0.101320
vt 0.680108 0.245087
vt 0.698591 0.072474
vt 0.684243 0.171194
vt 0.686984 0.138176
vt 0.699114 0.089970
vt 0.701189 0.256379
vt 0.687433 0.208570
vt 0.696958 0.231860
vt 0.713957 0.070738
vt 0.718567 0.085895
vt 0.716890 0.275734
vt 0.697806 0.114754
vt 0.706556 0.162278
vt 0.695817 0.177479
vt 0.736439 0.074372
vt 0.722073 0.266152
vt 0.712968 0.099180
vt 0.707668 0.205842
vt 0.769264 0.074736
vt 0.788161 0.076195
vt 0.781581 0.093091
vt 0.757261 0.265070
vt 0.776164 0.269029
vt 0.780381 0.281964
vt 0.749304 0.274343
vt 0.763044 0.283987
vt 0.735810 0.277443
vt 0.735784 0.087624
vt 0.713597 0.245739
vt 0.710600 0.118366
vt 0.854760 0.081983
vt 0.866954 0.083375
vt 0.863236 0.099884
vt 0.855556 0.272201
vt 0.858001 0.285247
vt 0.846495 0.284243
vt 0.827575 0.267073
vt 0.833566 0.272594
vt 0.830401 0.284066
vt 0.822170 0.283393
vt 0.811793 0.080038
vt 0.831139 0.083184
vt 0.822115 0.094423
vt 0.810877 0.270349
vt 0.808125 0.282112
vt 0.795314 0.283789
vt 0.808901 0.091582
vt 0.793900 0.089210
vt 0.794380 0.265300
vt 0.765846 0.092607
vt 0.752661 0.075118
vt 0.750480 0.086879
vt 0.737478 0.263494
vt 0.721597 0.216838
vt 0.869457 0.284726
vt 0.867124 0.273529
vt 0.851252 0.096449
vt 0.768062 0.253411
vt 0.727926 0.249882
vt 0.729386 0.101872
vt 0.723695 0.170960
vt 0.722690 0.139917
vt 0.882579 0.282639
vt 0.861038 0.256867
vt 0.834897 0.093150
vt 0.739806 0.246154
vt 0.732922 0.120160
vt 0.881071 0.268312
vt 0.879250 0.087135
vt 0.882676 0.100099
vt 0.874440 0.110520
vt 0.845189 0.266828
vt 0.805511 0.254291
vt 0.800032 0.103884
vt 0.773024 0.104362
vt 0.750298 0.252749
vt 0.745875 0.102994
vt 0.733667 0.226562
vt 0.741527 0.143529
vt 0.892195 0.090141
vt 0.873186 0.253355
vt 0.843995 0.089136
vt 0.843556 0.104988
vt 0.834495 0.258124
vt 0.838606 0.272595
vt 0.833129 0.107952
vt 0.817047 0.109076
vt 0.819151 0.255918
vt 0.786679 0.251624
vt 0.762641 0.214039
vt 0.774648 0.233216
vt 0.760054 0.103918
vt 0.765675 0.123638
vt 0.751086 0.122275
vt 0.750063 0.229826
vt 0.749366 0.198741
vt 0.755389 0.165977
vt 0.738387 0.180355
vt 0.894262 0.101139
vt 0.877767 0.144247
vt 0.867437 0.129453
vt 0.864621 0.171475
vt 0.859174 0.113590
vt 0.856357 0.147106
vt 0.863805 0.236328
vt 0.850811 0.237705
vt 0.855924 0.204874
vt 0.866890 0.210783
vt 0.855333 0.175416
vt 0.851445 0.129722
vt 0.848093 0.256236
vt 0.822917 0.234896
vt 0.817722 0.183335
vt 0.837385 0.180580
vt 0.831263 0.212537
vt 0.830576 0.138443
vt 0.811933 0.144569
vt 0.802643 0.233572
vt 0.800061 0.122510
vt 0.795423 0.190268
vt 0.788768 0.159590
vt 0.788236 0.233485
vt 0.777409 0.192366
vt 0.779751 0.116462
vt 0.772472 0.151167
vt 0.904480 0.091534
vt 0.896785 0.263276
vt 0.900476 0.282100
vt 0.884972 0.249936
vt 0.876391 0.225442
vt 0.880414 0.182894
vt 0.846471 0.209610
vt 0.847496 0.113764
vt 0.848691 0.163498
vt 0.842101 0.137223
vt 0.842122 0.241816
vt 0.936073 0.277976
vt 0.947966 0.288110
vt 0.928750 0.285214
vt 0.942443 0.096375
vt 0.929399 0.108830
vt 0.921607 0.094582
vt 0.911264 0.273277
vt 0.929439 0.264243
vt 0.913790 0.283489
vt 0.907309 0.104651
vt 0.888060 0.114131
vt 0.889790 0.132984
vt 0.887404 0.212354
vt 0.891490 0.238151
vt 0.951819 0.272223
vt 0.957390 0.276788
vt 0.957412 0.095224
vt 0.950963 0.114188
vt 0.938521 0.118872
vt 0.899443 0.117243
vt 0.896955 0.162424
vt 0.899988 0.195364
vt 0.960403 0.111513
vt 0.913384 0.257213
vt 0.916611 0.125428
vt 0.917049 0.197402
vt 0.910751 0.233763
vt 0.911106 0.153854
vt 0.946585 0.258450
vt 0.929161 0.190709
vt 0.941328 0.221389
vt 0.930272 0.237890
vt 0.931103 0.132631
vt 0.936204 0.167432
vt 0.966804 0.117455
vt 0.962666 0.129145
vt 0.962242 0.162517
vt 0.964031 0.212408
vt 0.958839 0.196975
vt 0.955911 0.263102
vt 0.961368 0.263637
vt 0.957433 0.234498
vt 0.961086 0.248939
vt 0.957258 0.131855
vt 0.944172 0.136319
vt 0.955372 0.161561
vt 0.950481 0.200397
s 1
usemtl material_0
f 1/1/1 2/2/2 3/3/3
f 1/1/1 3/3/3 4/4/4
f 4/4/4 3/3/3 5/5/5
f 2/2/2 1/1/1 6/6/6
f 7/7/7 2/2/2 6/6/6
f 6/6/6 1/1/1 4/4/4
f 8/8/8 7/7/7 9/9/9
f 10/10/10 8/8/8 11/11/11
f 4/4/4 5/5/5 12/12/12
f 9/9/9 7/7/7 6/6/6
f 8/8/8 9/9/9 11/11/11
f 13/13/13 10/10/10 11/11/11
f 14/14/14 12/12/12 5/5/5
f 6/6/6 4/4/4 15/15/15
f 16/16/16 9/9/9 6/6/6
f 15/15/15 4/4/4 12/12/12
f 17/17/17 13/13/13 11/11/11
f 18/18/18 10/10/10 13/13/13
f 19/19/19 6/6/6 15/15/15
f 20/20/20 11/11/11 9/9/9
f 21/21/21 18/18/18 13/13/13
f 22/22/22 15/15/15 12/12/12
f 20/20/20 9/9/9 16/16/16
f 16/16/16 6/6/6 19/19/19
f 14/14/14 23/23/23 12/12/12
f 24/24/24 21/21/21 13/13/13
f 17/17/17 11/11/11 20/20/20
f 13/13/13 17/17/17 24/24/24
f 19/19/19 15/15/15 22/22/22
f 25/25/25 12/12/12 23/23/23
f 22/22/22 12/12/12 26/26/26
f 24/24/24 17/17/17 27/27/27
f 28/28/28 21/21/21 24/24/24
f 29/29/29 25/25/25 23/23/23
f 17/17/17 20/20/20 27/27/27
f 26/26/26 12/12/12 25/25/25
f 30/30/30 16/16/16 19/19/19
f 20/20/20 16/16/16 30/30/30
f 30/30/30 19/19/19 22/22/22
f 27/27/27 20/20/20 31/31/31
f 20/20/20 30/30/30 31/31/31
f 32/32/32 24/24/24 27/27/27
f 33/33/33 30/30/30 22/22/22
f 28/28/28 24/24/24 32/32/32
f 34/34/34 22/22/22 26/26/26
f 26/26/26 25/25/25 35/35/35
f 35/35/35 25/25/25 29/29/29
f 36/36/36 28/28/28 32/32/32
f 35/35/35 29/29/29 37/37/37
f 38/38/38 27/27/27 31/31/31
f 32/32/32 27/27/27 38/38/38
f 34/34/34 26/26/26 35/35/35
f 39/39/39 31/31/31 30/30/30
f 33/33/33 22/22/22 40/40/40
f 39/39/39 30/30/30 33/33/33
f 36/36/36 32/32/32 41/41/41
f 40/40/40 22/22/22 34/34/34
f 38/38/38 31/31/31 39/39/39
f 39/39/39 33/33/33 42/42/42
f 43/43/43 36/36/36 41/41/41
f 44/44/44 33/33/33 40/40/40
f 41/41/41 32/32/32 38/38/38
f 35/35/35 37/37/37 45/45/45
f 34/34/34 35/35/35 45/45/45
f 42/42/42 33/33/33 44/44/44
f 45/45/45 37/37/37 46/46/46
f 47/47/47 41/41/41 38/38/38
f 43/43/43 41/41/41 47/47/47
f 38/38/38 39/39/39 48/48/48
f 34/34/34 45/45/45 49/49/49
f 47/47/47 38/38/38 48/48/48
f 40/40/40 34/34/34 49/49/49
f 42/42/42 44/44/44 50/50/50
f 48/48/48 39/39/39 42/42/42
f 45/45/45 46/46/46 51/51/51
f 40/40/40 49/49/49 52/52/52
f 50/50/50 44/44/44 40/40/40
f 53/53/53 48/48/48 42/42/42
f 49/49/49 45/45/45 51/51/51
f 50/50/50 40/40/40 52/52/52
f 54/54/54 42/42/42 50/50/50
f 53/53/53 42/42/42 54/54/54
f 55/55/55 43/43/43 47/47/47
f 49/49/49 51/51/51 56/56/56
f 57/57/57 47/47/47 48/48/48
f 55/55/55 47/47/47 57/57/57
f 52/52/52 49/49/49 56/56/56
f 50/50/50 52/52/52 58/58/58
f 56/56/56 51/51/51 59/59/59
f 60/60/60 53/53/53 54/54/54
f 61/61/61 48/48/48 53/53/53
f 57/57/57 48/48/48 61/61/61
f 58/58/58 54/54/54 50/50/50
f 62/62/62 55/55/55 57/57/57
f 63/63/63 52/52/52 56/56/56
f 60/60/60 54/54/54 58/58/58
f 64/64/64 53/53/53 60/60/60
f 58/58/58 52/52/52 63/63/63
f 61/61/61 53/53/53 64/64/64
f 62/62/62 57/57/57 65/65/65
f 65/65/65 57/57/57 61/61/61
f 58/58/58 63/63/63 66/66/66
f 56/56/56 59/59/59 67/67/67
f 68/68/68 67/67/67 59/59/59
f 69/69/69 58/58/58 66/66/66
f 60/60/60 58/58/58 69/69/69
f 63/63/63 56/56/56 67/67/67
f 70/70/70 64/64/64 60/60/60
f 71/71/71 61/61/61 64/64/64
f 65/65/65 61/61/61 71/71/71
f 70/70/70 60/60/60 69/69/69
f 72/72/72 66/66/66 63/63/63
f 73/73/73 67/67/67 68/68/68
f 72/72/72 63/63/63 67/67/67
f 69/69/69 66/66/66 72/72/72
f 71/71/71 64/64/64 70/70/70
f 74/74/74 62/62/62 65/65/65
f 75/75/75 65/65/65 71/71/71
f 74/74/74 65/65/65 75/75/75
f 76/76/76 72/72/72 67/67/67
f 77/77/77 70/70/70 78/78/78
f 70/70/70 69/69/69 78/78/78
f 77/77/77 71/71/71 70/70/70
f 79/79/79 74/74/74 75/75/75
f 80/80/80 69/69/69 72/72/72
f 73/73/73 81/81/81 67/67/67
f 76/76/76 67/67/67 81/81/81
f 82/82/82 81/81/81 73/73/73
f 80/80/80 72/72/72 76/76/76
f 83/83/83 71/71/71 77/77/77
f 75/75/75 71/71/71 83/83/83
f 84/84/84 69/69/69 80/80/80
f 78/78/78 69/69/69 84/84/84
f 83/83/83 77/77/77 85/85/85
f 86/86/86 76/76/76 81/81/81
f 87/87/87 75/75/75 83/83/83
f 88/88/88 79/79/79 75/75/75
f 88/88/88 75/75/75 87/87/87
f 89/89/89 77/77/77 78/78/78
f 85/85/85 77/77/77 89/89/89
f 80/80/80 76/76/76 86/86/86
f 89/89/89 78/78/78 84/84/84
f 87/87/87 83/83/83 90/90/90
f 84/84/84 80/80/80 91/91/91
f 91/91/91 80/80/80 86/86/86
f 89/89/89 84/84/84 92/92/92
f 90/90/90 83/83/83 85/85/85
f 93/93/93 86/86/86 81/81/81
f 91/91/91 86/86/86 93/93/93
f 92/92/92 84/84/84 91/91/91
f 81/81/81 82/82/82 94/94/94
f 81/81/81 94/94/94 93/93/93
f 95/95/95 88/88/88 87/87/87
f 96/96/96 85/85/85 89/89/89
f 90/90/90 85/85/85 96/96/96
f 87/87/87 90/90/90 97/97/97
f 95/95/95 87/87/87 97/97/97
f 92/92/92 91/91/91 98/98/98
f 97/97/97 90/90/90 96/96/96
f 93/93/93 94/94/94 99/99/99
f 95/95/95 97/97/97 100/100/100
f 101/101/101 89/89/89 92/92/92
f 102/102/102 89/89/89 101/101/101
f 96/96/96 89/89/89 102/102/102
f 103/103/103 97/97/97 96/96/96
f 100/100/100 97/97/97 103/103/103
f 104/104/104 93/93/93 99/99/99
f 104/104/104 91/91/91 93/93/93
f 98/98/98 91/91/91 104/104/104
f 101/101/101 92/92/92 98/98/98
f 103/103/103 96/96/96 102/102/102
f 105/105/105 104/104/104 106/106/106
f 105/105/105 106/106/106 107/107/107
f 108/108/108 100/100/100 103/103/103
f 105/105/105 107/107/107 109/109/109
f 110/110/110 102/102/102 101/101/101
f 98/98/98 104/104/104 111/111/111
f 111/111/111 104/104/104 112/112/112
f 113/113/113 103/103/103 102/102/102
f 112/112/112 104/104/104 105/105/105
f 114/114/114 108/108/108 103/103/103
f 115/115/115 108/108/108 114/114/114
f 111/111/111 101/101/101 98/98/98
f 114/114/114 103/103/103 113/113/113
f 110/110/110 101/101/101 111/111/111
f 116/116/116 115/115/115 114/114/114
f 117/117/117 113/113/113 102/102/102
f 117/117/117 102/102/102 110/110/110
f 112/112/112 105/105/105 118/118/118
f 118/118/118 105/105/105 119/119/119
f 105/105/105 109/109/109 119/119/119
f 110/110/110 111/111/111 120/120/120
f 113/113/113 117/117/117 121/121/121
f 114/114/114 113/113/113 121/121/121
f 122/122/122 116/116/116 114/114/114
f 118/118/118 119/119/119 123/123/123
f 124/124/124 117/117/117 110/110/110
f 125/125/125 111/111/111 112/112/112
f 122/122/122 114/114/114 121/121/121
f 126/126/126 116/116/116 122/122/122
f 125/125/125 112/112/112 118/118/118
f 120/120/120 111/111/111 125/125/125
f 127/127/127 110/110/110 120/120/120
f 121/121/121 117/117/117 124/124/124
f 124/124/124 110/110/110 127/127/127
f 125/125/125 118/118/118 128/128/128
f 129/129/129 122/122/122 121/121/121
f 128/128/128 118/118/118 123/123/123
f 129/129/129 121/121/121 124/124/124
f 126/126/126 122/122/122 130/130/130
f 131/131/131 124/124/124 127/127/127
f 120/120/120 125/125/125 132/132/132
f 130/130/130 122/122/122 129/129/129
f 133/133/133 126/126/126 130/130/130
f 128/128/128 123/123/123 134/134/134
f 131/131/131 127/127/127 120/120/120
f 132/132/132 125/125/125 128/128/128
f 135/135/135 128/128/128 134/134/134
f 136/136/136 120/120/120 132/132/132
f 131/131/131 120/120/120 137/137/137
f 138/138/138 124/124/124 131/131/131
f 132/132/132 128/128/128 135/135/135
f 137/137/137 120/120/120 136/136/136
f 129/129/129 124/124/124 139/139/139
f 139/139/139 124/124/124 138/138/138
f 140/140/140 132/132/132 135/135/135
f 140/140/140 136/136/136 132/132/132
f 141/141/141 130/130/130 129/129/129
f 142/142/142 136/136/136 140/140/140
f 141/141/141 129/129/129 139/139/139
f 130/130/130 141/141/141 143/143/143
f 137/137/137 136/136/136 142/142/142
f 141/141/141 139/139/139 138/138/138
f 134/134/134 144/144/144 135/135/135
f 140/140/140 135/135/135 144/144/144
f 133/133/133 130/130/130 143/143/143
f 145/145/145 131/131/131 137/137/137
f 146/146/146 140/140/140 144/144/144
f 138/138/138 131/131/131 145/145/145
f 144/144/144 134/134/134 147/147/147
f 142/142/142 140/140/140 146/146/146
f 148/148/148 133/133/133 143/143/143
f 149/149/149 137/137/137 142/142/142
f 150/150/150 138/138/138 145/145/145
f 149/149/149 142/142/142 146/146/146
f 151/151/151 137/137/137 149/149/149
f 148/148/148 143/143/143 152/152/152
f 145/145/145 137/137/137 151/151/151
f 141/141/141 138/138/138 153/153/153
f 146/146/146 144/144/144 154/154/154
f 152/152/152 143/143/143 141/141/141
f 155/155/155 144/144/144 147/147/147
f 153/153/153 138/138/138 150/150/150
f 154/154/154 144/144/144 155/155/155
f 150/150/150 145/145/145 156/156/156
f 156/156/156 145/145/145 151/151/151
f 157/157/157 153/153/153 150/150/150
f 156/156/156 151/151/151 158/158/158
f 141/141/141 153/153/153 159/159/159
f 152/152/152 141/141/141 159/159/159
f 160/160/160 151/151/151 149/149/149
f 158/158/158 151/151/151 160/160/160
f 157/157/157 150/150/150 156/156/156
f 161/161/161 148/148/148 152/152/152
f 162/162/162 156/156/156 158/158/158
f 157/157/157 156/156/156 162/162/162
f 163/163/163 153/153/153 157/157/157
f 164/164/164 146/146/146 154/154/154
f 164/164/164 149/149/149 146/146/146
f 165/165/165 152/152/152 159/159/159
f 165/165/165 161/161/161 152/152/152
f 154/154/154 155/155/155 166/166/166
f 163/163/163 157/157/157 162/162/162
f 159/159/159 153/153/153 163/163/163
f 164/164/164 154/154/154 167/167/167
f 160/160/160 149/149/149 164/164/164
f 167/167/167 154/154/154 166/166/166
f 160/160/160 164/164/164 168/168/168
f 169/169/169 163/163/163 162/162/162
f 159/159/159 163/163/163 169/169/169
f 170/170/170 165/165/165 159/159/159
f 168/168/168 164/164/164 167/167/167
f 170/170/170 159/159/159 169/169/169
f 171/171/171 167/167/167 166/166/166
f 172/172/172 160/160/160 168/168/168
f 172/172/172 158/158/158 160/160/160
f 172/172/172 162/162/162 158/158/158
f 168/168/168 167/167/167 173/173/173
f 174/174/174 162/162/162 172/172/172
f 174/174/174 169/169/169 162/162/162
f 173/173/173 167/167/167 171/171/171
f 175/175/175 168/168/168 173/173/173
f 172/172/172 168/168/168 175/175/175
f 176/176/176 169/169/169 174/174/174
f 170/170/170 169/169/169 176/176/176
f 177/177/177 178/178/178 179/179/179
f 180/180/180 181/181/181 182/182/182
f 183/183/183 184/184/184 185/185/185
f 186/186/186 187/187/187 179/179/179
f 188/188/188 186/186/186 189/189/189
f 190/190/190 189/189/189 181/181/181
f 180/180/180 190/190/190 181/181/181
f 185/185/185 191/191/191 192/192/192
f 193/193/193 184/184/184 183/183/183
f 193/193/193 183/183/183 194/194/194
f 177/177/177 179/179/179 187/187/187
f 195/195/195 187/187/187 186/186/186
f 188/188/188 196/196/196 186/186/186
f 188/188/188 189/189/189 190/190/190
f 180/180/180 182/182/182 197/197/197
f 184/184/184 191/191/191 185/185/185
f 194/194/194 198/198/198 193/193/193
f 199/199/199 198/198/198 194/194/194
f 187/187/187 200/200/23 177/177/177
f 201/201/200 180/180/180 197/197/197
f 202/202/201 198/198/198 199/199/199
f 202/202/201 199/199/199 203/203/202
f 196/196/196 195/195/195 186/186/186
f 204/204/203 201/201/200 197/197/197
f 205/205/204 203/203/202 206/206/205
f 195/195/195 200/200/23 187/187/187
f 205/205/204 206/206/205 207/207/206
f 208/208/207 205/205/204 207/207/206
f 209/209/208 210/210/209 211/211/210
f 212/212/211 209/209/208 211/211/210
f 213/213/212 214/214/213 212/212/211
f 215/215/214 188/188/188 190/190/190
f 216/216/215 190/190/190 180/180/180
f 193/193/193 217/217/216 184/184/184
f 193/193/193 198/198/198 217/217/216
f 218/218/217 198/198/198 202/202/201
f 205/205/204 202/202/201 203/203/202
f 208/208/207 207/207/206 210/210/209
f 214/214/213 209/209/208 212/212/211
f 219/219/218 200/200/23 195/195/195
f 220/220/219 204/204/203 217/217/216
f 221/221/220 214/214/213 213/213/212
f 222/222/221 213/213/212 223/223/222
f 216/216/215 215/215/214 190/190/190
f 220/220/219 201/201/200 204/204/203
f 220/220/219 217/217/216 198/198/198
f 208/208/207 210/210/209 209/209/208
f 222/222/221 221/221/220 213/213/212
f 224/224/223 219/219/218 195/195/195
f 225/225/224 180/180/180 201/201/200
f 218/218/217 220/220/219 198/198/198
f 226/226/225 218/218/217 202/202/201
f 226/226/225 202/202/201 205/205/204
f 227/227/226 209/209/208 214/214/213
f 228/228/227 222/222/221 223/223/222
f 196/196/196 224/224/223 195/195/195
f 215/215/214 196/196/196 188/188/188
f 227/227/226 214/214/213 221/221/220
f 229/229/228 215/215/214 216/216/215
f 225/225/224 216/216/215 180/180/180
f 225/225/224 201/201/200 220/220/219
f 230/230/229 208/208/207 209/209/208
f 231/231/230 221/221/220 222/222/221
f 232/232/231 205/205/204 208/208/207
f 231/231/230 227/227/226 221/221/220
f 233/233/232 225/225/224 220/220/219
f 234/234/233 226/226/225 205/205/204
f 235/235/234 209/209/208 227/227/226
f 218/218/217 233/233/232 220/220/219
f 236/236/235 218/218/217 226/226/225
f 234/234/233 205/205/204 232/232/231
f 237/237/236 231/231/230 222/222/221
f 237/237/236 222/222/221 228/228/227
f 238/238/237 228/228/227 239/239/238
f 215/215/214 240/240/239 196/196/196
f 235/235/234 230/230/229 209/209/208
f 238/238/237 237/237/236 228/228/227
f 241/241/240 215/215/214 229/229/228
f 229/229/228 216/216/215 225/225/224
f 236/236/235 233/233/232 218/218/217
f 241/241/240 240/240/239 215/215/214
f 242/242/241 236/236/235 226/226/225
f 230/230/229 232/232/231 208/208/207
f 243/243/242 219/219/218 224/224/223
f 244/244/243 233/233/232 236/236/235
f 242/242/241 226/226/225 234/234/233
f 245/245/244 235/235/234 227/227/226
f 240/240/239 224/224/223 196/196/196
f 233/233/232 246/246/245 225/225/224
f 245/245/244 230/230/229 235/235/234
f 247/247/246 238/238/237 239/239/238
f 230/230/229 248/248/247 232/232/231
f 231/231/230 249/249/248 227/227/226
f 248/248/247 234/234/233 232/232/231
f 249/249/248 245/245/244 227/227/226
f 250/250/249 243/243/242 224/224/223
f 242/242/241 244/244/243 236/236/235
f 251/251/250 242/242/241 234/234/233
f 252/252/251 247/247/246 253/253/252
f 254/254/253 240/240/239 241/241/240
f 245/245/244 255/255/254 230/230/229
f 252/252/251 238/238/237 247/247/246
f 256/256/255 224/224/223 240/240/239
f 256/256/255 240/240/239 254/254/253
f 257/257/256 249/249/248 231/231/230
f 256/256/255 250/250/249 224/224/223
f 225/225/224 258/258/257 229/229/228
f 246/246/245 258/258/257 225/225/224
f 248/248/247 259/259/258 234/234/233
f 258/258/257 241/241/240 229/229/228
f 259/259/258 251/251/250 234/234/233
f 260/260/259 237/237/236 238/238/237
f 261/261/260 262/262/261 263/263/262
f 255/255/254 264/264/263 230/230/229
f 249/249/248 265/265/264 245/245/244
f 257/257/256 231/231/230 237/237/236
f 253/253/252 266/266/265 252/252/251
f 267/267/266 243/243/242 250/250/249
f 268/268/267 254/254/253 241/241/240
f 269/269/268 246/246/245 233/233/232
f 265/265/264 255/255/254 245/245/244
f 265/265/264 249/249/248 257/257/256
f 260/260/259 270/270/269 237/237/236
f 260/260/259 238/238/237 252/252/251
f 266/266/265 253/253/252 261/261/260
f 258/258/257 268/268/267 241/241/240
f 244/244/243 269/269/268 233/233/232
f 271/271/270 242/242/241 251/251/250
f 264/264/263 248/248/247 230/230/229
f 242/242/241 271/271/270 244/244/243
f 272/272/271 251/251/250 259/259/258
f 270/270/269 257/257/256 237/237/236
f 273/273/272 252/252/251 266/266/265
f 261/261/260 273/273/272 266/266/265
f 274/274/273 275/275/274 261/261/260
f 263/263/262 274/274/273 261/261/260
f 269/269/268 258/258/257 246/246/245
f 275/275/274 273/273/272 261/261/260
f 254/254/253 276/276/275 256/256/255
f 277/277/276 255/255/254 265/265/264
f 258/258/257 278/278/277 268/268/267
f 269/269/268 279/279/278 258/258/257
f 280/280/279 259/259/258 248/248/247
f 281/281/280 280/280/279 248/248/247
f 264/264/263 281/281/280 248/248/247
f 282/282/281 260/260/259 252/252/251
f 282/282/281 252/252/251 273/273/272
f 276/276/275 250/250/249 256/256/255
f 279/279/278 278/278/277 258/258/257
f 280/280/279 272/272/271 259/259/258
f 264/264/263 255/255/254 277/277/276
f 283/283/282 267/267/266 250/250/249
f 284/284/283 269/269/268 244/244/243
f 270/270/269 285/285/284 257/257/256
f 286/286/285 273/273/272 275/275/274
f 283/283/282 287/287/51 267/267/266
f 283/283/282 250/250/249 276/276/275
f 272/272/271 271/271/270 251/251/250
f 282/282/281 270/270/269 260/260/259
f 286/286/285 275/275/274 274/274/273
f 288/288/286 276/276/275 254/254/253
f 288/288/286 254/254/253 268/268/267
f 284/284/283 244/244/243 271/271/270
f 257/257/256 289/289/287 265/265/264
f 282/282/281 273/273/272 286/286/285
f 278/278/277 288/288/286 268/268/267
f 290/290/288 286/286/285 274/274/273
f 291/291/289 290/290/288 274/274/273
f 292/292/290 279/279/278 269/269/268
f 272/272/271 293/293/291 271/271/270
f 294/294/292 282/282/281 286/286/285
f 295/295/293 293/293/291 272/272/271
f 280/280/279 295/295/293 272/272/271
f 289/289/287 277/277/276 265/265/264
f 285/285/284 289/289/287 257/257/256
f 296/296/294 270/270/269 282/282/281
f 297/297/295 295/295/293 280/280/279
f 298/298/296 281/281/280 264/264/263
f 294/294/292 286/286/285 290/290/288
f 293/293/291 284/284/283 271/271/270
f 281/281/280 297/297/295 280/280/279
f 299/299/297 285/285/284 270/270/269
f 300/300/298 294/294/292 290/290/288
f 291/291/289 300/300/298 290/290/288
f 301/301/299 287/287/51 283/283/282
f 279/279/278 302/302/300 278/278/277
f 276/276/275 301/301/299 283/283/282
f 302/302/300 288/288/286 278/278/277
f 303/303/301 292/292/290 269/269/268
f 303/303/301 269/269/268 284/284/283
f 304/304/302 289/289/287 285/285/284
f 296/296/294 299/299/297 270/270/269
f 305/305/303 282/282/281 294/294/292
f 306/306/304 276/276/275 288/288/286
f 298/298/296 264/264/263 277/277/276
f 302/302/300 307/307/305 288/288/286
f 306/306/304 301/301/299 276/276/275
f 308/308/306 284/284/283 293/293/291
f 299/299/297 304/304/302 285/285/284
f 309/309/307 305/305/303 294/294/292
f 309/309/307 294/294/292 300/300/298
f 310/310/308 300/300/298 291/291/289
f 311/311/309 302/302/300 279/279/278
f 311/311/309 279/279/278 292/292/290
f 295/295/293 312/312/310 293/293/291
f 298/298/296 297/297/295 281/281/280
f 308/308/306 303/303/301 284/284/283
f 313/313/311 292/292/290 303/303/301
f 314/314/312 298/298/296 277/277/276
f 315/315/313 296/296/294 282/282/281
f 305/305/303 315/315/313 282/282/281
f 307/307/305 306/306/304 288/288/286
f 316/316/314 277/277/276 289/289/287
f 312/312/310 308/308/306 293/293/291
f 316/316/314 314/314/312 277/277/276
f 304/304/302 316/316/314 289/289/287
f 309/309/307 317/317/315 305/305/303
f 306/306/304 318/318/68 301/301/299
f 319/319/316 295/295/293 297/297/295
f 320/320/317 300/300/298 310/310/308
f 313/313/311 311/311/309 292/292/290
f 319/319/316 297/297/295 298/298/296
f 321/321/318 299/299/297 296/296/294
f 322/322/319 320/320/317 310/310/308
f 317/317/315 315/315/313 305/305/303
f 320/320/317 309/309/307 300/300/298
f 315/315/313 321/321/318 296/296/294
f 323/323/295 313/313/311 303/303/301
f 323/323/295 303/303/301 308/308/306
f 324/324/320 304/304/302 299/299/297
f 325/325/321 302/302/300 311/311/309
f 325/325/321 311/311/309 313/313/311
f 321/321/318 324/324/320 299/299/297
f 306/306/304 326/326/322 318/318/68
f 307/307/305 327/327/323 306/306/304
f 328/328/324 323/323/295 308/308/306
f 328/328/324 308/308/306 312/312/310
f 329/329/325 307/307/305 302/302/300
f 325/325/321 329/329/325 302/302/300
f 324/324/320 330/330/326 304/304/302
f 320/320/317 317/317/315 309/309/307
f 298/298/296 331/331/327 319/319/316
f 332/332/328 314/314/312 316/316/314
f 333/333/329 321/321/318 315/315/313
f 317/317/315 334/334/330 315/315/313
f 327/327/323 307/307/305 329/329/325
f 331/331/327 295/295/293 319/319/316
f 335/335/331 331/331/327 298/298/296
f 314/314/312 335/335/331 298/298/296
f 330/330/326 316/316/314 304/304/302
f 333/333/329 315/315/313 334/334/330
f 327/327/323 336/336/332 306/306/304
f 331/331/327 312/312/310 295/295/293
f 337/337/333 318/318/68 326/326/322
f 336/336/332 326/326/322 306/306/304
f 338/338/334 325/325/321 313/313/311
f 332/332/328 316/316/314 330/330/326
f 339/339/335 320/320/317 322/322/319
f 340/340/336 329/329/325 325/325/321
f 333/333/329 324/324/320 321/321/318
f 341/341/337 317/317/315 320/320/317
f 323/323/295 342/342/338 313/313/311
f 341/341/337 334/334/330 317/317/315
f 343/343/339 341/341/337 320/320/317
f 339/339/335 343/343/339 320/320/317
f 344/344/340 339/339/335 322/322/319
f 336/336/332 345/345/341 326/326/322
f 346/346/342 327/327/323 329/329/325
f 347/347/343 348/348/344 312/312/310
f 331/331/327 347/347/343 312/312/310
f 349/349/345 330/330/326 324/324/320
f 342/342/338 338/338/334 313/313/311
f 350/350/346 314/314/312 332/332/328
f 345/345/341 337/337/333 326/326/322
f 348/348/344 328/328/324 312/312/310
f 350/350/346 335/335/331 314/314/312
f 346/346/342 336/336/332 327/327/323
f 351/351/347 346/346/342 329/329/325
f 340/340/336 351/351/347 329/329/325
f 333/333/329 352/352/348 324/324/320
f 338/338/334 340/340/336 325/325/321
f 349/349/345 332/332/328 330/330/326
f 353/353/349 323/323/295 328/328/324
f 354/354/350 350/350/346 332/332/328
f 355/355/351 345/345/341 336/336/332
f 356/356/352 340/340/336 338/338/334
f 342/342/338 356/356/352 338/338/334
f 353/353/349 342/342/338 323/323/295
f 357/357/353 347/347/343 331/331/327
f 358/358/354 349/349/345 324/324/320
f 359/359/355 352/352/348 333/333/329
f 360/360/356 341/341/337 343/343/339
f 361/361/82 337/337/333 345/345/341
f 355/355/351 336/336/332 346/346/342
f 359/359/355 333/333/329 334/334/330
f 348/348/344 353/353/349 328/328/324
f 362/362/357 348/348/344 347/347/343
f 363/363/358 354/354/350 332/332/328
f 363/363/358 332/332/328 349/349/345
f 364/364/359 346/346/342 351/351/347
f 357/357/353 331/331/327 335/335/331
f 352/352/348 358/358/354 324/324/320
f 365/365/360 334/334/330 341/341/337
f 365/365/360 341/341/337 360/360/356
f 350/350/346 366/366/361 335/335/331
f 358/358/354 363/363/358 349/349/345
f 367/367/362 359/359/355 334/334/330
f 364/364/359 355/355/351 346/346/342
f 368/368/363 342/342/338 353/353/349
f 357/357/353 362/362/357 347/347/343
f 369/369/263 357/357/353 335/335/331
f 366/366/361 369/369/263 335/335/331
f 370/370/364 343/343/339 339/339/335
f 344/344/340 370/370/364 339/339/335
f 355/355/351 361/361/82 345/345/341
f 356/356/352 371/371/365 340/340/336
f 368/368/363 356/356/352 342/342/338
f 370/370/364 360/360/356 343/343/339
f 371/371/365 351/351/347 340/340/336
f 362/362/357 372/372/366 348/348/344
f 354/354/350 366/366/361 350/350/346
f 373/373/367 370/370/364 344/344/340
f 372/372/366 353/353/349 348/348/344
f 374/374/283 363/363/358 358/358/354
f 365/365/360 367/367/362 334/334/330
f 375/375/368 365/365/360 360/360/356
f 368/368/363 353/353/349 372/372/366
f 376/376/369 361/361/82 355/355/351
f 377/377/370 364/364/359 351/351/347
f 371/371/365 377/377/370 351/351/347
f 357/357/353 378/378/371 362/362/357
f 377/377/370 379/379/372 364/364/359
f 368/368/363 380/380/373 356/356/352
f 381/381/374 358/358/354 352/352/348
f 382/382/375 359/359/355 367/367/362
f 364/364/359 379/379/372 355/355/351
f 362/362/357 383/383/376 372/372/366
f 381/381/374 352/352/348 359/359/355
f 373/373/367 384/384/377 370/370/364
f 383/383/376 368/368/363 372/372/366
f 369/369/263 378/378/371 357/357/353
f 381/381/374 374/374/283 358/358/354
f 375/375/368 367/367/362 365/365/360
f 385/385/378 375/375/368 360/360/356
f 385/385/378 360/360/356 370/370/364
f 382/382/375 381/381/374 359/359/355
f 386/386/379 355/355/351 379/379/372
f 378/378/371 383/383/376 362/362/357
f 386/386/379 376/376/369 355/355/351
f 387/387/380 379/379/372 377/377/370
f 374/374/283 388/388/381 363/363/358
f 389/389/382 385/385/378 370/370/364
f 384/384/377 389/389/382 370/370/364
f 380/380/373 371/371/365 356/356/352
f 369/369/263 390/390/383 378/378/371
f 391/391/384 366/366/361 354/354/350
f 388/388/381 354/354/350 363/363/358
f 375/375/368 392/392/385 367/367/362
f 393/393/386 361/361/82 376/376/369
f 394/394/387 377/377/370 371/371/365
f 383/383/376 380/380/373 368/368/363
f 395/395/388 390/390/383 369/369/263
f 395/395/388 369/369/263 366/366/361
f 388/388/381 391/391/384 354/354/350
f 396/396/389 374/374/283 381/381/374
f 397/397/390 393/393/386 376/376/369
f 398/398/391 371/371/365 380/380/373
f 399/399/392 383/383/376 378/378/371
f 400/400/393 382/382/375 367/367/362
f 401/401/394 389/389/382 384/384/377
f 402/402/395 397/397/390 376/376/369
f 386/386/379 402/402/395 376/376/369
f 394/394/387 371/371/365 398/398/391
f 392/392/385 400/400/393 367/367/362
f 403/403/106 404/404/396 397/397/390
f 405/405/397 386/386/379 379/379/372
f 406/406/374 396/396/389 381/381/374
f 400/400/393 406/406/374 382/382/375
f 392/392/385 375/375/368 385/385/378
f 404/404/396 393/393/386 397/397/390
f 403/403/106 397/397/390 402/402/395
f 394/394/387 387/387/380 377/377/370
f 407/407/398 380/380/373 383/383/376
f 391/391/384 395/395/388 366/366/361
f 406/406/374 381/381/374 382/382/375
f 403/403/106 402/402/395 408/408/399
f 407/407/398 398/398/391 380/380/373
f 409/409/400 392/392/385 385/385/378
f 403/403/106 410/410/401 404/404/396
f 411/411/402 402/402/395 386/386/379
f 387/387/380 405/405/397 379/379/372
f 390/390/383 399/399/392 378/378/371
f 411/411/402 408/408/399 402/402/395
f 412/412/403 391/391/384 388/388/381
f 413/413/404 388/388/381 374/374/283
f 414/414/405 405/405/397 387/387/380
f 415/415/406 407/407/398 383/383/376
f 412/412/403 395/395/388 391/391/384
f 413/413/404 374/374/283 396/396/389
f 409/409/400 385/385/378 389/389/382
f 416/416/407 409/409/400 389/389/382
f 417/417/408 411/411/402 386/386/379
f 417/417/408 386/386/379 405/405/397
f 418/418/409 414/414/405 387/387/380
f 419/419/410 394/394/387 398/398/391
f 412/412/403 388/388/381 420/420/411
f 416/416/407 389/389/382 401/401/394
f 411/411/402 421/421/109 408/408/399
f 418/418/409 387/387/380 394/394/387
f 399/399/392 422/422/412 383/383/376
f 422/422/412 415/415/406 383/383/376
f 423/423/413 399/399/392 390/390/383
f 413/413/404 420/420/411 388/388/381
f 414/414/405 417/417/408 405/405/397
f 419/419/410 424/424/414 394/394/387
f 407/407/398 419/419/410 398/398/391
f 395/395/388 423/423/413 390/390/383
f 425/425/415 395/395/388 412/412/403
f 426/426/416 427/427/417 406/406/374
f 428/428/418 406/406/374 400/400/393
f 429/429/419 421/421/109 411/411/402
f 429/429/419 411/411/402 417/417/408
f 424/424/414 418/418/409 394/394/387
f 427/427/417 396/396/389 406/406/374
f 430/430/420 400/400/393 392/392/385
f 427/427/417 413/413/404 396/396/389
f 431/431/421 392/392/385 409/409/400
f 428/428/418 426/426/416 406/406/374
f 431/431/421 430/430/420 392/392/385
f 432/432/422 407/407/398 415/415/406
f 433/433/250 423/423/413 395/395/388
f 430/430/420 428/428/418 400/400/393
f 434/434/423 414/414/405 418/418/409
f 432/432/422 419/419/410 407/407/398
f 435/435/424 415/415/406 422/422/412
f 423/423/413 422/422/412 399/399/392
f 425/425/415 433/433/250 395/395/388
f 416/416/407 431/431/421 409/409/400
f 436/436/425 417/417/408 414/414/405
f 437/437/426 424/424/414 419/419/410
f 420/420/411 438/438/427 412/412/403
f 429/429/419 439/439/119 421/421/109
f 424/424/414 440/440/428 418/418/409
f 427/427/417 441/441/429 413/413/404
f 434/434/423 436/436/425 414/414/405
f 437/437/426 440/440/428 424/424/414
f 442/442/430 431/431/421 416/416/407
f 436/436/425 443/443/431 417/417/408
f 435/435/424 432/432/422 415/415/406
f 438/438/427 425/425/415 412/412/403
f 440/440/428 434/434/423 418/418/409
f 432/432/422 437/437/426 419/419/410
f 433/433/250 444/444/432 423/423/413
f 445/445/433 438/438/427 420/420/411
f 413/413/404 445/445/433 420/420/411
f 446/446/434 440/440/428 437/437/426
f 447/447/435 433/433/250 425/425/415
f 448/448/436 427/427/417 426/426/416
f 448/448/436 426/426/416 428/428/418
f 449/449/437 428/428/418 430/430/420
f 446/446/434 450/450/438 440/440/428
f 451/451/439 422/422/412 423/423/413
f 445/445/433 413/413/404 441/441/429
f 452/452/440 435/435/424 422/422/412
f 447/447/435 425/425/415 438/438/427
f 443/443/431 429/429/419 417/417/408
f 451/451/439 423/423/413 444/444/432
f 453/453/441 439/439/119 429/429/419
f 454/454/442 440/440/428 450/450/438
f 455/455/443 437/437/426 432/432/422
f 455/455/443 432/432/422 435/435/424
f 449/449/437 448/448/436 428/428/418
f 456/456/444 449/449/437 430/430/420
f 431/431/421 456/456/444 430/430/420
f 457/457/445 431/431/421 442/442/430
f 458/458/446 436/436/425 434/434/423
f 447/447/435 459/459/447 433/433/250
f 460/460/448 429/429/419 443/443/431
f 461/461/449 458/458/446 434/434/423
f 461/461/449 434/434/423 454/454/442
f 434/434/423 440/440/428 454/454/442
f 462/462/450 437/437/426 455/455/443
f 463/463/451 441/441/429 427/427/417
f 463/463/451 427/427/417 448/448/436
f 457/457/445 456/456/444 431/431/421
f 464/464/452 453/453/441 429/429/419
f 465/465/453 443/443/431 436/436/425
f 452/452/440 455/455/443 435/435/424
f 451/451/439 452/452/440 422/422/412
f 459/459/447 444/444/432 433/433/250
f 466/466/454 461/461/449 454/454/442
f 466/466/454 454/454/442 450/450/438
f 466/466/454 450/450/438 467/467/455
f 450/450/438 446/446/434 467/467/455
f 460/460/448 464/464/452 429/429/419
f 458/458/446 465/465/453 436/436/425
f 466/466/454 458/458/446 461/461/449
f 467/467/455 458/458/446 466/466/454
f 468/468/456 441/441/429 463/463/451
f 469/469/457 456/456/444 457/457/445
f 465/465/453 460/460/448 443/443/431
f 470/470/458 446/446/434 437/437/426
f 471/471/459 452/452/440 451/451/439
f 472/472/460 451/451/439 444/444/432
f 473/473/461 459/459/447 447/447/435
f 445/445/433 474/474/462 438/438/427
f 475/475/463 449/449/437 456/456/444
f 476/476/464 458/458/446 467/467/455
f 470/470/458 467/467/455 446/446/434
f 477/477/465 444/444/432 459/459/447
f 462/462/450 470/470/458 437/437/426
f 468/468/456 478/478/466 441/441/429
f 469/469/457 475/475/463 456/456/444
f 465/465/453 458/458/446 476/476/464
f 470/470/458 476/476/464 467/467/455
f 471/471/459 455/455/443 452/452/440
f 447/447/435 438/438/427 474/474/462
f 478/478/466 445/445/433 441/441/429
f 479/479/467 464/464/452 460/460/448
f 465/465/453 480/480/468 460/460/448
f 481/481/469 468/468/456 463/463/451
f 448/448/436 481/481/469 463/463/451
f 475/475/463 448/448/436 449/449/437
f 482/482/134 453/453/441 464/464/452
f 479/479/467 460/460/448 480/480/468
f 472/472/460 471/471/459 451/451/439
f 478/478/466 474/474/462 445/445/433
f 483/483/470 465/465/453 476/476/464
f 470/470/458 483/483/470 476/476/464
f 477/477/465 472/472/460 444/444/432
f 473/473/461 477/477/465 459/459/447
f 469/469/457 484/484/471 475/475/463
f 471/471/459 485/485/472 455/455/443
f 481/481/469 448/448/436 486/486/473
f 479/479/467 482/482/134 464/464/452
f 474/474/462 473/473/461 447/447/435
f 486/486/473 448/448/436 475/475/463
f 472/472/460 487/487/474 471/471/459
f 488/488/475 483/483/470 470/470/458
f 489/489/476 470/470/458 462/462/450
f 490/490/477 462/462/450 455/455/443
f 485/485/472 490/490/477 455/455/443
f 491/491/478 478/478/466 468/468/456
f 492/492/479 477/477/465 473/473/461
f 493/493/480 473/473/461 474/474/462
f 491/491/478 474/474/462 478/478/466
f 484/484/471 486/486/473 475/475/463
f 489/489/476 488/488/475 470/470/458
f 492/492/479 494/494/481 477/477/465
f 489/489/476 462/462/450 490/490/477
f 495/495/482 468/468/456 481/481/469
f 496/496/483 485/485/472 471/471/459
f 491/491/478 497/497/484 474/474/462
f 496/496/483 490/490/477 485/485/472
f 487/487/474 496/496/483 471/471/459
f 494/494/481 487/487/474 472/472/460
f 477/477/465 494/494/481 472/472/460
f 493/493/480 498/498/485 473/473/461
f 499/499/486 491/491/478 468/468/456
f 500/500/487 481/481/469 486/486/473
f 501/501/488 486/486/473 484/484/471
f 502/502/489 480/480/468 465/465/453
f 483/483/470 502/502/489 465/465/453
f 498/498/485 492/492/479 473/473/461
f 499/499/486 468/468/456 495/495/482
f 503/503/490 501/501/488 484/484/471
f 479/479/467 504/504/147 482/482/134
f 500/500/487 495/495/482 481/481/469
f 501/501/488 500/500/487 486/486/473
f 502/502/489 505/505/491 480/480/468
f 496/496/483 506/506/492 490/490/477
f 507/507/493 496/496/483 487/487/474
f 494/494/481 507/507/493 487/487/474
f 499/499/486 497/497/484 491/491/478
f 480/480/468 508/508/494 479/479/467
f 506/506/492 489/489/476 490/490/477
f 509/509/495 494/494/481 492/492/479
f 474/474/462 510/510/496 493/493/480
f 510/510/496 474/474/462 497/497/484
f 505/505/491 508/508/494 480/480/468
f 511/511/497 488/488/475 489/489/476
f 512/512/498 495/495/482 500/500/487
f 504/504/147 479/479/467 508/508/494
f 513/513/499 502/502/489 483/483/470
f 513/513/499 483/483/470 488/488/475
f 510/510/496 498/498/485 493/493/480
f 501/501/488 512/512/498 500/500/487
f 514/514/500 496/496/483 507/507/493
f 498/498/485 509/509/495 492/492/479
f 512/512/498 499/499/486 495/495/482
f 513/513/499 488/488/475 511/511/497
f 510/510/496 515/515/501 498/498/485
f 516/516/502 489/489/476 506/506/492
f 516/516/502 511/511/497 489/489/476
f 517/517/503 516/516/502 506/506/492
f 518/518/504 506/506/492 496/496/483
f 514/514/500 518/518/504 496/496/483
f 519/519/505 497/497/484 499/499/486
f 519/519/505 499/499/486 512/512/498
f 520/520/506 504/504/147 508/508/494
f 517/517/503 506/506/492 518/518/504
f 521/521/507 518/518/504 514/514/500
f 522/522/508 507/507/493 494/494/481
f 522/522/508 494/494/481 509/509/495
f 523/523/509 510/510/496 497/497/484
f 519/519/505 523/523/509 497/497/484
f 505/505/491 524/524/510 508/508/494
f 521/521/507 517/517/503 518/518/504
f 525/525/511 517/517/503 521/521/507
f 526/526/512 521/521/507 514/514/500
f 527/527/513 514/514/500 507/507/493
f 522/522/508 528/528/514 507/507/493
f 529/529/515 522/522/508 509/509/495
f 529/529/515 509/509/495 498/498/485
f 529/529/515 498/498/485 515/515/501
f 530/530/516 531/531/517 516/516/502
f 517/517/503 530/530/516 516/516/502
f 525/525/511 521/521/507 532/532/518
f 526/526/512 514/514/500 533/533/519
f 527/527/513 533/533/519 514/514/500
f 528/528/514 527/527/513 507/507/493
f 534/534/520 529/529/515 515/515/501
f 535/535/521 515/515/501 510/510/496
f 523/523/509 535/535/521 510/510/496
f 536/536/166 520/520/506 508/508/494
f 524/524/510 505/505/491 502/502/489
f 537/537/522 524/524/510 502/502/489
f 537/537/522 502/502/489 513/513/499
f 531/531/517 511/511/497 516/516/502
f 525/525/511 530/530/516 517/517/503
f 526/526/512 532/532/518 521/521/507
f 529/529/515 538/538/523 522/522/508
f 524/524/510 539/539/524 508/508/494
f 540/540/525 511/511/497 531/531/517
f 540/540/525 513/513/499 511/511/497
f 539/539/524 536/536/166 508/508/494
f 532/532/518 541/541/526 525/525/511
f 542/542/527 537/537/522 513/513/499
f 540/540/525 542/542/527 513/513/499
f 539/539/524 543/543/528 536/536/166
f 544/544/529 539/539/524 524/524/510
f 544/544/529 524/524/510 537/537/522
f 545/545/530 544/544/529 537/537/522
f 545/545/530 537/537/522 542/542/527
f 546/546/18 547/547/531 548/548/532
f 549/549/533 547/547/531 546/546/18
f 550/550/534 549/549/533 551/551/535
f 552/552/536 550/550/534 551/551/535
f 551/551/535 549/549/533 553/553/537
f 554/554/538 555/555/539 556/556/540
f 553/553/537 549/549/533 546/546/18
f 557/557/541 556/556/540 552/552/536
f 554/554/538 556/556/540 557/557/541
f 554/554/538 558/558/542 555/555/539
f 559/559/543 558/558/542 554/554/538
f 560/560/544 558/558/542 559/559/543
f 561/561/545 562/562/546 560/560/544
f 561/561/545 563/563/547 562/562/546
f 552/552/536 551/551/535 564/564/548
f 561/561/545 560/560/544 565/565/549
f 566/566/550 567/567/551 568/568/552
f 569/569/553 570/570/554 566/566/550
f 571/571/555 572/572/556 573/573/557
f 551/551/535 553/553/537 574/574/558
f 565/565/549 560/560/544 559/559/543
f 575/575/559 572/572/556 571/571/555
f 553/553/537 546/546/18 576/576/560
f 564/564/548 551/551/535 574/574/558
f 566/566/550 568/568/552 577/577/561
f 569/569/553 566/566/550 577/577/561
f 578/578/562 570/570/554 569/569/553
f 579/579/563 580/580/564 578/578/562
f 557/557/541 552/552/536 564/564/548
f 581/581/565 573/573/557 580/580/564
f 559/559/543 554/554/538 582/582/566
f 583/583/567 563/563/547 584/584/568
f 568/568/552 584/584/568 577/577/561
f 581/581/565 580/580/564 579/579/563
f 585/585/569 571/571/555 573/573/557
f 586/586/570 575/575/559 587/587/571
f 588/588/572 553/553/537 576/576/560
f 588/588/572 574/574/558 553/553/537
f 585/585/569 573/573/557 581/581/565
f 587/587/571 575/575/559 571/571/555
f 587/587/571 571/571/555 589/589/573
f 590/590/574 559/559/543 582/582/566
f 590/590/574 565/565/549 559/559/543
f 591/591/575 561/561/545 565/565/549
f 584/584/568 563/563/547 561/561/545
f 592/592/576 578/578/562 569/569/553
f 579/579/563 578/578/562 592/592/576
f 584/584/568 561/561/545 591/591/575
f 569/569/553 577/577/561 593/593/577
f 594/594/578 581/581/565 579/579/563
f 585/585/569 581/581/565 594/594/578
f 595/595/579 554/554/538 557/557/541
f 595/595/579 582/582/566 554/554/538
f 589/589/573 571/571/555 585/585/569
f 596/596/580 586/586/570 587/587/571
f 597/597/581 586/586/570 596/596/580
f 598/598/582 564/564/548 574/574/558
f 557/557/541 564/564/548 598/598/582
f 596/596/580 587/587/571 589/589/573
f 595/595/579 557/557/541 599/599/583
f 577/577/561 584/584/568 600/600/584
f 592/592/576 569/569/553 593/593/577
f 601/601/585 597/597/581 602/602/586
f 591/591/575 565/565/549 590/590/574
f 600/600/584 584/584/568 591/591/575
f 603/603/587 597/597/581 596/596/580
f 604/604/588 574/574/558 588/588/572
f 598/598/582 574/574/558 604/604/588
f 599/599/583 557/557/541 598/598/582
f 605/605/589 582/582/566 595/595/579
f 590/590/574 582/582/566 605/605/589
f 579/579/563 592/592/576 606/606/590
f 607/607/591 592/592/576 593/593/577
f 594/594/578 579/579/563 606/606/590
f 602/602/586 597/597/581 603/603/587
f 608/608/592 601/601/585 602/602/586
f 606/606/590 592/592/576 607/607/591
f 605/605/589 595/595/579 609/609/593
f 600/600/584 591/591/575 610/610/594
f 577/577/561 600/600/584 611/611/595
f 593/593/577 577/577/561 611/611/595
f 612/612/596 608/608/592 602/602/586
f 604/604/588 588/588/572 613/613/597
f 591/591/575 590/590/574 614/614/598
f 615/615/599 610/610/594 591/591/575
f 616/616/600 585/585/569 594/594/578
f 617/617/601 596/596/580 589/589/573
f 618/618/602 602/602/586 603/603/587
f 609/609/593 595/595/579 599/599/583
f 619/619/603 593/593/577 611/611/595
f 607/607/591 593/593/577 619/619/603
f 620/620/604 606/606/590 607/607/591
f 612/612/596 602/602/586 618/618/602
f 614/614/598 590/590/574 605/605/589
f 615/615/599 591/591/575 614/614/598
f 611/611/595 600/600/584 610/610/594
f 589/589/573 585/585/569 616/616/600
f 603/603/587 596/596/580 621/621/605
f 622/622/606 599/599/583 598/598/582
f 623/623/607 610/610/594 615/615/599
f 624/624/608 594/594/578 606/606/590
f 616/616/600 594/594/578 625/625/609
f 598/598/582 604/604/588 622/622/606
f 621/621/605 596/596/580 617/617/601
f 626/626/610 608/608/592 612/612/596
f 623/623/607 615/615/599 614/614/598
f 611/611/595 610/610/594 627/627/611
f 628/628/612 607/607/591 619/619/603
f 625/625/609 594/594/578 624/624/608
f 629/629/613 604/604/588 613/613/597
f 627/627/611 610/610/594 623/623/607
f 630/630/614 611/611/595 627/627/611
f 628/628/612 620/620/604 607/607/591
f 629/629/613 613/613/597 631/631/615
f 622/622/606 604/604/588 629/629/613
f 614/614/598 605/605/589 609/609/593
f 617/617/601 589/589/573 616/616/600
f 618/618/602 603/603/587 621/621/605
f 632/632/616 633/633/617 626/626/610
f 634/634/618 622/622/606 629/629/613
f 635/635/619 609/609/593 599/599/583
f 636/636/620 626/626/610 612/612/596
f 599/599/583 622/622/606 634/634/618
f 624/624/608 606/606/590 620/620/604
f 637/637/621 625/625/609 624/624/608
f 638/638/622 616/616/600 625/625/609
f 632/632/616 626/626/610 636/636/620
f 635/635/619 599/599/583 634/634/618
f 639/639/623 620/620/604 628/628/612
f 640/640/624 617/617/601 616/616/600
f 632/632/616 636/636/620 641/641/625
f 642/642/626 633/633/617 632/632/616
f 643/643/627 614/614/598 609/609/593
f 644/644/628 618/618/602 621/621/605
f 636/636/620 612/612/596 618/618/602
f 642/642/626 632/632/616 645/645/629
f 627/627/611 623/623/607 646/646/630
f 619/619/603 611/611/595 630/630/614
f 647/647/631 624/624/608 620/620/604
f 643/643/627 609/609/593 648/648/632
f 649/649/633 628/628/612 619/619/603
f 647/647/631 620/620/604 639/639/623
f 617/617/601 640/640/624 650/650/634
f 650/650/634 621/621/605 617/617/601
f 645/645/629 632/632/616 641/641/625
f 651/651/635 642/642/626 645/645/629
f 646/646/630 623/623/607 614/614/598
f 630/630/614 627/627/611 646/646/630
f 641/641/625 636/636/620 652/652/636
f 653/653/637 642/642/626 651/651/635
f 634/634/618 629/629/613 654/654/638
f 640/640/624 616/616/600 638/638/622
f 655/655/639 636/636/620 618/618/602
f 656/656/640 635/635/619 634/634/618
f 648/648/632 609/609/593 635/635/619
f 614/614/598 643/643/627 657/657/641
f 658/658/642 619/619/603 630/630/614
f 649/649/633 619/619/603 658/658/642
f 638/638/622 625/625/609 637/637/621
f 644/644/628 621/621/605 650/650/634
f 652/652/636 636/636/620 655/655/639
f 651/651/635 645/645/629 641/641/625
f 646/646/630 614/614/598 657/657/641
f 659/659/643 618/618/602 644/644/628
f 651/651/635 641/641/625 652/652/636
f 654/654/638 629/629/613 631/631/615
f 628/628/612 649/649/633 639/639/623
f 637/637/621 624/624/608 647/647/631
f 660/660/644 634/634/618 654/654/638
f 643/643/627 648/648/632 657/657/641
f 661/661/645 630/630/614 646/646/630
f 662/662/646 658/658/642 630/630/614
f 663/663/647 644/644/628 650/650/634
f 648/648/632 635/635/619 656/656/640
f 656/656/640 634/634/618 660/660/644
f 664/664/648 652/652/636 655/655/639
f 664/664/648 651/651/635 652/652/636
f 647/647/631 639/639/623 665/665/649
f 655/655/639 618/618/602 659/659/643
f 666/666/650 653/653/637 651/651/635
f 630/630/614 661/661/645 662/662/646
f 667/667/651 639/639/623 649/649/633
f 668/668/652 637/637/621 647/647/631
f 669/669/653 649/649/633 658/658/642
f 668/668/652 647/647/631 665/665/649
f 638/638/622 637/637/621 670/670/654
f 640/640/624 638/638/622 671/671/655
f 650/650/634 640/640/624 671/671/655
f 654/654/638 631/631/615 672/672/656
f 673/673/657 654/654/638 672/672/656
f 660/660/644 654/654/638 673/673/657
f 656/656/640 660/660/644 674/674/658
f 646/646/630 657/657/641 661/661/645
f 670/670/654 637/637/621 668/668/652
f 666/666/650 651/651/635 664/664/648
f 675/675/659 653/653/637 666/666/650
f 674/674/658 660/660/644 673/673/657
f 676/676/660 657/657/641 648/648/632
f 667/667/651 649/649/633 669/669/653
f 665/665/649 639/639/623 667/667/651
f 677/677/661 638/638/622 670/670/654
f 671/671/655 638/638/622 677/677/661
f 669/669/653 658/658/642 662/662/646
f 663/663/647 650/650/634 678/678/662
f 661/661/645 657/657/641 679/679/663
f 678/678/662 650/650/634 671/671/655
f 659/659/643 644/644/628 663/663/647
f 680/680/664 664/664/648 655/655/639
f 681/681/665 675/675/659 666/666/650
f 682/682/666 655/655/639 659/659/643
f 676/676/660 648/648/632 656/656/640
f 683/683/667 676/676/660 656/656/640
f 684/684/668 669/669/653 662/662/646
f 680/680/664 655/655/639 682/682/666
f 681/681/665 666/666/650 664/664/648
f 685/685/669 662/662/646 661/661/645
f 667/667/651 669/669/653 686/686/670
f 665/665/649 667/667/651 687/687/671
f 679/679/663 657/657/641 676/676/660
f 684/684/668 662/662/646 685/685/669
f 688/688/672 670/670/654 668/668/652
f 689/689/673 675/675/659 681/681/665
f 673/673/657 672/672/656 690/690/674
f 691/691/675 674/674/658 673/673/657
f 692/692/676 656/656/640 674/674/658
f 669/669/653 684/684/668 686/686/670
f 671/671/655 677/677/661 693/693/677
f 659/659/643 663/663/647 694/694/678
f 695/695/679 664/664/648 680/680/664
f 691/691/675 673/673/657 690/690/674
f 683/683/667 656/656/640 692/692/676
f 696/696/680 661/661/645 679/679/663
f 687/687/671 667/667/651 686/686/670
f 668/668/652 665/665/649 687/687/671
f 697/697/681 678/678/662 671/671/655
f 695/695/679 681/681/665 664/664/648
f 692/692/676 674/674/658 698/698/682
f 685/685/669 661/661/645 696/696/680
f 688/688/672 668/668/652 687/687/671
f 693/693/677 677/677/661 670/670/654
f 699/699/683 678/678/662 697/697/681
f 699/699/683 663/663/647 678/678/662
f 682/682/666 659/659/643 694/694/678
f 697/697/681 671/671/655 693/693/677
f 699/699/683 694/694/678 663/663/647
f 698/698/682 674/674/658 691/691/675
f 700/700/684 670/670/654 688/688/672
f 696/696/680 679/679/663 676/676/660
f 693/693/677 670/670/654 700/700/684
f 689/689/673 681/681/665 701/701/685
f 696/696/680 676/676/660 702/702/686
f 703/703/687 684/684/668 685/685/669
f 701/701/685 681/681/665 695/695/679
f 704/704/688 692/692/676 698/698/682
f 680/680/664 682/682/666 705/705/689
f 695/695/679 680/680/664 706/706/690
f 683/683/667 692/692/676 704/704/688
f 702/702/686 676/676/660 683/683/667
f 707/707/691 686/686/670 684/684/668
f 708/708/692 687/687/671 686/686/670
f 709/709/693 699/699/683 697/697/681
f 706/706/690 680/680/664 705/705/689
f 701/701/685 695/695/679 710/710/694
f 703/703/687 685/685/669 711/711/695
f 708/708/692 686/686/670 707/707/691
f 712/712/696 693/693/677 700/700/684
f 705/705/689 682/682/666 694/694/678
f 710/710/694 695/695/679 706/706/690
f 711/711/695 685/685/669 696/696/680
f 700/700/684 688/688/672 713/713/697
f 697/697/681 693/693/677 709/709/693
f 714/714/74 691/691/675 690/690/674
f 684/684/668 703/703/687 707/707/691
f 709/709/693 693/693/677 715/715/698
f 716/716/699 691/691/675 714/714/74
f 698/698/682 691/691/675 716/716/699
f 717/717/700 688/688/672 687/687/671
f 712/712/696 700/700/684 713/713/697
f 704/704/688 698/698/682 718/718/701
f 719/719/702 683/683/667 704/704/688
f 705/705/689 694/694/678 720/720/703
f 721/721/704 689/689/673 701/701/685
f 722/722/705 689/689/673 721/721/704
f 719/719/702 702/702/686 683/683/667
f 723/723/706 696/696/680 702/702/686
f 717/717/700 687/687/671 708/708/692
f 720/720/703 694/694/678 699/699/683
f 710/710/694 706/706/690 724/724/707
f 725/725/708 703/703/687 711/711/695
f 715/715/698 693/693/677 712/712/696
f 699/699/683 709/709/693 726/726/709
f 727/727/710 706/706/690 705/705/689
f 711/711/695 696/696/680 723/723/706
f 713/713/697 688/688/672 717/717/700
f 728/728/711 699/699/683 726/726/709
f 720/720/703 699/699/683 728/728/711
f 724/724/707 706/706/690 727/727/710
f 729/729/712 722/722/705 721/721/704
f 716/716/699 714/714/74 730/730/713
f 698/698/682 716/716/699 731/731/714
f 707/707/691 703/703/687 725/725/708
f 718/718/701 698/698/682 731/731/714
f 723/723/706 702/702/686 732/732/715
f 732/732/715 702/702/686 719/719/702
f 726/726/709 709/709/693 715/715/698
f 727/727/710 705/705/689 720/720/703
f 719/719/702 704/704/688 718/718/701
f 708/708/692 707/707/691 733/733/716
f 734/734/717 701/701/685 710/710/694
f 735/735/718 711/711/695 723/723/706
f 725/725/708 711/711/695 735/735/718
f 734/734/717 710/710/694 724/724/707
f 736/736/719 716/716/699 730/730/713
f 731/731/714 716/716/699 736/736/719
f 717/717/700 708/708/692 733/733/716
f 713/713/697 717/717/700 737/737/720
f 738/738/721 712/712/696 713/713/697
f 739/739/722 715/715/698 712/712/696
f 740/740/723 701/701/685 734/734/717
f 721/721/704 701/701/685 740/740/723
f 726/726/709 715/715/698 741/741/724
f 720/720/703 728/728/711 742/742/725
f 707/707/691 725/725/708 743/743/652
f 744/744/726 717/717/700 733/733/716
f 745/745/727 726/726/709 741/741/724
f 728/728/711 726/726/709 745/745/727
f 746/746/728 734/734/717 724/724/707
f 737/737/720 717/717/700 744/744/726
f 739/739/722 712/712/696 738/738/721
f 715/715/698 739/739/722 741/741/724
f 747/747/729 729/729/712 721/721/704
f 748/748/653 723/723/706 732/732/715
f 748/748/653 735/735/718 723/723/706
f 742/742/725 728/728/711 745/745/727
f 746/746/728 724/724/707 727/727/710
f 747/747/729 721/721/704 740/740/723
f 718/718/701 731/731/714 749/749/730
f 750/750/731 725/725/708 735/735/718
f 751/751/732 713/713/697 737/737/720
f 738/738/721 713/713/697 751/751/732
f 752/752/733 734/734/717 746/746/728
f 736/736/719 730/730/713 753/753/88
f 754/754/734 720/720/703 742/742/725
f 755/755/602 718/718/701 749/749/730
f 755/755/602 719/719/702 718/718/701
f 743/743/652 725/725/708 750/750/731
f 733/733/716 707/707/691 743/743/652
f 727/727/710 720/720/703 754/754/734
f 740/740/723 734/734/717 752/752/733
f 749/749/730 731/731/714 736/736/719
f 756/756/735 751/751/732 737/737/720
f 739/739/722 738/738/721 751/751/732
f 732/732/715 719/719/702 755/755/602
f 756/756/735 737/737/720 744/744/726
f 757/757/736 727/727/710 754/754/734
f 746/746/728 727/727/710 757/757/736
f 758/758/737 740/740/723 752/752/733
f 747/747/729 740/740/723 758/758/737
f 736/736/719 753/753/88 759/759/738
f 760/760/739 750/750/731 735/735/718
f 756/756/735 744/744/726 761/761/740
f 762/762/741 742/742/725 745/745/727
f 754/754/734 742/742/725 762/762/741
f 763/763/742 749/749/730 736/736/719
f 764/764/743 732/732/715 755/755/602
f 760/760/739 735/735/718 748/748/653
f 761/761/740 744/744/726 733/733/716
f 743/743/652 750/750/731 765/765/744
f 733/733/716 743/743/652 765/765/744
f 741/741/724 739/739/722 751/751/732
f 766/766/745 746/746/728 757/757/736
f 748/748/653 732/732/715 767/767/746
f 741/741/724 751/751/732 768/768/747
f 769/769/748 749/749/730 763/763/742
f 732/732/715 764/764/743 770/770/749
f 761/761/740 733/733/716 765/765/744
f 747/747/729 771/771/750 772/772/751
f 773/773/752 736/736/719 759/759/738
f 763/763/742 736/736/719 773/773/752
f 769/769/748 755/755/602 749/749/730
f 767/767/746 732/732/715 770/770/749
f 774/774/753 746/746/728 766/766/745
f 752/752/733 746/746/728 774/774/753
f 771/771/750 747/747/729 758/758/737
f 759/759/738 775/775/754 773/773/752
f 765/765/744 750/750/731 760/760/739
f 776/776/755 741/741/724 768/768/747
f 762/762/741 745/745/727 777/777/756
f 758/758/737 752/752/733 774/774/753
f 764/764/743 755/755/602 769/769/748
f 778/778/757 756/756/735 761/761/740
f 751/751/732 756/756/735 779/779/758
f 776/776/755 745/745/727 741/741/724
f 777/777/756 754/754/734 762/762/741
f 780/780/759 757/757/736 754/754/734
f 771/771/750 781/781/760 772/772/751
f 779/779/758 756/756/735 782/782/761
f 768/768/747 751/751/732 779/779/758
f 766/766/745 757/757/736 780/780/759
f 771/771/750 758/758/737 774/774/753
f 773/773/752 775/775/754 783/783/108
f 784/784/762 760/760/739 748/748/653
f 782/782/761 756/756/735 778/778/757
f 780/780/759 754/754/734 777/777/756
f 784/784/762 748/748/653 767/767/746
f 785/785/763 765/765/744 760/760/739
f 761/761/740 765/765/744 786/786/764
f 778/778/757 761/761/740 786/786/764
f 787/787/765 777/777/756 745/745/727
f 774/774/753 766/766/745 788/788/766
f 789/789/115 773/773/752 783/783/108
f 763/763/742 773/773/752 789/789/115
f 790/790/767 770/770/749 764/764/743
f 786/786/764 765/765/744 785/785/763
f 776/776/755 768/768/747 791/791/768
f 792/792/769 780/780/759 777/777/756
f 771/771/750 774/774/753 793/793/770
f 794/794/771 760/760/739 784/784/762
f 785/785/763 760/760/739 794/794/771
f 787/787/765 745/745/727 776/776/755
f 793/793/770 774/774/753 788/788/766
f 795/795/772 770/770/749 790/790/767
f 795/795/772 767/767/746 770/770/749
f 796/796/773 768/768/747 779/779/758
f 787/787/765 776/776/755 797/797/774
f 798/798/775 763/763/742 789/789/115
f 764/764/743 769/769/748 799/799/776
f 784/784/762 767/767/746 795/795/772
f 785/785/763 794/794/771 800/800/777
f 801/801/778 779/779/758 782/782/761
f 796/796/773 791/791/768 768/768/747
f 776/776/755 791/791/768 802/802/779
f 797/797/774 776/776/755 802/802/779
f 803/803/780 777/777/756 787/787/765
f 804/804/781 771/771/750 793/793/770
f 781/781/760 771/771/750 804/804/781
f 799/799/776 769/769/748 763/763/742
f 790/790/767 764/764/743 799/799/776
f 782/782/761 778/778/757 805/805/782
f 796/796/773 779/779/758 801/801/778
f 806/806/783 777/777/756 803/803/780
f 788/788/766 766/766/745 780/780/759
f 786/786/764 785/785/763 807/807/784
f 801/801/778 782/782/761 805/805/782
f 808/808/785 788/788/766 780/780/759
f 798/798/775 789/789/115 809/809/116
f 794/794/771 784/784/762 800/800/777
f 802/802/779 791/791/768 796/796/773
f 785/785/763 800/800/777 807/807/784
f 803/803/780 787/787/765 797/797/774
f 810/810/786 763/763/742 798/798/775
f 799/799/776 763/763/742 810/810/786
f 811/811/787 784/784/762 795/795/772
f 812/812/788 778/778/757 786/786/764
f 792/792/769 777/777/756 806/806/783
f 808/808/785 780/780/759 792/792/769
f 812/812/788 786/786/764 807/807/784
f 813/813/789 792/792/769 806/806/783
f 814/814/790 788/788/766 808/808/785
f 815/815/791 804/804/781 793/793/770
f 816/816/792 795/795/772 790/790/767
f 800/800/777 784/784/762 811/811/787
f 817/817/793 806/806/783 803/803/780
f 808/808/785 792/792/769 813/813/789
f 793/793/770 788/788/766 814/814/790
f 810/810/786 798/798/775 809/809/116
f 799/799/776 810/810/786 818/818/794
f 811/811/787 795/795/772 816/816/792
f 802/802/779 796/796/773 819/819/795
f 820/820/796 797/797/774 802/802/779
f 813/813/789 806/806/783 817/817/793
f 790/790/767 799/799/776 821/821/797
f 805/805/782 778/778/757 812/812/788
f 803/803/780 797/797/774 820/820/796
f 816/816/792 790/790/767 821/821/797
f 800/800/777 811/811/787 822/822/798
f 819/819/795 796/796/773 801/801/778
f 793/793/770 814/814/790 823/823/799
f 815/815/791 793/793/770 823/823/799
f 821/821/797 799/799/776 824/824/800
f 807/807/784 800/800/777 825/825/801
f 826/826/802 805/805/782 812/812/788
f 818/818/794 810/810/786 827/827/803
f 824/824/800 799/799/776 818/818/794
f 808/808/785 813/813/789 828/828/804
f 822/822/798 811/811/787 816/816/792
f 829/829/805 802/802/779 819/819/795
f 829/829/805 820/820/796 802/802/779
f 823/823/799 830/830/806 815/815/791
f 827/827/803 809/809/116 831/831/126
f 827/827/803 810/810/786 809/809/116
f 832/832/807 803/803/780 820/820/796
f 801/801/778 805/805/782 833/833/808
f 833/833/808 819/819/795 801/801/778
f 832/832/807 817/817/793 803/803/780
f 816/816/792 821/821/797 834/834/809
f 825/825/801 800/800/777 822/822/798
f 835/835/810 812/812/788 807/807/784
f 836/836/811 823/823/799 814/814/790
f 826/826/802 812/812/788 835/835/810
f 832/832/807 820/820/796 829/829/805
f 837/837/812 817/817/793 832/832/807
f 837/837/812 813/813/789 817/817/793
f 814/814/790 808/808/785 828/828/804
f 834/834/809 821/821/797 824/824/800
f 838/838/813 816/816/792 834/834/809
f 822/822/798 816/816/792 838/838/813
f 833/833/808 805/805/782 826/826/802
f 839/839/814 829/829/805 819/819/795
f 828/828/804 813/813/789 837/837/812
f 840/840/815 814/814/790 828/828/804
f 836/836/811 830/830/806 823/823/799
f 841/841/816 824/824/800 818/818/794
f 833/833/808 826/826/802 842/842/817
f 843/843/818 822/822/798 838/838/813
f 807/807/784 825/825/801 844/844/819
f 818/818/794 827/827/803 845/845/820
f 839/839/814 819/819/795 833/833/808
f 846/846/821 836/836/811 814/814/790
f 843/843/818 825/825/801 822/822/798
f 835/835/810 807/807/784 844/844/819
f 846/846/821 814/814/790 840/840/815
f 845/845/820 841/841/816 818/818/794
f 842/842/817 826/826/802 835/835/810
f 847/847/822 832/832/807 829/829/805
f 827/827/803 831/831/126 848/848/133
f 849/849/823 834/834/809 824/824/800
f 850/850/824 839/839/814 833/833/808
f 851/851/825 845/845/820 827/827/803
f 844/844/819 825/825/801 852/852/826
f 824/824/800 841/841/816 849/849/823
f 853/853/827 838/838/813 834/834/809
f 852/852/826 825/825/801 843/843/818
f 854/854/828 835/835/810 844/844/819
f 855/855/829 829/829/805 839/839/814
f 847/847/822 829/829/805 855/855/829
f 856/856/830 828/828/804 837/837/812
f 851/851/825 827/827/803 848/848/133
f 845/845/820 851/851/825 857/857/831
f 841/841/816 845/845/820 857/857/831
f 853/853/827 834/834/809 849/849/823
f 833/833/808 842/842/817 858/858/832
f 840/840/815 828/828/804 859/859/833
f 850/850/824 833/833/808 858/858/832
f 837/837/812 832/832/807 860/860/834
f 859/859/833 828/828/804 856/856/830
f 854/854/828 844/844/819 852/852/826
f 855/855/829 839/839/814 850/850/824
f 860/860/834 832/832/807 847/847/822
f 856/856/830 837/837/812 860/860/834
f 857/857/831 849/849/823 841/841/816
f 838/838/813 853/853/827 861/861/835
f 862/862/836 842/842/817 835/835/810
f 863/863/837 840/840/815 859/859/833
f 846/846/821 840/840/815 863/863/837
f 864/864/838 843/843/818 838/838/813
f 862/862/836 835/835/810 865/865/839
f 858/858/832 842/842/817 862/862/836
f 866/866/840 849/849/823 857/857/831
f 847/847/822 855/855/829 860/860/834
f 864/864/838 838/838/813 861/861/835
f 855/855/829 850/850/824 867/867/841
f 856/856/830 860/860/834 868/868/842
f 859/859/833 856/856/830 869/869/843
f 853/853/827 849/849/823 870/870/844
f 852/852/826 843/843/818 871/871/845
f 854/854/828 852/852/826 872/872/846
f 865/865/839 835/835/810 854/854/828
f 866/866/840 857/857/831 851/851/825
f 861/861/835 853/853/827 870/870/844
f 871/871/845 843/843/818 864/864/838
f 869/869/843 856/856/830 868/868/842
f 863/863/837 859/859/833 869/869/843
f 868/868/842 860/860/834 873/873/847
f 874/874/848 851/851/825 848/848/133
f 861/861/835 870/870/844 875/875/849
f 876/876/850 850/850/824 858/858/832
f 877/877/851 867/867/841 850/850/824
f 878/878/852 866/866/840 851/851/825
f 870/870/844 849/849/823 879/879/853
f 880/880/854 852/852/826 871/871/845
f 880/880/854 872/872/846 852/852/826
f 876/876/850 858/858/832 862/862/836
f 877/877/851 850/850/824 876/876/850
f 860/860/834 855/855/829 881/881/855
f 878/878/852 851/851/825 874/874/848
f 879/879/853 849/849/823 866/866/840
f 881/881/855 855/855/829 867/867/841
f 869/869/843 868/868/842 882/882/856
f 883/883/857 864/864/838 861/861/835
f 871/871/845 864/864/838 884/884/858
f 872/872/846 865/865/839 854/854/828
f 884/884/858 864/864/838 885/885/859
f 876/876/850 862/862/836 886/886/860
f 873/873/847 860/860/834 881/881/855
f 875/875/849 870/870/844 879/879/853
f 883/883/857 885/885/859 864/864/838
f 871/871/845 884/884/858 880/880/854
f 887/887/861 865/865/839 872/872/846
f 862/862/836 865/865/839 886/886/860
f 886/886/860 865/865/839 887/887/861
f 882/882/856 868/868/842 873/873/847
f 861/861/835 875/875/849 883/883/857
f 888/888/862 884/884/858 885/885/859
f 889/889/863 880/880/854 884/884/858
f 887/887/861 872/872/846 880/880/854
f 889/889/863 884/884/858 888/888/862
f 890/890/864 867/867/841 877/877/851
f 881/881/855 867/867/841 890/890/864
f 873/873/847 881/881/855 890/890/864
f 885/885/859 883/883/857 891/891/865
f 888/888/862 885/885/859 892/892/866
f 876/876/850 886/886/860 893/893/867
f 894/894/868 876/876/850 893/893/867
f 894/894/868 877/877/851 876/876/850
f 895/895/869 866/866/840 878/878/852
f 896/896/870 887/887/861 880/880/854
f 897/897/871 886/886/860 887/887/861
f 893/893/867 886/886/860 897/897/871
f 898/898/872 877/877/851 894/894/868
f 890/890/864 877/877/851 898/898/872
f 878/878/852 874/874/848 899/899/873
f 883/883/857 875/875/849 900/900/874
f 892/892/866 885/885/859 891/891/865
f 901/901/875 889/889/863 888/888/862
f 896/896/870 889/889/863 902/902/876
f 880/880/854 889/889/863 896/896/870
f 879/879/853 866/866/840 903/903/877
f 902/902/876 889/889/863 901/901/875
f 897/897/871 887/887/861 896/896/870
f 903/903/877 866/866/840 895/895/869
f 904/904/878 883/883/857 900/900/874
f 891/891/865 883/883/857 904/904/878
f 901/901/875 888/888/862 892/892/866
f 895/895/869 878/878/852 899/899/873
f 904/904/878 900/900/874 905/905/879
f 901/901/875 892/892/866 906/906/880
f 905/905/879 900/900/874 875/875/849
f 895/895/869 899/899/873 907/907/881
f 907/907/881 899/899/873 908/908/882
f 909/909/883 879/879/853 903/903/877
f 909/909/883 875/875/849 879/879/853
f 910/910/884 875/875/849 909/909/883
f 905/905/879 875/875/849 910/910/884
f 903/903/877 895/895/869 911/911/885
f 909/909/883 903/903/877 911/911/885
f 907/907/881 908/908/882 912/912/886
f 911/911/885 895/895/869 907/907/881
f 912/912/886 908/908/882 913/913/170
f 914/914/887 915/915/888 916/916/889
f 917/917/890 916/916/889 918/918/891
f 919/919/892 918/918/891 920/920/893
f 919/919/892 920/920/893 921/921/894
f 914/914/887 922/922/895 915/915/888
f 919/919/892 917/917/890 918/918/891
f 916/916/889 915/915/888 923/923/896
f 918/918/891 916/916/889 923/923/896
f 915/915/888 922/922/895 924/924/897
f 925/925/898 919/919/892 921/921/894
f 925/925/898 921/921/894 926/926/899
f 922/922/895 927/927/900 924/924/897
f 917/917/890 914/914/887 916/916/889
f 928/928/901 927/927/900 922/922/895
f 929/929/902 919/919/892 925/925/898
f 930/930/903 922/922/895 914/914/887
f 930/930/903 928/928/901 922/922/895
f 917/917/890 930/930/903 914/914/887
f 931/931/904 929/929/902 925/925/898
f 932/932/905 919/919/892 929/929/902
f 932/932/905 917/917/890 919/919/892
f 933/933/906 927/927/900 928/928/901
f 931/931/904 932/932/905 929/929/902
f 934/934/907 930/930/903 917/917/890
f 934/934/907 917/917/890 932/932/905
f 935/935/908 933/933/906 928/928/901
f 936/936/909 928/928/901 930/930/903
f 936/936/909 935/935/908 928/928/901
f 937/937/7 918/918/891 923/923/896
f 937/937/7 920/920/893 918/918/891
f 924/924/897 938/938/910 939/939/178
f 915/915/888 924/924/897 939/939/178
f 940/940/911 938/938/910 924/924/897
f 940/940/911 924/924/897 927/927/900
f 941/941/912 940/940/911 927/927/900
f 942/942/534 931/931/904 925/925/898
f 933/933/906 941/941/912 927/927/900
f 936/936/909 930/930/903 934/934/907
f 943/943/913 932/932/905 931/931/904
f 935/935/908 944/944/914 933/933/906
f 943/943/913 934/934/907 932/932/905
f 943/943/913 931/931/904 945/945/915
f 946/946/916 945/945/915 931/931/904
f 947/947/917 935/935/908 936/936/909
f 947/947/917 944/944/914 935/935/908
f 948/948/918 936/936/909 934/934/907
f 949/949/919 934/934/907 943/943/913
f 949/949/919 948/948/918 934/934/907
f 950/950/920 943/943/913 945/945/915
f 951/951/921 950/950/920 945/945/915
f 948/948/918 947/947/917 936/936/909
f 950/950/920 952/952/922 943/943/913
f 947/947/917 953/953/923 944/944/914
f 952/952/922 949/949/919 943/943/913
f 954/954/924 947/947/917 948/948/918
f 949/949/919 955/955/925 948/948/918
f 956/956/926 952/952/922 950/950/920
f 954/954/924 953/953/923 947/947/917
f 920/920/893 937/937/7 957/957/927
f 921/921/894 920/920/893 957/957/927
f 942/942/534 925/925/898 926/926/899
f 958/958/928 941/941/912 933/933/906
f 958/958/928 933/933/906 944/944/914
f 951/951/921 945/945/915 946/946/916
f 951/951/921 956/956/926 950/950/920
f 953/953/923 959/959/929 944/944/914
f 955/955/925 954/954/924 948/948/918
f 960/960/930 959/959/929 953/953/923
f 960/960/930 953/953/923 954/954/924
f 961/961/931 955/955/925 949/949/919
f 961/961/931 949/949/919 952/952/922
f 962/962/932 952/952/922 956/956/926
f 962/962/932 961/961/931 952/952/922
f 963/963/933 921/921/894 957/957/927
f 946/946/916 931/931/904 942/942/534
f 964/964/934 954/954/924 955/955/925
f 961/961/931 964/964/934 955/955/925
f 944/944/914 965/965/935 958/958/928
f 966/966/181 965/965/935 944/944/914
f 959/959/929 966/966/181 944/944/914
f 967/967/936 956/956/926 951/951/921
f 968/968/937 956/956/926 967/967/936
f 968/968/937 962/962/932 956/956/926
f 969/969/938 954/954/924 964/964/934
f 969/969/938 960/960/930 954/954/924
f 970/970/939 961/961/931 962/962/932
f 970/970/939 962/962/932 968/968/937
f 971/971/940 960/960/930 969/969/938
f 972/972/941 964/964/934 961/961/931
f 972/972/941 961/961/931 970/970/939
f 971/971/940 973/973/185 960/960/930
f 974/974/942 969/969/938 964/964/934
f 972/972/941 974/974/942 964/964/934
f 974/974/942 971/971/940 969/969/938
f 975/975/183 973/973/185 971/971/940
f 976/976/943 977/977/944 978/978/945
f 971/971/940 979/979/946 975/975/183
f 980/980/947 972/972/941 981/981/948
f 977/977/944 981/981/948 972/972/941
f 974/974/942 979/979/946 971/971/940
f 982/982/949 975/975/183 979/979/946
f 983/983/950 979/979/946 974/974/942
f 984/984/951 981/981/948 977/977/944
f 984/984/951 977/977/944 976/976/943
f 985/985/952 981/981/948 984/984/951
f 980/980/947 983/983/950 974/974/942
f 986/986/953 979/979/946 983/983/950
f 987/987/954 981/981/948 985/985/952
f 988/988/955 980/980/947 981/981/948
f 986/986/953 989/989/956 979/979/946
f 988/988/955 981/981/948 987/987/954
f 990/990/957 983/983/950 980/980/947
f 988/988/955 990/990/957 980/980/947
f 991/991/958 989/989/956 986/986/953
f 992/992/959 987/987/954 985/985/952
f 990/990/957 986/986/953 983/983/950
f 992/992/959 988/988/955 987/987/954
f 993/993/960 986/986/953 990/990/957
f 991/991/958 986/986/953 993/993/960
f 994/994/961 993/993/960 990/990/957
f 992/992/959 985/985/952 995/995/962
f 994/994/961 990/990/957 988/988/955
f 992/992/959 994/994/961 988/988/955
f 996/996/963 992/992/959 995/995/962
f 997/997/964 993/993/960 994/994/961
f 998/998/965 994/994/961 992/992/959
f 996/996/963 998/998/965 992/992/959
f 999/999/966 997/997/964 994/994/961
f 1000/1000/967 998/998/965 996/996/963
f 998/998/965 999/999/966 994/994/961
f 1001/1001/968 999/999/966 998/998/965
f 1000/1000/967 1002/1002/969 998/998/965
f 1002/1002/969 1001/1001/968 998/998/965
f 1001/1001/968 1003/1003/970 999/999/966
f 1004/1004/971 1001/1001/968 1002/1002/969
f 1005/1005/972 1004/1004/971 1002/1002/969
f 1001/1001/968 1006/1006/973 1003/1003/970
f 1006/1006/973 1001/1001/968 1004/1004/971
f 940/940/911 1007/1007/186 938/938/910
f 941/941/912 1007/1007/186 940/940/911
f 958/958/928 1007/1007/186 941/941/912
f 1008/1008/974 946/946/916 942/942/534
f 965/965/935 1007/1007/186 958/958/928
f 1009/1009/540 946/946/916 1008/1008/974
f 951/951/921 946/946/916 1009/1009/540
f 1010/1010/975 951/951/921 1009/1009/540
f 967/967/936 951/951/921 1010/1010/975
f 959/959/929 1011/1011/976 966/966/181
f 1012/1012/977 968/968/937 967/967/936
f 1013/1013/978 959/959/929 960/960/930
f 1014/1014/979 978/978/945 968/968/937
f 978/978/945 970/970/939 968/968/937
f 973/973/185 1013/1013/978 960/960/930
f 977/977/944 970/970/939 978/978/945
f 977/977/944 972/972/941 970/970/939
f 980/980/947 974/974/942 972/972/941
f 1015/1015/980 984/984/951 976/976/943
f 1016/1016/981 985/985/952 984/984/951
f 995/995/962 985/985/952 1017/1017/982
f 993/993/960 1018/1018/983 991/991/958
f 1019/1019/984 996/996/963 995/995/962
f 1020/1020/985 1018/1018/983 993/993/960
f 1020/1020/985 993/993/960 997/997/964
f 999/999/966 1020/1020/985 997/997/964
f 1000/1000/967 996/996/963 1019/1019/984
f 1003/1003/970 1021/1021/986 1020/1020/985
f 999/999/966 1003/1003/970 1020/1020/985
f 1005/1005/972 1002/1002/969 1000/1000/967
f 1005/1005/972 1000/1000/967 1022/1022/987
f 1023/1023/988 1005/1005/972 1022/1022/987
f 1024/1024/989 1025/1025/990 1003/1003/970
f 1026/1026/991 1004/1004/971 1005/1005/972
f 1006/1006/973 1024/1024/989 1003/1003/970
f 1026/1026/991 1005/1005/972 1023/1023/988
f 1027/1027/992 1006/1006/973 1004/1004/971
f 1026/1026/991 1027/1027/992 1004/1004/971
f 1006/1006/973 1028/1028/993 1024/1024/989
f 1029/1029/994 1026/1026/991 1023/1023/988
f 1029/1029/994 1027/1027/992 1026/1026/991
f 1030/1030/995 1028/1028/993 1006/1006/973
f 1030/1030/995 1006/1006/973 1027/1027/992
f 1029/1029/994 1031/1031/996 1027/1027/992
f 1031/1031/996 1030/1030/995 1027/1027/992
f 1013/1013/978 1011/1011/976 959/959/929
f 1032/1032/997 968/968/937 1012/1012/977
f 1013/1013/978 1033/1033/998 1011/1011/976
f 1032/1032/997 1014/1014/979 968/968/937
f 1034/1034/999 976/976/943 978/978/945
f 1015/1015/980 976/976/943 1034/1034/999
f 1016/1016/981 984/984/951 1015/1015/980
f 989/989/956 982/982/949 979/979/946
f 1017/1017/982 985/985/952 1016/1016/981
f 1021/1021/986 1018/1018/983 1020/1020/985
f 1022/1022/987 1000/1000/967 1019/1019/984
f 1025/1025/990 1021/1021/986 1003/1003/970
f 1035/1035/1000 1023/1023/988 1022/1022/987
f 1024/1024/989 1036/1036/1001 1025/1025/990
f 1037/1037/1002 1036/1036/1001 1024/1024/989
f 1028/1028/993 1037/1037/1002 1024/1024/989
f 1038/1038/1003 1029/1029/994 1023/1023/988
f 1030/1030/995 1039/1039/1004 1028/1028/993
f 1040/1040/1005 1031/1031/996 1029/1029/994
f 1031/1031/996 1041/1041/1006 1030/1030/995
f 1041/1041/1006 1042/1042/1007 1030/1030/995
f 1034/1034/999 978/978/945 1014/1014/979
f 989/989/956 1043/1043/199 982/982/949
f 1017/1017/982 1016/1016/981 1044/1044/1008
f 989/989/956 1045/1045/202 1043/1043/199
f 1046/1046/550 1017/1017/982 1044/1044/1008
f 991/991/958 1045/1045/202 989/989/956
f 1047/1047/554 1017/1017/982 1046/1046/550
f 995/995/962 1017/1017/982 1047/1047/554
f 1018/1018/983 1048/1048/1009 991/991/958
f 1019/1019/984 995/995/962 1047/1047/554
f 1049/1049/1010 1023/1023/988 1035/1035/1000
f 1049/1049/1010 1038/1038/1003 1023/1023/988
f 1039/1039/1004 1037/1037/1002 1028/1028/993
f 1039/1039/1004 1050/1050/1011 1037/1037/1002
f 1051/1051/1012 1029/1029/994 1038/1038/1003
f 1042/1042/1007 1039/1039/1004 1030/1030/995
f 1051/1051/1012 1040/1040/1005 1029/1029/994
f 1052/1052/1013 1041/1041/1006 1031/1031/996
f 1040/1040/1005 1052/1052/1013 1031/1031/996
f 1053/1053/1014 1033/1033/998 1013/1013/978
f 1054/1054/1015 1014/1014/979 1032/1032/997
f 1015/1015/980 1034/1034/999 1055/1055/567
f 1044/1044/1008 1016/1016/981 1056/1056/1016
f 1048/1048/1009 1045/1045/202 991/991/958
f 1057/1057/1017 1019/1019/984 1047/1047/554
f 1058/1058/206 1048/1048/1009 1018/1018/983
f 1059/1059/1018 1019/1019/984 1057/1057/1017
f 1021/1021/986 1058/1058/206 1018/1018/983
f 1021/1021/986 1060/1060/209 1058/1058/206
f 1022/1022/987 1019/1019/984 1059/1059/1018
f 1025/1025/990 1060/1060/209 1021/1021/986
f 1061/1061/557 1022/1022/987 1059/1059/1018
f 1061/1061/557 1035/1035/1000 1022/1022/987
f 1062/1062/1019 1038/1038/1003 1049/1049/1010
f 1063/1063/1020 1051/1051/1012 1038/1038/1003
f 1064/1064/1021 1039/1039/1004 1042/1042/1007
f 1065/1065/1022 1042/1042/1007 1041/1041/1006
f 1016/1016/981 1015/1015/980 1056/1056/1016
f 1066/1066/210 1060/1060/209 1025/1025/990
f 1066/1066/210 1025/1025/990 1036/1036/1001
f 1049/1049/1010 1035/1035/1000 1061/1061/557
f 1036/1036/1001 1067/1067/211 1066/1066/210
f 1037/1037/1002 1067/1067/211 1036/1036/1001
f 1050/1050/1011 1067/1067/211 1037/1037/1002
f 1063/1063/1020 1038/1038/1003 1062/1062/1019
f 1064/1064/1021 1068/1068/1023 1039/1039/1004
f 1069/1069/1024 1040/1040/1005 1051/1051/1012
f 1052/1052/1013 1065/1065/1022 1041/1041/1006
f 1065/1065/1022 1064/1064/1021 1042/1042/1007
f 1070/1070/1025 1052/1052/1013 1040/1040/1005
f 1053/1053/1014 1071/1071/1026 1033/1033/998
f 1055/1055/567 1034/1034/999 1014/1014/979
f 1055/1055/567 1014/1014/979 1054/1054/1015
f 1039/1039/1004 1072/1072/1027 1050/1050/1011
f 1070/1070/1025 1040/1040/1005 1069/1069/1024
f 1070/1070/1025 1073/1073/1028 1052/1052/1013
f 1074/1074/1029 1067/1067/211 1050/1050/1011
f 1072/1072/1027 1074/1074/1029 1050/1050/1011
f 1069/1069/1024 1051/1051/1012 1063/1063/1020
f 1068/1068/1023 1072/1072/1027 1039/1039/1004
f 1075/1075/1030 1070/1070/1025 1069/1069/1024
f 1073/1073/1028 1065/1065/1022 1052/1052/1013
f 1076/1076/184 1077/1077/1031 1053/1053/1014
f 1015/1015/980 1055/1055/567 1056/1056/1016
f 1078/1078/570 1069/1069/1024 1063/1063/1020
f 1079/1079/1032 1068/1068/1023 1064/1064/1021
f 1075/1075/1030 1080/1080/1033 1070/1070/1025
f 1079/1079/1032 1064/1064/1021 1065/1065/1022
f 1080/1080/1033 1073/1073/1028 1070/1070/1025
f 1081/1081/1034 1079/1079/1032 1065/1065/1022
f 1073/1073/1028 1081/1081/1034 1065/1065/1022
f 1077/1077/1031 1071/1071/1026 1053/1053/1014
f 1056/1056/1016 1055/1055/567 1082/1082/1035
f 1078/1078/570 1063/1063/1020 1062/1062/1019
f 1072/1072/1027 1083/1083/1036 1074/1074/1029
f 1068/1068/1023 1083/1083/1036 1072/1072/1027
f 1084/1084/1037 1075/1075/1030 1069/1069/1024
f 1068/1068/1023 1085/1085/227 1083/1083/1036
f 1084/1084/1037 1080/1080/1033 1075/1075/1030
f 1084/1084/1037 1086/1086/1038 1080/1080/1033
f 1081/1081/1034 1087/1087/1039 1079/1079/1032
f 1088/1088/1040 1081/1081/1034 1073/1073/1028
f 1088/1088/1040 1073/1073/1028 1080/1080/1033
f 1089/1089/1041 1069/1069/1024 1078/1078/570
f 1084/1084/1037 1069/1069/1024 1089/1089/1041
f 1090/1090/1042 1085/1085/227 1068/1068/1023
f 1087/1087/1039 1068/1068/1023 1079/1079/1032
f 1090/1090/1042 1068/1068/1023 1087/1087/1039
f 1091/1091/1043 1081/1081/1034 1088/1088/1040
f 1080/1080/1033 1092/1092/1044 1088/1088/1040
f 1086/1086/1038 1092/1092/1044 1080/1080/1033
f 1092/1092/1044 1091/1091/1043 1088/1088/1040
f 1087/1087/1039 1093/1093/1045 1090/1090/1042
f 1091/1091/1043 1087/1087/1039 1081/1081/1034
f 1090/1090/1042 1094/1094/1046 1085/1085/227
f 1095/1095/1047 1086/1086/1038 1084/1084/1037
f 1095/1095/1047 1084/1084/1037 1089/1089/1041
f 1096/1096/1048 1092/1092/1044 1086/1086/1038
f 1097/1097/1049 1087/1087/1039 1091/1091/1043
f 1098/1098/1050 1096/1096/1048 1086/1086/1038
f 1095/1095/1047 1098/1098/1050 1086/1086/1038
f 1099/1099/1051 1100/1094/238 1101/1090/1042
f 1102/1093/1045 1099/1099/1051 1101/1090/1042
f 1103/1100/1052 1102/1093/1045 1104/1087/1053
f 1105/1101/1054 1106/1091/1055 1107/1092/1056
f 1108/1102/1057 1105/1101/1054 1107/1092/1056
f 1108/1102/1057 1107/1092/1056 1109/1096/1048
f 1110/1098/1058 1108/1102/1057 1109/1096/1048
f 1103/1100/1052 1104/1087/1053 1111/1097/1049
f 1112/1103/1059 1111/1097/1049 1106/1091/1055
f 1113/1104/1060 1099/1099/1051 1102/1093/1045
f 1113/1104/1060 1102/1093/1045 1103/1100/1052
f 1114/1105/1061 1103/1100/1052 1111/1097/1049
f 1105/1101/1054 1112/1103/1059 1106/1091/1055
f 1115/1106/1062 1116/1107/1063 1117/1095/1064
f 1110/1098/1058 1117/1095/1064 1116/1107/1063
f 1118/1108/1065 1108/1102/1057 1110/1098/1058
f 1112/1103/1059 1114/1105/1061 1111/1097/1049
f 1119/1109/246 1100/1094/238 1099/1099/1051
f 1116/1107/1063 1118/1108/1065 1110/1098/1058
f 1120/1110/1066 1099/1099/1051 1113/1104/1060
f 1114/1105/1061 1113/1104/1060 1103/1100/1052
f 1121/1111/1067 1119/1109/246 1099/1099/1051
f 1120/1110/1066 1121/1111/1067 1099/1099/1051
f 1122/1112/1068 1112/1103/1059 1105/1101/1054
f 1123/1113/1069 1116/1107/1063 1115/1106/1062
f 1124/1114/1070 1113/1104/1060 1114/1105/1061
f 1125/1115/1071 1105/1101/1054 1108/1102/1057
f 1118/1108/1065 1125/1115/1071 1108/1102/1057
f 1126/1116/1072 1120/1110/1066 1113/1104/1060
f 1126/1116/1072 1113/1104/1060 1124/1114/1070
f 1127/1117/1073 1124/1114/1070 1114/1105/1061
f 1127/1117/1073 1114/1105/1061 1112/1103/1059
f 1125/1115/1071 1122/1112/1068 1105/1101/1054
f 1128/1118/617 1118/1108/1065 1116/1107/1063
f 1129/1119/1074 1127/1117/1073 1112/1103/1059
f 1120/1110/1066 1130/1120/1075 1121/1111/1067
f 1129/1119/1074 1112/1103/1059 1122/1112/1068
f 1128/1118/617 1116/1107/1063 1123/1113/1069
f 1131/1121/1076 1124/1114/1070 1127/1117/1073
f 1132/1122/1077 1125/1115/1071 1118/1108/1065
f 1129/1119/1074 1131/1121/1076 1127/1117/1073
f 1118/1108/1065 1128/1118/617 1133/1123/1078
f 1134/1124/1079 1129/1119/1074 1122/1112/1068
f 1125/1115/1071 1134/1124/1079 1122/1112/1068
f 1133/1123/1078 1132/1122/1077 1118/1108/1065
f 1133/1123/1078 1128/1118/617 1135/1125/626
f 1131/1121/1076 1126/1116/1072 1124/1114/1070
f 1136/1126/1080 1133/1123/1078 1135/1125/626
f 1132/1122/1077 1134/1124/1079 1125/1115/1071
f 1131/1121/1076 1137/1127/1081 1126/1116/1072
f 1138/1128/1082 1132/1122/1077 1133/1123/1078
f 1137/1127/1081 1139/1129/1083 1126/1116/1072
f 1140/1130/1084 1131/1121/1076 1129/1119/1074
f 1134/1124/1079 1141/1131/1085 1129/1119/1074
f 1137/1127/1081 1142/1132/1086 1139/1129/1083
f 1140/1130/1084 1137/1127/1081 1131/1121/1076
f 1136/1126/1080 1138/1128/1082 1133/1123/1078
f 1143/1133/1087 1134/1124/1079 1132/1122/1077
f 1143/1133/1087 1132/1122/1077 1138/1128/1082
f 1144/1134/1088 1141/1131/1085 1134/1124/1079
f 1140/1130/1084 1145/1135/1089 1137/1127/1081
f 1146/1136/1090 1143/1133/1087 1138/1128/1082
f 1147/1137/1091 1140/1130/1084 1129/1119/1074
f 1141/1131/1085 1147/1137/1091 1129/1119/1074
f 1143/1133/1087 1144/1134/1088 1134/1124/1079
f 1147/1137/1091 1145/1135/1089 1140/1130/1084
f 1141/1131/1085 1148/1138/1092 1147/1137/1091
f 1144/1134/1088 1148/1138/1092 1141/1131/1085
f 1149/1139/1093 1138/1128/1082 1136/1126/1080
f 1150/1140/1094 1142/1132/1086 1137/1127/1081
f 1149/1139/1093 1146/1136/1090 1138/1128/1082
f 1150/1140/1094 1137/1127/1081 1145/1135/1089
f 1151/1141/1095 1144/1134/1088 1143/1133/1087
f 1151/1141/1095 1143/1133/1087 1146/1136/1090
f 1152/1142/1096 1149/1139/1093 1136/1126/1080
f 1153/1143/1097 1145/1135/1089 1147/1137/1091
f 1154/1144/1098 1148/1138/1092 1144/1134/1088
f 1155/1145/1099 1147/1137/1091 1148/1138/1092
f 1154/1144/1098 1144/1134/1088 1151/1141/1095
f 1150/1140/1094 1156/1146/1100 1142/1132/1086
f 1152/1142/1096 1157/1147/1101 1149/1139/1093
f 1157/1147/1101 1146/1136/1090 1149/1139/1093
f 1158/1148/1102 1150/1140/1094 1145/1135/1089
f 1154/1144/1098 1155/1145/1099 1148/1138/1092
f 1153/1143/1097 1158/1148/1102 1145/1135/1089
f 1159/1149/1103 1151/1141/1095 1146/1136/1090
f 1157/1147/1101 1159/1149/1103 1146/1136/1090
f 1160/1150/1104 1147/1137/1091 1155/1145/1099
f 1158/1148/1102 1156/1146/1100 1150/1140/1094
f 1161/1151/673 1157/1147/1101 1152/1142/1096
f 1160/1150/1104 1153/1143/1097 1147/1137/1091
f 1160/1150/1104 1158/1148/1102 1153/1143/1097
f 1162/1152/319 1156/1146/1100 1158/1148/1102
f 1159/1149/1103 1157/1147/1101 1163/1153/1105
f 1164/1154/1106 1154/1144/1098 1151/1141/1095
f 1159/1149/1103 1164/1154/1106 1151/1141/1095
f 1165/1155/1107 1155/1145/1099 1154/1144/1098
f 1164/1154/1106 1165/1155/1107 1154/1144/1098
f 1161/1151/673 1163/1153/1105 1157/1147/1101
f 1166/1156/1108 1158/1148/1102 1160/1150/1104
f 1167/1157/1109 1160/1150/1104 1155/1145/1099
f 1168/1158/1110 1159/1149/1103 1163/1153/1105
f 1165/1155/1107 1167/1157/1109 1155/1145/1099
f 1169/1159/1111 1162/1152/319 1158/1148/1102
f 1169/1159/1111 1158/1148/1102 1166/1156/1108
f 1170/1160/1112 1165/1155/1107 1164/1154/1106
f 1168/1158/1110 1170/1160/1112 1164/1154/1106
f 1168/1158/1110 1164/1154/1106 1159/1149/1103
f 1171/1161/1113 1166/1156/1108 1160/1150/1104
f 1172/1162/1114 1167/1157/1109 1165/1155/1107
f 1173/1163/1115 1171/1161/1113 1160/1150/1104
f 1173/1163/1115 1160/1150/1104 1167/1157/1109
f 1172/1162/1114 1173/1163/1115 1167/1157/1109
f 1171/1161/1113 1169/1159/1111 1166/1156/1108
f 1174/1164/1116 1168/1158/1110 1163/1153/1105
f 1175/1165/1117 1162/1152/319 1169/1159/1111
f 1176/1166/1118 1163/1153/1105 1161/1151/673
f 1177/1167/1119 1173/1163/1115 1172/1162/1114
f 1171/1161/1113 1178/1168/1120 1169/1159/1111
f 1179/1169/1121 1172/1162/1114 1165/1155/1107
f 1176/1166/1118 1174/1164/1116 1163/1153/1105
f 1180/1170/1122 1170/1160/1112 1168/1158/1110
f 1180/1170/1122 1168/1158/1110 1174/1164/1116
f 1181/1171/1123 1177/1167/1119 1172/1162/1114
f 1170/1160/1112 1179/1169/1121 1165/1155/1107
f 1178/1168/1120 1175/1165/1117 1169/1159/1111
f 1182/1172/1124 1173/1163/1115 1177/1167/1119
f 1182/1172/1124 1171/1161/1113 1173/1163/1115
f 1183/1173/712 1174/1164/1116 1176/1166/1118
f 1180/1170/1122 1184/1174/1125 1170/1160/1112
f 1184/1174/1125 1179/1169/1121 1170/1160/1112
f 1185/1175/1126 1177/1167/1119 1181/1171/1123
f 1182/1172/1124 1177/1167/1119 1185/1175/1126
f 1179/1169/1121 1181/1171/1123 1172/1162/1114
f 1186/1176/1127 1178/1168/1120 1171/1161/1113
f 1186/1176/1127 1171/1161/1113 1182/1172/1124
f 1187/1177/1128 1184/1174/1125 1180/1170/1122
f 1174/1164/1116 1187/1177/1128 1180/1170/1122
f 1188/1178/1129 1185/1175/1126 1181/1171/1123
f 1188/1178/1129 1181/1171/1123 1179/1169/1121
f 1187/1177/1128 1174/1164/1116 1183/1173/712
f 1189/1179/1130 1182/1172/1124 1185/1175/1126
f 1190/1180/1131 1179/1169/1121 1184/1174/1125
f 1179/1169/1121 1190/1180/1131 1188/1178/1129
f 1191/1181/1132 1186/1176/1127 1182/1172/1124
f 1191/1181/1132 1182/1172/1124 1189/1179/1130
f 1192/1182/1133 1175/1165/1117 1178/1168/1120
f 1188/1178/1129 1189/1179/1130 1185/1175/1126
f 1186/1176/1127 1192/1182/1133 1178/1168/1120
f 1193/1183/1134 1187/1177/1128 1183/1173/712
f 1184/1174/1125 1194/1184/1135 1190/1180/1131
f 1195/1185/1136 1184/1174/1125 1187/1177/1128
f 1196/1186/1137 1192/1182/1133 1186/1176/1127
f 1189/1179/1130 1197/1187/1138 1191/1181/1132
f 1195/1185/1136 1187/1177/1128 1193/1183/1134
f 1196/1186/1137 1186/1176/1127 1191/1181/1132
f 1196/1186/1137 1191/1181/1132 1197/1187/1138
f 1198/1188/1139 1193/1183/1134 1183/1173/712
f 1199/1189/1140 1188/1178/1129 1190/1180/1131
f 1195/1185/1136 1194/1184/1135 1184/1174/1125
f 1199/1189/1140 1189/1179/1130 1188/1178/1129
f 1199/1189/1140 1190/1180/1131 1194/1184/1135
f 1200/1190/1141 1193/1183/1134 1198/1188/1139
f 1196/1186/1137 1201/1191/1142 1192/1182/1133
f 1199/1189/1140 1197/1187/1138 1189/1179/1130
f 1202/1192/1143 1201/1191/1142 1196/1186/1137
f 1202/1192/1143 1196/1186/1137 1197/1187/1138
f 1203/1193/1144 1192/1182/1133 1201/1191/1142
f 1204/1194/1145 1205/1195/1146 1199/1189/1140
f 1204/1194/1145 1199/1189/1140 1194/1184/1135
f 1206/1196/1147 1193/1183/1134 1200/1190/1141
f 1206/1196/1147 1195/1185/1136 1193/1183/1134
f 1207/1197/1148 1203/1193/1144 1201/1191/1142
f 1208/1198/1149 1207/1197/1148 1201/1191/1142
f 1208/1198/1149 1201/1191/1142 1202/1192/1143
f 1205/1195/1146 1197/1187/1138 1199/1189/1140
f 1205/1195/1146 1202/1192/1143 1197/1187/1138
f 1209/1199/1150 1194/1184/1135 1195/1185/1136
f 1209/1199/1150 1204/1194/1145 1194/1184/1135
f 1206/1196/1147 1209/1199/1150 1195/1185/1136
f 1210/1200/1151 1202/1192/1143 1205/1195/1146
f 1211/1201/1152 1206/1196/1147 1200/1190/1141
f 1210/1200/1151 1208/1198/1149 1202/1192/1143
f 1211/1201/1152 1200/1190/1141 1212/1202/760
f 1211/1201/1152 1209/1199/1150 1206/1196/1147
f 1213/1203/1153 1214/1200/1154 1215/1195/1146
f 1213/1203/1153 1215/1195/1146 1216/1194/1155
f 1213/1203/1153 1216/1194/1155 1217/1199/1150
f 1218/1204/1156 1213/1203/1153 1217/1199/1150
f 1219/1205/1157 1220/1197/1148 1221/1198/1158
f 1214/1200/1154 1219/1205/1157 1221/1198/1158
f 1222/1206/1159 1218/1204/1156 1217/1199/1150
f 1222/1206/1159 1217/1199/1150 1223/1201/1160
f 1224/1202/1161 1222/1206/1159 1223/1201/1160
f 1219/1205/1157 1225/1207/407 1220/1197/1148
f 1226/1208/1162 1222/1206/1159 1224/1202/1161
f 1227/1209/1163 1219/1205/1157 1214/1200/1154
f 1213/1203/1153 1227/1209/1163 1214/1200/1154
f 1218/1204/1156 1228/1210/1164 1213/1203/1153
f 1218/1204/1156 1222/1206/1159 1226/1208/1162
f 1229/1211/1165 1225/1207/407 1219/1205/1157
f 1230/1212/1166 1218/1204/1156 1226/1208/1162
f 1231/1213/1167 1227/1209/1163 1213/1203/1153
f 1231/1213/1167 1213/1203/1153 1228/1210/1164
f 1230/1212/1166 1228/1210/1164 1218/1204/1156
f 1232/1214/1168 1224/1202/1161 1233/1215/1169
f 1234/1216/1170 1225/1207/407 1229/1211/1165
f 1229/1211/1165 1219/1205/1157 1227/1209/1163
f 1232/1214/1168 1235/1217/1171 1224/1202/1161
f 1235/1217/1171 1226/1208/1162 1224/1202/1161
f 1235/1217/1171 1230/1212/1166 1226/1208/1162
f 1236/1218/1172 1231/1213/1167 1228/1210/1164
f 1236/1218/1172 1228/1210/1164 1230/1212/1166
f 1231/1213/1167 1237/1219/1173 1227/1209/1163
f 1237/1219/1173 1229/1211/1165 1227/1209/1163
f 1235/1217/1171 1238/1220/1174 1230/1212/1166
f 1238/1220/1174 1236/1218/1172 1230/1212/1166
f 1239/1221/806 1235/1217/1171 1232/1214/1168
f 1240/1222/1175 1234/1216/1170 1229/1211/1165
f 1237/1219/1173 1240/1222/1175 1229/1211/1165
f 1241/1223/1176 1242/1224/445 1234/1216/1170
f 1236/1218/1172 1243/1225/1177 1231/1213/1167
f 1244/1226/1178 1238/1220/1174 1235/1217/1171
f 1240/1222/1175 1241/1223/1176 1234/1216/1170
f 1239/1221/806 1244/1226/1178 1235/1217/1171
f 1245/1227/1179 1237/1219/1173 1231/1213/1167
f 1241/1223/1176 1246/1228/457 1242/1224/445
f 1243/1225/1177 1245/1227/1179 1231/1213/1167
f 1244/1226/1178 1247/1229/1180 1238/1220/1174
f 1243/1225/1177 1236/1218/1172 1238/1220/1174
f 1245/1227/1179 1240/1222/1175 1237/1219/1173
f 1240/1222/1175 1248/1230/1181 1241/1223/1176
f 1238/1220/1174 1249/1231/1182 1243/1225/1177
f 1250/1232/1183 1251/1233/1184 1239/1221/806
f 1251/1233/1184 1244/1226/1178 1239/1221/806
f 1248/1230/1181 1240/1222/1175 1245/1227/1179
f 1247/1229/1180 1249/1231/1182 1238/1220/1174
f 1248/1230/1181 1246/1228/457 1241/1223/1176
f 1251/1233/1184 1247/1229/1180 1244/1226/1178
f 1252/1234/1185 1251/1233/1184 1250/1232/1183
f 1253/1235/1186 1248/1230/1181 1245/1227/1179
f 1243/1225/1177 1254/1236/1187 1245/1227/1179
f 1249/1231/1182 1254/1236/1187 1243/1225/1177
f 1248/1230/1181 1255/1237/1188 1246/1228/457
f 1254/1236/1187 1253/1235/1186 1245/1227/1179
f 1247/1229/1180 1256/1238/1189 1249/1231/1182
f 1252/1234/1185 1257/1239/1190 1251/1233/1184
f 1258/1240/1191 1247/1229/1180 1251/1233/1184
f 1254/1236/1187 1259/1241/1192 1253/1235/1186
f 1260/1242/1193 1255/1237/1188 1248/1230/1181
f 1260/1242/1193 1248/1230/1181 1253/1235/1186
f 1249/1231/1182 1256/1238/1189 1254/1236/1187
f 1257/1239/1190 1258/1240/1191 1251/1233/1184
f 1252/1234/1185 1261/1243/1194 1257/1239/1190
f 1258/1240/1191 1256/1238/1189 1247/1229/1180
f 1253/1235/1186 1262/1244/1195 1260/1242/1193
f 1259/1241/1192 1262/1244/1195 1253/1235/1186
f 1256/1238/1189 1259/1241/1192 1254/1236/1187
f 1257/1239/1190 1261/1243/1194 1263/1245/1196
f 1258/1240/1191 1264/1246/1197 1256/1238/1189
f 1260/1242/1193 1265/1247/490 1255/1237/1188
f 1257/1239/1190 1263/1245/1196 1266/1248/1198
f 1257/1239/1190 1266/1248/1198 1258/1240/1191
f 1256/1238/1189 1267/1249/1199 1259/1241/1192
f 1262/1244/1195 1268/1250/1200 1260/1242/1193
f 1267/1249/1199 1262/1244/1195 1259/1241/1192
f 1268/1250/1200 1265/1247/490 1260/1242/1193
f 1256/1238/1189 1269/1251/1201 1267/1249/1199
f 1264/1246/1197 1258/1240/1191 1266/1248/1198
f 1261/1243/1194 1270/1252/1202 1263/1245/1196
f 1271/1253/1203 1272/1254/488 1265/1247/490
f 1268/1250/1200 1271/1253/1203 1265/1247/490
f 1266/1248/1198 1273/1255/1204 1264/1246/1197
f 1267/1249/1199 1274/1256/1205 1262/1244/1195
f 1269/1251/1201 1274/1256/1205 1267/1249/1199
f 1256/1238/1189 1264/1246/1197 1269/1251/1201
f 1271/1253/1203 1275/1257/1206 1272/1254/488
f 1263/1245/1196 1270/1252/1202 1276/1258/1207
f 1263/1245/1196 1276/1258/1207 1277/1259/1208
f 1262/1244/1195 1274/1256/1205 1268/1250/1200
f 1274/1256/1205 1278/1260/1209 1268/1250/1200
f 1266/1248/1198 1277/1259/1208 1273/1255/1204
f 1266/1248/1198 1263/1245/1196 1277/1259/1208
f 1270/1252/1202 1279/1261/1210 1276/1258/1207
f 1271/1253/1203 1268/1250/1200 1278/1260/1209
f 1269/1251/1201 1280/1262/1211 1274/1256/1205
f 1264/1246/1197 1280/1262/1211 1269/1251/1201
f 1281/1263/1212 1280/1262/1211 1264/1246/1197
f 1264/1246/1197 1273/1255/1204 1281/1263/1212
f 1276/1258/1207 1279/1261/1210 1282/1264/1213
f 1271/1253/1203 1283/1265/1214 1275/1257/1206
f 1274/1256/1205 1284/1266/1215 1278/1260/1209
f 1278/1260/1209 1283/1265/1214 1271/1253/1203
f 1285/1267/1216 1283/1265/1214 1278/1260/1209
f 1276/1258/1207 1282/1264/1213 1277/1259/1208
f 1277/1259/1208 1281/1263/1212 1273/1255/1204
f 1274/1256/1205 1280/1262/1211 1284/1266/1215
f 1279/1261/1210 1286/1268/1217 1287/1269/1218
f 1283/1265/1214 1288/1270/505 1275/1257/1206
f 1279/1261/1210 1287/1269/1218 1282/1264/1213
f 1284/1266/1215 1285/1267/1216 1278/1260/1209
f 1277/1259/1208 1289/1271/1219 1281/1263/1212
f 1290/1272/1220 1280/1262/1211 1281/1263/1212
f 1282/1264/1213 1289/1271/1219 1277/1259/1208
f 1289/1271/1219 1290/1272/1220 1281/1263/1212
f 1291/1273/1221 1284/1266/1215 1280/1262/1211
f 1280/1262/1211 1290/1272/1220 1291/1273/1221
f 1286/1268/1217 1292/1274/1222 1287/1269/1218
f 1283/1265/1214 1293/1275/1223 1288/1270/505
f 1282/1264/1213 1287/1269/1218 1294/1276/1224
f 1282/1264/1213 1294/1276/1224 1289/1271/1219
f 1284/1266/1215 1295/1277/1225 1285/1267/1216
f 1291/1273/1221 1295/1277/1225 1284/1266/1215
f 1296/1278/868 1297/1279/1226 1298/1280/1227
f 1299/1281/1228 1300/1282/1229 1301/1283/1230
f 1302/1284/1231 1299/1281/1228 1303/1285/501
f 1293/1275/1223 1304/1286/509 1288/1270/505
f 1292/1274/1222 1305/1287/1232 1287/1269/1218
f 1306/1288/1233 1293/1275/1223 1283/1265/1214
f 1285/1267/1216 1306/1288/1233 1283/1265/1214
f 1285/1267/1216 1295/1277/1225 1306/1288/1233
f 1289/1271/1219 1294/1276/1224 1307/1289/1234
f 1289/1271/1219 1307/1289/1234 1290/1272/1220
f 1291/1273/1221 1290/1272/1220 1295/1277/1225
f 1308/1290/1235 1309/1291/1236 1310/1292/1237
f 1311/1293/1238 1312/1294/516 1313/1295/1239
f 1314/1296/1240 1315/1297/1241 1316/1298/1242
f 1314/1296/1240 1316/1298/1242 1317/1299/1243
f 1318/1300/1244 1319/1301/870 1320/1302/1245
f 1321/1303/1246 1314/1296/1240 1317/1299/1243
f 1321/1303/1246 1317/1299/1243 1322/1304/514
f 1321/1303/1246 1322/1304/514 1323/1305/508
f 1318/1300/1244 1324/1306/1247 1325/1307/1248
f 1297/1279/1226 1318/1300/1244 1325/1307/1248
f 1326/1308/1249 1321/1303/1246 1323/1305/508
f 1300/1282/1229 1326/1308/1249 1301/1283/1230
f 1297/1279/1226 1325/1307/1248 1298/1280/1227
f 1296/1278/868 1298/1280/1227 1327/1309/1250
f 1328/1310/872 1296/1278/868 1327/1309/1250
f 1328/1310/872 1327/1309/1250 1329/1311/1251
f 1292/1274/1222 1328/1310/872 1329/1311/1251
f 1292/1274/1222 1329/1311/1251 1305/1287/1232
f 1330/1312/1252 1304/1286/509 1293/1275/1223
f 1295/1277/1225 1331/1313/1253 1306/1288/1233
f 1311/1293/1238 1332/1314/1254 1312/1294/516
f 1311/1293/1238 1333/1315/1255 1332/1314/1254
f 1308/1290/1235 1310/1292/1237 1334/1316/1256
f 1299/1281/1228 1335/1317/1257 1300/1282/1229
f 1330/1312/1252 1302/1284/1231 1304/1286/509
f 1336/1318/1258 1330/1312/1252 1293/1275/1223
f 1287/1269/1218 1305/1287/1232 1337/1319/1259
f 1306/1288/1233 1336/1318/1258 1293/1275/1223
f 1294/1276/1224 1337/1319/1259 1307/1289/1234
f 1287/1269/1218 1337/1319/1259 1294/1276/1224
f 1290/1272/1220 1338/1320/1260 1295/1277/1225
f 1290/1272/1220 1339/1321/1261 1338/1320/1260
f 1307/1289/1234 1339/1321/1261 1290/1272/1220
f 1333/1315/1255 1340/1322/525 1332/1314/1254
f 1341/1323/1262 1333/1315/1255 1311/1293/1238
f 1320/1302/1245 1319/1301/870 1342/1324/1263
f 1324/1306/1247 1318/1300/1244 1320/1302/1245
f 1336/1318/1258 1343/1325/1264 1330/1312/1252
f 1337/1319/1259 1344/1326/1265 1307/1289/1234
f 1331/1313/1253 1336/1318/1258 1306/1288/1233
f 1307/1289/1234 1344/1326/1265 1339/1321/1261
f 1338/1320/1260 1331/1313/1253 1295/1277/1225
f 1333/1315/1255 1345/1327/1266 1340/1322/525
f 1346/1328/878 1347/1329/1267 1309/1291/1236
f 1309/1291/1236 1347/1329/1267 1348/1330/1268
f 1309/1291/1236 1348/1330/1268 1310/1292/1237
f 1349/1331/526 1311/1293/1238 1313/1295/1239
f 1350/1332/1269 1321/1303/1246 1326/1308/1249
f 1325/1307/1248 1324/1306/1247 1351/1333/1270
f 1298/1280/1227 1352/1334/1271 1327/1309/1250
f 1353/1335/1272 1335/1317/1257 1299/1281/1228
f 1353/1335/1272 1299/1281/1228 1302/1284/1231
f 1329/1311/1251 1327/1309/1250 1354/1336/1273
f 1353/1335/1272 1302/1284/1231 1330/1312/1252
f 1343/1325/1264 1353/1335/1272 1330/1312/1252
f 1305/1287/1232 1329/1311/1251 1354/1336/1273
f 1355/1337/1274 1343/1325/1264 1336/1318/1258
f 1354/1336/1273 1344/1326/1265 1337/1319/1259
f 1337/1319/1259 1305/1287/1232 1354/1336/1273
f 1331/1313/1253 1355/1337/1274 1336/1318/1258
f 1339/1321/1261 1356/1338/1275 1338/1320/1260
f 1344/1326/1265 1356/1338/1275 1339/1321/1261
f 1347/1329/1267 1346/1328/878 1357/1339/1276
f 1358/1340/1277 1345/1327/1266 1333/1315/1255
f 1341/1323/1262 1358/1340/1277 1333/1315/1255
f 1359/1341/1278 1334/1316/1256 1360/1342/1279
f 1361/1343/1280 1349/1331/526 1362/1344/1281
f 1342/1324/1263 1359/1341/1278 1360/1342/1279
f 1361/1343/1280 1362/1344/1281 1315/1297/1241
f 1361/1343/1280 1315/1297/1241 1314/1296/1240
f 1320/1302/1245 1342/1324/1263 1363/1345/1282
f 1320/1302/1245 1363/1345/1282 1364/1346/1283
f 1365/1347/1284 1314/1296/1240 1321/1303/1246
f 1324/1306/1247 1320/1302/1245 1364/1346/1283
f 1324/1306/1247 1364/1346/1283 1351/1333/1270
f 1366/1348/1285 1350/1332/1269 1326/1308/1249
f 1366/1348/1285 1326/1308/1249 1300/1282/1229
f 1298/1280/1227 1325/1307/1248 1351/1333/1270
f 1298/1280/1227 1351/1333/1270 1352/1334/1271
f 1335/1317/1257 1366/1348/1285 1300/1282/1229
f 1367/1349/1286 1368/1350/1287 1335/1317/1257
f 1327/1309/1250 1352/1334/1271 1369/1351/1288
f 1369/1351/1288 1352/1334/1271 1370/1352/1289
f 1369/1351/1288 1370/1352/1289 1371/1353/1290
f 1372/1354/1291 1367/1349/1286 1335/1317/1257
f 1372/1354/1291 1335/1317/1257 1353/1335/1272
f 1354/1336/1273 1369/1351/1288 1371/1353/1290
f 1327/1309/1250 1369/1351/1288 1354/1336/1273
f 1343/1325/1264 1372/1354/1291 1353/1335/1272
f 1373/1355/1292 1372/1354/1291 1355/1337/1274
f 1356/1338/1275 1374/1356/1293 1375/1357/1294
f 1355/1337/1274 1372/1354/1291 1343/1325/1264
f 1344/1326/1265 1371/1353/1290 1356/1338/1275
f 1354/1336/1273 1371/1353/1290 1344/1326/1265
f 1375/1357/1294 1373/1355/1292 1355/1337/1274
f 1331/1313/1253 1375/1357/1294 1355/1337/1274
f 1338/1320/1260 1375/1357/1294 1331/1313/1253
f 1356/1338/1275 1375/1357/1294 1338/1320/1260
f 1347/1329/1267 1357/1339/1276 1376/1358/1295
f 1348/1330/1268 1377/1359/1296 1378/1360/1297
f 1378/1360/1297 1377/1359/1296 1379/1361/1298
f 1348/1330/1268 1378/1360/1297 1380/1362/1299
f 1381/1363/1300 1378/1360/1297 1379/1361/1298
f 1380/1362/1299 1378/1360/1297 1381/1363/1300
f 1310/1292/1237 1348/1330/1268 1380/1362/1299
f 1382/1364/1301 1341/1323/1262 1383/1365/1302
f 1384/1366/1303 1385/1367/1304 1382/1364/1301
f 1379/1361/1298 1385/1367/1304 1384/1366/1303
f 1386/1368/1305 1379/1361/1298 1384/1366/1303
f 1381/1363/1300 1379/1361/1298 1386/1368/1305
f 1387/1369/1306 1380/1362/1299 1381/1363/1300
f 1388/1370/1307 1341/1323/1262 1311/1293/1238
f 1384/1366/1303 1382/1364/1301 1383/1365/1302
f 1334/1316/1256 1310/1292/1237 1380/1362/1299
f 1363/1345/1282 1342/1324/1263 1360/1342/1279
f 1365/1347/1284 1361/1343/1280 1314/1296/1240
f 1389/1371/1308 1361/1343/1280 1365/1347/1284
f 1390/1372/1309 1391/1373/1310 1392/1374/1311
f 1393/1375/1312 1391/1373/1310 1390/1372/1309
f 1390/1372/1309 1392/1374/1311 1389/1371/1308
f 1364/1346/1283 1363/1345/1282 1393/1375/1312
f 1394/1376/1313 1393/1375/1312 1390/1372/1309
f 1364/1346/1283 1393/1375/1312 1394/1376/1313
f 1350/1332/1269 1389/1371/1308 1365/1347/1284
f 1395/1377/1314 1389/1371/1308 1350/1332/1269
f 1364/1346/1283 1394/1376/1313 1396/1378/1315
f 1350/1332/1269 1365/1347/1284 1321/1303/1246
f 1390/1372/1309 1389/1371/1308 1395/1377/1314
f 1351/1333/1270 1364/1346/1283 1396/1378/1315
f 1397/1379/1316 1390/1372/1309 1395/1377/1314
f 1394/1376/1313 1390/1372/1309 1397/1379/1316
f 1398/1380/1317 1394/1376/1313 1397/1379/1316
f 1396/1378/1315 1394/1376/1313 1398/1380/1317
f 1395/1377/1314 1350/1332/1269 1366/1348/1285
f 1399/1381/1318 1395/1377/1314 1366/1348/1285
f 1397/1379/1316 1395/1377/1314 1399/1381/1318
f 1400/1382/1319 1398/1380/1317 1397/1379/1316
f 1351/1333/1270 1396/1378/1315 1401/1383/1320
f 1399/1381/1318 1366/1348/1285 1368/1350/1287
f 1400/1382/1319 1397/1379/1316 1399/1381/1318
f 1401/1383/1320 1396/1378/1315 1398/1380/1317
f 1352/1334/1271 1351/1333/1270 1401/1383/1320
f 1368/1350/1287 1366/1348/1285 1335/1317/1257
f 1402/1384/1321 1401/1383/1320 1398/1380/1317
f 1368/1350/1287 1400/1382/1319 1399/1381/1318
f 1402/1384/1321 1398/1380/1317 1400/1382/1319
f 1401/1383/1320 1402/1384/1321 1370/1352/1289
f 1352/1334/1271 1401/1383/1320 1370/1352/1289
f 1402/1384/1321 1400/1382/1319 1374/1356/1293
f 1367/1349/1286 1400/1382/1319 1368/1350/1287
f 1374/1356/1293 1400/1382/1319 1367/1349/1286
f 1370/1352/1289 1402/1384/1321 1374/1356/1293
f 1370/1352/1289 1374/1356/1293 1371/1353/1290
f 1374/1356/1293 1367/1349/1286 1373/1355/1292
f 1373/1355/1292 1367/1349/1286 1372/1354/1291
f 1371/1353/1290 1374/1356/1293 1356/1338/1275
f 1375/1357/1294 1374/1356/1293 1373/1355/1292
f 1357/1339/1276 1403/1385/1322 1376/1358/1295
f 1404/1386/1323 1405/1387/1324 1340/1322/525
f 1404/1386/1323 1340/1322/525 1345/1327/1266
f 1406/1388/1325 1345/1327/1266 1358/1340/1277
f 1407/1389/1326 1406/1388/1325 1358/1340/1277
f 1407/1389/1326 1358/1340/1277 1382/1364/1301
f 1408/1390/1327 1407/1389/1326 1385/1367/1304
f 1377/1359/1296 1408/1390/1327 1379/1361/1298
f 1385/1367/1304 1407/1389/1326 1382/1364/1301
f 1379/1361/1298 1408/1390/1327 1385/1367/1304
f 1382/1364/1301 1358/1340/1277 1341/1323/1262
f 1383/1365/1302 1341/1323/1262 1388/1370/1307
f 1388/1370/1307 1311/1293/1238 1349/1331/526
f 1384/1366/1303 1383/1365/1302 1409/1391/1328
f 1410/1392/1329 1380/1362/1299 1387/1369/1306
f 1334/1316/1256 1380/1362/1299 1410/1392/1329
f 1409/1391/1328 1386/1368/1305 1384/1366/1303
f 1411/1393/1330 1386/1368/1305 1409/1391/1328
f 1381/1363/1300 1386/1368/1305 1411/1393/1330
f 1387/1369/1306 1381/1363/1300 1411/1393/1330
f 1360/1342/1279 1334/1316/1256 1410/1392/1329
f 1387/1369/1306 1411/1393/1330 1412/1394/1331
f 1411/1393/1330 1409/1391/1328 1391/1373/1310
f 1412/1394/1331 1411/1393/1330 1391/1373/1310
f 1392/1374/1311 1409/1391/1328 1413/1395/1332
f 1388/1370/1307 1349/1331/526 1361/1343/1280
f 1361/1343/1280 1413/1395/1332 1388/1370/1307
f 1412/1394/1331 1391/1373/1310 1393/1375/1312
f 1363/1345/1282 1410/1392/1329 1412/1394/1331
f 1360/1342/1279 1410/1392/1329 1363/1345/1282
f 1391/1373/1310 1409/1391/1328 1392/1374/1311
f 1413/1395/1332 1361/1343/1280 1389/1371/1308
f 1392/1374/1311 1413/1395/1332 1389/1371/1308
f 1393/1375/1312 1363/1345/1282 1412/1394/1331
f 1414/1396/1333 1415/1397/1334 1416/1398/529
f 1417/1399/885 1418/1400/1335 1419/1401/883
f 1420/1402/1336 1421/1403/1337 1416/1398/529
f 1420/1402/1336 1416/1398/529 1422/1404/530
f 1420/1402/1336 1422/1404/530 1405/1387/1324
f 1403/1385/1322 1419/1401/883 1423/1405/1338
f 1376/1358/1295 1403/1385/1322 1423/1405/1338
f 1347/1329/1267 1376/1358/1295 1424/1406/1339
f 1347/1329/1267 1424/1406/1339 1348/1330/1268
f 1348/1330/1268 1425/1407/1340 1377/1359/1296
f 1348/1330/1268 1424/1406/1339 1425/1407/1340
f 1407/1389/1326 1426/1408/1341 1427/1409/1342
f 1408/1390/1327 1426/1408/1341 1407/1389/1326
f 1413/1395/1332 1383/1365/1302 1388/1370/1307
f 1409/1391/1328 1383/1365/1302 1413/1395/1332
f 1412/1394/1331 1410/1392/1329 1387/1369/1306
f 1428/1410/1343 1429/1411/1344 1415/1397/1334
f 1430/1412/1345 1431/1413/1346 1417/1399/885
f 1418/1400/1335 1417/1399/885 1432/1414/1347
f 1421/1403/1337 1414/1396/1333 1416/1398/529
f 1419/1401/883 1418/1400/1335 1423/1405/1338
f 1404/1386/1323 1420/1402/1336 1405/1387/1324
f 1376/1358/1295 1423/1405/1338 1433/1415/1348
f 1408/1390/1327 1434/1416/1349 1435/1417/1350
f 1376/1358/1295 1433/1415/1348 1424/1406/1339
f 1406/1388/1325 1404/1386/1323 1345/1327/1266
f 1425/1407/1340 1434/1416/1349 1408/1390/1327
f 1424/1406/1339 1433/1415/1348 1425/1407/1340
f 1408/1390/1327 1435/1417/1350 1426/1408/1341
f 1377/1359/1296 1425/1407/1340 1408/1390/1327
f 1407/1389/1326 1427/1409/1342 1406/1388/1325
f 1430/1412/1345 1436/1418/1351 1431/1413/1346
f 1414/1396/1333 1428/1410/1343 1415/1397/1334
f 1437/1419/1352 1421/1403/1337 1420/1402/1336
f 1423/1405/1338 1418/1400/1335 1438/1420/1353
f 1435/1417/1350 1439/1421/1354 1440/1422/1355
f 1441/1423/1356 1439/1421/1354 1435/1417/1350
f 1423/1405/1338 1438/1420/1353 1433/1415/1348
f 1404/1386/1323 1437/1419/1352 1420/1402/1336
f 1427/1409/1342 1437/1419/1352 1404/1386/1323
f 1434/1416/1349 1441/1423/1356 1435/1417/1350
f 1435/1417/1350 1440/1422/1355 1427/1409/1342
f 1433/1415/1348 1441/1423/1356 1434/1416/1349
f 1435/1417/1350 1427/1409/1342 1426/1408/1341
f 1433/1415/1348 1434/1416/1349 1425/1407/1340
f 1406/1388/1325 1427/1409/1342 1404/1386/1323
f 1442/1424/1357 1428/1410/1343 1414/1396/1333
f 1417/1399/885 1431/1413/1346 1432/1414/1347
f 1421/1403/1337 1442/1424/1357 1414/1396/1333
f 1443/1425/1358 1444/1426/1359 1445/1427/1360
f 1441/1423/1356 1446/1428/1361 1447/1429/1362
f 1437/1419/1352 1445/1427/1360 1421/1403/1337
f 1441/1423/1356 1447/1429/1362 1443/1425/1358
f 1439/1421/1354 1443/1425/1358 1445/1427/1360
f 1438/1420/1353 1446/1428/1361 1441/1423/1356
f 1418/1400/1335 1446/1428/1361 1438/1420/1353
f 1440/1422/1355 1445/1427/1360 1437/1419/1352
f 1439/1421/1354 1445/1427/1360 1440/1422/1355
f 1441/1423/1356 1443/1425/1358 1439/1421/1354
f 1427/1409/1342 1440/1422/1355 1437/1419/1352
f 1433/1415/1348 1438/1420/1353 1441/1423/1356
f 1436/1418/1351 1448/1430/170 1449/1431/1363
f 1450/1432/1364 1451/1433/1365 1452/1434/1366
f 1453/1435/1367 1454/1436/1368 1429/1411/1344
f 1455/1437/1369 1456/1438/1370 1453/1435/1367
f 1456/1438/1370 1454/1436/1368 1453/1435/1367
f 1451/1433/1365 1456/1438/1370 1455/1437/1369
f 1452/1434/1366 1451/1433/1365 1455/1437/1369
f 1457/1439/1371 1449/1431/1363 1450/1432/1364
f 1436/1418/1351 1449/1431/1363 1457/1439/1371
f 1453/1435/1367 1429/1411/1344 1428/1410/1343
f 1458/1440/1372 1457/1439/1371 1459/1441/1373
f 1436/1418/1351 1457/1439/1371 1431/1413/1346
f 1442/1424/1357 1453/1435/1367 1428/1410/1343
f 1447/1429/1362 1459/1441/1373 1460/1442/1374
f 1444/1426/1359 1455/1437/1369 1442/1424/1357
f 1431/1413/1346 1457/1439/1371 1458/1440/1372
f 1458/1440/1372 1459/1441/1373 1447/1429/1362
f 1432/1414/1347 1431/1413/1346 1458/1440/1372
f 1444/1426/1359 1442/1424/1357 1445/1427/1360
f 1447/1429/1362 1460/1442/1374 1444/1426/1359
f 1445/1427/1360 1442/1424/1357 1421/1403/1337
f 1446/1428/1361 1458/1440/1372 1447/1429/1362
f 1432/1414/1347 1458/1440/1372 1446/1428/1361
f 1443/1425/1358 1447/1429/1362 1444/1426/1359
f 1418/1400/1335 1432/1414/1347 1446/1428/1361
f 1460/1442/1374 1452/1434/1366 1455/1437/1369
f 1459/1441/1373 1450/1432/1364 1452/1434/1366
f 1457/1439/1371 1450/1432/1364 1459/1441/1373
f 1442/1424/1357 1455/1437/1369 1453/1435/1367
f 1459/1441/1373 1452/1434/1366 1460/1442/1374
f 1460/1442/1374 1455/1437/1369 1444/1426/1359
