# Blender 4.2.0
# www.blender.org
mtllib model.mtl
o texture_mapping
v -0.037357 0.500359 0.002348
v -0.054334 0.499563 -0.005757
v -0.054666 0.494270 0.027129
v -0.025745 0.499596 0.044813
v -0.037728 0.491425 0.050366
v -0.026465 0.501075 -0.027978
v -0.046572 0.494256 -0.036655
v -0.018083 0.499163 0.030926
v -0.016943 0.498605 -0.052982
v -0.030097 0.492289 -0.011960
v -0.009864 0.495181 -0.030820
v -0.005101 0.491128 0.063242
v 0.019901 0.498182 0.053923
v 0.021304 0.500772 -0.038262
v 0.013032 0.494876 -0.059417
v 0.006145 0.499632 0.035428
v 0.010314 0.492009 -0.029969
v 0.039939 0.492015 -0.047121
v 0.035000 0.500514 0.015879
v 0.041699 0.501358 -0.012395
v 0.027549 0.490723 -0.018905
v 0.048980 0.496224 0.034032
v 0.056804 0.494195 -0.020161
v 0.059363 0.497427 0.006660
v 0.009906 0.480358 -0.043151
v -0.006200 0.473174 -0.050381
v 0.006067 0.460595 -0.040486
v 0.010314 0.492009 -0.029969
v 0.027549 0.490723 -0.018905
v 0.025319 0.459250 -0.029773
v 0.024215 0.436249 -0.032471
v 0.037456 0.474857 -0.030011
v 0.024979 0.344226 -0.071572
v 0.017581 0.302757 -0.104115
v 0.060202 0.300943 -0.086513
v 0.045428 0.376139 -0.037713
v 0.011462 0.383107 -0.054800
v 0.039414 0.454210 -0.012210
v 0.035000 0.500514 0.015879
v 0.038656 0.484728 -0.000586
v 0.041146 0.267398 -0.122046
v 0.057247 0.338446 -0.053764
v 0.052176 0.390795 -0.015625
v 0.042816 0.461427 0.003924
v 0.038301 0.442412 0.016890
v 0.041699 0.501358 -0.012395
v 0.047228 0.407901 0.010508
v 0.063340 0.084028 -0.101745
v 0.033017 0.084780 -0.116631
v 0.052459 0.063738 -0.098494
v 0.050962 0.475851 0.001276
v 0.032554 0.487496 0.023002
v 0.061015 0.371499 0.013855
v 0.074087 0.043482 -0.090466
v 0.036426 0.046001 -0.109391
v 0.048647 0.026636 -0.127426
v 0.053551 0.118984 -0.131699
v 0.064784 0.241496 -0.126151
v 0.037562 0.218714 -0.146741
v 0.045606 0.186980 -0.149020
v 0.075683 0.341763 -0.011996
v 0.081114 0.067888 -0.079326
v 0.043649 0.152149 -0.146357
v 0.098512 0.175028 -0.121804
v 0.062564 -0.009314 -0.171921
v 0.091325 0.000163 -0.145401
v 0.089404 0.128235 -0.115591
v 0.102445 0.211437 -0.112815
v 0.095617 0.302827 -0.043308
v 0.076684 0.331557 0.034206
v 0.097687 0.248605 -0.099230
v 0.093867 0.050891 -0.064302
v 0.090551 0.088947 -0.083669
v 0.093076 -0.071284 -0.220548
v 0.126270 -0.032470 -0.163254
v 0.103336 0.305183 0.005557
v 0.120702 0.009167 -0.103995
v 0.111273 0.035016 -0.055291
v 0.111155 0.265917 -0.067136
v 0.103199 0.069567 -0.043489
v 0.121510 0.098080 -0.044383
v 0.109890 0.058061 -0.021545
v 0.119701 0.115253 -0.073538
v 0.125945 0.268340 -0.025753
v 0.116955 0.040581 -0.021736
v 0.117183 0.079790 -0.014057
v 0.116330 0.137510 -0.095711
v 0.139197 -0.111758 -0.222721
v 0.088472 -0.129573 -0.254117
v 0.103474 -0.171331 -0.261842
v 0.111620 0.057781 0.017793
v 0.116714 0.042031 0.010742
v 0.120671 0.087427 0.022533
v 0.130514 0.216383 -0.076546
v 0.109255 -0.268685 -0.265929
v 0.099905 -0.308898 -0.260097
v 0.140148 -0.308025 -0.242409
v 0.142574 -0.070385 -0.191846
v 0.134381 0.015009 -0.070965
v 0.131078 0.177702 -0.087153
v 0.153507 0.012184 -0.023307
v 0.160252 0.006645 0.022524
v 0.112775 -0.348172 -0.236236
v 0.149271 -0.166743 -0.238714
v 0.141687 0.117137 -0.009366
v 0.138411 0.140175 -0.059607
v 0.145987 0.231211 0.007451
v 0.126624 0.257285 0.047915
v 0.125878 -0.220473 -0.260087
v 0.155402 -0.256391 -0.244175
v 0.150762 0.184898 -0.039084
v 0.145292 0.215030 -0.045517
v 0.140592 -0.363879 -0.209364
v 0.153234 0.152560 -0.014088
v 0.174375 -0.290510 -0.226486
v 0.173920 -0.204254 -0.230774
v 0.179491 -0.134029 -0.203557
v 0.157757 0.182701 0.005346
v 0.182069 -0.337608 -0.196899
v 0.172268 -0.037104 -0.121301
v 0.163655 -0.393482 -0.161218
v 0.177572 -0.090295 -0.180070
v 0.179317 -0.017898 -0.067475
v 0.193067 -0.072722 -0.143156
v 0.201561 -0.388638 -0.117493
v 0.204318 -0.243380 -0.205078
v 0.208985 -0.185022 -0.194594
v 0.200709 -0.029874 -0.027822
v 0.207130 -0.289541 -0.197244
v 0.206474 -0.106897 -0.159055
v 0.208800 -0.054932 -0.086617
v 0.222220 -0.333451 -0.153340
v 0.217884 -0.047251 0.024921
v 0.190687 -0.031550 0.072749
v 0.232963 -0.166455 -0.156277
v 0.241130 -0.344315 -0.107931
v 0.229204 -0.108728 -0.124263
v 0.235296 -0.066820 -0.005723
v 0.240719 -0.279677 -0.156678
v 0.235342 -0.084915 -0.075114
v 0.222002 -0.065953 0.076770
v 0.236625 -0.374888 -0.059188
v 0.243806 -0.221978 -0.156824
v 0.245196 -0.085637 0.039594
v 0.252106 -0.140758 -0.103652
v 0.253635 -0.102485 -0.039990
v 0.262049 -0.293980 -0.107826
v 0.265475 -0.327620 -0.054316
v 0.263783 -0.202793 -0.115820
v 0.261550 -0.114708 0.008872
v 0.269616 -0.238274 -0.102396
v 0.266007 -0.143095 -0.057366
v 0.254111 -0.359430 0.010735
v 0.260349 -0.137382 0.071802
v 0.277939 -0.195099 -0.064563
v 0.277987 -0.165097 -0.006665
v 0.278202 -0.311088 0.000904
v 0.279722 -0.290255 -0.047017
v 0.278754 -0.190586 0.056592
v 0.283809 -0.249243 -0.048418
v 0.287012 -0.274379 -0.001270
v 0.288407 -0.231172 0.003345
v -0.311551 -0.242559 0.003930
v -0.307551 -0.259232 -0.043883
v -0.306065 -0.292818 0.003037
v -0.302220 -0.284235 0.055763
v -0.306653 -0.243923 0.054067
v -0.307697 -0.207358 -0.033879
v -0.308225 -0.197265 0.024255
v -0.299340 -0.205194 0.077696
v -0.291183 -0.336257 0.015735
v -0.295481 -0.309937 -0.055318
v -0.296747 -0.246632 0.092003
v -0.297404 -0.223933 -0.089585
v -0.294930 -0.158244 0.062628
v -0.302017 -0.160572 -0.021960
v -0.290831 -0.126949 0.019309
v -0.288465 -0.270531 -0.111580
v -0.284202 -0.127317 -0.063151
v -0.291245 -0.169329 -0.085903
v -0.276396 -0.334497 0.094452
v -0.275108 -0.288213 0.135381
v -0.281628 -0.215701 0.130083
v -0.278531 -0.361101 -0.032871
v -0.263983 -0.363499 -0.087680
v -0.273770 -0.363775 0.047224
v -0.274867 -0.252803 0.144774
v -0.277433 -0.219913 -0.138589
v -0.274082 -0.311982 -0.122716
v -0.273325 -0.084505 -0.007496
v -0.260092 -0.391537 -0.000871
v -0.249970 -0.352859 0.133898
v -0.263419 -0.266172 -0.163605
v -0.249585 -0.395773 -0.060310
v -0.249025 -0.315219 -0.166584
v -0.244347 -0.389625 0.090667
v -0.238666 -0.360711 -0.145166
v -0.241374 -0.408767 0.048942
v -0.248090 -0.295492 0.177592
v -0.229762 -0.426365 0.000207
v -0.223265 -0.409343 -0.102721
v -0.222020 -0.287314 -0.212483
v -0.200117 -0.345927 0.206319
v -0.206229 -0.430165 0.087084
v -0.209315 -0.402253 0.137835
v -0.222440 -0.368683 0.162188
v -0.215257 -0.332324 -0.200677
v -0.195986 -0.450197 0.043955
v -0.198151 -0.444537 -0.065719
v -0.195577 -0.366515 -0.195897
v -0.183942 -0.462222 -0.010816
v -0.180409 -0.408529 -0.166582
v -0.190389 -0.432066 -0.116212
v -0.178770 -0.408176 0.169224
v -0.184059 -0.429926 0.128989
v -0.163998 -0.458920 0.091886
v -0.146238 -0.389840 0.215838
v -0.161007 -0.464293 -0.080413
v -0.141754 -0.449022 -0.143327
v -0.137529 -0.382785 -0.226925
v -0.125932 -0.430091 -0.186280
v -0.086901 -0.417639 -0.221009
v -0.291245 -0.169329 -0.085903
v -0.277433 -0.219913 -0.138589
v -0.297404 -0.223933 -0.089585
v -0.270964 -0.170140 -0.135942
v -0.270625 -0.131573 -0.110948
v -0.284202 -0.127317 -0.063151
v -0.267986 -0.091316 -0.064113
v -0.273325 -0.084505 -0.007496
v -0.250830 -0.091735 -0.112823
v -0.250975 -0.054959 -0.036463
v -0.251411 -0.229390 -0.183415
v -0.263419 -0.266172 -0.163605
v -0.239396 -0.162414 -0.183402
v -0.237733 -0.108308 -0.153549
v -0.237813 -0.057302 -0.090785
v -0.243487 -0.042947 0.026607
v -0.222176 -0.250265 -0.218740
v -0.222020 -0.287314 -0.212483
v -0.216121 -0.015194 -0.021094
v -0.219863 -0.211009 -0.219182
v -0.222519 -0.066796 -0.135917
v -0.206940 -0.099058 -0.185605
v -0.216304 -0.025911 -0.073293
v -0.202600 -0.033432 -0.117596
v -0.201715 -0.164026 -0.225328
v -0.176913 -0.046231 -0.170167
v -0.164200 -0.329936 -0.244043
v -0.215257 -0.332324 -0.200677
v -0.162882 -0.265051 -0.263383
v -0.195577 -0.366515 -0.195897
v -0.171679 -0.218267 -0.258660
v -0.176718 0.000260 -0.088436
v -0.175863 -0.112437 -0.224124
v -0.165733 -0.150646 -0.248719
v -0.178690 0.014801 0.018097
v -0.160501 0.025086 -0.023766
v -0.176877 0.190793 -0.022791
v -0.175110 0.149571 -0.021687
v -0.176346 0.157221 0.012269
v -0.137529 -0.382785 -0.226925
v -0.160249 0.137423 -0.060942
v -0.157575 0.189751 -0.081354
v -0.168997 0.220220 -0.041155
v -0.149733 -0.070069 -0.216294
v -0.152491 -0.004347 -0.134871
v -0.165277 0.247095 -0.007636
v -0.170892 0.226746 0.024362
v -0.156521 0.101351 -0.007772
v -0.148207 0.240548 -0.075118
v -0.133441 -0.033496 -0.192651
v -0.138113 0.026369 -0.079517
v -0.150436 0.267734 -0.033324
v -0.119955 -0.165421 -0.278997
v -0.145205 0.165172 -0.100724
v -0.137861 0.095095 -0.065168
v -0.115237 -0.283624 -0.285493
v -0.113624 -0.110417 -0.260319
v -0.120223 0.000214 -0.156271
v -0.137934 0.119249 -0.091834
v -0.144356 0.282427 0.017562
v -0.117847 -0.225806 -0.287881
v -0.135937 0.037091 -0.053265
v -0.144081 0.039283 -0.017210
v -0.150486 0.057774 0.011104
v -0.144858 0.058185 -0.042789
v -0.142015 0.078863 0.008245
v -0.127275 0.200170 -0.122159
v -0.137533 0.078898 -0.036101
v -0.114465 -0.343413 -0.264294
v -0.126248 0.050365 -0.080276
v -0.127353 0.067668 -0.077389
v -0.111523 0.242782 -0.122503
v -0.121814 0.292536 -0.062585
v -0.120045 0.316542 0.001466
v -0.124262 0.080074 -0.066863
v -0.117070 0.133181 -0.123256
v -0.111037 0.320676 -0.032331
v -0.107896 -0.052267 -0.226220
v -0.111466 0.095025 -0.103071
v -0.104568 0.289290 -0.091455
v -0.098485 0.041252 -0.105998
v -0.107018 0.063705 -0.105640
v -0.101763 0.025318 -0.124793
v -0.086140 0.171128 -0.153838
v -0.091338 0.079125 -0.106686
v -0.084325 0.113122 -0.137686
v -0.089095 0.219028 -0.148827
v -0.075522 -0.182530 -0.297608
v -0.078627 -0.071309 -0.252058
v -0.088288 -0.018973 -0.201914
v -0.080479 0.335969 -0.065811
v -0.081195 -0.377540 -0.256731
v -0.072739 -0.239879 -0.302505
v -0.069366 -0.125636 -0.282444
v -0.079507 0.053427 -0.127926
v -0.072542 0.073567 -0.124190
v -0.092386 0.357342 -0.004241
v -0.051840 0.017408 -0.164901
v -0.086901 -0.417639 -0.221009
v -0.078278 0.261034 -0.136512
v -0.071128 -0.291888 -0.297658
v -0.065081 0.314390 -0.100333
v -0.067161 0.388432 -0.037484
v -0.074553 0.401323 0.001382
v -0.058993 -0.336854 -0.285499
v -0.056408 -0.043375 -0.237865
v -0.060390 0.035352 -0.133989
v -0.064127 0.089517 -0.132394
v -0.059089 0.207765 -0.165963
v -0.044496 -0.400273 -0.249120
v -0.049014 0.150194 -0.167409
v -0.062142 0.442457 -0.023699
v -0.043703 0.105347 -0.151797
v -0.045484 0.292641 -0.129851
v -0.064724 0.458863 0.003231
v -0.038155 0.359134 -0.082231
v -0.039098 0.065566 -0.144944
v -0.037003 0.048930 -0.144126
v -0.044093 0.246077 -0.159127
v -0.063267 0.487222 -0.003147
v -0.046572 0.494256 -0.036655
v -0.027475 -0.311471 -0.299540
v -0.036446 -0.007059 -0.204351
v -0.042860 0.444972 -0.050203
v -0.020883 -0.132118 -0.293155
v -0.040816 0.389655 -0.064943
v -0.054334 0.499563 -0.005757
v -0.033402 -0.184153 -0.305622
v -0.028351 -0.239070 -0.310083
v -0.029031 -0.075575 -0.266145
v -0.033304 0.079456 -0.137376
v -0.013172 -0.038191 -0.240279
v -0.022761 0.328235 -0.109026
v -0.029718 0.485180 -0.056344
v -0.012944 -0.374606 -0.271149
v -0.012146 0.175665 -0.177666
v -0.012138 0.218290 -0.174422
v -0.017145 0.446824 -0.064062
v -0.016943 0.498605 -0.052982
v 0.003630 0.041381 -0.145687
v -0.000245 0.276219 -0.149796
v 0.010705 -0.273232 -0.308900
v 0.008425 0.064960 -0.149682
v 0.009858 0.081177 -0.141685
v 0.020539 0.023080 -0.165046
v -0.008553 0.096874 -0.153510
v -0.002459 0.127921 -0.169194
v -0.001348 0.397034 -0.076148
v -0.001225 0.481429 -0.064154
v 0.015537 -0.334710 -0.291965
v 0.009777 -0.214619 -0.310796
v 0.007396 0.352196 -0.095272
v 0.011648 -0.009639 -0.211828
v 0.011140 0.313341 -0.121968
v 0.024272 -0.167884 -0.303472
v 0.016235 0.444459 -0.064448
v 0.023602 -0.074830 -0.266916
v 0.013032 0.494876 -0.059417
v -0.279409 -0.149849 0.104547
v -0.294930 -0.158244 0.062628
v -0.299340 -0.205194 0.077696
v -0.281628 -0.215701 0.130083
v -0.264740 -0.098542 0.087648
v -0.290831 -0.126949 0.019309
v -0.266977 -0.078162 0.035972
v -0.273325 -0.084505 -0.007496
v -0.255517 -0.178744 0.167855
v -0.274867 -0.252803 0.144774
v -0.258605 -0.223949 0.173197
v -0.243487 -0.042947 0.026607
v -0.275108 -0.288213 0.135381
v -0.248090 -0.295492 0.177592
v -0.248495 -0.119382 0.144942
v -0.241316 -0.059613 0.087697
v -0.223317 -0.247514 0.216541
v -0.229864 -0.080076 0.139604
v -0.224396 -0.180152 0.207411
v -0.216399 -0.297092 0.215644
v -0.200117 -0.345927 0.206319
v -0.220898 -0.115165 0.181371
v -0.194933 -0.012997 0.089160
v -0.209800 -0.010664 0.033757
v -0.216121 -0.015194 -0.021094
v -0.190450 -0.117525 0.214472
v -0.206801 -0.044014 0.129848
v -0.187776 -0.064408 0.177937
v -0.194425 -0.205958 0.241402
v -0.173686 -0.162202 0.246531
v -0.176698 -0.273301 0.255085
v -0.178690 0.014801 0.018097
v -0.161799 -0.324633 0.248623
v -0.154424 -0.077726 0.218390
v -0.174241 -0.017365 0.131539
v -0.150895 0.025917 0.054584
v -0.173315 0.193283 0.039504
v -0.176877 0.190793 -0.022791
v -0.176346 0.157221 0.012269
v -0.170892 0.226746 0.024362
v -0.153529 -0.116793 0.242407
v -0.175110 0.149571 -0.021687
v -0.156521 0.101351 -0.007772
v -0.164253 0.154548 0.062049
v -0.134507 -0.216069 0.280059
v -0.142163 -0.019548 0.168909
v -0.152646 0.107241 0.044625
v -0.153034 0.202444 0.085934
v -0.146238 -0.389840 0.215838
v -0.150168 0.011052 0.103452
v -0.159331 0.233069 0.058860
v -0.150466 0.262492 0.045694
v -0.165277 0.247095 -0.007636
v -0.127452 -0.267655 0.282089
v -0.145070 0.143658 0.093234
v -0.160501 0.025086 -0.023766
v -0.144356 0.282427 0.017562
v -0.141054 0.066947 0.050627
v -0.150486 0.057774 0.011104
v -0.144824 0.050824 0.042945
v -0.140329 0.241135 0.089291
v -0.124377 -0.037045 0.203103
v -0.120070 0.012397 0.134211
v -0.143381 0.039145 0.022570
v -0.144081 0.039283 -0.017210
v -0.122490 0.051673 0.087300
v -0.142015 0.078863 0.008245
v -0.133603 0.100091 0.080346
v -0.121864 -0.366768 0.248495
v -0.127677 0.185724 0.122029
v -0.110251 -0.123509 0.267643
v -0.106671 -0.076357 0.244578
v -0.131869 0.038493 0.059015
v -0.098671 -0.324731 0.278486
v -0.108663 -0.166219 0.283383
v -0.117264 0.069819 0.088993
v -0.124944 0.079140 0.066295
v -0.125785 0.227685 0.115706
v -0.121944 0.285602 0.071725
v -0.118400 0.035081 0.089601
v -0.111999 0.096712 0.104842
v -0.113544 0.134419 0.126663
v -0.089441 0.003891 0.170190
v -0.103846 0.332046 0.029899
v -0.104924 0.246636 0.125386
v -0.094030 0.189117 0.149330
v -0.083049 -0.280103 0.296447
v -0.120045 0.316542 0.001466
v -0.093984 0.034870 0.114445
v -0.091411 0.061475 0.119312
v -0.086728 0.304301 0.093756
v -0.093948 0.079122 0.105299
v -0.070007 -0.361833 0.270606
v -0.085730 -0.216513 0.298653
v -0.079167 0.105477 0.137369
v -0.089414 0.152663 0.150194
v -0.089632 0.328924 0.060689
v -0.092386 0.357342 -0.004241
v -0.078133 -0.014610 0.202355
v -0.079730 -0.394490 0.245582
v -0.076883 0.265579 0.134667
v -0.053806 -0.044153 0.240500
v -0.056747 0.029386 0.144277
v -0.073241 0.219599 0.157461
v -0.079403 0.367475 0.032215
v -0.072406 -0.152078 0.291332
v -0.074553 0.401323 0.001382
v -0.062370 0.042079 0.135323
v -0.055019 -0.190995 0.303944
v -0.054574 -0.090034 0.270221
v -0.066066 0.060466 0.138511
v -0.043970 0.074907 0.137734
v -0.057003 0.145784 0.163921
v -0.048504 0.194946 0.170663
v -0.058942 0.362660 0.066443
v -0.050815 0.319801 0.105911
v -0.061859 0.431693 0.023970
v -0.064724 0.458863 0.003231
v -0.035277 -0.324364 0.294528
v -0.028419 -0.020319 0.222794
v -0.049008 0.426809 0.046221
v -0.047584 -0.242879 0.308306
v -0.035510 0.096084 0.150331
v -0.051069 0.476658 0.038886
v -0.063267 0.487222 -0.003147
v -0.033875 0.008642 0.184563
v -0.041298 0.235733 0.165077
v -0.054666 0.494270 0.027129
v -0.028326 -0.151309 0.299140
v -0.037728 0.491425 0.050366
v -0.033126 0.037413 0.144393
v -0.020134 0.058503 0.153867
v -0.054334 0.499563 -0.005757
v -0.026339 0.274326 0.150027
v -0.031359 0.413805 0.063130
v -0.014320 -0.271179 0.309447
v -0.021596 0.155865 0.175380
v 0.000408 -0.208717 0.310783
v -0.021811 0.374814 0.081831
v -0.017546 0.465091 0.062653
v -0.016529 -0.375951 0.270988
v -0.008062 -0.112995 0.286932
v -0.004743 0.232153 0.171268
v -0.006897 0.308089 0.127805
v 0.000611 -0.061587 0.259511
v -0.007189 0.079940 0.144187
v -0.000345 0.350794 0.098366
v 0.006814 -0.312498 0.301688
v 0.018652 -0.001739 0.200523
v 0.001708 0.186422 0.178163
v -0.005101 0.491128 0.063242
v -0.025745 0.499596 0.044813
v 0.014309 0.026825 0.158499
v 0.000167 0.069500 0.150411
v 0.014296 0.104002 0.158581
v -0.000241 0.421293 0.070800
v 0.011684 0.040699 0.148291
v 0.029085 0.273438 0.147896
v 0.022339 0.144605 0.173421
v 0.023831 0.432583 0.065003
v 0.035735 0.056637 0.150294
v 0.023410 0.378774 0.080070
v 0.036167 -0.086086 0.271560
v 0.028711 0.223184 0.170799
v 0.032470 -0.267354 0.308493
v 0.046805 -0.149971 0.295613
v 0.050046 -0.044988 0.241603
v 0.054896 -0.344945 0.283649
v 0.048614 0.071610 0.139283
v 0.053037 -0.207814 0.305614
v -0.288290 -0.232359 0.008544
v -0.285973 -0.275231 0.008298
v -0.283788 -0.230076 -0.052456
v -0.281458 -0.276331 -0.054993
v -0.282003 -0.225677 0.058735
v -0.285781 -0.190072 0.000133
v -0.282316 -0.193602 -0.054663
v -0.272263 -0.318573 0.028721
v -0.273424 -0.313272 -0.041868
v -0.278605 -0.276735 0.066325
v -0.277856 -0.175628 0.052476
v -0.275541 -0.158859 -0.034367
v -0.266120 -0.266300 0.108407
v -0.271805 -0.225691 -0.097848
v -0.267141 -0.163835 -0.082567
v -0.263459 -0.169273 0.096840
v -0.268452 -0.135146 0.031513
v -0.263124 -0.317470 -0.081731
v -0.264104 -0.306687 0.089244
v -0.262586 -0.277259 -0.115577
v -0.257331 -0.215342 0.129820
v -0.258792 -0.105596 -0.004457
v -0.260994 -0.346990 -0.015192
v -0.263361 -0.190549 -0.114347
v -0.246743 -0.360608 -0.056829
v -0.243289 -0.339838 -0.106651
v -0.247144 -0.097909 0.064424
v -0.251141 -0.361393 0.026288
v -0.247257 -0.350773 0.076887
v -0.249321 -0.144407 -0.113918
v -0.250445 -0.105530 -0.069311
v -0.232320 -0.386569 -0.023650
v -0.242037 -0.283586 0.151461
v -0.246971 -0.228706 -0.152222
v -0.243726 -0.330073 0.117701
v -0.236543 -0.308428 -0.151159
v -0.240630 -0.274388 -0.159843
v -0.237222 -0.235753 0.165150
v -0.242977 -0.191067 -0.154542
v -0.234497 -0.153885 0.147198
v -0.239358 -0.120685 0.116377
v -0.231844 -0.067011 -0.049879
v -0.216388 -0.399833 0.046891
v -0.232748 -0.096885 -0.106560
v -0.230629 -0.062380 0.038058
v -0.222876 -0.328182 0.156069
v -0.224107 -0.227636 -0.184138
v -0.231560 -0.187494 0.168779
v -0.228691 -0.055904 -0.003192
v -0.220084 -0.371766 0.108885
v -0.229619 -0.140968 -0.149936
v -0.213861 -0.062944 0.092355
v -0.194115 -0.323846 0.193029
v -0.212963 -0.272889 0.194675
v -0.215478 -0.099311 0.140906
v -0.211319 -0.388770 -0.096958
v -0.197249 -0.368600 -0.150839
v -0.208119 -0.330668 -0.175020
v -0.206805 -0.078314 -0.131190
v -0.206745 -0.047177 -0.077196
v -0.208996 -0.412373 -0.002931
v -0.207720 -0.291252 -0.196333
v -0.200147 -0.026825 -0.024546
v -0.195978 -0.027178 0.047609
v -0.193736 -0.065675 0.134557
v -0.191324 -0.371339 0.156250
v -0.170959 -0.027258 -0.107725
v -0.153869 0.013496 0.017399
v -0.169618 -0.031554 0.116899
v -0.159108 -0.001610 -0.071466
v -0.147758 0.016799 -0.029726
v -0.137298 0.012711 0.072671
v -0.134846 0.000844 -0.106128
v -0.155080 0.154878 0.001351
v -0.149467 0.177550 -0.050627
v -0.157186 0.192459 -0.011252
v -0.154289 0.198515 0.025135
v -0.149123 0.171620 0.047970
v -0.148676 0.205636 -0.044264
v -0.148188 0.230269 -0.002939
v -0.136551 0.106197 0.002462
v -0.148666 0.139724 -0.035816
v -0.138138 0.120893 0.041089
v -0.131561 0.216477 0.075496
v -0.136476 0.240126 0.043091
v -0.129770 0.105246 -0.039579
v -0.129995 0.138996 -0.078849
v -0.136493 0.244808 -0.039273
v -0.132651 0.133471 0.071165
v -0.134662 0.171527 -0.083279
v -0.127966 0.202561 -0.088979
v -0.130330 0.159960 0.086601
v -0.125212 0.189183 0.095884
v -0.119697 0.281583 -0.014908
v -0.122593 0.025143 -0.066664
v -0.117236 0.277003 0.039497
v -0.117710 0.043539 0.009669
v -0.115364 0.084090 0.036791
v -0.113352 0.136756 0.099971
v -0.109650 0.072959 -0.034835
v -0.104097 0.091557 0.071334
v -0.112950 0.248926 -0.082865
v -0.103627 0.283403 -0.060004
v -0.103255 0.044429 0.055894
v -0.113299 0.046905 -0.029931
v -0.115104 0.068719 0.006740
v -0.097871 0.045992 -0.065332
v -0.104928 0.093621 -0.073361
v -0.108050 0.063195 0.035288
v -0.082484 0.328575 0.029121
v -0.094289 0.062677 0.062016
v -0.085740 0.328436 -0.013378
v -0.083478 0.069559 -0.077623
v -0.076782 0.315639 0.058216
v -0.067438 0.323290 -0.060306
v -0.059847 0.372456 -0.015742
v -0.058860 0.378001 0.015055
v -0.052098 0.367612 0.038591
v -0.047174 0.417319 0.004357
v -0.041575 0.410910 -0.024250
v -0.042520 0.460292 0.009293
v -0.041555 0.451791 -0.009477
v -0.048412 0.478395 -0.004146
v -0.043838 0.478226 0.023473
v -0.037995 0.420844 0.026012
v -0.032092 0.475389 -0.036816
v -0.033977 0.454096 0.024777
v -0.027566 0.487862 0.020778
v -0.030097 0.492289 -0.011960
v -0.037357 0.500359 0.002348
v -0.018083 0.499163 0.030926
v -0.026465 0.501075 -0.027978
v -0.201946 -0.220445 0.206546
v -0.237222 -0.235753 0.165150
v -0.231560 -0.187494 0.168779
v -0.234497 -0.153885 0.147198
v -0.198741 -0.164969 0.198099
v -0.212963 -0.272889 0.194675
v -0.194092 -0.107975 0.174716
v -0.215478 -0.099311 0.140906
v -0.169008 -0.272531 0.232655
v -0.193736 -0.065675 0.134557
v -0.194115 -0.323846 0.193029
v -0.165189 -0.207929 0.235943
v -0.174975 -0.130946 0.206023
v -0.153618 -0.379732 0.185246
v -0.191324 -0.371339 0.156250
v -0.141935 -0.086000 0.203845
v -0.165903 -0.063002 0.165260
v -0.157466 -0.332145 0.220363
v -0.147283 -0.147935 0.232407
v -0.169618 -0.031554 0.116899
v -0.125820 -0.024777 0.153957
v -0.126382 -0.367029 0.216110
v -0.121773 -0.294472 0.256008
v -0.111794 -0.238561 0.265924
v -0.116436 -0.052326 0.192587
v -0.137298 0.012711 0.072671
v -0.124080 0.000129 0.119358
v -0.111120 -0.329122 0.247980
v -0.094873 -0.182702 0.267124
v -0.093880 -0.116546 0.245766
v -0.096173 0.256326 0.094877
v -0.131561 0.216477 0.075496
v -0.136476 0.240126 0.043091
v -0.104665 0.183874 0.117688
v -0.130330 0.159960 0.086601
v -0.125212 0.189183 0.095884
v -0.073420 0.017624 0.129181
v -0.113352 0.136756 0.099971
v -0.117236 0.277003 0.039497
v -0.088839 -0.066271 0.218561
v -0.088615 0.144460 0.124507
v -0.086900 0.209205 0.126442
v -0.060899 -0.358805 0.247297
v -0.097058 0.031889 0.086154
v -0.103255 0.044429 0.055894
v -0.084785 0.098388 0.099240
v -0.104097 0.091557 0.071334
v -0.061977 -0.309879 0.270994
v -0.067777 -0.262850 0.280052
v -0.078365 -0.037619 0.197127
v -0.076782 0.315639 0.058216
v -0.073401 0.043012 0.091741
v -0.094289 0.062677 0.062016
v -0.069369 0.064639 0.088663
v -0.065081 0.163174 0.140869
v -0.050195 -0.002206 0.166421
v -0.054831 -0.223018 0.283576
v -0.060759 0.118635 0.128845
v -0.060150 0.254184 0.123099
v -0.042731 -0.127080 0.263728
v -0.039783 -0.036989 0.206814
v -0.054686 0.209240 0.142082
v -0.062947 0.286605 0.099122
v -0.046558 0.324230 0.076881
v -0.045279 -0.179184 0.279560
v -0.022606 -0.075862 0.241303
v -0.034518 0.044417 0.112242
v -0.041908 0.078085 0.109316
v -0.052098 0.367612 0.038591
v -0.028259 -0.262501 0.286086
v -0.022836 -0.327398 0.271031
v -0.015291 0.092239 0.124943
v -0.011654 0.136604 0.149506
v -0.014833 0.182747 0.154938
v -0.029435 0.283213 0.116221
v -0.026738 0.238102 0.142041
v -0.028455 0.381745 0.051275
v -0.003400 -0.204607 0.287210
v -0.037995 0.420844 0.026012
v -0.024608 0.475091 0.043076
v -0.033977 0.454096 0.024777
v -0.043838 0.478226 0.023473
v -0.027566 0.487862 0.020778
v 0.024550 -0.053100 0.223022
v -0.010722 0.018467 0.148369
v -0.009543 0.339799 0.079790
v -0.001793 0.062052 0.112961
v -0.007863 0.430227 0.043388
v 0.015871 -0.017171 0.189834
v 0.017798 0.121498 0.143221
v 0.018034 -0.302813 0.280020
v 0.000512 -0.140996 0.272252
v 0.001661 0.282190 0.120947
v -0.014993 0.456254 0.039420
v 0.007282 0.485790 0.037195
v 0.000342 0.473192 0.052097
v -0.018083 0.499163 0.030926
v 0.015437 -0.346765 0.261830
v -0.011300 -0.384961 0.236290
v 0.005122 -0.097453 0.255751
v 0.008990 0.040060 0.119894
v 0.009219 0.228286 0.147919
v 0.021099 -0.255304 0.287205
v 0.019818 0.363560 0.063788
v 0.016091 0.455070 0.039591
v 0.006145 0.499632 0.035428
v 0.005288 0.397001 0.053669
v 0.026942 0.013199 0.152430
v 0.028540 0.086403 0.118900
v 0.031439 0.158262 0.151130
v 0.024214 0.190867 0.154701
v 0.048803 -0.113702 0.257610
v 0.036990 0.050724 0.108126
v 0.032274 0.306258 0.098751
v 0.023516 0.414878 0.041445
v 0.028724 0.474865 0.043374
v 0.037971 -0.384977 0.234527
v 0.041251 0.236575 0.138576
v 0.074293 -0.213112 0.278204
v 0.057813 0.030960 0.116499
v 0.063654 0.263966 0.115088
v 0.049456 -0.174073 0.278106
v 0.058026 -0.331648 0.264689
v 0.076242 -0.040263 0.198984
v 0.091401 0.006575 0.134120
v 0.098745 -0.093601 0.232299
v -0.224107 -0.227636 -0.184138
v -0.240630 -0.274388 -0.159843
v -0.207720 -0.291252 -0.196333
v -0.242977 -0.191067 -0.154542
v -0.201778 -0.171879 -0.198174
v -0.229619 -0.140968 -0.149936
v -0.199312 -0.120573 -0.177292
v -0.206805 -0.078314 -0.131190
v -0.200427 -0.246260 -0.210971
v -0.187772 -0.207063 -0.220611
v -0.208119 -0.330668 -0.175020
v -0.177371 -0.317993 -0.213796
v -0.171138 -0.281909 -0.231470
v -0.165011 -0.058771 -0.161748
v -0.153735 -0.363420 -0.199705
v -0.158787 -0.237765 -0.242523
v -0.140417 -0.088356 -0.207528
v -0.159867 -0.126884 -0.216817
v -0.170959 -0.027258 -0.107725
v -0.197249 -0.368600 -0.150839
v -0.146297 -0.178167 -0.244087
v -0.139193 -0.326675 -0.234842
v -0.121393 -0.293721 -0.256250
v -0.130758 -0.032486 -0.161078
v -0.134846 0.000844 -0.106128
v -0.121765 -0.140611 -0.244702
v -0.107589 -0.213549 -0.268352
v -0.103781 -0.256680 -0.269397
v -0.098366 -0.065180 -0.213465
v -0.096479 0.015664 -0.117173
v -0.122593 0.025143 -0.066664
v -0.134662 0.171527 -0.083279
v -0.129995 0.138996 -0.078849
v -0.104717 0.178534 -0.118195
v -0.127966 0.202561 -0.088979
v -0.096105 -0.367953 -0.229305
v -0.104205 -0.173089 -0.263206
v -0.088060 -0.101404 -0.242489
v -0.104928 0.093621 -0.073361
v -0.086978 0.103644 -0.102028
v -0.072142 -0.016984 -0.176747
v -0.099190 0.232303 -0.108890
v -0.112950 0.248926 -0.082865
v -0.094144 -0.335624 -0.251136
v -0.078108 0.152994 -0.133618
v -0.065744 -0.146068 -0.265919
v -0.097871 0.045992 -0.065332
v -0.063410 -0.309853 -0.270091
v -0.049921 -0.267292 -0.282123
v -0.065549 -0.206139 -0.279679
v -0.072402 0.223460 -0.131532
v -0.070152 0.271275 -0.105570
v -0.103627 0.283403 -0.060004
v -0.067488 0.037554 -0.102496
v -0.062981 0.058290 -0.093426
v -0.083478 0.069559 -0.077623
v -0.054946 0.187270 -0.146528
v -0.067438 0.323290 -0.060306
v -0.031080 -0.360896 -0.250125
v -0.054260 0.017415 -0.140235
v -0.042950 0.146240 -0.146134
v -0.049185 -0.048060 -0.217019
v -0.047259 0.090471 -0.115605
v -0.043562 0.316196 -0.085392
v -0.042211 -0.098494 -0.252831
v -0.071970 -0.396190 -0.213553
v -0.017792 -0.202819 -0.286260
v -0.036255 0.046107 -0.110233
v -0.030430 0.246498 -0.136921
v -0.059847 0.372456 -0.015742
v -0.030757 0.373835 -0.052265
v -0.027741 -0.021525 -0.194365
v -0.012625 0.115121 -0.139383
v -0.013935 -0.136385 -0.270457
v -0.027045 0.287922 -0.113723
v -0.041575 0.410910 -0.024250
v -0.017844 -0.067312 -0.236937
v -0.009701 0.019508 -0.146704
v -0.017489 0.062280 -0.111062
v -0.027147 0.484133 -0.026491
v -0.048412 0.478395 -0.004146
v -0.032092 0.475389 -0.036816
v -0.000877 0.175677 -0.156344
v -0.030097 0.492289 -0.011960
v 0.006996 -0.313835 -0.275489
v 0.002184 0.210455 -0.152563
v -0.041555 0.451791 -0.009477
v -0.021083 0.459429 -0.034664
v -0.005381 0.083210 -0.120442
v -0.006903 0.328167 -0.086557
v -0.009281 0.435463 -0.039895
v 0.004417 0.250266 -0.137817
v 0.006036 -0.274179 -0.286434
v -0.000806 0.042670 -0.117810
v -0.009864 0.495181 -0.030820
v 0.026251 -0.041634 -0.213688
v -0.006200 0.473174 -0.050381
v 0.009906 0.480358 -0.043151
v 0.012231 -0.092274 -0.252911
v 0.006067 0.460595 -0.040486
v 0.017954 -0.348681 -0.259474
v 0.029446 -0.192021 -0.284248
v 0.018723 -0.005393 -0.177827
v 0.017581 0.302757 -0.104115
v 0.011462 0.383107 -0.054800
v 0.010314 0.492009 -0.029969
v 0.041560 -0.237705 -0.285021
v 0.046017 -0.133542 -0.266217
v 0.018153 0.062239 -0.110743
v 0.033017 0.084780 -0.116631
v 0.043649 0.152149 -0.146357
v 0.024979 0.344226 -0.071572
v 0.021543 -0.383651 -0.235044
v 0.048647 0.026636 -0.127426
v 0.024215 0.436249 -0.032471
v 0.036426 0.046001 -0.109391
v 0.041146 0.267398 -0.122046
v 0.053551 0.118984 -0.131699
v 0.045606 0.186980 -0.149020
v 0.066460 -0.346519 -0.252881
v 0.037562 0.218714 -0.146741
v 0.060195 -0.291134 -0.276423
v 0.051275 -0.086885 -0.245109
v 0.064784 0.241496 -0.126151
v 0.062564 -0.009314 -0.171921
v 0.052459 0.063738 -0.098494
v 0.093076 -0.071284 -0.220548
v 0.088472 -0.129573 -0.254117
v 0.099905 -0.308898 -0.260097
v 0.109255 -0.268685 -0.265929
v 0.085134 -0.214275 -0.275733
v 0.103474 -0.171331 -0.261842
v 0.112775 -0.348172 -0.236236
v 0.125878 -0.220473 -0.260087
v -0.208996 -0.412373 -0.002931
v -0.189331 -0.426389 -0.036483
v -0.232320 -0.386569 -0.023650
v -0.211319 -0.388770 -0.096958
v -0.196301 -0.401399 0.101038
v -0.216388 -0.399833 0.046891
v -0.220084 -0.371766 0.108885
v -0.181066 -0.416778 -0.095403
v -0.191324 -0.371339 0.156250
v -0.178369 -0.433101 0.045878
v -0.172658 -0.441179 0.008152
v -0.197249 -0.368600 -0.150839
v -0.160737 -0.406114 0.145703
v -0.153618 -0.379732 0.185246
v -0.159421 -0.428423 0.104948
v -0.147693 -0.450972 -0.044855
v -0.151790 -0.409556 -0.149497
v -0.153735 -0.363420 -0.199705
v -0.127073 -0.452087 0.088013
v -0.145754 -0.455041 0.030914
v -0.137315 -0.440730 -0.105927
v -0.120043 -0.399791 -0.187668
v -0.116715 -0.467010 0.003811
v -0.117557 -0.432099 0.145263
v -0.089659 -0.414319 0.187766
v -0.088358 -0.467214 0.073697
v -0.100378 -0.427968 -0.161604
v -0.089621 -0.471108 -0.043166
v -0.100718 -0.457416 -0.100844
v -0.126382 -0.367029 0.216110
v -0.096105 -0.367953 -0.229305
v -0.069918 -0.454386 0.134478
v -0.071970 -0.396190 -0.213553
v -0.060899 -0.358805 0.247297
v -0.063388 -0.477228 0.006587
v -0.046693 -0.471383 -0.085180
v -0.053166 -0.459034 -0.127390
v -0.041209 -0.416184 0.202284
v -0.051718 -0.435486 -0.172471
v -0.034277 -0.478157 -0.042462
v -0.040285 -0.448255 0.158019
v -0.016691 -0.417188 -0.201987
v -0.007816 -0.476985 0.067966
v 0.001535 -0.462093 0.132967
v -0.011300 -0.384961 0.236290
v -0.031080 -0.360896 -0.250125
v 0.005659 -0.480240 -0.000866
v -0.003901 -0.457215 -0.142569
v 0.008422 -0.428150 0.191907
v 0.012014 -0.477423 -0.062646
v 0.006960 -0.471017 -0.103557
v 0.021543 -0.383651 -0.235044
v 0.058632 -0.456370 -0.131672
v 0.047893 -0.435146 -0.174649
v 0.034630 -0.412740 -0.206051
v 0.063996 -0.475944 0.039566
v 0.047068 -0.470981 0.093913
v 0.037971 -0.384977 0.234527
v 0.055834 -0.471170 -0.084433
v 0.066133 -0.477325 -0.007658
v 0.059472 -0.423669 0.189373
v 0.058805 -0.450270 0.149044
v 0.085900 -0.386900 -0.217366
v 0.079279 -0.416070 -0.189696
v 0.080672 -0.372908 0.232761
v 0.092925 -0.470228 -0.053746
v 0.066460 -0.346519 -0.252881
v 0.094786 -0.454187 0.122009
v 0.091107 -0.465763 0.085860
v 0.102754 -0.429275 0.162603
v 0.106828 -0.438012 -0.142243
v 0.112775 -0.348172 -0.236236
v 0.122559 -0.400651 0.187573
v 0.111390 -0.469575 0.005207
v 0.104950 -0.460196 -0.092397
v 0.127071 -0.462289 0.044752
v 0.128245 -0.459265 -0.058931
v 0.143631 -0.443184 0.093638
v 0.145054 -0.423170 0.137908
v 0.126399 -0.401789 -0.181823
v 0.140592 -0.363879 -0.209364
v 0.142572 -0.435827 -0.112033
v 0.163655 -0.393482 -0.161218
v 0.161545 -0.448960 0.005185
v 0.172121 -0.439130 -0.039596
v 0.182683 -0.431114 0.044251
v 0.177394 -0.391762 0.150152
v 0.179226 -0.422026 -0.088258
v 0.185791 -0.413809 0.099119
v 0.201561 -0.388638 -0.117493
v 0.212572 -0.410005 0.004914
v 0.211766 -0.404858 -0.052167
v 0.227360 -0.385122 0.064230
v 0.226906 -0.360838 0.116079
v 0.236625 -0.374888 -0.059188
v 0.254111 -0.359430 0.010735
v 0.028724 0.474865 0.043374
v 0.016091 0.455070 0.039591
v 0.000342 0.473192 0.052097
v 0.032554 0.487496 0.023002
v 0.007282 0.485790 0.037195
v 0.006145 0.499632 0.035428
v 0.035000 0.500514 0.015879
v 0.062650 0.065078 0.093720
v 0.036990 0.050724 0.108126
v 0.028540 0.086403 0.118900
v 0.048368 0.340233 0.062216
v 0.032274 0.306258 0.098751
v 0.019818 0.363560 0.063788
v 0.023516 0.414878 0.041445
v 0.043117 0.377829 0.041904
v 0.038301 0.442412 0.016890
v 0.033700 0.459993 0.026940
v 0.038656 0.484728 -0.000586
v 0.058650 0.111275 0.125255
v 0.017798 0.121498 0.143221
v 0.047228 0.407901 0.010508
v 0.042816 0.461427 0.003924
v 0.045425 0.471659 0.022978
v 0.066497 0.191201 0.141640
v 0.024214 0.190867 0.154701
v 0.041251 0.236575 0.138576
v 0.078347 -0.274850 0.276305
v 0.018034 -0.302813 0.280020
v 0.021099 -0.255304 0.287205
v 0.031439 0.158262 0.151130
v 0.050962 0.475851 0.001276
v 0.039414 0.454210 -0.012210
v 0.080672 -0.372908 0.232761
v 0.037971 -0.384977 0.234527
v 0.015437 -0.346765 0.261830
v 0.058026 -0.331648 0.264689
v 0.074227 0.140423 0.132047
v 0.063654 0.263966 0.115088
v 0.074854 0.287581 0.089787
v 0.061015 0.371499 0.013855
v 0.076684 0.331557 0.034206
v 0.074293 -0.213112 0.278204
v 0.091772 -0.157960 0.261808
v 0.049456 -0.174073 0.278106
v 0.048803 -0.113702 0.257610
v 0.085811 0.086887 0.087319
v 0.086123 0.047039 0.078894
v 0.057813 0.030960 0.116499
v 0.093608 0.224941 0.116109
v 0.096300 0.295474 0.055183
v 0.108257 -0.330003 0.250016
v 0.098745 -0.093601 0.232299
v 0.105802 0.027100 0.084891
v 0.101886 0.117024 0.099632
v 0.103943 0.181205 0.118691
v 0.091401 0.006575 0.134120
v 0.097132 0.066583 0.056526
v 0.104554 0.044405 0.050301
v 0.103336 0.305183 0.005557
v 0.132157 -0.366627 0.214198
v 0.122559 -0.400651 0.187573
v 0.112195 -0.288915 0.263425
v 0.125628 -0.045837 0.178906
v 0.076242 -0.040263 0.198984
v 0.120671 0.087427 0.022533
v 0.120550 0.147657 0.095238
v 0.113264 0.255605 0.076570
v 0.126791 -0.238915 0.260467
v 0.129732 -0.194471 0.256440
v 0.111620 0.057781 0.017793
v 0.116714 0.042031 0.010742
v 0.128951 0.117638 0.058538
v 0.142203 0.006360 0.077824
v 0.126624 0.257285 0.047915
v 0.156423 -0.315553 0.230593
v 0.126869 0.211516 0.086806
v 0.144579 -0.132514 0.228905
v 0.137893 0.180793 0.077962
v 0.143060 -0.023960 0.136096
v 0.160252 0.006645 0.022524
v 0.141687 0.117137 -0.009366
v 0.117183 0.079790 -0.014057
v 0.169691 -0.264232 0.234819
v 0.151110 -0.091008 0.201795
v 0.148325 0.167178 0.047506
v 0.143983 0.216427 0.047694
v 0.145987 0.231211 0.007451
v 0.145865 0.134595 0.033688
v 0.153234 0.152560 -0.014088
v 0.193363 -0.216846 0.216065
v 0.167517 -0.168815 0.227334
v 0.157757 0.182701 0.005346
v 0.178939 -0.075201 0.163483
v 0.177394 -0.391762 0.150152
v 0.190687 -0.031550 0.072749
v 0.191492 -0.140940 0.195367
v 0.190127 -0.344413 0.186707
v 0.206594 -0.114895 0.164040
v 0.204390 -0.072868 0.125592
v 0.205624 -0.179803 0.198145
v 0.211612 -0.287389 0.193882
v 0.226906 -0.360838 0.116079
v 0.222068 -0.325996 0.163081
v 0.229485 -0.211028 0.176796
v 0.236388 -0.169690 0.153148
v 0.222002 -0.065953 0.076770
v 0.243091 -0.274572 0.153912
v 0.238095 -0.131835 0.126508
v 0.240730 -0.100275 0.086784
v 0.251755 -0.313771 0.118644
v 0.245196 -0.085637 0.039594
v 0.260589 -0.225617 0.125826
v 0.258786 -0.173724 0.113430
v 0.260349 -0.137382 0.071802
v 0.267200 -0.320870 0.060688
v 0.227360 -0.385122 0.064230
v 0.254111 -0.359430 0.010735
v 0.269603 -0.273772 0.101049
v 0.278754 -0.190586 0.056592
v 0.278202 -0.311088 0.000904
v 0.274274 -0.222155 0.088928
v 0.283043 -0.269979 0.046044
v 0.287012 -0.274379 -0.001270
v 0.288407 -0.231172 0.003345
v -0.184059 -0.429926 0.128989
v -0.141040 -0.442102 0.156734
v -0.178770 -0.408176 0.169224
v -0.163998 -0.458920 0.091886
v -0.195986 -0.450197 0.043955
v -0.136521 -0.480357 0.061434
v -0.183942 -0.462222 -0.010816
v -0.146238 -0.389840 0.215838
v -0.161007 -0.464293 -0.080413
v -0.140378 -0.484756 -0.010413
v -0.111960 -0.469312 0.129445
v -0.119598 -0.484501 -0.073014
v -0.100729 -0.495410 0.017254
v -0.095933 -0.477590 -0.122058
v -0.141754 -0.449022 -0.143327
v -0.074042 -0.498983 -0.031342
v -0.093261 -0.443491 0.187345
v -0.082460 -0.450691 -0.181557
v -0.125932 -0.430091 -0.186280
v -0.121864 -0.366768 0.248495
v -0.079730 -0.394490 0.245582
v -0.065692 -0.494921 0.080321
v -0.086901 -0.417639 -0.221009
v -0.065168 -0.490526 -0.103401
v -0.059459 -0.480046 0.137477
v -0.064478 -0.427753 0.218431
v -0.017095 -0.500918 0.015305
v -0.007437 -0.498888 -0.077313
v -0.045569 -0.469751 -0.164512
v -0.044695 -0.456895 0.186099
v -0.025028 -0.419942 0.234936
v -0.035536 -0.437419 -0.214372
v -0.044496 -0.400273 -0.249120
v -0.070007 -0.361833 0.270606
v -0.016529 -0.375951 0.270988
v -0.000626 -0.500632 0.060011
v -0.010555 -0.494242 0.109081
v -0.009881 -0.474508 0.162734
v -0.016208 -0.487037 -0.133868
v 0.006610 -0.470216 -0.170672
v 0.001787 -0.411124 -0.244508
v 0.000026 -0.450146 0.201567
v 0.024078 -0.442392 -0.210243
v -0.012944 -0.374606 -0.271149
v 0.031054 -0.484306 -0.137221
v 0.052352 -0.479737 0.141310
v 0.022518 -0.395149 0.256795
v 0.048063 -0.495943 0.086162
v 0.036578 -0.433994 0.218158
v 0.054274 -0.459908 0.178952
v 0.030545 -0.378917 -0.267141
v 0.053218 -0.493298 -0.097247
v 0.047065 -0.500543 -0.026966
v 0.054896 -0.344945 0.283649
v 0.067090 -0.500269 0.020841
v 0.060520 -0.459551 -0.177899
v 0.057104 -0.400725 -0.246397
v 0.069608 -0.427196 -0.217378
v 0.071001 -0.397109 0.245536
v 0.097015 -0.471696 -0.134068
v 0.101998 -0.492646 -0.049359
v 0.096872 -0.431822 0.200521
v 0.101984 -0.485276 0.093376
v 0.111239 -0.458952 0.152372
v 0.116895 -0.406064 -0.217932
v 0.114113 -0.491629 0.038544
v 0.103595 -0.484388 -0.094297
v 0.107244 -0.444404 -0.178560
v 0.112808 -0.333566 0.270507
v 0.136805 -0.379316 0.231139
v 0.152043 -0.469654 -0.078288
v 0.149688 -0.465464 0.097092
v 0.149171 -0.432763 -0.163833
v 0.160650 -0.475905 -0.005021
v 0.158580 -0.452162 -0.117398
v 0.165168 -0.435036 0.144091
v 0.160004 -0.405153 0.190278
v 0.159254 -0.473502 0.046163
v 0.188851 -0.449718 0.071405
v 0.180500 -0.399431 -0.178059
v 0.203572 -0.447337 -0.029743
v 0.187907 -0.367490 0.202284
v 0.193546 -0.439935 -0.089696
v 0.199844 -0.414308 -0.134682
v 0.203028 -0.397671 0.153545
v 0.205672 -0.446387 0.023205
v 0.215415 -0.418203 0.099223
v 0.226577 -0.362208 0.162343
v 0.230475 -0.418441 -0.055472
v 0.237434 -0.393206 -0.101553
v 0.244734 -0.412141 0.003419
v 0.252299 -0.397856 0.042426
v 0.241556 -0.371305 0.127209
v 0.258611 -0.371090 0.087095
v 0.265019 -0.380644 -0.042936
v 0.282402 -0.356974 -0.011351
v 0.281190 -0.352235 0.042623
v 0.033858 0.159392 -0.172435
v -0.002459 0.127921 -0.169194
v -0.012146 0.175665 -0.177666
v 0.030656 0.108826 -0.156540
v -0.008553 0.096874 -0.153510
v 0.024956 0.206505 -0.174798
v -0.012138 0.218290 -0.174422
v 0.030545 -0.378917 -0.267141
v -0.012944 -0.374606 -0.271149
v 0.015537 -0.334710 -0.291965
v 0.010705 -0.273232 -0.308900
v -0.027475 -0.311471 -0.299540
v 0.051913 -0.031115 -0.227318
v -0.013172 -0.038191 -0.240279
v 0.011648 -0.009639 -0.211828
v 0.009858 0.081177 -0.141685
v 0.023602 -0.074830 -0.266916
v 0.037744 0.246834 -0.160865
v -0.000245 0.276219 -0.149796
v 0.011140 0.313341 -0.121968
v 0.031656 0.285275 -0.139771
v 0.041948 0.365212 -0.076583
v 0.007396 0.352196 -0.095272
v -0.001348 0.397034 -0.076148
v 0.013032 0.494876 -0.059417
v 0.029891 0.476740 -0.058237
v -0.001225 0.481429 -0.064154
v 0.056365 -0.352049 -0.278590
v 0.039720 0.078142 -0.136178
v 0.008425 0.064960 -0.149682
v 0.045215 0.410587 -0.055285
v 0.016235 0.444459 -0.064448
v 0.055615 -0.259697 -0.305256
v 0.009777 -0.214619 -0.310796
v 0.081766 -0.114984 -0.274882
v -0.020883 -0.132118 -0.293155
v 0.041088 0.042907 -0.140898
v 0.020539 0.023080 -0.165046
v 0.003630 0.041381 -0.145687
v 0.048334 0.320309 -0.106088
v 0.057104 -0.400725 -0.246397
v 0.001787 -0.411124 -0.244508
v 0.045843 0.067138 -0.142737
v 0.061989 0.130845 -0.157136
v 0.052864 0.460461 -0.038713
v 0.039939 0.492015 -0.047121
v 0.053444 -0.308948 -0.296398
v 0.024272 -0.167884 -0.303472
v 0.064337 -0.178167 -0.299537
v 0.061777 0.206825 -0.164221
v 0.082764 -0.069404 -0.250182
v 0.085655 -0.003859 -0.184703
v 0.070165 0.056037 -0.133610
v 0.083630 0.238295 -0.145031
v 0.090252 0.271839 -0.120157
v 0.082193 0.315505 -0.086697
v 0.056804 0.494195 -0.020161
v 0.090642 0.027776 -0.129535
v 0.081081 0.039603 -0.118329
v 0.081140 0.070104 -0.122778
v 0.071981 0.092047 -0.131482
v 0.072421 0.171783 -0.161351
v 0.070037 0.405362 -0.020373
v 0.088684 -0.284708 -0.293671
v 0.070645 0.364876 -0.051867
v 0.066290 0.450336 -0.009892
v 0.109436 -0.314938 -0.277727
v 0.080755 0.081205 -0.116310
v 0.107452 -0.358036 -0.259500
v 0.105305 -0.222807 -0.292438
v 0.104231 -0.174822 -0.286936
v 0.103156 0.050164 -0.107860
v 0.093094 0.134351 -0.141878
v 0.087788 0.365093 -0.009914
v 0.109589 0.096268 -0.105575
v 0.102385 0.191850 -0.144175
v 0.119760 0.305048 -0.045908
v 0.118620 -0.256602 -0.287194
v 0.116895 -0.406064 -0.217932
v 0.117928 -0.046091 -0.216850
v 0.111746 0.079455 -0.086469
v 0.112436 0.327573 -0.008895
v 0.130516 -0.019462 -0.178521
v 0.115687 0.066514 -0.095739
v 0.124585 0.267089 -0.090429
v 0.116930 0.039924 -0.084743
v 0.121221 0.145028 -0.123047
v 0.122652 0.228018 -0.119760
v 0.134975 -0.100947 -0.244999
v 0.150588 0.023240 -0.068765
v 0.139434 0.186932 -0.108694
v 0.152669 -0.213175 -0.269671
v 0.137066 -0.147638 -0.264762
v 0.131463 0.049161 -0.072867
v 0.133687 0.101034 -0.079623
v 0.152103 -0.283141 -0.267223
v 0.138909 0.065515 -0.058926
v 0.142946 0.286985 -0.009004
v 0.150922 0.237403 -0.074250
v 0.155143 0.000985 -0.121290
v 0.140821 0.037481 -0.042967
v 0.151655 0.144627 -0.082866
v 0.164627 -0.361852 -0.225350
v 0.160908 -0.065570 -0.204205
v 0.138370 0.079221 -0.038761
v 0.148138 0.049879 -0.033927
v 0.151228 0.064691 -0.015666
v 0.152764 0.095059 -0.014447
v 0.143412 0.078746 -0.000740
v 0.155656 0.119431 -0.055903
v 0.166915 -0.127313 -0.238363
v 0.175871 -0.043284 -0.168511
v 0.162508 0.250579 -0.027418
v 0.168797 -0.318717 -0.246613
v 0.191258 -0.182933 -0.239388
v 0.164466 0.192607 -0.066620
v 0.180500 -0.399431 -0.178059
v 0.194634 -0.031189 -0.127780
v 0.162787 0.024613 -0.019606
v 0.168680 0.127621 -0.015184
v 0.171523 0.219053 -0.032398
v 0.167374 0.155255 -0.053690
v 0.192995 -0.106306 -0.205472
v 0.176183 0.169500 -0.024427
v 0.195607 -0.328091 -0.220482
v 0.207729 -0.271130 -0.229526
v 0.198733 -0.224800 -0.239738
v 0.205313 -0.363451 -0.188029
v 0.212883 -0.146045 -0.207349
v 0.203019 -0.014631 -0.072809
v 0.217214 -0.076321 -0.154518
v 0.217299 -0.016600 -0.024903
v 0.199844 -0.414308 -0.134682
v 0.234543 -0.362882 -0.149788
v 0.221973 -0.298260 -0.209431
v 0.228780 -0.226634 -0.210819
v 0.237434 -0.393206 -0.101553
v 0.244378 -0.319784 -0.171174
v 0.237352 -0.185829 -0.194232
v 0.241464 -0.140835 -0.169891
v 0.236382 -0.047048 -0.072279
v 0.255603 -0.262877 -0.176683
v 0.243632 -0.071477 -0.102828
v 0.246611 -0.100225 -0.130945
v 0.258735 -0.066447 -0.043758
v 0.259161 -0.205671 -0.169124
v 0.278142 -0.297019 -0.123984
v 0.272579 -0.166923 -0.132065
v 0.273410 -0.131399 -0.104625
v 0.265019 -0.380644 -0.042936
v 0.273970 -0.343268 -0.091895
v 0.272256 -0.100652 -0.068134
v 0.280318 -0.246888 -0.134849
v 0.288424 -0.207797 -0.114413
v 0.282402 -0.356974 -0.011351
v 0.294920 -0.316189 -0.051594
v 0.291945 -0.137952 -0.050019
v 0.296948 -0.184711 -0.077570
v 0.299214 -0.261334 -0.081412
v 0.301690 -0.309765 -0.004926
v 0.309075 -0.266800 -0.019617
v 0.308158 -0.243012 -0.045997
v 0.310522 -0.203394 -0.009126
v 0.039515 0.323009 0.108406
v -0.000345 0.350794 0.098366
v -0.006897 0.308089 0.127805
v 0.029085 0.273438 0.147896
v 0.048614 0.071610 0.139283
v 0.000167 0.069500 0.150411
v 0.035735 0.056637 0.150294
v -0.007189 0.079940 0.144187
v 0.023410 0.378774 0.080070
v -0.005101 0.491128 0.063242
v 0.023831 0.432583 0.065003
v 0.041291 0.473657 0.051285
v 0.045889 0.172738 0.171011
v 0.001708 0.186422 0.178163
v 0.022339 0.144605 0.173421
v 0.019901 0.498182 0.053923
v 0.028711 0.223184 0.170799
v 0.069088 -0.304906 0.294433
v 0.006814 -0.312498 0.301688
v 0.054896 -0.344945 0.283649
v 0.032470 -0.267354 0.308493
v 0.071155 0.240212 0.150768
v 0.059688 0.388763 0.050653
v 0.062108 0.122369 0.156026
v 0.014296 0.104002 0.158581
v 0.070779 0.335733 0.078435
v 0.048980 0.496224 0.034032
v 0.081341 -0.252035 0.299857
v 0.053037 -0.207814 0.305614
v 0.070447 0.025171 0.146500
v 0.014309 0.026825 0.158499
v 0.018652 -0.001739 0.200523
v 0.061476 0.040384 0.135589
v 0.011684 0.040699 0.148291
v 0.049070 0.427446 0.048672
v 0.065795 0.095121 0.139262
v 0.066330 0.211081 0.161909
v 0.063403 0.439622 0.022804
v 0.097151 -0.006833 0.182452
v 0.062836 0.480200 0.019171
v 0.077464 0.075941 0.120031
v 0.089364 -0.087106 0.258048
v 0.036167 -0.086086 0.271560
v 0.046805 -0.149971 0.295613
v 0.050046 -0.044988 0.241603
v 0.090729 0.175860 0.151283
v 0.076100 0.279355 0.124897
v 0.059363 0.497427 0.006660
v 0.073407 0.400935 0.019032
v 0.066290 0.450336 -0.009892
v 0.056804 0.494195 -0.020161
v 0.083746 0.053928 0.128856
v 0.096241 -0.179116 0.289762
v 0.102681 0.036168 0.104918
v 0.095225 0.128558 0.138726
v 0.096482 0.338463 0.038821
v 0.070037 0.405362 -0.020373
v 0.111078 -0.137786 0.272909
v 0.100655 0.282724 0.102671
v 0.087788 0.365093 -0.009914
v 0.112808 -0.333566 0.270507
v 0.114919 -0.053946 0.224390
v 0.105963 0.092590 0.107629
v 0.103208 0.210357 0.140710
v 0.118873 -0.282055 0.283808
v 0.104149 0.062415 0.110100
v 0.115164 0.026067 0.111147
v 0.112382 0.296408 0.071871
v 0.118001 0.049660 0.094970
v 0.121740 0.246567 0.108635
v 0.112436 0.327573 -0.008895
v 0.114799 0.077204 0.083305
v 0.137723 0.289040 0.024449
v 0.140154 -0.183754 0.272394
v 0.124668 0.169896 0.125055
v 0.126846 -0.232779 0.284340
v 0.145103 -0.006495 0.146664
v 0.133879 0.064930 0.070316
v 0.129278 0.135241 0.111323
v 0.140354 0.105332 0.072383
v 0.137512 0.198451 0.110346
v 0.145016 -0.039305 0.192003
v 0.132981 0.037688 0.061528
v 0.142946 0.286985 -0.009004
v 0.163664 -0.327666 0.244665
v 0.136805 -0.379316 0.231139
v 0.152486 0.023398 0.061253
v 0.134861 0.078092 0.044204
v 0.143616 0.261559 0.064769
v 0.172990 -0.226779 0.258053
v 0.151897 -0.102936 0.236629
v 0.151526 0.008651 0.108229
v 0.145962 0.060107 0.038724
v 0.149115 0.094433 0.032306
v 0.150542 0.174263 0.092972
v 0.152420 0.227325 0.077126
v 0.143412 0.078746 -0.000740
v 0.169896 -0.167897 0.251743
v 0.183498 -0.084783 0.200596
v 0.147716 0.037471 0.021027
v 0.152764 0.095059 -0.014447
v 0.140821 0.037481 -0.042967
v 0.148138 0.049879 -0.033927
v 0.161661 0.150461 0.066285
v 0.161478 0.249136 0.027452
v 0.172066 -0.271395 0.258303
v 0.162787 0.024613 -0.019606
v 0.151228 0.064691 -0.015666
v 0.162508 0.250579 -0.027418
v 0.167544 0.201868 0.055264
v 0.187907 -0.367490 0.202284
v 0.182561 -0.046471 0.164691
v 0.196415 0.000444 0.021343
v 0.168381 0.129384 0.024117
v 0.199529 -0.126576 0.211122
v 0.189720 -0.022304 0.118373
v 0.168680 0.127621 -0.015184
v 0.175754 0.164171 0.021738
v 0.176617 0.206625 0.010573
v 0.171523 0.219053 -0.032398
v 0.176183 0.169500 -0.024427
v 0.209947 -0.174268 0.221720
v 0.195112 -0.009130 0.076782
v 0.208945 -0.331175 0.206249
v 0.208814 -0.280767 0.227140
v 0.217299 -0.016600 -0.024903
v 0.221631 -0.024264 0.047260
v 0.224077 -0.065258 0.131277
v 0.221228 -0.212257 0.219037
v 0.218722 -0.036772 0.094116
v 0.222918 -0.095777 0.165417
v 0.226577 -0.362208 0.162343
v 0.243441 -0.040924 0.002347
v 0.240119 -0.251089 0.198535
v 0.245214 -0.058356 0.074311
v 0.250955 -0.282923 0.179195
v 0.249133 -0.178794 0.178525
v 0.246621 -0.125319 0.153430
v 0.253398 -0.318378 0.157638
v 0.258735 -0.066447 -0.043758
v 0.277779 -0.170224 0.123728
v 0.257590 -0.099304 0.110786
v 0.272715 -0.083211 0.001364
v 0.241556 -0.371305 0.127209
v 0.273090 -0.321608 0.117568
v 0.272552 -0.231028 0.151113
v 0.267437 -0.084209 0.054539
v 0.258611 -0.371090 0.087095
v 0.283434 -0.273443 0.124979
v 0.283424 -0.121617 0.061309
v 0.272256 -0.100652 -0.068134
v 0.281190 -0.352235 0.042623
v 0.295497 -0.304154 0.065114
v 0.295392 -0.212081 0.097285
v 0.291945 -0.137952 -0.050019
v 0.282402 -0.356974 -0.011351
v 0.301690 -0.309765 -0.004926
v 0.303063 -0.158904 0.007653
v 0.303173 -0.264721 0.067249
v 0.300947 -0.181695 0.064849
v 0.296948 -0.184711 -0.077570
v 0.307261 -0.281797 0.018549
v 0.308807 -0.220234 0.037597
v 0.310522 -0.203394 -0.009126
v 0.309075 -0.266800 -0.019617
v 0.308158 -0.243012 -0.045997
vn 0.2027 0.9791 0.0178
vn -0.4000 0.9143 -0.0634
vn -0.5972 0.7541 0.2733
vn -0.1388 0.9619 0.2357
vn -0.5220 0.3178 0.7916
vn 0.0218 0.9987 0.0453
vn -0.7591 0.3913 -0.5202
vn 0.3185 0.8239 -0.4687
vn -0.1461 0.8718 -0.4675
vn 0.9090 -0.2910 0.2984
vn 0.3258 0.2709 0.9058
vn 0.0659 0.2740 0.9595
vn 0.1868 0.8732 0.4502
vn 0.0968 0.9943 -0.0453
vn 0.1746 0.6661 -0.7251
vn -0.2735 0.6682 -0.6919
vn -0.2186 0.0381 0.9751
vn 0.6168 0.5019 -0.6063
vn -0.3139 0.9487 -0.0371
vn -0.0864 0.9949 0.0523
vn -0.7908 -0.3602 0.4948
vn 0.5725 0.6723 0.4694
vn 0.8529 0.4267 -0.3010
vn 0.5663 0.8212 0.0702
vn -0.1587 -0.5928 0.7896
vn 0.1568 0.1629 0.9741
vn -0.2217 0.1902 0.9564
vn -0.2187 0.0382 0.9750
vn -0.7908 -0.3603 0.4948
vn -0.6196 0.1636 0.7677
vn -0.5401 -0.2189 0.8126
vn -0.7280 -0.1442 0.6702
vn -0.3467 -0.5349 0.7705
vn -0.1479 -0.5634 0.8128
vn -0.5018 -0.5632 0.6566
vn -0.6575 -0.3892 0.6451
vn -0.1525 -0.3911 0.9077
vn -0.9527 -0.0395 0.3013
vn -0.7845 -0.6021 0.1483
vn -0.2833 -0.5103 0.8120
vn -0.6417 -0.5491 0.5355
vn -0.9003 -0.3158 0.2994
vn -0.9199 0.3593 -0.1572
vn -0.8829 -0.0782 -0.4630
vn -0.9123 -0.2822 -0.2968
vn -0.4729 0.4827 0.7371
vn -0.2130 0.4574 0.8634
vn -0.4511 0.1092 0.8858
vn -0.9718 -0.2170 0.0926
vn -0.6437 -0.5409 -0.5414
vn -0.8892 -0.4214 -0.1780
vn -0.5014 -0.6245 0.5989
vn -0.2919 -0.4959 0.8178
vn -0.2261 -0.7874 0.5735
vn -0.2795 0.4333 0.8568
vn -0.4260 -0.3818 0.8202
vn -0.2326 -0.3142 0.9204
vn -0.3659 -0.0896 0.9263
vn -0.8372 -0.5194 0.1713
vn -0.7337 0.2428 0.6346
vn -0.2788 0.2295 0.9325
vn -0.5737 0.0677 0.8163
vn -0.2529 -0.7146 0.6522
vn -0.3552 -0.7794 0.5161
vn -0.5439 0.3734 0.7515
vn -0.6068 -0.2147 0.7653
vn -0.7280 -0.5858 0.3561
vn -0.7580 -0.5498 -0.3509
vn -0.6172 -0.4519 0.6441
vn -0.8226 -0.2612 0.5051
vn -0.6414 0.5042 0.5783
vn -0.3154 -0.5964 0.7381
vn -0.4452 -0.6907 0.5699
vn -0.8259 -0.5608 -0.0581
vn -0.4751 -0.7693 0.4273
vn -0.6027 -0.7339 0.3132
vn -0.7256 -0.5097 0.4624
vn -0.8705 0.2991 0.3907
vn -0.8025 0.4994 0.3266
vn -0.9599 -0.1738 0.2199
vn -0.7176 0.4884 0.4965
vn -0.8559 -0.4783 0.1968
vn -0.7159 -0.6857 0.1318
vn -0.8911 0.4395 0.1131
vn -0.7421 0.2553 0.6198
vn -0.4543 -0.4039 0.7940
vn -0.3236 -0.3830 0.8653
vn -0.3271 -0.2384 0.9144
vn -0.9819 0.0938 -0.1644
vn -0.6898 -0.7171 -0.0998
vn -0.8456 0.4738 -0.2460
vn -0.8315 -0.2987 0.4685
vn -0.3392 0.1042 0.9349
vn -0.3111 0.3267 0.8924
vn -0.4732 0.3274 0.8178
vn -0.4802 -0.5986 0.6412
vn -0.5637 -0.7845 0.2585
vn -0.8395 0.0050 0.5434
vn -0.6242 -0.7745 0.1025
vn -0.6477 -0.7556 -0.0981
vn -0.3532 0.4908 0.7964
vn -0.4952 -0.2422 0.8343
vn -0.8924 0.4442 0.0798
vn -0.9009 0.2729 0.3376
vn -0.9284 -0.3714 -0.0155
vn -0.8458 -0.4695 -0.2535
vn -0.4378 -0.0737 0.8961
vn -0.5351 0.0624 0.8425
vn -0.9646 -0.0510 0.2588
vn -0.9235 -0.3106 0.2250
vn -0.4644 0.5519 0.6926
vn -0.9773 0.2019 0.0647
vn -0.6032 0.2091 0.7697
vn -0.6029 -0.1187 0.7890
vn -0.6511 -0.3088 0.6933
vn -0.9953 -0.0813 -0.0523
vn -0.6127 0.4810 0.6271
vn -0.5775 -0.7023 0.4163
vn -0.5377 0.6710 0.5105
vn -0.5957 -0.4804 0.6437
vn -0.6231 -0.7373 0.2609
vn -0.6543 -0.5961 0.4653
vn -0.6584 0.6326 0.4078
vn -0.7155 0.0144 0.6985
vn -0.7280 -0.1681 0.6646
vn -0.7168 -0.6918 0.0875
vn -0.7221 0.2429 0.6477
vn -0.7347 -0.3761 0.5646
vn -0.7203 -0.6308 0.2884
vn -0.7483 0.4241 0.5101
vn -0.7205 -0.6872 -0.0931
vn -0.6451 -0.7112 -0.2794
vn -0.8032 -0.2644 0.5338
vn -0.8107 0.4783 0.3378
vn -0.8039 -0.4236 0.4175
vn -0.8148 -0.5765 0.0610
vn -0.8399 0.1394 0.5246
vn -0.8136 -0.5239 0.2523
vn -0.7522 -0.6070 -0.2564
vn -0.7907 0.5893 0.1657
vn -0.8344 -0.0410 0.5497
vn -0.8610 -0.4891 -0.1397
vn -0.8909 -0.3040 0.3375
vn -0.9040 -0.4129 0.1106
vn -0.9085 0.2319 0.3476
vn -0.8886 0.4250 0.1725
vn -0.9061 -0.1634 0.3902
vn -0.9265 -0.3737 -0.0438
vn -0.9355 0.0358 0.3516
vn -0.9283 -0.3164 0.1952
vn -0.8402 0.5420 -0.0198
vn -0.9278 -0.3157 -0.1987
vn -0.9702 -0.1510 0.1896
vn -0.9692 -0.2462 0.0005
vn -0.9390 0.3434 -0.0202
vn -0.9598 0.2162 0.1788
vn -0.9744 -0.1590 -0.1592
vn -0.9805 0.0340 0.1934
vn -0.9925 0.1207 0.0181
vn -0.9970 -0.0769 -0.0073
vn -0.9993 -0.0327 0.0203
vn -0.9818 -0.0897 -0.1674
vn -0.9762 -0.2167 -0.0083
vn -0.9549 -0.2148 0.2049
vn -0.9863 -0.0076 0.1649
vn -0.9830 0.1193 -0.1392
vn -0.9862 0.1465 0.0769
vn -0.9546 0.1203 0.2724
vn -0.9230 -0.3797 0.0620
vn -0.9357 -0.2984 -0.1884
vn -0.9450 -0.0602 0.3214
vn -0.9584 0.0468 -0.2815
vn -0.9405 0.2748 0.2000
vn -0.9665 0.2475 -0.0676
vn -0.9370 0.3435 0.0639
vn -0.9343 -0.1213 -0.3351
vn -0.9261 0.3318 -0.1796
vn -0.9396 0.1903 -0.2844
vn -0.8872 -0.3706 0.2750
vn -0.8923 -0.2329 0.3868
vn -0.9082 0.1114 0.4035
vn -0.8795 -0.4623 -0.1128
vn -0.8350 -0.4645 -0.2949
vn -0.8464 -0.5074 0.1617
vn -0.8817 -0.0639 0.4675
vn -0.8899 0.0825 -0.4486
vn -0.8725 -0.3159 -0.3728
vn -0.8851 0.4630 -0.0478
vn -0.8132 -0.5820 0.0075
vn -0.7830 -0.4278 0.4515
vn -0.8424 -0.1209 -0.5251
vn -0.7454 -0.6467 -0.1620
vn -0.7947 -0.2989 -0.5283
vn -0.7598 -0.5776 0.2985
vn -0.7336 -0.5080 -0.4514
vn -0.7314 -0.6647 0.1526
vn -0.7905 -0.2372 0.5646
vn -0.6826 -0.7301 -0.0308
vn -0.6915 -0.6322 -0.3495
vn -0.6803 -0.2073 -0.7030
vn -0.6423 -0.4450 0.6240
vn -0.6353 -0.7225 0.2728
vn -0.6743 -0.6262 0.3913
vn -0.6693 -0.5272 0.5235
vn -0.6770 -0.3767 -0.6323
vn -0.5722 -0.8096 0.1307
vn -0.6262 -0.7603 -0.1731
vn -0.5855 -0.5281 -0.6150
vn -0.5230 -0.8522 -0.0178
vn -0.5637 -0.6474 -0.5129
vn -0.5473 -0.7545 -0.3622
vn -0.5490 -0.6280 0.5516
vn -0.5446 -0.7460 0.3833
vn -0.4761 -0.8299 0.2908
vn -0.4459 -0.6136 0.6516
vn -0.4472 -0.8620 -0.2385
vn -0.4134 -0.8084 -0.4191
vn -0.4366 -0.5749 -0.6920
vn -0.4014 -0.7115 -0.5768
vn -0.2774 -0.6824 -0.6763
vn -0.9396 0.1903 -0.2845
vn -0.8899 0.0826 -0.4486
vn -0.9584 0.0468 -0.2816
vn -0.8595 0.2294 -0.4569
vn -0.8663 0.3343 -0.3712
vn -0.8548 0.4712 -0.2174
vn -0.8850 0.4631 -0.0478
vn -0.8238 0.4455 -0.3506
vn -0.7812 0.6126 -0.1200
vn -0.8134 0.0712 -0.5773
vn -0.8424 -0.1208 -0.5251
vn -0.7793 0.2335 -0.5815
vn -0.7827 0.3713 -0.4995
vn -0.7607 0.5798 -0.2917
vn -0.7512 0.6531 0.0960
vn -0.6917 -0.0516 -0.7203
vn -0.6802 -0.2073 -0.7031
vn -0.6489 0.7562 -0.0841
vn -0.7036 0.1158 -0.7011
vn -0.6955 0.5461 -0.4670
vn -0.6619 0.4347 -0.6107
vn -0.6725 0.7066 -0.2200
vn -0.6161 0.6859 -0.3873
vn -0.6551 0.2521 -0.7123
vn -0.5620 0.6299 -0.5360
vn -0.5268 -0.3399 -0.7791
vn -0.6770 -0.3768 -0.6323
vn -0.5434 -0.1291 -0.8295
vn -0.5855 -0.5281 -0.6151
vn -0.5526 0.0877 -0.8288
vn -0.5597 0.7933 -0.2396
vn -0.5558 0.3989 -0.7294
vn -0.5165 0.2691 -0.8129
vn -0.5606 0.8274 0.0337
vn -0.5829 0.8065 -0.0990
vn -0.9894 0.0507 -0.1360
vn -0.9592 -0.2427 -0.1453
vn -0.9705 -0.2112 0.1161
vn -0.9108 -0.2486 -0.3296
vn -0.9016 0.0602 -0.4284
vn -0.9257 0.2557 -0.2786
vn -0.5019 0.5189 -0.6919
vn -0.4915 0.7671 -0.4122
vn -0.9277 0.3730 -0.0177
vn -0.9615 0.2535 0.1064
vn -0.9013 -0.4276 -0.0693
vn -0.7992 0.3667 -0.4762
vn -0.4244 0.6844 -0.5928
vn -0.4877 0.8109 -0.3233
vn -0.8324 0.5159 -0.2026
vn -0.4051 0.2217 -0.8870
vn -0.8051 -0.1310 -0.5785
vn -0.8130 -0.4781 -0.3322
vn -0.3911 -0.1913 -0.9002
vn -0.3997 0.4145 -0.8176
vn -0.3716 0.7897 -0.4881
vn -0.7760 -0.3562 -0.5205
vn -0.8177 0.5614 0.1272
vn -0.3959 0.0359 -0.9176
vn -0.8550 0.3511 -0.3817
vn -0.9805 0.1650 -0.1068
vn -0.9984 0.0532 0.0175
vn -0.9626 0.1299 -0.2376
vn -0.9901 -0.1088 0.0889
vn -0.7152 0.0895 -0.6932
vn -0.9472 -0.2297 -0.2235
vn -0.3591 -0.3969 -0.8447
vn -0.8111 -0.2209 -0.5416
vn -0.7813 0.3736 -0.5000
vn -0.6656 0.3840 -0.6400
vn -0.7358 0.5579 -0.3839
vn -0.8149 0.5787 -0.0332
vn -0.8525 -0.1217 -0.5084
vn -0.6453 -0.2270 -0.7295
vn -0.7876 0.5547 -0.2682
vn -0.3530 0.5856 -0.7297
vn -0.6238 -0.5144 -0.5885
vn -0.6202 0.5364 -0.5724
vn -0.6910 0.2775 -0.6675
vn -0.6831 0.1462 -0.7156
vn -0.3741 0.7908 -0.4844
vn -0.5265 -0.0963 -0.8447
vn -0.6630 -0.1607 -0.7312
vn -0.4726 -0.3748 -0.7976
vn -0.5148 0.2190 -0.8289
vn -0.2436 0.1833 -0.9524
vn -0.2637 0.4962 -0.8272
vn -0.2728 0.7475 -0.6057
vn -0.6368 0.5372 -0.5531
vn -0.2561 -0.5432 -0.7996
vn -0.2389 -0.0055 -0.9710
vn -0.2344 0.3644 -0.9013
vn -0.5144 -0.0173 -0.8574
vn -0.4764 0.2497 -0.8430
vn -0.8664 0.4985 -0.0302
vn -0.1921 0.8073 -0.5580
vn -0.4621 0.4942 -0.7364
vn -0.2269 -0.2171 -0.9494
vn -0.4555 0.5802 -0.6752
vn -0.8195 0.3668 -0.4403
vn -0.9653 0.2600 -0.0227
vn -0.1965 -0.4143 -0.8887
vn -0.1943 0.6521 -0.7328
vn -0.3416 0.5284 -0.7772
vn -0.4083 -0.4544 -0.7917
vn -0.3114 0.0912 -0.9459
vn -0.1467 -0.6373 -0.7565
vn -0.3029 -0.2000 -0.9318
vn -0.9137 0.1519 -0.3770
vn -0.2627 -0.4221 -0.8677
vn -0.2702 0.5601 -0.7831
vn -0.9828 0.1308 0.1303
vn -0.3531 0.4905 -0.7967
vn -0.2518 0.2858 -0.9246
vn -0.1942 -0.1736 -0.9655
vn -0.2539 0.4062 -0.8778
vn -0.9774 0.1955 -0.0803
vn -0.7592 0.3913 -0.5201
vn -0.0779 -0.2775 -0.9576
vn -0.1150 0.7806 -0.6143
vn -0.6910 0.1507 -0.7069
vn -0.0171 0.3468 -0.9378
vn -0.5207 0.3071 -0.7966
vn -0.4001 0.9143 -0.0634
vn -0.1032 0.1501 -0.9833
vn -0.1029 -0.0555 -0.9931
vn -0.1127 0.4912 -0.8637
vn -0.2283 -0.2634 -0.9373
vn -0.0154 0.6561 -0.7546
vn -0.1813 0.5858 -0.7899
vn -0.4724 0.1911 -0.8604
vn -0.0721 -0.5029 -0.8613
vn -0.0790 -0.0488 -0.9957
vn -0.0612 0.2714 -0.9605
vn -0.2581 0.1366 -0.9564
vn -0.1462 0.8718 -0.4676
vn -0.0725 0.4939 -0.8665
vn -0.0471 0.5024 -0.8633
vn 0.0335 -0.1545 -0.9874
vn 0.0472 0.0813 -0.9956
vn 0.0282 -0.1607 -0.9866
vn 0.0979 0.7929 -0.6015
vn -0.0393 -0.5112 -0.8585
vn -0.0329 -0.3028 -0.9525
vn 0.0391 0.3043 -0.9518
vn -0.0261 0.1540 -0.9877
vn 0.0411 -0.3708 -0.9278
vn 0.0662 0.0540 -0.9963
vn 0.0642 0.5176 -0.8532
vn 0.0415 0.7655 -0.6420
vn 0.0873 0.5929 -0.8005
vn 0.0749 0.2739 -0.9588
vn 0.3098 0.1083 -0.9446
vn 0.0929 0.4943 -0.8643
vn -0.8931 0.2528 0.3722
vn -0.9405 0.2748 0.2001
vn -0.9082 0.1115 0.4035
vn -0.8672 0.4103 0.2822
vn -0.9370 0.3435 0.0640
vn -0.8620 0.4833 0.1531
vn -0.8850 0.4631 -0.0477
vn -0.8260 0.2270 0.5159
vn -0.8116 0.0211 0.5839
vn -0.8922 -0.2329 0.3869
vn -0.7905 -0.2371 0.5646
vn -0.8182 0.3530 0.4539
vn -0.7529 0.5970 0.2768
vn -0.7284 -0.0229 0.6848
vn -0.7417 0.4943 0.4534
vn -0.7147 0.1977 0.6709
vn -0.6719 -0.2426 0.6998
vn -0.7178 0.3698 0.5900
vn -0.6234 0.7385 0.2569
vn -0.6324 0.7638 0.1292
vn -0.6265 0.3701 0.6860
vn -0.6535 0.6350 0.4119
vn -0.5904 0.5694 0.5721
vn -0.6064 0.0822 0.7909
vn -0.5391 0.2413 0.8070
vn -0.5671 -0.0943 0.8182
vn -0.4983 -0.3523 0.7922
vn -0.5019 0.5176 0.6930
vn -0.5266 0.7292 0.4370
vn -0.5539 0.8111 0.1877
vn -0.9720 0.0587 0.2275
vn -0.9894 0.0507 -0.1359
vn -0.9705 -0.2113 0.1161
vn -0.9614 0.2535 0.1065
vn -0.4815 0.3856 0.7871
vn -0.9592 -0.2427 -0.1452
vn -0.9222 -0.1651 0.3497
vn -0.4683 0.0782 0.8801
vn -0.4533 0.7225 0.5221
vn -0.8780 -0.4124 0.2430
vn -0.8629 0.0719 0.5002
vn -0.4459 -0.6136 0.6517
vn -0.4945 0.8056 0.3262
vn -0.8963 0.2638 0.3566
vn -0.8417 0.4722 0.2618
vn -0.4013 -0.1467 0.9041
vn -0.8117 -0.2286 0.5375
vn -0.5829 0.8065 -0.0989
vn -0.8177 0.5614 0.1273
vn -0.8833 0.3368 0.3262
vn -0.9984 0.0532 0.0176
vn -0.9280 -0.1970 0.3163
vn -0.7609 0.4069 0.5055
vn -0.4074 0.6538 0.6376
vn -0.3860 0.8062 0.4484
vn -0.9258 0.3584 0.1204
vn -0.9805 0.1651 -0.1067
vn -0.8171 -0.0296 0.5758
vn -0.9901 -0.1088 0.0890
vn -0.7807 -0.4321 0.4515
vn -0.3837 -0.4810 0.7883
vn -0.7326 -0.0158 0.6805
vn -0.3698 0.3592 0.8569
vn -0.3450 0.5358 0.7706
vn -0.8962 0.2156 0.3877
vn -0.3335 -0.3245 0.8851
vn -0.3869 0.2094 0.8981
vn -0.7379 0.3629 0.5691
vn -0.8636 -0.2817 0.4182
vn -0.6972 0.2090 0.6857
vn -0.7083 0.5534 0.4382
vn -0.5715 0.7112 0.4094
vn -0.6510 -0.4607 0.6033
vn -0.6568 -0.2418 0.7142
vn -0.2989 0.7966 0.5255
vn -0.7776 0.5739 0.2568
vn -0.6108 0.4129 0.6755
vn -0.5533 0.0471 0.8317
vn -0.2480 -0.1693 0.9538
vn -0.5547 0.4526 0.6981
vn -0.6136 0.2028 0.7631
vn -0.5775 0.5538 0.5998
vn -0.6285 -0.1910 0.7540
vn -0.2205 -0.4661 0.8568
vn -0.3081 0.0327 0.9508
vn -0.4612 -0.4186 0.7823
vn -0.5082 -0.2098 0.8353
vn -0.6912 0.5650 0.4505
vn -0.8664 0.4985 -0.0301
vn -0.2672 0.7105 0.6510
vn -0.2607 -0.6341 0.7280
vn -0.4248 0.4951 0.7579
vn -0.2054 0.6069 0.7678
vn -0.2881 0.7814 0.5536
vn -0.4667 0.2497 0.8484
vn -0.8393 0.3952 0.3733
vn -0.2383 0.3131 0.9193
vn -0.9653 0.2600 -0.0226
vn -0.4485 -0.0591 0.8918
vn -0.1768 0.1396 0.9743
vn -0.1947 0.4463 0.8735
vn -0.4239 0.1723 0.8892
vn -0.4028 0.0084 0.9153
vn -0.2945 -0.2497 0.9224
vn -0.2676 0.0507 0.9622
vn -0.6012 0.4560 0.6562
vn -0.3406 0.5635 0.7526
vn -0.9120 0.1927 0.3621
vn -0.9828 0.1308 0.1304
vn -0.1504 -0.3284 0.9325
vn -0.0596 0.7261 0.6850
vn -0.7113 0.2191 0.6679
vn -0.1550 -0.0175 0.9878
vn -0.1988 -0.3810 0.9030
vn -0.8229 0.0815 0.5623
vn -0.1106 0.8097 0.5763
vn -0.2711 0.3377 0.9014
vn -0.0612 0.2706 0.9608
vn -0.5219 0.3178 0.7915
vn -0.1361 0.5398 0.8307
vn -0.1522 -0.0053 0.9883
vn -0.1624 0.5220 0.8373
vn -0.4331 0.2516 0.8655
vn -0.0731 -0.1332 0.9884
vn -0.1317 -0.2082 0.9692
vn 0.0128 0.0989 0.9950
vn -0.2473 0.4215 0.8725
vn -0.3418 0.1032 0.9341
vn -0.0473 -0.5183 0.8539
vn -0.0060 0.3925 0.9198
vn -0.0250 0.3038 0.9524
vn -0.0183 0.5842 0.8114
vn -0.0054 0.5971 0.8022
vn -0.0352 -0.2920 0.9558
vn -0.0321 0.5306 0.8470
vn 0.0419 -0.3248 0.9449
vn 0.0998 0.7680 0.6326
vn 0.0162 0.0441 0.9989
vn 0.0658 0.2740 0.9595
vn 0.0669 0.7770 0.6259
vn 0.0224 0.4572 0.8891
vn 0.0205 -0.3891 0.9209
vn -0.0654 0.2312 0.9707
vn 0.0745 0.0030 0.9972
vn 0.1821 0.5036 0.8445
vn 0.1248 -0.2214 0.9672
vn 0.3406 0.1724 0.9243
vn 0.2356 0.0013 0.9718
vn 0.3105 0.4092 0.8580
vn 0.1476 0.4478 0.8819
vn 0.2002 0.2467 0.9482
vn 0.1159 -0.0883 0.9893
vn 0.1543 0.2883 0.9450
vn 0.1899 0.6604 0.7265
vn 0.1579 -0.4557 0.8760
vn 0.2945 -0.0262 0.9553
vn 0.1773 0.0898 0.9801
vn 0.9999 -0.0038 -0.0159
vn 0.9893 0.1445 -0.0199
vn 0.9924 0.0088 0.1229
vn 0.9699 0.1382 0.2007
vn 0.9735 -0.0402 -0.2253
vn 0.9873 -0.1579 -0.0172
vn 0.9700 -0.1484 0.1923
vn 0.9291 0.3563 -0.0992
vn 0.9354 0.3414 0.0917
vn 0.9675 0.1591 -0.1965
vn 0.9635 -0.1983 -0.1798
vn 0.9461 -0.3097 0.0946
vn 0.9202 0.0715 -0.3848
vn 0.9454 -0.0184 0.3253
vn 0.9294 -0.2556 0.2662
vn 0.9174 -0.2373 -0.3195
vn 0.9393 -0.3251 -0.1093
vn 0.8987 0.3445 0.2713
vn 0.9025 0.3093 -0.2998
vn 0.9125 0.1672 0.3734
vn 0.9095 -0.0905 -0.4056
vn 0.8996 -0.4364 0.0152
vn 0.8764 0.4799 0.0401
vn 0.9105 -0.1517 0.3846
vn 0.8201 0.5356 0.2016
vn 0.8022 0.4674 0.3716
vn 0.8767 -0.4262 -0.2230
vn 0.8221 0.5619 -0.0920
vn 0.8305 0.5089 -0.2264
vn 0.8707 -0.3101 0.3818
vn 0.8978 -0.3891 0.2064
vn 0.7511 0.6556 0.0779
vn 0.8342 0.2136 -0.5084
vn 0.8818 -0.0028 0.4717
vn 0.8284 0.4004 -0.3916
vn 0.8002 0.3685 0.4731
vn 0.8253 0.1112 0.5537
vn 0.8304 0.0110 -0.5571
vn 0.8180 -0.1890 0.5433
vn 0.8154 -0.2759 -0.5089
vn 0.8453 -0.3910 -0.3640
vn 0.8056 -0.5692 0.1644
vn 0.7273 0.6687 -0.1548
vn 0.8014 -0.4778 0.3598
vn 0.8050 -0.5763 -0.1407
vn 0.7459 0.4293 -0.5092
vn 0.7670 -0.0343 0.6408
vn 0.7963 -0.1490 -0.5863
vn 0.7812 -0.6243 0.0014
vn 0.7358 0.5806 -0.3487
vn 0.7830 -0.3379 0.5222
vn 0.7425 -0.5927 -0.3122
vn 0.6600 0.3735 -0.6519
vn 0.7275 0.1385 -0.6719
vn 0.7623 -0.4477 -0.4673
vn 0.7092 0.6482 0.2772
vn 0.6550 0.5898 0.4723
vn 0.6654 0.4584 0.5891
vn 0.6999 -0.5456 0.4610
vn 0.7016 -0.6568 0.2764
vn 0.6748 0.7376 -0.0227
vn 0.7269 0.1942 0.6587
vn 0.6832 -0.7267 0.0719
vn 0.6682 -0.7234 -0.1739
vn 0.6632 -0.5876 -0.4636
vn 0.6415 0.5782 -0.5042
vn 0.6004 -0.6888 0.4064
vn 0.6382 -0.7644 -0.0920
vn 0.5954 -0.7104 -0.3753
vn 0.6169 -0.7501 0.2383
vn 0.6353 -0.7646 0.1086
vn 0.5818 -0.7626 -0.2829
vn 0.4957 -0.7627 0.4153
vn 0.9805 0.1918 -0.0420
vn 0.9520 0.0462 0.3024
vn 0.9942 -0.0776 0.0751
vn 0.9667 -0.1514 -0.2062
vn 0.9462 0.0643 -0.3170
vn 0.9265 -0.2391 0.2907
vn 0.9255 -0.3788 -0.0015
vn 0.8882 0.4594 -0.0041
vn 0.9286 0.3060 0.2099
vn 0.8870 0.3948 -0.2393
vn 0.8120 -0.2750 -0.5147
vn 0.8630 -0.4277 -0.2688
vn 0.8239 0.4887 0.2871
vn 0.7616 0.3278 0.5590
vn 0.8577 -0.4123 0.3073
vn 0.8348 0.3549 -0.4209
vn 0.8318 0.0614 0.5517
vn 0.8202 -0.2285 0.5245
vn 0.8257 0.1137 -0.5526
vn 0.8468 -0.0847 -0.5251
vn 0.8410 -0.5403 0.0288
vn 0.5532 -0.7703 0.3171
vn 0.7947 -0.5265 -0.3021
vn 0.7885 -0.6095 -0.0826
vn 0.8409 0.4622 -0.2817
vn 0.6852 0.3425 -0.6427
vn 0.8940 0.3226 0.3109
vn 0.7263 0.4854 -0.4866
vn 0.7319 -0.4401 0.5202
vn 0.7166 -0.5628 0.4120
vn 0.6795 -0.6576 -0.3254
vn 0.8283 -0.5227 0.2018
vn 0.9720 0.2346 -0.0151
vn 0.6686 -0.5289 0.5227
vn 0.7288 0.5010 0.4667
vn 0.9453 0.0318 -0.3247
vn 0.8172 -0.5417 -0.1971
vn 0.8130 0.1381 -0.5656
vn 0.8197 -0.5480 0.1664
vn 0.6825 0.3233 0.6555
vn 0.6580 -0.5451 -0.5196
vn 0.6528 -0.5540 0.5167
vn 0.8271 -0.4362 0.3545
vn 0.8931 -0.4183 -0.1652
vn 0.6930 -0.4559 -0.5585
vn 0.9737 -0.2222 -0.0501
vn 0.7708 -0.2360 0.5918
vn 0.9757 0.0858 -0.2017
vn 0.9235 0.0205 0.3830
vn 0.9091 -0.3902 0.1461
vn 0.8647 -0.2050 -0.4585
vn 0.7236 -0.2905 -0.6261
vn 0.6878 -0.1942 0.6995
vn 0.7453 0.0668 -0.6634
vn 0.6349 -0.5964 -0.4911
vn 0.9090 -0.2910 0.2983
vn 0.0218 0.9987 0.0452
vn 0.6957 -0.0496 -0.7167
vn 0.8303 0.0110 -0.5571
vn 0.6789 -0.2401 -0.6938
vn 0.7275 0.1385 -0.6720
vn 0.6726 -0.4162 -0.6119
vn 0.7623 -0.4478 -0.4673
vn 0.5739 0.1267 -0.8091
vn 0.6599 0.3735 -0.6519
vn 0.5337 -0.1113 -0.8383
vn 0.5823 -0.3660 -0.7259
vn 0.5044 0.6128 -0.6084
vn 0.6414 0.5782 -0.5043
vn 0.4795 -0.4731 -0.7391
vn 0.5489 -0.6091 -0.5724
vn 0.5342 0.3930 -0.7485
vn 0.4827 -0.2881 -0.8270
vn 0.4044 -0.7260 -0.5562
vn 0.3580 0.5914 -0.7225
vn 0.4098 0.2047 -0.8889
vn 0.4100 -0.0057 -0.9121
vn 0.4193 -0.6372 -0.6467
vn 0.5817 -0.7626 -0.2830
vn 0.4633 -0.7693 -0.4399
vn 0.3426 0.4296 -0.8355
vn 0.3527 -0.2044 -0.9132
vn 0.3228 -0.4011 -0.8573
vn 0.6793 -0.4529 -0.5774
vn 0.8120 -0.2751 -0.5148
vn 0.8630 -0.4278 -0.2688
vn 0.6525 -0.0286 -0.7573
vn 0.8256 0.1137 -0.5526
vn 0.3076 -0.7709 -0.5578
vn 0.6852 0.3425 -0.6428
vn 0.7947 -0.5265 -0.3022
vn 0.2814 -0.5466 -0.7887
vn 0.5511 0.2861 -0.7839
vn 0.5816 -0.2534 -0.7730
vn 0.2076 0.5678 -0.7966
vn 0.4522 -0.7818 -0.4292
vn 0.6794 -0.6576 -0.3255
vn 0.5388 0.4792 -0.6928
vn 0.7263 0.4854 -0.4867
vn 0.1945 0.2935 -0.9359
vn 0.2665 0.1182 -0.9566
vn 0.2838 -0.7128 -0.6413
vn 0.5237 -0.5752 -0.6284
vn 0.8129 0.1381 -0.5657
vn 0.6026 0.2176 -0.7678
vn 0.3598 0.0915 -0.9286
vn 0.1977 -0.7568 -0.6231
vn 0.2083 -0.0579 -0.9763
vn 0.3318 0.4240 -0.8427
vn 0.4191 -0.4188 -0.8056
vn 0.1828 -0.3572 -0.9160
vn 0.0982 -0.6792 -0.7274
vn 0.3292 -0.1806 -0.9268
vn 0.4772 -0.5557 -0.6808
vn 0.4290 -0.5417 -0.7229
vn 0.1485 -0.2228 -0.9635
vn 0.1378 -0.5412 -0.8296
vn 0.2660 -0.5337 -0.8027
vn 0.3457 0.3619 -0.8658
vn 0.6929 -0.4559 -0.5586
vn 0.0743 0.1163 -0.9904
vn 0.0870 0.4084 -0.9087
vn 0.1067 0.4770 -0.8724
vn 0.1374 0.2841 -0.9489
vn 0.1276 -0.0310 -0.9913
vn 0.2390 -0.5471 -0.8022
vn 0.1666 -0.3542 -0.9202
vn 0.3427 -0.4098 -0.8453
vn -0.0173 -0.1057 -0.9942
vn 0.4780 -0.3478 -0.8065
vn 0.8647 -0.2050 -0.4586
vn 0.6348 -0.5964 -0.4912
vn -0.1175 -0.6105 -0.7832
vn 0.0833 -0.7719 -0.6303
vn 0.0862 -0.5580 -0.8253
vn 0.0261 0.1117 -0.9934
vn 0.2487 -0.2113 -0.9452
vn -0.0371 -0.7283 -0.6842
vn -0.1544 0.4180 -0.8953
vn -0.0366 0.2491 -0.9678
vn -0.0102 -0.2904 -0.9568
vn -0.0807 -0.5173 -0.8520
vn 0.2939 0.2368 -0.9260
vn 0.0303 -0.5980 -0.8009
vn 0.0073 -0.0045 -1.0000
vn 0.3185 0.8240 -0.4687
vn -0.0377 0.5038 -0.8630
vn 0.0519 0.6392 -0.7673
vn -0.0279 -0.4622 -0.8863
vn -0.0787 -0.6852 -0.7241
vn -0.0310 -0.3230 -0.9459
vn -0.0938 0.0444 -0.9946
vn -0.2132 -0.4677 -0.8578
vn -0.3625 0.1142 -0.9249
vn 0.0045 -0.2909 -0.9567
vn -0.1850 -0.7671 -0.6143
vn -0.1996 0.4221 -0.8843
vn -0.1931 0.1577 -0.9684
vn -0.1690 -0.1155 -0.9788
vn -0.1898 -0.4195 -0.8877
vn -0.3517 -0.2060 -0.9132
vn -0.2654 -0.5569 -0.7871
vn -0.5571 -0.2711 -0.7849
vn -0.5310 -0.1986 -0.8238
vn -0.1094 0.6573 -0.7457
vn -0.2984 -0.3657 -0.8816
vn -0.2342 -0.0694 -0.9697
vn -0.3091 -0.7466 -0.5891
vn -0.3568 -0.4855 -0.7981
vn -0.1474 -0.2311 -0.9617
vn -0.1963 0.3926 -0.8985
vn -0.2559 -0.6906 -0.6764
vn -0.3580 -0.7655 -0.5346
vn -0.3167 -0.5043 -0.8034
vn 0.7669 -0.0344 0.6408
vn 0.6914 -0.2338 0.6836
vn 0.6617 -0.4244 0.6181
vn 0.6998 -0.5456 0.4610
vn 0.6756 0.0400 0.7361
vn 0.6414 -0.1146 0.7586
vn 0.6654 0.4584 0.5892
vn 0.5877 0.3957 0.7057
vn 0.5602 0.1739 0.8099
vn 0.5854 -0.5856 0.5607
vn 0.5120 0.5717 0.6411
vn 0.5077 0.0080 0.8615
vn 0.4878 -0.5097 0.7088
vn 0.5686 -0.3393 0.7494
vn 0.6003 -0.6888 0.4064
vn 0.5236 -0.1930 0.8298
vn 0.4485 0.4224 0.7876
vn 0.3787 0.2072 0.9020
vn 0.4335 -0.6981 0.5698
vn 0.4004 -0.3513 0.8463
vn 0.3960 -0.0656 0.9159
vn 0.3370 0.0671 0.9391
vn 0.3269 -0.6105 0.7215
vn 0.3944 -0.7706 0.5007
vn 0.8317 0.0614 0.5518
vn 0.7616 0.3278 0.5591
vn 0.6400 -0.0099 0.7683
vn 0.8202 -0.2285 0.5246
vn 0.3220 0.5753 0.7519
vn 0.3250 -0.2252 0.9185
vn 0.3254 -0.4319 0.8411
vn 0.7288 0.5009 0.4668
vn 0.5346 0.4329 0.7259
vn 0.2723 -0.7355 0.6204
vn 0.6285 -0.3230 0.7076
vn 0.7319 -0.4401 0.5203
vn 0.2752 0.4375 0.8561
vn 0.5481 0.2668 0.7927
vn 0.2041 -0.2833 0.9371
vn 0.6685 -0.5289 0.5228
vn 0.1731 0.3258 0.9294
vn 0.1652 0.1235 0.9785
vn 0.2061 -0.0913 0.9743
vn 0.4453 -0.2952 0.8453
vn 0.4872 -0.5198 0.7017
vn 0.7166 -0.5628 0.4121
vn 0.4012 -0.7090 0.5799
vn 0.5235 -0.0163 0.8519
vn 0.3045 -0.0999 0.9472
vn 0.6527 -0.5540 0.5168
vn 0.1118 0.5503 0.8274
vn 0.2468 -0.7685 0.5903
vn 0.2832 0.3146 0.9060
vn 0.2085 -0.6296 0.7484
vn 0.3527 0.4372 0.8274
vn 0.3728 -0.5589 0.7407
vn 0.1664 -0.4640 0.8701
vn 0.2015 0.6995 0.6856
vn 0.0668 -0.1023 0.9925
vn 0.2197 -0.6591 0.7193
vn 0.2330 -0.3747 0.8974
vn 0.8270 -0.4362 0.3546
vn 0.4452 -0.4541 0.7717
vn 0.0716 -0.7269 0.6830
vn -0.0003 0.3953 0.9186
vn 0.0344 -0.2958 0.9546
vn 0.1666 -0.5461 0.8210
vn 0.7707 -0.2360 0.5918
vn 0.0346 -0.6123 0.7899
vn 0.0449 -0.7789 0.6255
vn 0.1979 0.1428 0.9698
vn 0.3898 -0.6699 0.6319
vn 0.6877 -0.1942 0.6995
vn 0.0097 0.1091 0.9940
vn 0.0027 0.3436 0.9391
vn 0.0457 -0.2125 0.9761
vn 0.5480 0.1127 0.8288
vn 0.0369 0.4393 0.8976
vn 0.0763 -0.5522 0.8302
vn 0.1896 -0.2206 0.9568
vn -0.0751 -0.4577 0.8859
vn -0.0100 0.1076 0.9941
vn -0.0464 -0.6162 0.7862
vn -0.1161 -0.6609 0.7414
vn 0.1568 0.1628 0.9741
vn -0.0390 -0.4711 0.8812
vn -0.0481 0.4932 0.8686
vn -0.1230 -0.1924 0.9736
vn -0.0731 -0.7640 0.6411
vn -0.1478 -0.5634 0.8129
vn -0.1524 -0.3911 0.9077
vn -0.1473 0.0276 0.9887
vn -0.1494 -0.3040 0.9409
vn -0.1680 0.1093 0.9797
vn -0.2129 0.4574 0.8634
vn -0.2787 0.2295 0.9325
vn -0.3466 -0.5349 0.7706
vn -0.0667 0.6317 0.7723
vn -0.2260 -0.7874 0.5735
vn -0.5400 -0.2189 0.8127
vn -0.2919 -0.4959 0.8179
vn -0.2832 -0.5103 0.8120
vn -0.3658 -0.0896 0.9264
vn -0.1946 0.4722 0.8597
vn -0.2325 -0.3143 0.9204
vn -0.1869 0.2316 0.9547
vn -0.1987 -0.5087 0.8377
vn -0.4259 -0.3818 0.8203
vn -0.2528 -0.7146 0.6522
vn -0.4510 0.1092 0.8858
vn -0.3235 -0.3829 0.8653
vn -0.3111 0.3267 0.8925
vn -0.3392 0.1041 0.9349
vn -0.2706 -0.0658 0.9604
vn -0.3271 -0.2383 0.9145
vn -0.3532 0.4908 0.7965
vn -0.4377 -0.0737 0.8961
vn 0.6748 0.7377 -0.0227
vn 0.6256 0.7653 0.1513
vn 0.6353 0.7045 -0.3163
vn 0.5725 0.7574 0.3141
vn 0.5789 0.7959 -0.1771
vn 0.5434 0.8395 0.0082
vn 0.5008 0.7143 -0.4888
vn 0.5125 0.7965 -0.3208
vn 0.4266 0.8932 0.1419
vn 0.5054 0.7143 0.4840
vn 0.5120 0.5717 0.6410
vn 0.3811 0.8852 -0.2669
vn 0.3963 0.9141 -0.0854
vn 0.4310 0.8363 0.3389
vn 0.3826 0.6821 0.6232
vn 0.2748 0.9614 -0.0104
vn 0.3752 0.8122 -0.4467
vn 0.3053 0.7230 -0.6197
vn 0.1726 0.9698 -0.1721
vn 0.3048 0.8145 0.4937
vn 0.2211 0.9686 0.1137
vn 0.2806 0.9192 0.2764
vn 0.3580 0.5915 -0.7225
vn 0.3220 0.5754 0.7519
vn 0.2155 0.9051 -0.3664
vn 0.2015 0.6996 0.6856
vn 0.2076 0.5678 -0.7965
vn 0.1114 0.9931 -0.0356
vn 0.1088 0.9726 0.2057
vn 0.1762 0.9066 0.3834
vn 0.1528 0.7221 -0.6747
vn 0.1558 0.8197 0.5511
vn 0.0678 0.9953 0.0687
vn 0.1179 0.8456 -0.5207
vn 0.0481 0.7530 0.6562
vn 0.0361 0.9911 -0.1279
vn 0.0265 0.9442 -0.3284
vn 0.1118 0.5504 0.8274
vn -0.0063 0.9999 -0.0102
vn 0.0123 0.8950 0.4459
vn -0.0256 0.7996 -0.6000
vn -0.0244 0.9950 0.0964
vn -0.0202 0.9656 0.2593
vn -0.1533 0.9122 0.3801
vn -0.1125 0.8377 0.5344
vn -0.1111 0.7270 0.6776
vn -0.1097 0.9909 -0.0783
vn -0.0896 0.9691 -0.2299
vn -0.1095 0.6573 -0.7456
vn -0.1176 0.9767 0.1797
vn -0.0987 0.9944 0.0385
vn -0.2027 0.7443 -0.6363
vn -0.1299 0.8838 -0.4495
vn -0.2614 0.6328 0.7289
vn -0.2611 0.7559 0.6004
vn -0.2532 0.6000 -0.7589
vn -0.1974 0.9746 0.1060
vn -0.1946 0.4723 0.8597
vn -0.2897 0.8869 -0.3599
vn -0.2481 0.9494 -0.1925
vn -0.3134 0.7964 -0.5173
vn -0.3317 0.8192 0.4679
vn -0.3532 0.4909 0.7964
vn -0.3794 0.6878 -0.6188
vn -0.2984 0.9543 0.0181
vn -0.2753 0.9155 0.2935
vn -0.3573 0.9247 -0.1317
vn -0.4133 0.8963 0.1610
vn -0.4459 0.8558 -0.2622
vn -0.4576 0.7751 -0.4357
vn -0.3865 0.7039 0.5960
vn -0.4780 0.7965 0.3702
vn -0.5377 0.6711 0.5104
vn -0.5036 0.8639 -0.0079
vn -0.5282 0.8426 0.1050
vn -0.5838 0.7974 -0.1525
vn -0.5796 0.6356 -0.5100
vn -0.5594 0.7847 0.2671
vn -0.6195 0.7217 -0.3086
vn -0.7037 0.7105 -0.0041
vn -0.6791 0.7124 0.1767
vn -0.7606 0.6212 -0.1888
vn -0.7495 0.5503 -0.3681
vn -0.7907 0.5894 0.1656
vn -0.8401 0.5420 -0.0199
vn -0.5309 -0.1986 -0.8238
vn -0.3626 0.1143 -0.9249
vn -0.2735 0.6682 -0.6918
vn -0.3140 0.9487 -0.0371
vn -0.5499 0.2884 -0.7839
vn -0.3518 -0.2060 -0.9131
vn -0.1997 0.4222 -0.8843
vn -0.5465 -0.5357 -0.6437
vn -0.2654 -0.5569 -0.7870
vn -0.2133 -0.4677 -0.8578
vn -0.5572 -0.2710 -0.7849
vn -0.6959 -0.4191 -0.5832
vn -0.7422 0.3716 -0.5578
vn -0.4006 0.4753 -0.7833
vn -0.1544 0.4180 -0.8952
vn -0.9123 -0.2822 -0.2969
vn -0.9199 0.3593 -0.1573
vn -0.8964 0.0166 -0.4430
vn -0.4171 -0.0855 -0.9048
vn -0.2985 -0.3656 -0.8816
vn -0.2339 0.1457 -0.9613
vn -0.0367 0.2491 -0.9678
vn -0.1932 0.1577 -0.9684
vn -0.9718 -0.2170 0.0925
vn -0.9527 -0.0396 0.3012
vn -0.1095 0.6573 -0.7457
vn -0.0378 0.5038 -0.8630
vn -0.4689 0.2472 -0.8479
vn -0.5635 -0.5501 -0.6164
vn -0.8892 -0.4214 -0.1782
vn -0.3223 -0.2942 -0.8998
vn -0.1475 -0.2311 -0.9617
vn -0.1899 -0.4195 -0.8877
vn -0.6761 0.5097 -0.5321
vn -0.5906 -0.4911 -0.6403
vn -0.5734 -0.3394 -0.7457
vn -0.7290 -0.5788 -0.3655
vn -0.3385 0.4110 -0.8464
vn -0.3168 -0.5043 -0.8034
vn -0.4768 -0.7528 -0.4538
vn -0.6272 0.4515 -0.6346
vn -0.6570 -0.0084 -0.7539
vn -0.3581 -0.7655 -0.5346
vn -0.8494 0.1179 -0.5143
vn -0.7316 -0.6080 -0.3083
vn -0.8259 -0.5608 -0.0582
vn -0.4597 0.5587 -0.6903
vn -0.3795 0.6878 -0.6189
vn -0.4219 0.1863 -0.8873
vn -0.4142 -0.6564 -0.6305
vn -0.8456 0.4738 -0.2461
vn -0.7711 0.2441 -0.5881
vn -0.6991 -0.4556 -0.5511
vn -0.4385 -0.0076 -0.8987
vn -0.4468 -0.1562 -0.8809
vn -0.9819 0.0938 -0.1645
vn -0.6898 -0.7171 -0.0999
vn -0.7955 0.4545 -0.4007
vn -0.5660 -0.7651 -0.3069
vn -0.5404 0.3359 -0.7715
vn -0.7909 -0.2699 -0.5493
vn -0.4637 -0.3481 -0.8148
vn -0.8670 -0.0120 -0.4981
vn -0.5442 -0.7144 -0.4400
vn -0.6476 -0.7556 -0.0982
vn -0.8924 0.4442 0.0797
vn -0.8911 0.4396 0.1131
vn -0.5732 0.1004 -0.8132
vn -0.5258 -0.4873 -0.6972
vn -0.9483 0.1284 -0.2902
vn -0.9344 -0.2263 -0.2752
vn -0.9284 -0.3714 -0.0156
vn -0.9229 0.3477 -0.1655
vn -0.9773 0.2019 0.0646
vn -0.6346 -0.0427 -0.7716
vn -0.5746 -0.2210 -0.7880
vn -0.9953 -0.0813 -0.0524
vn -0.5908 -0.5882 -0.5522
vn -0.6590 -0.3437 -0.6690
vn -0.6176 0.4924 -0.6132
vn -0.7180 -0.4066 -0.5649
vn -0.6996 -0.5828 -0.4133
vn -0.7130 -0.2146 -0.6675
vn -0.7128 0.1639 -0.6820
vn -0.7495 0.5502 -0.3681
vn -0.7702 0.3701 -0.5194
vn -0.8017 -0.0392 -0.5965
vn -0.8124 -0.2393 -0.5317
vn -0.7522 -0.6070 -0.2565
vn -0.8463 0.1204 -0.5190
vn -0.8285 -0.3752 -0.4157
vn -0.8365 -0.4456 -0.3190
vn -0.8614 0.3402 -0.3772
vn -0.8610 -0.4890 -0.1398
vn -0.8901 -0.0494 -0.4532
vn -0.9102 -0.2176 -0.3524
vn -0.8930 0.4008 -0.2047
vn -0.7606 0.6211 -0.1888
vn -0.8402 0.5420 -0.0199
vn -0.9346 0.1414 -0.3263
vn -0.9744 -0.1589 -0.1593
vn -0.9390 0.3434 -0.0203
vn -0.9621 -0.0505 -0.2681
vn -0.9819 0.0950 -0.1636
vn -0.9925 0.1207 0.0180
vn -0.9970 -0.0769 -0.0074
vn -0.5446 -0.7460 0.3834
vn -0.4247 -0.7635 0.4866
vn -0.5489 -0.6280 0.5516
vn -0.5722 -0.8097 0.1307
vn -0.3651 -0.9178 0.1559
vn -0.5229 -0.8522 -0.0178
vn -0.4472 -0.8621 -0.2385
vn -0.3548 -0.9340 -0.0424
vn -0.3072 -0.8880 0.3421
vn -0.2841 -0.9440 -0.1680
vn -0.1613 -0.9855 0.0533
vn -0.2984 -0.8813 -0.3664
vn -0.4134 -0.8084 -0.4190
vn -0.1202 -0.9908 -0.0621
vn -0.3087 -0.7662 0.5636
vn -0.2621 -0.8133 -0.5195
vn -0.3837 -0.4811 0.7883
vn -0.1520 -0.9763 0.1543
vn -0.1401 -0.9652 -0.2210
vn -0.1770 -0.9091 0.3771
vn -0.2008 -0.7326 0.6504
vn -0.0297 -0.9995 0.0082
vn -0.0096 -0.9941 -0.1083
vn -0.1464 -0.8753 -0.4609
vn -0.1432 -0.8224 0.5507
vn -0.0674 -0.6972 0.7137
vn -0.1060 -0.7722 -0.6264
vn -0.0072 -0.9975 0.0702
vn -0.0139 -0.9673 0.2532
vn -0.0056 -0.8996 0.4367
vn -0.0448 -0.9500 -0.3090
vn 0.0066 -0.8590 -0.5120
vn 0.0102 -0.6702 -0.7421
vn 0.0049 -0.8069 0.5907
vn 0.0681 -0.7682 -0.6366
vn 0.1019 -0.9380 -0.3313
vn 0.1377 -0.9247 0.3549
vn 0.0795 -0.6119 0.7869
vn 0.1045 -0.9801 0.1689
vn 0.1247 -0.7323 0.6695
vn 0.1587 -0.8365 0.5245
vn 0.0811 -0.5411 -0.8370
vn 0.1131 -0.9755 -0.1888
vn 0.0491 -0.9976 -0.0496
vn 0.0856 -0.9961 0.0226
vn 0.1815 -0.8438 -0.5050
vn 0.2054 -0.6207 -0.7566
vn 0.2317 -0.7304 -0.6426
vn 0.2567 -0.5967 0.7603
vn 0.2930 -0.8770 -0.3809
vn 0.2316 -0.9694 -0.0810
vn 0.3252 -0.7261 0.6058
vn 0.2560 -0.9287 0.2682
vn 0.3230 -0.8407 0.4347
vn 0.3818 -0.6365 -0.6701
vn 0.2597 -0.9624 0.0798
vn 0.2699 -0.9309 -0.2461
vn 0.3239 -0.7781 -0.5382
vn 0.3512 -0.4127 0.8404
vn 0.4056 -0.5587 0.7234
vn 0.4282 -0.8800 -0.2057
vn 0.4123 -0.8640 0.2889
vn 0.4405 -0.7518 -0.4906
vn 0.4204 -0.9063 -0.0434
vn 0.4539 -0.8106 -0.3700
vn 0.4918 -0.7531 0.4370
vn 0.4715 -0.6674 0.5764
vn 0.4523 -0.8821 0.1315
vn 0.5613 -0.7874 0.2548
vn 0.5422 -0.6219 -0.5651
vn 0.5874 -0.8022 -0.1075
vn 0.5764 -0.5113 0.6375
vn 0.5954 -0.7584 -0.2651
vn 0.6076 -0.6782 -0.4134
vn 0.6191 -0.6300 0.4689
vn 0.6244 -0.7747 0.0995
vn 0.6675 -0.6856 0.2906
vn 0.7057 -0.4733 0.5271
vn 0.7016 -0.6891 -0.1811
vn 0.7353 -0.6024 -0.3106
vn 0.7465 -0.6652 -0.0154
vn 0.7657 -0.6248 0.1524
vn 0.7585 -0.5211 0.3912
vn 0.8226 -0.4989 0.2727
vn 0.8085 -0.5646 -0.1663
vn 0.8798 -0.4737 -0.0398
vn 0.8917 -0.4303 0.1405
vn 0.1949 -0.1400 -0.9708
vn -0.0328 -0.3028 -0.9525
vn -0.0789 -0.0488 -0.9957
vn 0.1957 -0.4243 -0.8841
vn -0.0392 -0.5112 -0.8586
vn 0.1508 0.1119 -0.9822
vn -0.0611 0.2714 -0.9605
vn 0.1703 0.6976 -0.6959
vn -0.0154 0.6560 -0.7546
vn 0.0415 0.7655 -0.6421
vn 0.0282 -0.1608 -0.9866
vn 0.0930 0.4943 -0.8643
vn 0.2018 0.3771 -0.9039
vn 0.0874 0.5929 -0.8005
vn 0.2930 0.5383 -0.7902
vn 0.4126 0.4735 -0.7782
vn 0.0642 0.5175 -0.8532
vn 0.0392 0.3043 -0.9518
vn 0.4493 0.0734 -0.8903
vn -0.0260 0.1540 -0.9877
vn 0.2162 -0.4409 -0.8711
vn 0.3054 -0.1057 -0.9463
vn 0.0473 0.0812 -0.9956
vn 0.5838 0.2478 -0.7731
vn 0.3099 0.1083 -0.9446
vn 0.1909 -0.0346 -0.9810
vn 0.2192 0.3690 -0.9032
vn -0.0170 0.3468 -0.9378
vn 0.2939 0.2840 -0.9127
vn 0.3435 0.5692 -0.7470
vn 0.2916 0.2029 -0.9348
vn 0.3446 -0.3230 -0.8814
vn 0.7715 0.1113 -0.6264
vn 0.6168 0.5019 -0.6064
vn 0.1769 -0.2774 -0.9443
vn 0.0750 0.2739 -0.9588
vn 0.2053 0.1448 -0.9679
vn 0.3596 0.1369 -0.9230
vn 0.2732 0.5353 -0.7993
vn 0.2411 0.7814 -0.5755
vn 0.4834 -0.1384 -0.8644
vn 0.4566 0.3659 -0.8110
vn 0.4913 0.5197 -0.6990
vn 0.5892 0.5655 -0.5771
vn 0.3602 0.7978 -0.4835
vn 0.5820 0.1480 -0.7996
vn 0.5353 0.3707 -0.7590
vn 0.4228 -0.4728 -0.7731
vn 0.4223 -0.0896 -0.9020
vn 0.9078 0.2402 -0.3437
vn 0.2854 -0.1901 -0.9394
vn 0.7256 0.4775 -0.4955
vn 0.9836 0.1407 -0.1131
vn 0.3657 -0.3316 -0.8697
vn 0.5616 -0.2894 -0.7752
vn 0.3431 -0.4998 -0.7953
vn 0.3131 0.0525 -0.9483
vn 0.3589 0.2067 -0.9102
vn 0.6646 -0.1855 -0.7238
vn 0.5430 -0.2904 -0.7880
vn 0.8710 0.4747 -0.1266
vn 0.6112 -0.4518 -0.6499
vn 0.5936 0.0365 -0.8040
vn 0.7584 0.5537 -0.3440
vn 0.3820 -0.0874 -0.9200
vn 0.3818 -0.6365 -0.6702
vn 0.3569 0.6267 -0.6927
vn 0.7964 -0.0480 -0.6029
vn 0.8094 0.5870 0.0145
vn 0.4170 0.7413 -0.5259
vn 0.7360 0.2366 -0.6343
vn 0.6856 0.5176 -0.5119
vn 0.6974 0.4445 -0.5622
vn 0.7035 -0.2387 -0.6694
vn 0.6870 0.2904 -0.6661
vn 0.4206 0.4501 -0.7877
vn 0.5224 0.8027 -0.2878
vn 0.7939 0.0358 -0.6069
vn 0.5046 0.0567 -0.8615
vn 0.4509 0.2684 -0.8513
vn 0.8362 -0.2008 -0.5104
vn 0.7500 -0.4377 -0.4958
vn 0.5065 -0.1326 -0.8520
vn 0.8667 0.3033 -0.3961
vn 0.8359 0.5463 -0.0536
vn 0.8349 0.3457 -0.4283
vn 0.4775 0.7892 -0.3861
vn 0.8398 0.4824 -0.2489
vn 0.8303 -0.2070 -0.5175
vn 0.4773 -0.4984 -0.7237
vn 0.5348 0.5339 -0.6550
vn 0.9151 -0.2353 -0.3274
vn 0.9612 -0.1829 -0.2064
vn 0.9830 0.1786 -0.0424
vn 0.8818 -0.4639 -0.0843
vn 0.9967 -0.0419 0.0701
vn 0.8672 -0.3939 -0.3045
vn 0.5562 0.3544 -0.7517
vn 0.5483 0.6565 -0.5180
vn 0.8874 0.4329 -0.1585
vn 0.5134 -0.3183 -0.7969
vn 0.6111 0.1909 -0.7682
vn 0.9118 0.0558 -0.4068
vn 0.5422 -0.6218 -0.5651
vn 0.6370 0.6691 -0.3828
vn 0.5903 0.8013 -0.0974
vn 0.9434 -0.3239 -0.0708
vn 0.9611 0.1770 -0.2120
vn 0.9356 -0.1781 -0.3048
vn 0.6488 0.4263 -0.6303
vn 0.9912 -0.0426 -0.1253
vn 0.6376 -0.3583 -0.6820
vn 0.6340 -0.1117 -0.7652
vn 0.6144 0.0266 -0.7886
vn 0.6474 -0.4770 -0.5944
vn 0.6762 0.2897 -0.6774
vn 0.6004 0.7653 -0.2322
vn 0.6867 0.5033 -0.5245
vn 0.6668 0.7392 -0.0943
vn 0.6076 -0.6781 -0.4134
vn 0.7503 -0.4898 -0.4439
vn 0.7251 -0.2316 -0.6485
vn 0.7418 0.0414 -0.6694
vn 0.7353 -0.6023 -0.3106
vn 0.7732 -0.3307 -0.5412
vn 0.7444 0.1816 -0.6426
vn 0.7723 0.3263 -0.5451
vn 0.7338 0.6327 -0.2475
vn 0.8156 -0.1023 -0.5696
vn 0.7710 0.5300 -0.3532
vn 0.8036 0.3910 -0.4487
vn 0.8040 0.5799 -0.1314
vn 0.8404 0.1085 -0.5310
vn 0.8828 -0.2591 -0.3917
vn 0.8661 0.2461 -0.4352
vn 0.8818 0.3335 -0.3336
vn 0.8085 -0.5645 -0.1663
vn 0.8524 -0.4328 -0.2935
vn 0.8691 0.4448 -0.2164
vn 0.9015 -0.0416 -0.4307
vn 0.9244 0.0816 -0.3725
vn 0.8798 -0.4736 -0.0399
vn 0.9403 -0.2794 -0.1942
vn 0.9357 0.3203 -0.1477
vn 0.9606 0.1599 -0.2274
vn 0.9596 -0.0901 -0.2665
vn 0.9515 -0.3071 0.0186
vn 0.9925 -0.1051 -0.0623
vn 0.9847 0.0234 -0.1728
vn 0.9942 0.0899 -0.0598
vn 0.2838 0.5560 0.7812
vn 0.1822 0.5036 0.8445
vn 0.0224 0.4573 0.8890
vn 0.2357 0.0013 0.9718
vn -0.0352 -0.2921 0.9558
vn 0.3407 0.1724 0.9242
vn 0.6064 0.1545 0.7800
vn 0.2955 -0.0378 0.9546
vn 0.0163 0.0441 0.9989
vn 0.1867 0.8732 0.4502
vn 0.2287 -0.2429 0.9427
vn 0.0420 -0.3247 0.9449
vn 0.4300 0.3890 0.8147
vn 0.6832 0.3513 0.6402
vn 0.3529 -0.2796 0.8929
vn 0.0205 -0.3891 0.9210
vn 0.5610 0.5449 0.6232
vn 0.5725 0.6723 0.4693
vn 0.2708 -0.0334 0.9621
vn 0.2534 0.7919 0.5556
vn 0.0670 0.7771 0.6259
vn 0.3869 0.2140 0.8970
vn 0.7089 0.1485 0.6895
vn 0.4348 -0.4074 0.8031
vn 0.3904 0.1297 0.9115
vn 0.9021 0.1441 0.4069
vn 0.2849 0.7632 0.5800
vn 0.9601 0.1423 0.2406
vn 0.6157 -0.0075 0.7880
vn 0.2950 0.4503 0.8427
vn 0.1900 0.6604 0.7265
vn 0.4958 -0.0749 0.8652
vn 0.4378 0.5229 0.7314
vn 0.9347 0.3103 0.1733
vn 0.9836 0.1407 -0.1130
vn 0.5409 0.0279 0.8406
vn 0.3049 0.1554 0.9396
vn 0.6608 0.2891 0.6927
vn 0.5668 -0.3013 0.7668
vn 0.8002 0.5172 0.3035
vn 0.9079 0.2402 -0.3436
vn 0.3643 0.3268 0.8720
vn 0.6019 0.5425 0.5861
vn 0.8710 0.4746 -0.1264
vn 0.3720 0.5964 0.7113
vn 0.6297 -0.4483 0.6344
vn 0.6040 0.1916 0.7737
vn 0.4090 -0.1740 0.8958
vn 0.6579 0.3842 0.6477
vn 0.4012 0.8163 0.4156
vn 0.7053 0.5647 0.4285
vn 0.8134 -0.1771 0.5541
vn 0.6667 0.3920 0.6339
vn 0.8094 0.5870 0.0146
vn 0.8030 -0.0833 0.5901
vn 0.7937 0.5723 0.2062
vn 0.4441 0.1613 0.8813
vn 0.6758 -0.0804 0.7327
vn 0.4005 0.0266 0.9159
vn 0.4471 0.7624 0.4678
vn 0.8268 0.3184 0.4637
vn 0.7458 -0.3017 0.5940
vn 0.8064 -0.4175 0.4188
vn 0.7581 0.1635 0.6313
vn 0.4549 0.6574 0.6008
vn 0.8262 0.3585 0.4345
vn 0.8359 0.5463 -0.0535
vn 0.5193 -0.3476 0.7807
vn 0.5420 0.8068 0.2351
vn 0.9370 -0.1189 0.3284
vn 0.7842 0.4868 0.3847
vn 0.5627 0.0351 0.8259
vn 0.4767 0.4131 0.7759
vn 0.4937 0.8071 0.3240
vn 0.9603 0.0954 0.2621
vn 0.8704 -0.4688 0.1504
vn 0.8555 -0.0283 0.5171
vn 0.8545 0.2572 0.4513
vn 0.5385 0.2550 0.8031
vn 0.5653 0.5076 0.6503
vn 0.8483 0.5218 0.0904
vn 0.8819 -0.4639 -0.0843
vn 0.9612 -0.1830 -0.2064
vn 0.9009 -0.2029 0.3837
vn 0.9087 0.3843 0.1633
vn 0.5279 -0.1595 0.8342
vn 0.5903 0.8013 -0.0973
vn 0.9830 0.1785 -0.0424
vn 0.9443 0.1036 0.3123
vn 0.5933 0.6214 0.5118
vn 0.6161 0.7843 0.0734
vn 0.9179 -0.3409 0.2031
vn 0.6635 0.3394 0.6667
vn 0.5854 0.7093 0.3926
vn 0.9434 -0.3239 -0.0707
vn 0.9868 -0.0931 0.1323
vn 0.9845 0.1654 0.0576
vn 0.9611 0.1770 -0.2119
vn 0.9912 -0.0425 -0.1252
vn 0.6581 0.2029 0.7251
vn 0.5809 0.7801 0.2322
vn 0.6786 -0.3486 0.6465
vn 0.6616 -0.1570 0.7332
vn 0.6668 0.7392 -0.0942
vn 0.6923 0.7059 0.1500
vn 0.7147 0.5553 0.4253
vn 0.6930 0.0495 0.7192
vn 0.6815 0.6653 0.3048
vn 0.6932 0.4634 0.5521
vn 0.7058 -0.4733 0.5271
vn 0.7595 0.6495 0.0364
vn 0.7840 -0.0072 0.6207
vn 0.7825 0.5849 0.2135
vn 0.7967 -0.1890 0.5741
vn 0.7956 0.1932 0.5742
vn 0.7860 0.3478 0.5111
vn 0.7963 -0.3406 0.4999
vn 0.8884 0.2382 0.3924
vn 0.8384 0.4125 0.3564
vn 0.8899 0.4561 0.0100
vn 0.7586 -0.5211 0.3912
vn 0.8662 -0.3616 0.3448
vn 0.8856 0.0245 0.4639
vn 0.8573 0.4790 0.1889
vn 0.8227 -0.4989 0.2727
vn 0.9056 -0.1573 0.3939
vn 0.9173 0.3407 0.2064
vn 0.8691 0.4448 -0.2163
vn 0.8917 -0.4302 0.1406
vn 0.9261 -0.3074 0.2188
vn 0.9461 0.0474 0.3205
vn 0.9357 0.3203 -0.1476
vn 0.8798 -0.4736 -0.0398
vn 0.9645 0.2639 0.0105
vn 0.9642 -0.0679 0.2562
vn 0.9537 0.2074 0.2179
vn 0.9606 0.1600 -0.2274
vn 0.9878 -0.1344 0.0786
vn 0.9938 0.0291 0.1073
vt 0.829568 0.734058
vt 0.834679 0.726533
vt 0.841401 0.741899
vt 0.832783 0.756631
vt 0.839666 0.756814
vt 0.819754 0.722725
vt 0.825885 0.713855
vt 0.827130 0.751745
vt 0.811409 0.713918
vt 0.824943 0.729394
vt 0.813582 0.727451
vt 0.828234 0.770750
vt 0.815982 0.770750
vt 0.800117 0.729234
vt 0.798986 0.717703
vt 0.818177 0.759135
vt 0.806429 0.732066
vt 0.790703 0.728412
vt 0.803290 0.756063
vt 0.796068 0.744527
vt 0.801681 0.737984
vt 0.800805 0.767492
vt 0.788440 0.743785
vt 0.792131 0.756675
vt 0.946605 0.986746
vt 0.942510 0.995270
vt 0.937734 0.986567
vt 0.953718 0.983818
vt 0.954311 0.973157
vt 0.938058 0.975015
vt 0.927562 0.974778
vt 0.945500 0.972107
vt 0.881142 0.984439
vt 0.859857 0.998181
vt 0.856525 0.973993
vt 0.898348 0.964801
vt 0.901643 0.985969
vt 0.937662 0.962806
vt 0.963838 0.956981
vt 0.954024 0.961299
vt 0.839335 0.993042
vt 0.877933 0.964358
vt 0.907822 0.953935
vt 0.943428 0.955642
vt 0.936565 0.945639
vt 0.960565 0.965979
vt 0.919791 0.943422
vt 0.755910 0.962955
vt 0.752169 0.979811
vt 0.745970 0.964441
vt 0.948521 0.956298
vt 0.962086 0.952232
vt 0.903585 0.934493
vt 0.736670 0.951936
vt 0.739408 0.974713
vt 0.726755 0.975502
vt 0.770765 0.980104
vt 0.825424 0.983697
vt 0.813483 0.999665
vt 0.799663 0.994647
vt 0.884431 0.940013
vt 0.749671 0.946105
vt 0.784303 0.991694
vt 0.798407 0.964574
vt 0.701111 0.985221
vt 0.704639 0.964272
vt 0.778777 0.962200
vt 0.813517 0.962853
vt 0.859974 0.944838
vt 0.889656 0.914739
vt 0.829773 0.962261
vt 0.742247 0.933327
vt 0.761101 0.946478
vt 0.663556 0.988486
vt 0.683579 0.956661
vt 0.868555 0.920604
vt 0.711063 0.938171
vt 0.733883 0.922212
vt 0.839865 0.947175
vt 0.753464 0.922081
vt 0.769073 0.920957
vt 0.749892 0.907817
vt 0.776506 0.935786
vt 0.845394 0.926189
vt 0.741241 0.904417
vt 0.760434 0.905769
vt 0.785267 0.947201
vt 0.642539 0.969180
vt 0.635039 0.999665
vt 0.615273 0.994127
vt 0.754574 0.888033
vt 0.747402 0.888824
vt 0.767491 0.889500
vt 0.818147 0.941776
vt 0.570730 0.985446
vt 0.551844 0.983113
vt 0.557529 0.961381
vt 0.662547 0.959356
vt 0.717571 0.920405
vt 0.802289 0.942900
vt 0.721991 0.893586
vt 0.727685 0.870189
vt 0.536294 0.965573
vt 0.618218 0.968082
vt 0.779830 0.901642
vt 0.788765 0.927348
vt 0.833381 0.902500
vt 0.853749 0.889134
vt 0.593568 0.981252
vt 0.580653 0.961190
vt 0.808499 0.919143
vt 0.820092 0.925671
vt 0.533331 0.943605
vt 0.796402 0.904160
vt 0.568771 0.945497
vt 0.603531 0.954155
vt 0.633631 0.947492
vt 0.811458 0.896549
vt 0.550766 0.927963
vt 0.682217 0.925752
vt 0.523633 0.913549
vt 0.653154 0.942399
vt 0.697562 0.903762
vt 0.663229 0.925520
vt 0.531539 0.884762
vt 0.590415 0.932554
vt 0.613980 0.931894
vt 0.696724 0.880475
vt 0.572835 0.925070
vt 0.647363 0.925307
vt 0.676412 0.900916
vt 0.557844 0.900282
vt 0.697217 0.851253
vt 0.718338 0.835467
vt 0.624098 0.912826
vt 0.556339 0.875986
vt 0.649297 0.906246
vt 0.681677 0.859671
vt 0.580632 0.901817
vt 0.664104 0.887483
vt 0.700409 0.823011
vt 0.543199 0.851321
vt 0.602946 0.905870
vt 0.681094 0.834160
vt 0.638508 0.890195
vt 0.660896 0.867373
vt 0.578602 0.876193
vt 0.567180 0.848699
vt 0.613526 0.887073
vt 0.662798 0.842682
vt 0.601018 0.877249
vt 0.642426 0.868150
vt 0.553399 0.814983
vt 0.663490 0.808705
vt 0.621104 0.863831
vt 0.639612 0.841129
vt 0.577279 0.820936
vt 0.584188 0.846357
vt 0.637878 0.806894
vt 0.601091 0.850165
vt 0.594177 0.824270
vt 0.613561 0.826497
vt 0.808879 0.151367
vt 0.793228 0.146599
vt 0.807293 0.132352
vt 0.824521 0.134042
vt 0.824795 0.149398
vt 0.797778 0.165699
vt 0.816484 0.167678
vt 0.833518 0.163274
vt 0.810334 0.114062
vt 0.787620 0.127315
vt 0.837240 0.147305
vt 0.779246 0.161365
vt 0.830164 0.181571
vt 0.802704 0.183116
vt 0.817099 0.195451
vt 0.770319 0.144466
vt 0.789666 0.198310
vt 0.781539 0.182176
vt 0.837579 0.111872
vt 0.851942 0.129815
vt 0.851063 0.157972
vt 0.792729 0.104852
vt 0.772894 0.105154
vt 0.820717 0.100301
vt 0.855560 0.143405
vt 0.762329 0.164757
vt 0.764071 0.128529
vt 0.809447 0.214527
vt 0.802620 0.088241
vt 0.853363 0.101340
vt 0.751608 0.147938
vt 0.779988 0.088201
vt 0.747000 0.128404
vt 0.837445 0.084534
vt 0.750592 0.107691
vt 0.821191 0.076038
vt 0.868664 0.125416
vt 0.801267 0.067097
vt 0.761081 0.081066
vt 0.729616 0.141242
vt 0.885620 0.100702
vt 0.838335 0.058025
vt 0.859190 0.072905
vt 0.866481 0.091442
vt 0.730131 0.121871
vt 0.819338 0.045211
vt 0.771249 0.055867
vt 0.726184 0.105383
vt 0.793560 0.038288
vt 0.730665 0.081300
vt 0.750146 0.065710
vt 0.877595 0.065759
vt 0.859112 0.053042
vt 0.843857 0.031794
vt 0.902357 0.073758
vt 0.758066 0.036768
vt 0.727730 0.050177
vt 0.700872 0.095725
vt 0.707969 0.064419
vt 0.684119 0.071240
vt 0.763919 0.184129
vt 0.772960 0.198744
vt 0.789588 0.214094
vt 0.771643 0.216749
vt 0.799767 0.230747
vt 0.745025 0.163012
vt 0.745242 0.189967
vt 0.756031 0.211633
vt 0.779185 0.232762
vt 0.823590 0.234997
vt 0.729024 0.156415
vt 0.806451 0.254657
vt 0.729669 0.172244
vt 0.761210 0.231008
vt 0.741034 0.218906
vt 0.784940 0.250576
vt 0.766103 0.249582
vt 0.725800 0.192524
vt 0.742273 0.246826
vt 0.705539 0.123649
vt 0.702309 0.152750
vt 0.707563 0.172183
vt 0.775176 0.273019
vt 0.722516 0.216575
vt 0.711476 0.201157
vt 0.825255 0.277770
vt 0.805104 0.292170
vt 0.818461 0.398154
vt 0.816642 0.378443
vt 0.830932 0.380369
vt 0.798028 0.375051
vt 0.793586 0.402303
vt 0.812414 0.413416
vt 0.720432 0.238959
vt 0.751808 0.274105
vt 0.826928 0.424767
vt 0.838835 0.412989
vt 0.819320 0.349454
vt 0.798213 0.426913
vt 0.725306 0.260089
vt 0.774349 0.299759
vt 0.816848 0.438045
vt 0.690267 0.198824
vt 0.782458 0.392664
vt 0.788850 0.350426
vt 0.682161 0.145986
vt 0.695898 0.224763
vt 0.735946 0.283370
vt 0.780073 0.368445
vt 0.839478 0.443987
vt 0.684629 0.172103
vt 0.787946 0.308407
vt 0.809131 0.306093
vt 0.826214 0.316670
vt 0.796931 0.321261
vt 0.826280 0.331740
vt 0.774195 0.412285
vt 0.801371 0.335503
vt 0.684868 0.116699
vt 0.774102 0.321049
vt 0.777375 0.331363
vt 0.773846 0.434637
vt 0.803115 0.456884
vt 0.834830 0.467916
vt 0.782804 0.339804
vt 0.764729 0.379921
vt 0.817871 0.474181
vt 0.706948 0.253927
vt 0.765585 0.355781
vt 0.787538 0.459114
vt 0.752652 0.319291
vt 0.758882 0.332980
vt 0.744201 0.306740
vt 0.749987 0.404065
vt 0.754840 0.346051
vt 0.747034 0.372255
vt 0.757183 0.427003
vt 0.670357 0.195003
vt 0.689503 0.248956
vt 0.710106 0.276392
vt 0.797177 0.491676
vt 0.673919 0.096773
vt 0.665415 0.168092
vt 0.674924 0.223157
vt 0.739367 0.332511
vt 0.740370 0.346278
vt 0.834487 0.499812
vt 0.711905 0.310747
vt 0.761708 0.449633
vt 0.663743 0.142793
vt 0.775795 0.482397
vt 0.814340 0.528034
vt 0.840143 0.533617
vt 0.660070 0.119357
vt 0.687709 0.268081
vt 0.726296 0.324492
vt 0.736857 0.358179
vt 0.741427 0.426232
vt 0.660576 0.080097
vt 0.730883 0.397972
vt 0.826154 0.566592
vt 0.726472 0.372652
vt 0.756399 0.474059
vt 0.843743 0.576905
vt 0.779226 0.517017
vt 0.719848 0.346740
vt 0.716740 0.337960
vt 0.741944 0.448395
vt 0.840182 0.596980
vt 0.819182 0.604634
vt 0.644648 0.132727
vt 0.692771 0.295406
vt 0.806929 0.572369
vt 0.653274 0.227134
vt 0.792173 0.535888
vt 0.838249 0.607354
vt 0.652706 0.198235
vt 0.646592 0.171005
vt 0.668065 0.255640
vt 0.720198 0.356369
vt 0.671487 0.281065
vt 0.759210 0.501815
vt 0.804196 0.601056
vt 0.642893 0.094455
vt 0.716021 0.416043
vt 0.721649 0.439845
vt 0.790625 0.578865
vt 0.800890 0.612656
vt 0.697904 0.341890
vt 0.730629 0.476193
vt 0.627936 0.154876
vt 0.699068 0.353968
vt 0.700756 0.362680
vt 0.684585 0.335328
vt 0.709846 0.370984
vt 0.708150 0.390072
vt 0.771678 0.550562
vt 0.788001 0.604307
vt 0.626708 0.116162
vt 0.631185 0.186491
vt 0.754167 0.526538
vt 0.672479 0.307034
vt 0.738822 0.503455
vt 0.629141 0.213256
vt 0.772178 0.584859
vt 0.646744 0.268069
vt 0.783644 0.616801
vt 0.844815 0.184059
vt 0.841998 0.205938
vt 0.824803 0.216297
vt 0.866493 0.171496
vt 0.866775 0.153851
vt 0.861811 0.196050
vt 0.845445 0.224345
vt 0.885074 0.143588
vt 0.863741 0.213852
vt 0.883237 0.170510
vt 0.885579 0.123229
vt 0.877427 0.197671
vt 0.853369 0.252866
vt 0.829099 0.255859
vt 0.893027 0.196931
vt 0.865222 0.232762
vt 0.883844 0.221974
vt 0.898404 0.159958
vt 0.905000 0.178167
vt 0.905853 0.132082
vt 0.908011 0.108723
vt 0.903116 0.216260
vt 0.872854 0.250165
vt 0.846946 0.289176
vt 0.843457 0.396448
vt 0.909297 0.198112
vt 0.852340 0.376760
vt 0.923483 0.155929
vt 0.893038 0.249559
vt 0.844900 0.350691
vt 0.864210 0.399543
vt 0.868491 0.273673
vt 0.853653 0.415114
vt 0.850285 0.431214
vt 0.926261 0.133920
vt 0.867652 0.370092
vt 0.848023 0.320239
vt 0.842984 0.310638
vt 0.868523 0.418700
vt 0.907726 0.239318
vt 0.888806 0.276017
vt 0.831769 0.302885
vt 0.869532 0.309426
vt 0.864381 0.344819
vt 0.920397 0.085330
vt 0.882291 0.390946
vt 0.927549 0.196717
vt 0.923261 0.219219
vt 0.853204 0.301490
vt 0.935216 0.106863
vt 0.931660 0.177803
vt 0.872060 0.321191
vt 0.859473 0.329134
vt 0.880938 0.411730
vt 0.866548 0.445219
vt 0.871687 0.298424
vt 0.880681 0.342038
vt 0.887648 0.364691
vt 0.910349 0.270278
vt 0.851627 0.478277
vt 0.890027 0.422164
vt 0.900565 0.392762
vt 0.943702 0.128235
vt 0.891067 0.299203
vt 0.893323 0.316081
vt 0.884630 0.458653
vt 0.887412 0.328496
vt 0.944820 0.086498
vt 0.942555 0.156550
vt 0.903059 0.347397
vt 0.902461 0.374315
vt 0.869855 0.476678
vt 0.922501 0.256552
vt 0.936166 0.067608
vt 0.901669 0.433903
vt 0.939628 0.240102
vt 0.916179 0.296571
vt 0.909643 0.408669
vt 0.857795 0.506799
vt 0.944740 0.185520
vt 0.911111 0.304736
vt 0.953567 0.168774
vt 0.945912 0.215837
vt 0.909438 0.315900
vt 0.918641 0.327168
vt 0.918094 0.370553
vt 0.922483 0.396520
vt 0.882408 0.504095
vt 0.902396 0.472423
vt 0.857142 0.556578
vt 0.962054 0.106255
vt 0.945151 0.257704
vt 0.874180 0.553805
vt 0.957975 0.145421
vt 0.924649 0.340801
vt 0.867036 0.591645
vt 0.935122 0.279222
vt 0.923592 0.418786
vt 0.858425 0.604059
vt 0.961634 0.188455
vt 0.877052 0.605044
vt 0.926963 0.304240
vt 0.932068 0.317495
vt 0.925810 0.443168
vt 0.891038 0.545792
vt 0.971626 0.132528
vt 0.935209 0.375872
vt 0.976127 0.162890
vt 0.905332 0.517396
vt 0.894507 0.586448
vt 0.967355 0.076955
vt 0.966513 0.208548
vt 0.941162 0.419394
vt 0.929459 0.469506
vt 0.963984 0.236534
vt 0.936882 0.329623
vt 0.922918 0.502704
vt 0.980435 0.111668
vt 0.959932 0.279574
vt 0.946888 0.393082
vt 0.900232 0.607792
vt 0.882450 0.616801
vt 0.950223 0.303608
vt 0.940472 0.324407
vt 0.949115 0.343383
vt 0.910548 0.555446
vt 0.946896 0.310993
vt 0.952839 0.451053
vt 0.955759 0.367583
vt 0.923958 0.567860
vt 0.956115 0.320640
vt 0.931146 0.529238
vt 0.981766 0.228159
vt 0.958374 0.417773
vt 0.991279 0.135282
vt 0.991967 0.195204
vt 0.981203 0.255494
vt 0.999715 0.090420
vt 0.962616 0.319442
vt 0.997976 0.166198
vt 0.493584 0.306850
vt 0.500634 0.305868
vt 0.494875 0.319170
vt 0.502733 0.317705
vt 0.491792 0.296986
vt 0.486329 0.309517
vt 0.488415 0.321141
vt 0.507231 0.300956
vt 0.508359 0.313835
vt 0.500055 0.295079
vt 0.482947 0.298368
vt 0.480932 0.318124
vt 0.498452 0.287082
vt 0.496155 0.329093
vt 0.483644 0.329439
vt 0.481895 0.288225
vt 0.474676 0.303092
vt 0.511000 0.321062
vt 0.504713 0.290345
vt 0.506115 0.329822
vt 0.490395 0.282106
vt 0.468176 0.312447
vt 0.513078 0.307737
vt 0.490562 0.335072
vt 0.517357 0.314507
vt 0.516633 0.324787
vt 0.466184 0.293903
vt 0.514428 0.299919
vt 0.511948 0.291387
vt 0.480980 0.339176
vt 0.469819 0.329969
vt 0.520745 0.307389
vt 0.501652 0.278550
vt 0.500192 0.341406
vt 0.508537 0.284577
vt 0.514323 0.335548
vt 0.508937 0.339633
vt 0.494460 0.274838
vt 0.493284 0.345174
vt 0.479678 0.275405
vt 0.472317 0.281227
vt 0.458218 0.327178
vt 0.521322 0.294408
vt 0.469173 0.341959
vt 0.455912 0.300029
vt 0.508834 0.277136
vt 0.503036 0.350050
vt 0.486532 0.272208
vt 0.453785 0.312968
vt 0.515666 0.284643
vt 0.482606 0.349918
vt 0.456886 0.282651
vt 0.509438 0.269142
vt 0.501257 0.269118
vt 0.468171 0.272303
vt 0.525877 0.320498
vt 0.526860 0.332459
vt 0.521271 0.339788
vt 0.465116 0.353398
vt 0.451743 0.339219
vt 0.525303 0.302366
vt 0.516111 0.347588
vt 0.441643 0.321372
vt 0.442269 0.293612
vt 0.459090 0.268825
vt 0.516450 0.275318
vt 0.444336 0.356453
vt 0.419228 0.301952
vt 0.446507 0.266701
vt 0.429101 0.345799
vt 0.415802 0.327269
vt 0.422149 0.272493
vt 0.428726 0.367229
vt 0.325118 0.298841
vt 0.309534 0.326543
vt 0.305720 0.302240
vt 0.305902 0.281241
vt 0.320584 0.270816
vt 0.296004 0.320053
vt 0.287284 0.293450
vt 0.352263 0.302624
vt 0.329964 0.322054
vt 0.346151 0.277607
vt 0.301567 0.248765
vt 0.286222 0.264138
vt 0.350126 0.330748
vt 0.326853 0.350392
vt 0.274907 0.313792
vt 0.341245 0.258927
vt 0.309336 0.348054
vt 0.292424 0.349574
vt 0.329365 0.248424
vt 0.316442 0.240100
vt 0.253629 0.293471
vt 0.408537 0.353077
vt 0.264166 0.257152
vt 0.394768 0.302356
vt 0.370469 0.279910
vt 0.342227 0.238938
vt 0.373642 0.334756
vt 0.368027 0.254337
vt 0.265749 0.344497
vt 0.244557 0.326961
vt 0.397633 0.268566
vt 0.391213 0.331548
vt 0.378447 0.302899
vt 0.390748 0.361510
vt 0.355636 0.360625
vt 0.384104 0.281331
vt 0.223932 0.246478
vt 0.386850 0.259142
vt 0.214763 0.283658
vt 0.373547 0.375354
vt 0.239516 0.225798
vt 0.206571 0.329824
vt 0.170383 0.274552
vt 0.175434 0.238758
vt 0.191441 0.215175
vt 0.130810 0.232171
vt 0.124711 0.271248
vt 0.088639 0.205150
vt 0.087514 0.231834
vt 0.066201 0.209323
vt 0.077923 0.183689
vt 0.135460 0.201281
vt 0.050137 0.245559
vt 0.101368 0.187321
vt 0.065139 0.167912
vt 0.038471 0.205009
vt 0.040861 0.175933
vt 0.061573 0.148667
vt 0.000285 0.216667
vt 0.493625 0.264056
vt 0.483832 0.262224
vt 0.471594 0.262911
vt 0.503472 0.259031
vt 0.493620 0.254513
vt 0.478117 0.255604
vt 0.519567 0.267979
vt 0.468720 0.246268
vt 0.460135 0.256799
vt 0.512518 0.262024
vt 0.483470 0.248268
vt 0.446604 0.246613
vt 0.519331 0.260609
vt 0.509473 0.251456
vt 0.501927 0.245068
vt 0.459502 0.239091
vt 0.433079 0.252652
vt 0.515020 0.253056
vt 0.493803 0.237550
vt 0.480116 0.233324
vt 0.283196 0.222881
vt 0.321061 0.224494
vt 0.424470 0.227862
vt 0.466694 0.229684
vt 0.340964 0.218735
vt 0.310323 0.211708
vt 0.523093 0.248422
vt 0.409681 0.251017
vt 0.366444 0.231306
vt 0.516061 0.242652
vt 0.508853 0.238864
vt 0.456945 0.225651
vt 0.402200 0.235238
vt 0.389059 0.232028
vt 0.333983 0.201409
vt 0.440916 0.213985
vt 0.503713 0.232741
vt 0.356933 0.206168
vt 0.287891 0.195620
vt 0.486679 0.221368
vt 0.460016 0.212110
vt 0.312566 0.191930
vt 0.265879 0.201645
vt 0.235549 0.195182
vt 0.497018 0.226794
vt 0.475482 0.210933
vt 0.406483 0.204936
vt 0.384600 0.205668
vt 0.512155 0.231919
vt 0.521923 0.238350
vt 0.377852 0.182635
vt 0.351213 0.172902
vt 0.328199 0.170584
vt 0.271053 0.176258
vt 0.299436 0.174396
vt 0.181989 0.183460
vt 0.505313 0.221040
vt 0.088181 0.161288
vt 0.472730 0.192636
vt 0.431462 0.192287
vt 0.224747 0.161960
vt 0.399491 0.178293
vt 0.133564 0.156796
vt 0.456379 0.187842
vt 0.361899 0.157020
vt 0.522442 0.228880
vt 0.493716 0.212727
vt 0.273393 0.154495
vt 0.106387 0.159736
vt 0.080342 0.129872
vt 0.093719 0.139843
vt 0.528613 0.235082
vt 0.531596 0.244705
vt 0.484276 0.206127
vt 0.415262 0.174369
vt 0.306876 0.153648
vt 0.515843 0.222520
vt 0.202120 0.132144
vt 0.111802 0.126855
vt 0.069146 0.126776
vt 0.169149 0.144683
vt 0.439938 0.173157
vt 0.387079 0.152580
vt 0.343381 0.146285
vt 0.326699 0.148117
vt 0.493058 0.197130
vt 0.411841 0.150431
vt 0.255063 0.128912
vt 0.150578 0.121039
vt 0.095363 0.116899
vt 0.537181 0.237679
vt 0.303710 0.132948
vt 0.515337 0.206899
vt 0.429836 0.144595
vt 0.287280 0.112509
vt 0.505523 0.206334
vt 0.531276 0.226511
vt 0.474903 0.170951
vt 0.453523 0.140402
vt 0.494758 0.178500
vt 0.493605 0.361345
vt 0.480111 0.362554
vt 0.509653 0.355945
vt 0.503509 0.364029
vt 0.524422 0.350636
vt 0.519968 0.358932
vt 0.460799 0.372009
vt 0.533735 0.344547
vt 0.513740 0.368688
vt 0.474978 0.386210
vt 0.486286 0.378441
vt 0.502125 0.379939
vt 0.531812 0.357272
vt 0.529768 0.368417
vt 0.450063 0.383944
vt 0.494782 0.391309
vt 0.516138 0.386690
vt 0.526002 0.379914
vt 0.469260 0.403900
vt 0.418099 0.387886
vt 0.301227 0.375428
vt 0.544905 0.354378
vt 0.506430 0.393744
vt 0.485614 0.407064
vt 0.346215 0.384105
vt 0.444040 0.413267
vt 0.271575 0.366304
vt 0.541196 0.364255
vt 0.312746 0.397833
vt 0.503710 0.410506
vt 0.543537 0.377202
vt 0.538504 0.391120
vt 0.521434 0.400411
vt 0.271715 0.391136
vt 0.241332 0.371358
vt 0.396952 0.398538
vt 0.380900 0.397599
vt 0.290149 0.411781
vt 0.559127 0.367066
vt 0.418203 0.417963
vt 0.313982 0.424282
vt 0.465444 0.426844
vt 0.355055 0.416562
vt 0.201592 0.362857
vt 0.489890 0.426050
vt 0.552945 0.348526
vt 0.529621 0.416154
vt 0.390443 0.424402
vt 0.248227 0.415203
vt 0.149532 0.323161
vt 0.450310 0.438713
vt 0.334424 0.447332
vt 0.508358 0.431708
vt 0.217313 0.397658
vt 0.478724 0.440284
vt 0.417029 0.448888
vt 0.377605 0.440201
vt 0.039175 0.231108
vt 0.290925 0.453757
vt 0.561477 0.390112
vt 0.266469 0.450649
vt 0.062894 0.265770
vt 0.360685 0.451818
vt 0.175126 0.386164
vt 0.080542 0.297495
vt 0.236327 0.441147
vt 0.553109 0.403521
vt 0.393106 0.454964
vt 0.014137 0.234942
vt 0.466703 0.466684
vt 0.034790 0.276670
vt 0.012442 0.276611
vt 0.494242 0.451234
vt 0.047390 0.297391
vt 0.571129 0.378832
vt 0.536465 0.435575
vt 0.440444 0.466836
vt 0.186089 0.425708
vt 0.116813 0.357832
vt 0.000287 0.257185
vt 0.553717 0.425949
vt 0.517703 0.459246
vt 0.378067 0.471904
vt 0.360856 0.485238
vt 0.305760 0.493406
vt 0.141024 0.400337
vt 0.576399 0.363409
vt 0.407733 0.491826
vt 0.058527 0.333384
vt 0.390499 0.485469
vt 0.207779 0.464710
vt 0.332817 0.503012
vt 0.277991 0.492436
vt 0.589278 0.386169
vt 0.252729 0.479721
vt 0.574860 0.411623
vt 0.496113 0.472525
vt 0.221205 0.496218
vt 0.443390 0.496375
vt 0.379725 0.502787
vt 0.490065 0.503012
vt 0.523911 0.484203
vt 0.597699 0.413475
vt 0.588074 0.438816
vt 0.559336 0.451317
vt 0.547721 0.476913
vt 0.613584 0.387938
vt 0.576146 0.468477
vt 0.530330 0.307305
vt 0.521346 0.284415
vt 0.532705 0.318583
vt 0.528724 0.292180
vt 0.531838 0.298218
vt 0.523371 0.274916
vt 0.527587 0.281291
vt 0.538432 0.306599
vt 0.537998 0.330044
vt 0.534209 0.281600
vt 0.535280 0.292531
vt 0.541694 0.318797
vt 0.543345 0.339839
vt 0.541682 0.295397
vt 0.530306 0.271599
vt 0.529234 0.262192
vt 0.541180 0.280772
vt 0.548966 0.331707
vt 0.548856 0.302839
vt 0.548922 0.315988
vt 0.538269 0.268997
vt 0.550403 0.290852
vt 0.559013 0.309654
vt 0.559218 0.320693
vt 0.533699 0.254687
vt 0.559914 0.334100
vt 0.559035 0.298817
vt 0.539729 0.262139
vt 0.568123 0.345231
vt 0.554029 0.273614
vt 0.548320 0.261262
vt 0.563186 0.285729
vt 0.571131 0.323127
vt 0.541300 0.250179
vt 0.570036 0.299712
vt 0.571792 0.310962
vt 0.587416 0.316643
vt 0.586626 0.334260
vt 0.582789 0.348651
vt 0.569235 0.269730
vt 0.559440 0.261694
vt 0.582251 0.301170
vt 0.575803 0.279769
vt 0.547479 0.242761
vt 0.553648 0.250235
vt 0.601959 0.361766
vt 0.598803 0.342504
vt 0.541128 0.229770
vt 0.588041 0.287504
vt 0.562266 0.248780
vt 0.567216 0.256061
vt 0.556650 0.239526
vt 0.604973 0.317424
vt 0.553911 0.230076
vt 0.583191 0.269069
vt 0.596851 0.297658
vt 0.579777 0.257113
vt 0.598265 0.282820
vt 0.573906 0.243090
vt 0.565894 0.234200
vt 0.620589 0.339108
vt 0.632384 0.367323
vt 0.614183 0.299050
vt 0.641793 0.323122
vt 0.594292 0.257639
vt 0.607486 0.266289
vt 0.590565 0.241962
vt 0.566602 0.221847
vt 0.623743 0.280281
vt 0.578860 0.229397
vt 0.648349 0.285003
vt 0.607723 0.238858
vt 0.625568 0.254246
vt 0.593680 0.218051
vt 0.578746 0.207714
vt 0.640548 0.240576
vt 0.617752 0.209608
vt 0.082994 0.102642
vt 0.073158 0.095015
vt 0.407237 0.125197
vt 0.222368 0.103952
vt 0.185722 0.100997
vt 0.122535 0.093202
vt 0.108049 0.104519
vt 0.086310 0.080397
vt 0.372691 0.130465
vt 0.152006 0.078310
vt 0.106474 0.080597
vt 0.097107 0.096327
vt 0.329165 0.122279
vt 0.525512 0.215174
vt 0.093382 0.076897
vt 0.113845 0.065992
vt 0.356263 0.120060
vt 0.269788 0.095450
vt 0.184509 0.066367
vt 0.224403 0.065390
vt 0.507879 0.193862
vt 0.395252 0.104254
vt 0.424459 0.108739
vt 0.312627 0.097675
vt 0.259898 0.064092
vt 0.538056 0.218570
vt 0.442324 0.108107
vt 0.374035 0.096653
vt 0.337084 0.096547
vt 0.415089 0.085912
vt 0.431147 0.083469
vt 0.239426 0.025274
vt 0.548786 0.221561
vt 0.532228 0.211491
vt 0.484831 0.151757
vt 0.408496 0.050957
vt 0.357532 0.082356
vt 0.293358 0.066777
vt 0.526992 0.200437
vt 0.520217 0.191729
vt 0.427349 0.057886
vt 0.436511 0.055457
vt 0.380322 0.063561
vt 0.463962 0.096720
vt 0.290876 0.040444
vt 0.544438 0.208335
vt 0.322465 0.069022
vt 0.511173 0.174120
vt 0.341299 0.062827
vt 0.479593 0.128863
vt 0.468066 0.060018
vt 0.396185 0.015178
vt 0.424687 0.027846
vt 0.538917 0.196356
vt 0.503184 0.159440
vt 0.352831 0.042480
vt 0.321543 0.037913
vt 0.313283 0.005040
vt 0.374471 0.039999
vt 0.373376 0.000335
vt 0.536848 0.180478
vt 0.522769 0.176370
vt 0.348623 0.007283
vt 0.505616 0.139594
vt 0.495602 0.089315
vt 0.523313 0.160093
vt 0.558210 0.208407
vt 0.522668 0.143536
vt 0.513276 0.120145
vt 0.533971 0.167327
vt 0.553538 0.192370
vt 0.564906 0.199030
vt 0.547049 0.168007
vt 0.543756 0.150444
vt 0.519712 0.093174
vt 0.563823 0.181167
vt 0.538963 0.131361
vt 0.536320 0.106290
vt 0.577847 0.189564
vt 0.540963 0.078131
vt 0.565260 0.159409
vt 0.556889 0.138702
vt 0.557866 0.110353
vt 0.598335 0.188222
vt 0.580635 0.171946
vt 0.582093 0.126850
vt 0.622797 0.180462
vt 0.577099 0.149288
vt 0.600696 0.162854
vt 0.621254 0.158894
vt 0.612735 0.136312
vt 0.078731 0.799562
vt 0.102310 0.802242
vt 0.086897 0.823050
vt 0.083489 0.771790
vt 0.062358 0.749788
vt 0.094107 0.750496
vt 0.064247 0.717412
vt 0.108708 0.843279
vt 0.071597 0.675435
vt 0.087002 0.713987
vt 0.111109 0.780417
vt 0.093983 0.680668
vt 0.106117 0.725015
vt 0.105079 0.655183
vt 0.082457 0.636952
vt 0.114771 0.700702
vt 0.126233 0.807066
vt 0.113740 0.621368
vt 0.092854 0.609664
vt 0.124460 0.860200
vt 0.141963 0.842626
vt 0.124322 0.750478
vt 0.115720 0.592417
vt 0.117801 0.666506
vt 0.132284 0.775184
vt 0.142205 0.818723
vt 0.137708 0.718725
vt 0.139587 0.679633
vt 0.128420 0.636434
vt 0.143971 0.796233
vt 0.160187 0.819273
vt 0.137821 0.608617
vt 0.140619 0.580372
vt 0.153811 0.860851
vt 0.174535 0.843328
vt 0.145924 0.735935
vt 0.146445 0.756618
vt 0.152594 0.779219
vt 0.137960 0.654378
vt 0.148966 0.638573
vt 0.158865 0.595565
vt 0.161966 0.795896
vt 0.160285 0.620044
vt 0.162197 0.569678
vt 0.155067 0.655492
vt 0.170223 0.762764
vt 0.183600 0.822644
vt 0.163592 0.742249
vt 0.177665 0.798106
vt 0.175978 0.777802
vt 0.177906 0.585049
vt 0.160747 0.672658
vt 0.158415 0.699738
vt 0.209610 0.834655
vt 0.166008 0.716987
vt 0.168723 0.639540
vt 0.180808 0.603531
vt 0.178098 0.621304
vt 0.197186 0.806590
vt 0.177028 0.659720
vt 0.175660 0.691115
vt 0.193803 0.781579
vt 0.180669 0.740687
vt 0.189962 0.761076
vt 0.195265 0.625177
vt 0.180879 0.721123
vt 0.176886 0.674987
vt 0.184708 0.642273
vt 0.225841 0.813348
vt 0.216364 0.789687
vt 0.191429 0.681093
vt 0.195627 0.738714
vt 0.197045 0.650156
vt 0.193586 0.705177
vt 0.195672 0.667538
vt 0.206272 0.753477
vt 0.213233 0.770469
vt 0.194841 0.721599
vt 0.205858 0.728236
vt 0.210609 0.645725
vt 0.207022 0.696390
vt 0.227371 0.772336
vt 0.205524 0.677222
vt 0.211391 0.662020
vt 0.221402 0.753842
vt 0.208567 0.712680
vt 0.217628 0.735500
vt 0.233298 0.755191
vt 0.216909 0.687852
vt 0.222541 0.673045
vt 0.221519 0.705376
vt 0.226355 0.716559
vt 0.232443 0.742871
vt 0.233868 0.729606
vt 0.230119 0.690858
vt 0.238000 0.699559
vt 0.239935 0.715341
vt 0.458941 0.544072
vt 0.439787 0.523072
vt 0.466703 0.513707
vt 0.430738 0.547088
vt 0.419992 0.523895
vt 0.483971 0.537816
vt 0.491848 0.513824
vt 0.187226 0.558285
vt 0.211718 0.534758
vt 0.184950 0.529640
vt 0.334846 0.543269
vt 0.335536 0.505611
vt 0.352454 0.525357
vt 0.411791 0.538761
vt 0.309949 0.520926
vt 0.505694 0.549375
vt 0.527348 0.528464
vt 0.552809 0.546015
vt 0.530167 0.552433
vt 0.586469 0.587535
vt 0.581500 0.555841
vt 0.613723 0.559411
vt 0.678852 0.576034
vt 0.666581 0.589255
vt 0.669455 0.564199
vt 0.193946 0.581833
vt 0.412087 0.558445
vt 0.403066 0.538450
vt 0.619601 0.601809
vt 0.644549 0.578336
vt 0.226499 0.553036
vt 0.237845 0.521492
vt 0.290385 0.551206
vt 0.279922 0.496319
vt 0.390876 0.559035
vt 0.377881 0.542387
vt 0.391827 0.535962
vt 0.552897 0.575760
vt 0.404449 0.561362
vt 0.444747 0.564154
vt 0.656337 0.614363
vt 0.677783 0.599836
vt 0.207596 0.565317
vt 0.262295 0.521800
vt 0.261116 0.544038
vt 0.483562 0.561197
vt 0.312226 0.554253
vt 0.351331 0.570467
vt 0.399030 0.578187
vt 0.499286 0.578298
vt 0.518201 0.590916
vt 0.547495 0.602812
vt 0.682222 0.625326
vt 0.378616 0.590548
vt 0.389124 0.589875
vt 0.407452 0.587572
vt 0.422343 0.578620
vt 0.465988 0.567732
vt 0.617218 0.639173
vt 0.223712 0.573575
vt 0.584801 0.618070
vt 0.651969 0.642179
vt 0.218163 0.589827
vt 0.414791 0.589385
vt 0.205182 0.602320
vt 0.248238 0.569449
vt 0.266241 0.563764
vt 0.396291 0.605473
vt 0.447483 0.584638
vt 0.587056 0.654815
vt 0.426185 0.607940
vt 0.475972 0.587227
vt 0.539770 0.640187
vt 0.238244 0.580562
vt 0.324377 0.576786
vt 0.414998 0.619280
vt 0.557890 0.662066
vt 0.340244 0.591892
vt 0.405798 0.616647
vt 0.514541 0.618090
vt 0.389473 0.623402
vt 0.453598 0.603940
vt 0.493558 0.604662
vt 0.298884 0.578962
vt 0.375834 0.644853
vt 0.474161 0.615893
vt 0.257214 0.589524
vt 0.279577 0.578607
vt 0.396454 0.635469
vt 0.430234 0.630275
vt 0.235222 0.599315
vt 0.406458 0.645499
vt 0.528921 0.667637
vt 0.498901 0.634160
vt 0.355467 0.621624
vt 0.390033 0.657297
vt 0.454482 0.632818
vt 0.216126 0.624732
vt 0.315820 0.597366
vt 0.416822 0.657554
vt 0.398253 0.664006
vt 0.407543 0.675964
vt 0.428638 0.675369
vt 0.417906 0.685574
vt 0.442106 0.648989
vt 0.289688 0.593664
vt 0.327350 0.612343
vt 0.507128 0.660763
vt 0.227944 0.613757
vt 0.271536 0.605463
vt 0.477834 0.642568
vt 0.334981 0.631793
vt 0.378923 0.676755
vt 0.448135 0.674047
vt 0.491365 0.660426
vt 0.460702 0.651018
vt 0.299866 0.609221
vt 0.468561 0.667271
vt 0.229821 0.627498
vt 0.246573 0.621154
vt 0.258798 0.611439
vt 0.223068 0.642083
vt 0.286222 0.616802
vt 0.346546 0.656348
vt 0.313696 0.629651
vt 0.346652 0.680966
vt 0.228112 0.656485
vt 0.241271 0.632046
vt 0.261629 0.626064
vt 0.239233 0.647966
vt 0.275005 0.629060
vt 0.290338 0.634028
vt 0.329208 0.663141
vt 0.254706 0.643344
vt 0.317625 0.653455
vt 0.305880 0.645162
vt 0.321410 0.677683
vt 0.271112 0.641689
vt 0.249363 0.663535
vt 0.284481 0.652588
vt 0.296532 0.659708
vt 0.238618 0.675207
vt 0.308091 0.670998
vt 0.262058 0.657514
vt 0.273745 0.662255
vt 0.247815 0.686686
vt 0.296378 0.680122
vt 0.281703 0.673351
vt 0.260936 0.675766
vt 0.250872 0.700296
vt 0.261611 0.694813
vt 0.267008 0.686119
vt 0.278537 0.696441
vt 0.580286 0.768652
vt 0.612316 0.780493
vt 0.586576 0.809104
vt 0.550926 0.804343
vt 0.424464 0.810141
vt 0.427816 0.839616
vt 0.417289 0.820699
vt 0.434810 0.841729
vt 0.621258 0.748605
vt 0.709852 0.729662
vt 0.657811 0.725798
vt 0.682531 0.694797
vt 0.486561 0.816586
vt 0.498674 0.846964
vt 0.470969 0.835029
vt 0.708074 0.703236
vt 0.518992 0.822338
vt 0.228512 0.839264
vt 0.214031 0.867135
vt 0.238023 0.865072
vt 0.521563 0.786784
vt 0.616268 0.707735
vt 0.456500 0.805756
vt 0.444397 0.838058
vt 0.579024 0.733154
vt 0.695517 0.672414
vt 0.251081 0.843280
vt 0.267220 0.862963
vt 0.393189 0.805445
vt 0.403493 0.837773
vt 0.380893 0.850373
vt 0.404865 0.804700
vt 0.411525 0.835564
vt 0.646605 0.701559
vt 0.438634 0.799376
vt 0.506289 0.797536
vt 0.649354 0.672627
vt 0.365955 0.808350
vt 0.678409 0.660648
vt 0.425343 0.786491
vt 0.323015 0.837791
vt 0.326822 0.866603
vt 0.294519 0.867135
vt 0.348148 0.850677
vt 0.484623 0.784503
vt 0.542938 0.767006
vt 0.689235 0.646902
vt 0.618217 0.674905
vt 0.411376 0.788557
vt 0.281993 0.841050
vt 0.398559 0.770563
vt 0.458299 0.781390
vt 0.572251 0.696892
vt 0.299699 0.832119
vt 0.539577 0.744627
vt 0.337368 0.816808
vt 0.434907 0.765188
vt 0.501190 0.770961
vt 0.244256 0.821368
vt 0.414089 0.769795
vt 0.388998 0.769555
vt 0.544542 0.721322
vt 0.405504 0.757528
vt 0.516747 0.744813
vt 0.422762 0.749937
vt 0.533200 0.688156
vt 0.281656 0.819238
vt 0.478302 0.759112
vt 0.262716 0.823604
vt 0.361400 0.776267
vt 0.412291 0.736813
vt 0.459604 0.753941
vt 0.440072 0.732359
vt 0.490905 0.745229
vt 0.342692 0.794700
vt 0.395556 0.733839
vt 0.235292 0.793145
vt 0.382372 0.729808
vt 0.420056 0.718754
vt 0.519667 0.713929
vt 0.268113 0.802291
vt 0.313628 0.807368
vt 0.371207 0.756517
vt 0.407175 0.714215
vt 0.430682 0.706693
vt 0.477573 0.734960
vt 0.502274 0.721857
vt 0.288274 0.804482
vt 0.320411 0.786056
vt 0.392145 0.703189
vt 0.464100 0.720283
vt 0.509562 0.691591
vt 0.253438 0.799516
vt 0.487934 0.709674
vt 0.337197 0.773448
vt 0.360372 0.702986
vt 0.450877 0.697130
vt 0.304036 0.784763
vt 0.348865 0.752700
vt 0.468040 0.693086
vt 0.487386 0.684437
vt 0.287245 0.784464
vt 0.355369 0.732217
vt 0.239615 0.772364
vt 0.253740 0.781520
vt 0.344709 0.715556
vt 0.326983 0.751391
vt 0.275365 0.779810
vt 0.339533 0.737094
vt 0.315039 0.764350
vt 0.333984 0.695357
vt 0.264634 0.768579
vt 0.328402 0.726076
vt 0.256411 0.759916
vt 0.286550 0.762950
vt 0.304152 0.755871
vt 0.247101 0.752057
vt 0.289593 0.741329
vt 0.312639 0.739027
vt 0.315956 0.696359
vt 0.247590 0.738103
vt 0.271717 0.749850
vt 0.317186 0.717012
vt 0.260589 0.740023
vt 0.304291 0.719084
vt 0.252949 0.721117
vt 0.277455 0.730908
vt 0.291410 0.700667
vt 0.263312 0.721223
vt 0.285764 0.720029
vt 0.258480 0.706631
vt 0.274850 0.711500
s 1
usemtl material_0
f 1/1/1 2/2/2 3/3/3
f 4/4/4 3/3/3 5/5/5
f 6/6/6 7/7/7 2/2/2
f 1/1/1 6/6/6 2/2/2
f 4/4/4 1/1/1 3/3/3
f 8/8/8 1/1/1 4/4/4
f 6/6/6 9/9/9 7/7/7
f 6/6/6 10/10/10 11/11/11
f 12/12/12 13/13/13 4/4/4
f 13/13/13 8/8/8 4/4/4
f 14/14/14 15/15/15 9/9/9
f 14/14/14 9/9/9 6/6/6
f 11/11/11 14/14/14 6/6/6
f 13/13/13 16/16/16 8/8/8
f 17/17/17 14/14/14 11/11/11
f 18/18/18 15/15/15 14/14/14
f 19/19/19 16/16/16 13/13/13
f 19/19/19 20/20/20 21/21/21
f 20/20/20 14/14/14 17/17/17
f 22/22/22 19/19/19 13/13/13
f 23/23/23 18/18/18 14/14/14
f 23/23/23 14/14/14 20/20/20
f 24/24/24 20/20/20 19/19/19
f 22/22/22 24/24/24 19/19/19
f 24/24/24 23/23/23 20/20/20
f 25/25/25 26/26/26 27/27/27
f 28/28/28 25/25/25 29/29/29
f 30/30/30 27/27/27 31/31/31
f 32/32/32 27/27/27 30/30/30
f 33/33/33 34/34/34 35/35/35
f 25/25/25 27/27/27 32/32/32
f 36/36/36 37/37/37 33/33/33
f 31/31/31 37/37/37 36/36/36
f 30/30/30 31/31/31 38/38/38
f 25/25/25 32/32/32 29/29/29
f 39/39/19 29/29/29 40/40/39
f 35/35/35 34/34/34 41/41/40
f 42/42/41 33/33/33 35/35/35
f 36/36/36 33/33/33 42/42/41
f 38/38/38 31/31/31 43/43/42
f 44/44/43 38/38/38 45/45/44
f 46/46/20 28/28/28 29/29/29
f 31/31/31 36/36/36 43/43/42
f 38/38/38 43/43/42 47/47/45
f 45/45/44 38/38/38 47/47/45
f 38/38/38 32/32/32 30/30/30
f 40/40/39 29/29/29 32/32/32
f 48/48/46 49/49/47 50/50/48
f 51/51/49 32/32/32 38/38/38
f 40/40/39 32/32/32 51/51/49
f 52/52/50 40/40/39 51/51/49
f 47/47/45 43/43/42 53/53/51
f 54/54/52 55/55/53 56/56/54
f 50/50/48 55/55/53 54/54/52
f 57/57/55 49/49/47 48/48/46
f 58/58/56 59/59/57 60/60/58
f 36/36/36 42/42/41 61/61/59
f 43/43/42 36/36/36 61/61/59
f 62/62/60 48/48/46 50/50/48
f 62/62/60 50/50/48 54/54/52
f 60/60/58 63/63/61 64/64/62
f 35/35/35 41/41/40 58/58/56
f 53/53/51 43/43/42 61/61/59
f 56/56/54 65/65/63 66/66/64
f 57/57/55 48/48/46 67/67/65
f 58/58/56 60/60/58 68/68/66
f 63/63/61 57/57/55 67/67/65
f 42/42/41 69/69/67 61/61/59
f 53/53/51 61/61/59 70/70/68
f 64/64/62 63/63/61 67/67/65
f 71/71/69 35/35/35 58/58/56
f 69/69/67 42/42/41 35/35/35
f 72/72/70 62/62/60 54/54/52
f 62/62/60 73/73/71 48/48/46
f 65/65/63 74/74/72 75/75/73
f 68/68/66 60/60/58 64/64/62
f 61/61/59 69/69/67 76/76/74
f 70/70/68 61/61/59 76/76/74
f 66/66/64 65/65/63 75/75/73
f 77/77/75 54/54/52 56/56/54
f 72/72/70 54/54/52 78/78/76
f 67/67/65 48/48/46 73/73/71
f 71/71/69 58/58/56 68/68/66
f 35/35/35 71/71/69 79/79/77
f 77/77/75 56/56/54 66/66/64
f 54/54/52 77/77/75 78/78/76
f 80/80/78 62/62/60 72/72/70
f 81/81/79 62/62/60 80/80/78
f 81/81/79 73/73/71 62/62/60
f 80/80/78 72/72/70 82/82/80
f 83/83/81 67/67/65 73/73/71
f 69/69/67 35/35/35 79/79/77
f 76/76/74 69/69/67 84/84/82
f 82/82/80 72/72/70 78/78/76
f 81/81/79 83/83/81 73/73/71
f 82/82/80 78/78/76 85/85/83
f 86/86/84 80/80/78 82/82/80
f 86/86/84 81/81/79 80/80/78
f 87/87/85 67/67/65 83/83/81
f 88/88/86 89/89/87 90/90/88
f 91/91/89 82/82/80 92/92/90
f 86/86/84 82/82/80 91/91/89
f 93/93/91 86/86/84 91/91/89
f 71/71/69 68/68/66 94/94/92
f 79/79/77 71/71/69 94/94/92
f 69/69/67 79/79/77 84/84/82
f 82/82/80 85/85/83 92/92/90
f 95/95/93 96/96/94 97/97/95
f 88/88/86 74/74/72 89/89/87
f 88/88/86 98/98/96 74/74/72
f 99/99/97 78/78/76 77/77/75
f 64/64/62 67/67/65 87/87/85
f 100/100/98 64/64/62 87/87/85
f 68/68/66 64/64/62 100/100/98
f 98/98/96 75/75/73 74/74/72
f 77/77/75 66/66/64 75/75/73
f 92/92/90 85/85/83 101/101/99
f 102/102/100 92/92/90 101/101/99
f 94/94/92 68/68/66 100/100/98
f 79/79/77 94/94/92 84/84/82
f 96/96/94 103/103/101 97/97/95
f 88/88/86 90/90/88 104/104/102
f 105/105/103 81/81/79 86/86/84
f 106/106/104 83/83/81 81/81/79
f 106/106/104 87/87/85 83/83/81
f 100/100/98 87/87/85 106/106/104
f 76/76/74 107/107/105 108/108/106
f 76/76/74 84/84/82 107/107/105
f 104/104/102 90/90/88 109/109/107
f 85/85/83 78/78/76 101/101/99
f 109/109/107 95/95/93 110/110/108
f 101/101/99 78/78/76 99/99/97
f 105/105/103 106/106/104 81/81/79
f 111/111/109 100/100/98 106/106/104
f 111/111/109 94/94/92 100/100/98
f 112/112/110 94/94/92 111/111/109
f 97/97/95 103/103/101 113/113/111
f 110/110/108 95/95/93 97/97/95
f 84/84/82 94/94/92 112/112/110
f 114/114/112 106/106/104 105/105/103
f 84/84/82 112/112/110 107/107/105
f 114/114/112 111/111/109 106/106/104
f 107/107/105 112/112/110 111/111/109
f 110/110/108 97/97/95 115/115/113
f 116/116/114 109/109/107 110/110/108
f 117/117/115 88/88/86 104/104/102
f 118/118/116 111/111/109 114/114/112
f 107/107/105 111/111/109 118/118/116
f 119/119/117 97/97/95 113/113/111
f 104/104/102 109/109/107 116/116/114
f 77/77/75 75/75/73 120/120/118
f 121/121/119 119/119/117 113/113/111
f 98/98/96 88/88/86 122/122/120
f 99/99/97 77/77/75 123/123/121
f 123/123/121 101/101/99 99/99/97
f 115/115/113 97/97/95 119/119/117
f 75/75/73 98/98/96 124/124/122
f 123/123/121 77/77/75 120/120/118
f 117/117/115 104/104/102 116/116/114
f 122/122/120 88/88/86 117/117/115
f 124/124/122 98/98/96 122/122/120
f 120/120/118 75/75/73 124/124/122
f 119/119/117 121/121/119 125/125/123
f 126/126/124 116/116/114 110/110/108
f 127/127/125 117/117/115 116/116/114
f 128/128/126 101/101/99 123/123/121
f 102/102/100 101/101/99 128/128/126
f 115/115/113 119/119/117 129/129/127
f 126/126/124 110/110/108 115/115/113
f 122/122/120 117/117/115 130/130/128
f 123/123/121 120/120/118 131/131/129
f 130/130/128 124/124/122 122/122/120
f 132/132/130 119/119/117 125/125/123
f 126/126/124 115/115/113 129/129/127
f 133/133/131 102/102/100 128/128/126
f 131/131/129 120/120/118 124/124/122
f 128/128/126 123/123/121 131/131/129
f 127/127/125 116/116/114 126/126/124
f 102/102/100 133/133/131 134/134/132
f 132/132/130 129/129/127 119/119/117
f 135/135/133 117/117/115 127/127/125
f 130/130/128 117/117/115 135/135/133
f 136/136/134 132/132/130 125/125/123
f 124/124/122 130/130/128 137/137/135
f 133/133/131 128/128/126 138/138/136
f 139/139/137 129/129/127 132/132/130
f 124/124/122 137/137/135 140/140/138
f 140/140/138 131/131/129 124/124/122
f 126/126/124 129/129/127 139/139/137
f 141/141/139 134/134/132 133/133/131
f 142/142/140 136/136/134 125/125/123
f 137/137/135 130/130/128 135/135/133
f 128/128/126 131/131/129 140/140/138
f 143/143/141 127/127/125 126/126/124
f 135/135/133 127/127/125 143/143/141
f 128/128/126 140/140/138 138/138/136
f 133/133/131 138/138/136 144/144/142
f 141/141/139 133/133/131 144/144/142
f 143/143/141 126/126/124 139/139/137
f 145/145/143 137/137/135 135/135/133
f 138/138/136 140/140/138 146/146/144
f 136/136/134 147/147/145 132/132/130
f 140/140/138 137/137/135 145/145/143
f 148/148/146 136/136/134 142/142/140
f 139/139/137 132/132/130 147/147/145
f 135/135/133 143/143/141 149/149/147
f 138/138/136 146/146/144 150/150/148
f 138/138/136 150/150/148 144/144/142
f 151/151/149 143/143/141 139/139/137
f 145/145/143 135/135/133 149/149/147
f 140/140/138 145/145/143 152/152/150
f 146/146/144 140/140/138 152/152/150
f 148/148/146 142/142/140 153/153/151
f 147/147/145 136/136/134 148/148/146
f 151/151/149 139/139/137 147/147/145
f 149/149/147 143/143/141 151/151/149
f 144/144/142 150/150/148 154/154/152
f 145/145/143 149/149/147 155/155/153
f 152/152/150 145/145/143 155/155/153
f 146/146/144 152/152/150 156/156/154
f 150/150/148 146/146/144 156/156/154
f 157/157/155 148/148/146 153/153/151
f 147/147/145 148/148/146 158/158/156
f 155/155/153 149/149/147 151/151/149
f 154/154/152 150/150/148 156/156/154
f 154/154/152 156/156/154 159/159/157
f 152/152/150 155/155/153 156/156/154
f 157/157/155 158/158/156 148/148/146
f 160/160/158 147/147/145 158/158/156
f 151/151/149 147/147/145 160/160/158
f 161/161/159 158/158/156 157/157/155
f 155/155/153 151/151/149 160/160/158
f 160/160/158 158/158/156 161/161/159
f 162/162/160 160/160/158 161/161/159
f 155/155/153 160/160/158 162/162/160
f 156/156/154 155/155/153 162/162/160
f 159/159/157 156/156/154 162/162/160
f 163/163/161 164/164/162 165/165/163
f 166/166/164 163/163/161 165/165/163
f 167/167/165 163/163/161 166/166/164
f 168/168/166 164/164/162 163/163/161
f 169/169/167 163/163/161 167/167/165
f 170/170/168 169/169/167 167/167/165
f 168/168/166 163/163/161 169/169/167
f 166/166/164 165/165/163 171/171/169
f 164/164/162 172/172/170 165/165/163
f 173/173/171 167/167/165 166/166/164
f 168/168/166 174/174/172 164/164/162
f 175/175/173 169/169/167 170/170/168
f 176/176/174 168/168/166 169/169/167
f 177/177/175 176/176/174 169/169/167
f 164/164/162 178/178/176 172/172/170
f 164/164/162 174/174/172 178/178/176
f 170/170/168 167/167/165 173/173/171
f 179/179/177 180/180/178 168/168/166
f 175/175/173 177/177/175 169/169/167
f 176/176/174 179/179/177 168/168/166
f 165/165/163 172/172/170 171/171/169
f 181/181/179 166/166/164 171/171/169
f 168/168/166 180/180/178 174/174/172
f 173/173/171 166/166/164 182/182/180
f 183/183/181 170/170/168 173/173/171
f 172/172/170 184/184/182 171/171/169
f 172/172/170 185/185/183 184/184/182
f 181/181/179 171/171/169 186/186/184
f 182/182/180 166/166/164 181/181/179
f 187/187/185 173/173/171 182/182/180
f 188/188/186 178/178/176 174/174/172
f 183/183/181 173/173/171 187/187/185
f 177/177/175 179/179/177 176/176/174
f 172/172/170 178/178/176 189/189/187
f 190/190/188 179/179/177 177/177/175
f 171/171/169 184/184/182 191/191/189
f 171/171/169 191/191/189 186/186/184
f 172/172/170 189/189/187 185/185/183
f 182/182/180 181/181/179 192/192/190
f 178/178/176 193/193/191 189/189/187
f 188/188/186 193/193/191 178/178/176
f 185/185/183 194/194/192 184/184/182
f 189/189/187 193/193/191 195/195/193
f 184/184/182 194/194/192 191/191/189
f 181/181/179 186/186/184 196/196/194
f 189/189/187 197/197/195 185/185/183
f 186/186/184 191/191/189 198/198/196
f 196/196/194 186/186/184 198/198/196
f 181/181/179 196/196/194 192/192/190
f 189/189/187 195/195/193 197/197/195
f 182/182/180 192/192/190 199/199/197
f 198/198/196 191/191/189 200/200/198
f 185/185/183 201/201/199 194/194/192
f 193/193/191 202/202/200 195/195/193
f 191/191/189 194/194/192 200/200/198
f 185/185/183 197/197/195 201/201/199
f 199/199/197 192/192/190 203/203/201
f 204/204/202 196/196/194 198/198/196
f 192/192/190 196/196/194 205/205/203
f 192/192/190 205/205/203 206/206/204
f 203/203/201 192/192/190 206/206/204
f 202/202/200 207/207/205 195/195/193
f 198/198/196 200/200/198 208/208/206
f 195/195/193 207/207/205 197/197/195
f 204/204/202 198/198/196 208/208/206
f 200/200/198 194/194/192 209/209/207
f 196/196/194 204/204/202 205/205/203
f 210/210/208 197/197/195 207/207/205
f 208/208/206 200/200/198 211/211/209
f 194/194/192 201/201/199 209/209/207
f 212/212/210 201/201/199 197/197/195
f 211/211/209 200/200/198 209/209/207
f 209/209/207 201/201/199 213/213/211
f 214/214/212 206/206/204 205/205/203
f 197/197/195 210/210/208 212/212/210
f 213/213/211 201/201/199 212/212/210
f 205/205/203 204/204/202 215/215/213
f 203/203/201 206/206/204 214/214/212
f 215/215/213 204/204/202 216/216/214
f 217/217/215 203/203/201 214/214/212
f 211/211/209 209/209/207 218/218/216
f 216/216/214 204/204/202 208/208/206
f 213/213/211 212/212/210 219/219/217
f 214/214/212 205/205/203 215/215/213
f 218/218/216 209/209/207 213/213/211
f 218/218/216 213/213/211 219/219/217
f 220/220/218 212/212/210 210/210/208
f 219/219/217 212/212/210 221/221/219
f 221/221/219 212/212/210 220/220/218
f 222/222/220 221/221/219 220/220/218
f 223/180/221 224/188/222 225/174/223
f 223/180/221 226/223/224 224/188/222
f 223/180/221 227/224/225 226/223/224
f 227/224/225 223/180/221 228/179/177
f 229/225/226 228/179/177 230/190/227
f 231/226/228 227/224/225 228/179/177
f 229/225/226 231/226/228 228/179/177
f 232/227/229 229/225/226 230/190/227
f 224/188/222 233/228/230 234/193/231
f 235/229/232 233/228/230 224/188/222
f 226/223/224 235/229/232 224/188/222
f 227/224/225 236/230/233 226/223/224
f 231/226/228 236/230/233 227/224/225
f 237/231/234 231/226/228 229/225/226
f 237/231/234 229/225/226 232/227/229
f 238/232/235 232/227/229 230/190/227
f 236/230/233 235/229/232 226/223/224
f 234/193/231 239/233/236 240/202/237
f 239/233/236 234/193/231 233/228/230
f 241/234/238 232/227/229 238/232/235
f 235/229/232 242/235/239 233/228/230
f 243/236/240 231/226/228 237/231/234
f 236/230/233 244/237/241 235/229/232
f 245/238/242 232/227/229 241/234/238
f 242/235/239 239/233/236 233/228/230
f 231/226/228 243/236/240 236/230/233
f 237/231/234 246/239/243 243/236/240
f 245/238/242 237/231/234 232/227/229
f 245/238/242 246/239/243 237/231/234
f 244/237/241 247/240/244 235/229/232
f 243/236/240 244/237/241 236/230/233
f 247/240/244 242/235/239 235/229/232
f 248/241/245 244/237/241 243/236/240
f 248/241/245 243/236/240 246/239/243
f 249/242/246 250/207/247 240/202/237
f 239/233/236 251/243/248 240/202/237
f 249/242/246 252/210/249 250/207/247
f 253/244/250 239/233/236 242/235/239
f 247/240/244 253/244/250 242/235/239
f 254/245/251 246/239/243 245/238/242
f 254/245/251 245/238/242 241/234/238
f 253/244/250 251/243/248 239/233/236
f 255/246/252 256/247/253 247/240/244
f 255/246/252 247/240/244 244/237/241
f 251/243/248 249/242/246 240/202/237
f 257/248/254 258/249/255 241/234/238
f 258/249/255 254/245/251 241/234/238
f 259/250/256 260/251/257 261/252/258
f 249/242/246 262/220/218 252/210/249
f 259/250/256 263/253/259 260/251/257
f 259/250/256 264/254/260 263/253/259
f 265/255/261 264/254/260 259/250/256
f 244/237/241 248/241/245 266/256/262
f 267/257/263 248/241/245 246/239/243
f 267/257/263 246/239/243 254/245/251
f 268/258/264 265/255/261 259/250/256
f 268/258/264 259/250/256 269/259/265
f 256/247/253 253/244/250 247/240/244
f 244/237/241 266/256/262 255/246/252
f 270/260/266 260/251/257 263/253/259
f 271/261/267 264/254/260 265/255/261
f 272/262/268 266/256/262 248/241/245
f 258/249/255 273/263/269 254/245/251
f 274/264/270 271/261/267 265/255/261
f 268/258/264 274/264/270 265/255/261
f 275/265/271 253/244/250 256/247/253
f 264/254/260 276/266/272 263/253/259
f 263/253/259 277/267/273 270/260/266
f 278/268/274 249/242/246 251/243/248
f 279/269/275 256/247/253 255/246/252
f 280/270/276 248/241/245 267/257/263
f 273/263/269 267/257/263 254/245/251
f 263/253/259 276/266/272 281/271/277
f 282/272/278 274/264/270 268/258/264
f 283/273/279 251/243/248 253/244/250
f 280/270/276 272/262/268 248/241/245
f 284/274/280 273/263/269 258/249/255
f 285/275/281 284/274/280 258/249/255
f 285/275/281 286/276/282 287/277/283
f 288/278/284 287/277/283 286/276/282
f 271/261/267 289/279/285 264/254/260
f 279/269/275 255/246/252 266/256/262
f 285/275/281 287/277/283 284/274/280
f 288/278/284 290/280/286 287/277/283
f 270/260/266 290/280/286 288/278/284
f 263/253/259 281/271/277 277/267/273
f 291/281/287 262/220/218 249/242/246
f 278/268/274 291/281/287 249/242/246
f 273/263/269 280/270/276 267/257/263
f 287/277/283 292/282/288 284/274/280
f 293/283/289 292/282/288 287/277/283
f 277/267/273 290/280/286 270/260/266
f 294/284/290 289/279/285 271/261/267
f 295/285/291 271/261/267 274/264/270
f 296/286/292 274/264/270 282/272/278
f 275/265/271 283/273/279 253/244/250
f 290/280/286 297/287/293 287/277/283
f 290/280/286 277/267/273 297/287/293
f 276/266/272 298/288/294 281/271/277
f 264/254/260 289/279/285 276/266/272
f 299/289/295 295/285/291 274/264/270
f 299/289/295 274/264/270 296/286/292
f 283/273/279 278/268/274 251/243/248
f 300/290/296 266/256/262 272/262/268
f 297/287/293 293/283/289 287/277/283
f 277/267/273 281/271/277 301/291/297
f 276/266/272 289/279/285 298/288/294
f 302/292/298 294/284/290 271/261/267
f 302/292/298 271/261/267 295/285/291
f 284/274/280 303/293/299 273/263/269
f 292/282/288 303/293/299 284/274/280
f 293/283/289 304/294/300 292/282/288
f 305/295/301 280/270/276 273/263/269
f 292/282/288 304/294/300 303/293/299
f 277/267/273 301/291/297 297/287/293
f 301/291/297 281/271/277 298/288/294
f 275/265/271 256/247/253 279/269/275
f 300/290/296 279/269/275 266/256/262
f 289/279/285 306/296/302 298/288/294
f 307/297/303 304/294/300 293/283/289
f 297/287/293 307/297/303 293/283/289
f 301/291/297 298/288/294 308/298/304
f 297/287/293 301/291/297 307/297/303
f 294/284/290 309/299/305 289/279/285
f 310/300/306 283/273/279 275/265/271
f 311/301/307 279/269/275 300/290/296
f 312/302/308 300/290/296 272/262/268
f 306/296/302 289/279/285 309/299/305
f 313/303/309 302/292/298 295/285/291
f 299/289/295 313/303/309 295/285/291
f 314/304/310 262/220/218 291/281/287
f 315/305/311 278/268/274 283/273/279
f 316/306/312 310/300/306 275/265/271
f 279/269/275 316/306/312 275/265/271
f 303/293/299 305/295/301 273/263/269
f 317/307/313 303/293/299 304/294/300
f 307/297/303 318/308/314 304/294/300
f 319/309/315 299/289/295 296/286/292
f 312/302/308 272/262/268 280/270/276
f 305/295/301 320/310/316 280/270/276
f 314/304/310 321/222/220 262/220/218
f 320/310/316 312/302/308 280/270/276
f 318/308/314 317/307/313 304/294/300
f 322/311/317 294/284/290 302/292/298
f 323/312/318 291/281/287 278/268/274
f 315/305/311 323/312/318 278/268/274
f 308/298/304 307/297/303 301/291/297
f 306/296/302 308/298/304 298/288/294
f 324/313/319 322/311/317 302/292/298
f 310/300/306 315/305/311 283/273/279
f 324/313/319 302/292/298 313/303/309
f 325/314/320 313/303/309 299/289/295
f 325/314/320 299/289/295 319/309/315
f 326/315/321 325/314/320 319/309/315
f 327/316/322 314/304/310 291/281/287
f 323/312/318 327/316/322 291/281/287
f 311/301/307 316/306/312 279/269/275
f 328/317/323 311/301/307 300/290/296
f 328/317/323 300/290/296 312/302/308
f 329/318/324 320/310/316 305/295/301
f 330/319/325 307/297/303 308/298/304
f 331/320/326 306/296/302 309/299/305
f 309/299/305 294/284/290 322/311/317
f 332/321/327 321/222/220 314/304/310
f 329/318/324 305/295/301 303/293/299
f 333/322/328 308/298/304 306/296/302
f 326/315/321 334/323/329 325/314/320
f 329/318/324 303/293/299 317/307/313
f 318/308/314 307/297/303 330/319/325
f 335/324/330 330/319/325 308/298/304
f 336/325/331 322/311/317 324/313/319
f 337/326/332 334/323/329 326/315/321
f 333/322/328 335/324/330 308/298/304
f 338/327/333 324/313/319 313/303/309
f 339/328/334 340/329/335 317/307/313
f 339/328/334 317/307/313 318/308/314
f 341/330/336 309/299/305 322/311/317
f 342/331/337 334/323/329 337/326/332
f 342/331/337 343/332/338 334/323/329
f 344/333/339 327/316/322 323/312/318
f 345/334/340 328/317/323 312/302/308
f 320/310/316 345/334/340 312/302/308
f 329/318/324 317/307/313 340/329/335
f 331/320/326 333/322/328 306/296/302
f 331/320/326 309/299/305 341/330/336
f 346/335/341 325/314/320 334/323/329
f 347/336/342 310/300/306 316/306/312
f 348/337/343 313/303/309 325/314/320
f 346/335/341 348/337/343 325/314/320
f 349/338/344 343/332/338 342/331/337
f 350/339/345 351/340/346 315/305/311
f 350/339/345 315/305/311 310/300/306
f 352/341/347 316/306/312 311/301/307
f 352/341/347 311/301/307 328/317/323
f 343/332/338 346/335/341 334/323/329
f 347/336/342 350/339/345 310/300/306
f 353/342/348 318/308/314 330/319/325
f 338/327/333 313/303/309 348/337/343
f 354/343/349 352/341/347 328/317/323
f 330/319/325 335/324/330 353/342/348
f 336/325/331 341/330/336 322/311/317
f 338/327/333 355/344/350 324/313/319
f 356/345/351 346/335/341 343/332/338
f 357/346/352 332/321/327 314/304/310
f 327/316/322 357/346/352 314/304/310
f 315/305/311 351/340/346 323/312/318
f 352/341/347 347/336/342 316/306/312
f 354/343/349 328/317/323 345/334/340
f 353/342/348 339/328/334 318/308/314
f 358/347/353 333/322/328 331/320/326
f 351/340/346 344/333/339 323/312/318
f 359/348/354 358/347/353 331/320/326
f 359/348/354 331/320/326 341/330/336
f 355/344/350 336/325/331 324/313/319
f 356/345/351 360/349/355 346/335/341
f 361/350/356 356/345/351 343/332/338
f 362/351/357 320/310/316 329/318/324
f 362/351/357 329/318/324 340/329/335
f 363/352/358 341/330/336 336/325/331
f 357/346/352 327/316/322 344/333/339
f 364/353/359 344/333/339 351/340/346
f 339/328/334 365/354/360 340/329/335
f 366/355/361 339/328/334 353/342/348
f 367/356/362 345/334/340 320/310/316
f 362/351/357 367/356/362 320/310/316
f 365/354/360 339/328/334 366/355/361
f 368/357/363 353/342/348 335/324/330
f 369/358/364 335/324/330 333/322/328
f 363/352/358 336/325/331 355/344/350
f 370/359/365 338/327/333 348/337/343
f 360/349/355 348/337/343 346/335/341
f 371/360/366 360/349/355 356/345/351
f 361/350/356 371/360/366 356/345/351
f 372/361/367 357/346/352 344/333/339
f 350/339/345 373/362/368 351/340/346
f 366/355/361 353/342/348 368/357/363
f 369/358/364 368/357/363 335/324/330
f 358/347/353 369/358/364 333/322/328
f 374/363/369 355/344/350 338/327/333
f 374/363/369 338/327/333 370/359/365
f 360/349/355 370/359/365 348/337/343
f 375/364/370 354/343/349 345/334/340
f 362/351/357 340/329/335 365/354/360
f 363/352/358 359/348/354 341/330/336
f 376/365/371 363/352/358 355/344/350
f 377/366/372 350/339/345 347/336/342
f 367/356/362 375/364/370 345/334/340
f 374/363/369 376/365/371 355/344/350
f 378/367/373 360/349/355 371/360/366
f 377/366/372 373/362/368 350/339/345
f 379/368/374 347/336/342 352/341/347
f 378/367/373 370/359/365 360/349/355
f 380/369/15 371/360/366 361/350/356
f 379/368/374 352/341/347 354/343/349
f 373/362/368 364/353/359 351/340/346
f 381/370/375 382/175/376 383/170/168
f 381/370/375 383/170/168 384/183/377
f 381/370/375 385/371/378 382/175/376
f 385/371/378 386/177/379 382/175/376
f 387/372/380 388/190/381 386/177/379
f 387/372/380 386/177/379 385/371/378
f 389/373/382 381/370/375 384/183/377
f 384/183/377 390/187/185 391/374/383
f 392/232/235 388/190/381 387/372/380
f 390/187/185 393/182/384 394/199/385
f 391/374/383 390/187/185 394/199/385
f 389/373/382 384/183/377 391/374/383
f 395/375/386 381/370/375 389/373/382
f 385/371/378 381/370/375 395/375/386
f 396/376/387 387/372/380 385/371/378
f 391/374/383 394/199/385 397/377/388
f 398/378/389 385/371/378 395/375/386
f 392/232/235 387/372/380 396/376/387
f 399/379/390 389/373/382 391/374/383
f 399/379/390 391/374/383 397/377/388
f 398/378/389 396/376/387 385/371/378
f 400/380/391 394/199/385 401/203/201
f 402/381/392 389/373/382 399/379/390
f 402/381/392 395/375/386 389/373/382
f 397/377/388 394/199/385 400/380/391
f 398/378/389 395/375/386 402/381/392
f 403/382/393 392/232/235 396/376/387
f 403/382/393 404/383/394 392/232/235
f 404/383/394 405/234/238 392/232/235
f 402/381/392 399/379/390 406/384/395
f 407/385/396 396/376/387 398/378/389
f 407/385/396 403/382/393 396/376/387
f 408/386/397 398/378/389 402/381/392
f 407/385/396 398/378/389 408/386/397
f 409/387/398 399/379/390 397/377/388
f 410/388/399 406/384/395 399/379/390
f 408/386/397 402/381/392 406/384/395
f 410/388/399 399/379/390 409/387/398
f 411/389/400 397/377/388 400/380/391
f 412/248/254 405/234/238 404/383/394
f 413/390/401 400/380/391 401/203/201
f 411/389/400 400/380/391 413/390/401
f 411/389/400 409/387/398 397/377/388
f 414/391/402 408/386/397 406/384/395
f 415/392/403 407/385/396 408/386/397
f 415/392/403 403/382/393 407/385/396
f 416/393/404 404/383/394 403/382/393
f 416/393/404 412/248/254 404/383/394
f 417/394/405 418/250/406 419/252/407
f 420/259/408 418/250/406 417/394/405
f 414/391/402 406/384/395 421/395/409
f 419/252/407 422/251/410 423/260/266
f 417/394/405 419/252/407 424/396/411
f 409/387/398 411/389/400 425/397/412
f 421/395/409 406/384/395 410/388/399
f 426/398/413 415/392/403 408/386/397
f 419/252/407 423/260/266 427/399/414
f 424/396/411 419/252/407 427/399/414
f 428/400/415 417/394/405 424/396/411
f 413/390/401 401/203/201 429/217/416
f 430/401/417 403/382/393 415/392/403
f 430/401/417 416/393/404 403/382/393
f 431/402/418 417/394/405 428/400/415
f 431/402/418 420/259/408 417/394/405
f 432/403/419 433/258/264 420/259/408
f 434/404/420 411/389/400 413/390/401
f 424/396/411 427/399/414 435/405/421
f 431/402/418 432/403/419 420/259/408
f 410/388/399 409/387/398 425/397/412
f 416/393/404 436/249/422 412/248/254
f 437/272/423 433/258/264 432/403/419
f 434/404/420 425/397/412 411/389/400
f 438/406/424 439/276/425 440/407/426
f 428/400/415 424/396/411 435/405/421
f 441/408/427 431/402/418 428/400/415
f 442/409/428 408/386/397 414/391/402
f 442/409/428 426/398/413 408/386/397
f 426/398/413 443/410/429 415/392/403
f 444/411/430 445/275/431 436/249/422
f 444/411/430 436/249/422 416/393/404
f 439/276/425 445/275/431 444/411/430
f 438/406/424 440/407/426 446/412/432
f 423/260/266 447/278/433 427/399/414
f 435/405/421 427/399/414 448/413/434
f 449/414/435 413/390/401 429/217/416
f 443/410/429 430/401/417 415/392/403
f 439/276/425 444/411/430 440/407/426
f 428/400/415 435/405/421 450/415/436
f 441/408/427 432/403/419 431/402/418
f 421/395/409 410/388/399 451/416/437
f 414/391/402 421/395/409 452/417/438
f 453/418/439 444/411/430 416/393/404
f 453/418/439 440/407/426 444/411/430
f 447/278/433 439/276/425 438/406/424
f 434/404/420 413/390/401 454/419/440
f 451/416/437 410/388/399 455/420/441
f 446/412/432 440/407/426 453/418/439
f 456/421/442 438/406/424 446/412/432
f 457/422/443 447/278/433 438/406/424
f 457/422/443 427/399/414 447/278/433
f 458/423/444 441/408/427 428/400/415
f 441/408/427 459/424/445 432/403/419
f 459/424/445 437/272/423 432/403/419
f 455/420/441 410/388/399 425/397/412
f 452/417/438 421/395/409 451/416/437
f 460/425/446 416/393/404 430/401/417
f 461/426/447 435/405/421 448/413/434
f 462/427/448 435/405/421 461/426/447
f 454/419/440 413/390/401 449/414/435
f 442/409/428 414/391/402 452/417/438
f 463/428/449 443/410/429 426/398/413
f 443/410/429 460/425/446 430/401/417
f 456/421/442 457/422/443 438/406/424
f 448/413/434 427/399/414 457/422/443
f 464/429/450 437/272/423 459/424/445
f 453/418/439 416/393/404 460/425/446
f 460/425/446 446/412/432 453/418/439
f 450/415/436 435/405/421 462/427/448
f 458/423/444 428/400/415 450/415/436
f 465/430/451 441/408/427 458/423/444
f 459/424/445 441/408/427 465/430/451
f 463/428/449 426/398/413 442/409/428
f 448/413/434 457/422/443 461/426/447
f 466/431/452 458/423/444 450/415/436
f 467/432/453 434/404/420 454/419/440
f 464/429/450 468/286/292 437/272/423
f 469/433/454 460/425/446 443/410/429
f 446/412/432 460/425/446 469/433/454
f 456/421/442 446/412/432 470/434/455
f 465/430/451 471/435/456 459/424/445
f 472/436/457 457/422/443 456/421/442
f 461/426/447 457/422/443 472/436/457
f 466/431/452 450/415/436 462/427/448
f 465/430/451 458/423/444 466/431/452
f 454/419/440 449/414/435 473/437/458
f 425/397/412 434/404/420 474/438/459
f 462/427/448 461/426/447 475/439/460
f 476/440/461 466/431/452 462/427/448
f 477/441/462 464/429/450 459/424/445
f 464/429/450 478/309/463 468/286/292
f 479/442/464 442/409/428 452/417/438
f 470/434/455 446/412/432 469/433/454
f 471/435/456 477/441/462 459/424/445
f 473/437/458 449/414/435 480/443/465
f 479/442/464 463/428/449 442/409/428
f 470/434/455 472/436/457 456/421/442
f 471/435/456 465/430/451 481/444/466
f 479/442/464 452/417/438 482/445/467
f 483/446/468 443/410/429 463/428/449
f 483/446/468 469/433/454 443/410/429
f 476/440/461 462/427/448 475/439/460
f 484/447/469 465/430/451 466/431/452
f 485/448/470 464/429/450 477/441/462
f 485/448/470 478/309/463 464/429/450
f 474/438/459 434/404/420 467/432/453
f 455/420/441 425/397/412 474/438/459
f 451/416/437 455/420/441 486/449/471
f 475/439/460 461/426/447 472/436/457
f 481/444/466 465/430/451 484/447/469
f 487/315/472 478/309/463 485/448/470
f 470/434/455 469/433/454 488/450/473
f 489/451/474 455/420/441 474/438/459
f 489/451/474 486/449/471 455/420/441
f 490/452/475 451/416/437 486/449/471
f 452/417/438 451/416/437 490/452/475
f 482/445/467 452/417/438 490/452/475
f 483/446/468 488/450/473 469/433/454
f 491/453/476 470/434/455 488/450/473
f 491/453/476 492/454/477 470/434/455
f 492/454/477 472/436/457 470/434/455
f 493/455/478 466/431/452 476/440/461
f 484/447/469 466/431/452 494/456/479
f 495/457/480 477/441/462 471/435/456
f 495/457/480 485/448/470 477/441/462
f 476/440/461 475/439/460 493/455/478
f 496/458/481 471/435/456 481/444/466
f 495/457/480 471/435/456 496/458/481
f 497/459/482 487/315/472 485/448/470
f 498/326/483 487/315/472 497/459/482
f 467/432/453 454/419/440 499/460/484
f 500/461/485 479/442/464 482/445/467
f 475/439/460 472/436/457 492/454/477
f 494/456/479 466/431/452 493/455/478
f 497/459/482 485/448/470 501/462/486
f 502/463/487 474/438/459 467/432/453
f 503/464/488 475/439/460 492/454/477
f 495/457/480 501/462/486 485/448/470
f 498/326/483 497/459/482 504/465/489
f 504/465/489 505/331/337 498/326/483
f 499/460/484 454/419/440 473/437/458
f 500/461/485 506/466/490 479/442/464
f 506/466/490 463/428/449 479/442/464
f 481/444/466 484/447/469 507/467/491
f 508/468/3 505/331/337 504/465/489
f 489/451/474 474/438/459 502/463/487
f 509/469/492 486/449/471 489/451/474
f 503/464/488 493/455/478 475/439/460
f 510/470/493 508/468/3 504/465/489
f 490/452/475 486/449/471 509/469/492
f 511/471/494 488/450/473 483/446/468
f 491/453/476 488/450/473 512/472/495
f 507/467/491 484/447/469 494/456/479
f 504/465/489 497/459/482 501/462/486
f 513/338/344 505/331/337 508/468/3
f 514/473/496 481/444/466 507/467/491
f 496/458/481 481/444/466 514/473/496
f 501/462/486 495/457/480 515/474/497
f 516/475/498 467/432/453 499/460/484
f 494/456/479 493/455/478 517/476/499
f 489/451/474 502/463/487 518/477/500
f 506/466/490 483/446/468 463/428/449
f 512/472/495 488/450/473 511/471/494
f 512/472/495 492/454/477 491/453/476
f 519/478/501 495/457/480 496/458/481
f 520/479/502 504/465/489 501/462/486
f 510/470/493 504/465/489 520/479/502
f 499/460/484 473/437/458 521/480/503
f 502/463/487 467/432/453 516/475/498
f 522/481/504 490/452/475 509/469/492
f 523/482/505 507/467/491 494/456/479
f 524/483/506 496/458/481 514/473/496
f 515/474/497 495/457/480 519/478/501
f 518/477/500 509/469/492 489/451/474
f 525/484/507 482/445/467 490/452/475
f 500/461/485 482/445/467 525/484/507
f 511/471/494 483/446/468 506/466/490
f 503/464/488 492/454/477 526/485/508
f 519/478/501 496/458/481 527/486/509
f 520/479/502 501/462/486 515/474/497
f 516/475/498 499/460/484 528/487/510
f 518/477/500 502/463/487 516/475/498
f 529/488/511 506/466/490 500/461/485
f 530/489/512 494/456/479 517/476/499
f 514/473/496 507/467/491 523/482/505
f 531/490/513 510/470/493 520/479/502
f 532/491/4 510/470/493 531/490/513
f 533/492/514 511/471/494 506/466/490
f 527/486/509 496/458/481 524/483/506
f 492/454/477 512/472/495 534/493/515
f 535/494/516 493/455/478 503/464/488
f 535/494/516 517/476/499 493/455/478
f 523/482/505 494/456/479 530/489/512
f 520/479/502 515/474/497 536/495/517
f 525/484/507 490/452/475 522/481/504
f 536/495/517 515/474/497 519/478/501
f 537/496/518 511/471/494 533/492/514
f 537/496/518 512/472/495 511/471/494
f 534/493/515 526/485/508 492/454/477
f 535/494/516 503/464/488 526/485/508
f 524/483/506 514/473/496 538/497/519
f 525/484/507 529/488/511 500/461/485
f 529/488/511 533/492/514 506/466/490
f 530/489/512 517/476/499 539/498/520
f 538/497/519 514/473/496 523/482/505
f 539/498/520 517/476/499 535/494/516
f 540/499/521 520/479/502 536/495/517
f 528/487/510 499/460/484 521/480/503
f 512/472/495 537/496/518 541/500/522
f 536/495/517 519/478/501 542/501/523
f 525/484/507 522/481/504 543/502/524
f 544/503/525 523/482/505 530/489/512
f 542/501/523 519/478/501 527/486/509
f 531/490/513 520/479/502 540/499/521
f 545/504/526 518/477/500 516/475/498
f 546/505/527 509/469/492 518/477/500
f 522/481/504 509/469/492 546/505/527
f 534/493/515 512/472/495 541/500/522
f 540/499/521 536/495/517 542/501/523
f 545/504/526 516/475/498 528/487/510
f 543/502/524 522/481/504 546/505/527
f 538/497/519 523/482/505 544/503/525
f 547/506/528 529/488/511 525/484/507
f 528/487/510 521/480/503 548/507/529
f 535/494/516 526/485/508 549/508/530
f 550/509/531 518/477/500 545/504/526
f 546/505/527 518/477/500 550/509/531
f 547/506/528 525/484/507 543/502/524
f 551/510/532 552/511/533 553/512/534
f 552/511/533 554/513/535 553/512/534
f 555/514/536 552/511/533 551/510/532
f 556/515/537 553/512/534 557/516/538
f 556/515/537 551/510/532 553/512/534
f 555/514/536 551/510/532 556/515/537
f 558/517/539 559/518/540 552/511/533
f 552/511/533 559/518/540 554/513/535
f 560/519/541 558/517/539 552/511/533
f 555/514/536 560/519/541 552/511/533
f 555/514/536 556/515/537 561/520/542
f 556/515/537 557/516/538 562/521/543
f 563/522/544 560/519/541 555/514/536
f 553/512/534 554/513/535 564/523/545
f 557/516/538 553/512/534 564/523/545
f 557/516/538 564/523/545 565/524/546
f 566/525/547 555/514/536 561/520/542
f 557/516/538 565/524/546 562/521/543
f 567/526/548 556/515/537 562/521/543
f 561/520/542 556/515/537 567/526/548
f 554/513/535 559/518/540 568/527/549
f 569/528/550 558/517/539 560/519/541
f 554/513/535 568/527/549 570/529/551
f 563/522/544 569/528/550 560/519/541
f 564/523/545 554/513/535 570/529/551
f 571/530/552 563/522/544 555/514/536
f 567/526/548 562/521/543 572/531/553
f 558/517/539 573/532/554 559/518/540
f 566/525/547 571/530/552 555/514/536
f 565/524/546 564/523/545 574/533/555
f 566/525/547 561/520/542 567/526/548
f 559/518/540 573/532/554 575/534/556
f 568/527/549 576/535/557 570/529/551
f 577/536/558 566/525/547 567/526/548
f 558/517/539 578/537/559 573/532/554
f 579/538/560 578/537/559 558/517/539
f 575/534/556 568/527/549 559/518/540
f 569/528/550 579/538/560 558/517/539
f 565/524/546 574/533/555 580/539/561
f 562/521/543 565/524/546 581/540/562
f 572/531/553 562/521/543 581/540/562
f 578/537/559 582/541/563 573/532/554
f 568/527/549 575/534/556 576/535/557
f 583/542/564 569/528/550 563/522/544
f 564/523/545 570/529/551 584/543/565
f 574/533/555 564/523/545 584/543/565
f 581/540/562 565/524/546 580/539/561
f 577/536/558 567/526/548 572/531/553
f 585/544/566 579/538/560 569/528/550
f 583/542/564 585/544/566 569/528/550
f 570/529/551 576/535/557 586/545/567
f 570/529/551 587/546/568 584/543/565
f 588/547/569 563/522/544 571/530/552
f 574/533/555 584/543/565 589/548/570
f 590/549/571 571/530/552 566/525/547
f 574/533/555 589/548/570 580/539/561
f 573/532/554 582/541/563 575/534/556
f 570/529/551 586/545/567 587/546/568
f 588/547/569 583/542/564 563/522/544
f 591/550/572 590/549/571 566/525/547
f 591/550/572 566/525/547 577/536/558
f 572/531/553 581/540/562 592/551/573
f 578/537/559 593/552/574 582/541/563
f 581/540/562 580/539/561 594/553/575
f 595/554/576 577/536/558 572/531/553
f 579/538/560 593/552/574 578/537/559
f 596/555/577 585/544/566 583/542/564
f 584/543/565 587/546/568 597/556/578
f 598/557/579 588/547/569 571/530/552
f 589/548/570 584/543/565 597/556/578
f 598/557/579 571/530/552 590/549/571
f 572/531/553 592/551/573 599/558/580
f 595/554/576 572/531/553 599/558/580
f 585/544/566 600/559/581 579/538/560
f 580/539/561 589/548/570 601/560/582
f 580/539/561 601/560/582 594/553/575
f 602/561/583 591/550/572 577/536/558
f 592/551/573 581/540/562 594/553/575
f 579/538/560 600/559/581 593/552/574
f 603/562/584 596/555/577 583/542/564
f 604/563/585 583/542/564 588/547/569
f 605/564/586 591/550/572 602/561/583
f 602/561/583 577/536/558 595/554/576
f 582/541/563 606/565/587 575/534/556
f 575/534/556 606/565/587 576/535/557
f 576/535/557 607/566/588 586/545/567
f 586/545/567 607/566/588 608/567/589
f 604/563/585 603/562/584 583/542/564
f 594/553/575 601/560/582 609/568/590
f 592/551/573 594/553/575 610/569/591
f 593/552/574 611/570/592 582/541/563
f 596/555/577 600/559/581 585/544/566
f 586/545/567 612/571/593 587/546/568
f 605/564/586 590/549/571 591/550/572
f 599/558/580 592/551/573 613/572/594
f 606/565/587 607/566/588 576/535/557
f 586/545/567 608/567/589 612/571/593
f 610/569/591 594/553/575 609/568/590
f 614/573/595 595/554/576 599/558/580
f 605/564/586 602/561/583 615/574/596
f 614/573/595 602/561/583 595/554/576
f 616/575/597 600/559/581 596/555/577
f 613/572/594 592/551/573 610/569/591
f 603/562/584 616/575/597 596/555/577
f 614/573/595 599/558/580 613/572/594
f 617/576/598 610/569/591 609/568/590
f 618/577/599 614/573/595 613/572/594
f 619/578/600 615/574/596 602/561/583
f 613/572/594 610/569/591 620/579/601
f 619/578/600 602/561/583 614/573/595
f 620/579/601 610/569/591 617/576/598
f 621/580/602 613/572/594 620/579/601
f 621/580/602 618/577/599 613/572/594
f 619/578/600 614/573/595 622/581/603
f 622/581/603 614/573/595 618/577/599
f 620/579/601 617/576/598 623/582/604
f 624/583/605 625/584/606 626/585/607
f 627/586/608 628/587/609 624/583/605
f 629/588/610 626/585/607 625/584/606
f 627/586/608 624/583/605 626/585/607
f 627/586/608 626/585/607 630/589/611
f 624/583/605 631/590/612 632/591/613
f 628/587/609 633/592/614 624/583/605
f 624/583/605 632/591/613 625/584/606
f 634/593/615 628/587/609 627/586/608
f 635/594/616 634/593/615 627/586/608
f 630/589/611 626/585/607 629/588/610
f 627/586/608 630/589/611 635/594/616
f 633/592/614 631/590/612 624/583/605
f 632/591/613 631/590/612 636/595/617
f 625/584/606 632/591/613 637/596/618
f 638/597/619 630/589/611 629/588/610
f 632/591/613 636/595/617 637/596/618
f 628/587/609 639/598/620 633/592/614
f 625/584/606 637/596/618 640/599/621
f 629/588/610 625/584/606 641/600/622
f 629/588/610 641/600/622 638/597/619
f 642/601/623 639/598/620 628/587/609
f 643/602/624 642/601/623 628/587/609
f 625/584/606 640/599/621 641/600/622
f 644/603/625 630/589/611 638/597/619
f 635/594/616 630/589/611 644/603/625
f 645/604/626 620/579/601 623/582/604
f 634/593/615 643/602/624 628/587/609
f 646/605/627 635/594/616 644/603/625
f 621/580/602 620/579/601 645/604/626
f 647/606/628 618/577/599 621/580/602
f 633/592/614 648/607/629 631/590/612
f 649/608/630 639/598/620 642/601/623
f 631/590/612 650/609/631 636/595/617
f 639/598/620 651/610/632 633/592/614
f 638/597/619 641/600/622 652/611/633
f 644/603/625 638/597/619 653/612/634
f 654/613/635 622/581/603 618/577/599
f 655/614/636 647/606/628 621/580/602
f 631/590/612 656/615/637 650/609/631
f 631/590/612 648/607/629 656/615/637
f 653/612/634 638/597/619 652/611/633
f 655/614/636 621/580/602 645/604/626
f 655/614/636 645/604/626 657/616/638
f 633/592/614 651/610/632 648/607/629
f 636/595/617 658/617/639 637/596/618
f 649/608/630 651/610/632 639/598/620
f 654/613/635 618/577/599 647/606/628
f 656/615/637 647/606/628 655/614/636
f 659/618/640 647/606/628 656/615/637
f 656/615/637 655/614/636 650/609/631
f 636/595/617 650/609/631 658/617/639
f 659/618/640 654/613/635 647/606/628
f 648/607/629 659/618/640 656/615/637
f 660/619/641 646/605/627 644/603/625
f 650/609/631 655/614/636 657/616/638
f 661/620/642 654/613/635 659/618/640
f 661/620/642 659/618/640 648/607/629
f 651/610/632 661/620/642 648/607/629
f 662/621/643 644/603/625 653/612/634
f 650/609/631 657/616/638 663/622/644
f 650/609/631 663/622/644 658/617/639
f 660/619/641 644/603/625 662/621/643
f 664/623/645 646/605/627 660/619/641
f 665/624/646 662/621/643 653/612/634
f 666/625/647 662/621/643 665/624/646
f 660/619/641 662/621/643 667/626/648
f 668/627/649 664/623/645 660/619/641
f 667/626/648 662/621/643 666/625/647
f 668/627/649 660/619/641 667/626/648
f 667/626/648 666/625/647 669/628/650
f 669/628/650 666/625/647 670/629/651
f 671/630/652 672/631/653 673/632/654
f 674/633/655 671/630/652 673/632/654
f 675/634/656 668/627/649 667/626/648
f 675/634/656 667/626/648 669/628/650
f 672/631/653 669/628/650 670/629/651
f 673/632/654 672/631/653 676/635/657
f 677/636/658 671/630/652 674/633/655
f 673/632/654 678/637/659 674/633/655
f 671/630/652 669/628/650 672/631/653
f 677/636/658 669/628/650 671/630/652
f 677/636/658 675/634/656 669/628/650
f 678/637/659 673/632/654 679/638/660
f 680/639/1 678/637/659 679/638/660
f 681/640/8 678/637/659 680/639/1
f 679/638/660 682/641/661 680/639/1
f 683/642/662 684/547/663 685/557/579
f 686/549/571 687/643/664 685/557/579
f 687/643/664 683/642/662 685/557/579
f 683/642/662 688/563/665 684/547/663
f 689/644/666 686/549/571 690/564/667
f 687/643/664 686/549/571 689/644/666
f 683/642/662 691/645/668 688/563/665
f 689/644/666 690/564/667 692/574/596
f 691/645/668 693/562/669 688/563/665
f 687/643/664 694/646/670 683/642/662
f 695/647/671 687/643/664 689/644/666
f 696/648/672 697/575/673 693/562/669
f 698/649/674 695/647/671 689/644/666
f 699/650/675 689/644/666 692/574/596
f 698/649/674 689/644/666 699/650/675
f 700/651/676 696/648/672 693/562/669
f 694/646/670 691/645/668 683/642/662
f 701/652/677 694/646/670 687/643/664
f 701/652/677 687/643/664 695/647/671
f 692/574/596 702/578/600 699/650/675
f 691/645/668 700/651/676 693/562/669
f 703/653/678 699/650/675 702/578/600
f 704/654/679 696/648/672 700/651/676
f 701/652/677 695/647/671 698/649/674
f 705/655/680 700/651/676 691/645/668
f 706/656/681 691/645/668 694/646/670
f 698/649/674 699/650/675 707/657/682
f 702/578/600 708/581/683 709/658/684
f 710/659/685 704/654/679 700/651/676
f 705/655/680 710/659/685 700/651/676
f 703/653/678 702/578/600 709/658/684
f 711/660/686 694/646/670 701/652/677
f 707/657/682 699/650/675 703/653/678
f 706/656/681 705/655/680 691/645/668
f 712/661/687 701/652/677 698/649/674
f 713/662/688 714/593/689 715/594/690
f 706/656/681 694/646/670 711/660/686
f 711/660/686 701/652/677 712/661/687
f 716/663/691 717/601/692 718/602/624
f 703/653/678 709/658/684 719/664/693
f 716/663/691 720/608/694 717/601/692
f 716/663/691 718/602/624 714/593/689
f 713/662/688 715/594/690 721/605/695
f 722/665/696 712/661/687 698/649/674
f 707/657/682 722/665/696 698/649/674
f 716/663/691 723/666/697 720/608/694
f 724/667/698 716/663/691 714/593/689
f 713/662/688 724/667/698 714/593/689
f 725/668/699 704/654/679 710/659/685
f 709/658/684 708/581/683 726/669/700
f 726/669/700 708/581/683 727/613/701
f 728/670/702 729/610/703 720/608/694
f 730/671/704 710/659/685 705/655/680
f 731/672/705 705/655/680 706/656/681
f 723/666/697 728/670/702 720/608/694
f 731/672/705 730/671/704 705/655/680
f 732/673/706 722/665/696 707/657/682
f 733/623/645 713/662/688 721/605/695
f 732/673/706 707/657/682 703/653/678
f 709/658/684 726/669/700 719/664/693
f 734/674/707 726/669/700 727/613/701
f 735/620/708 734/674/707 727/613/701
f 736/675/709 735/620/708 729/610/703
f 724/667/698 737/676/710 716/663/691
f 730/671/704 725/668/699 710/659/685
f 738/677/711 732/673/706 703/653/678
f 738/677/711 703/653/678 719/664/693
f 736/675/709 734/674/707 735/620/708
f 728/670/702 736/675/709 729/610/703
f 737/676/710 723/666/697 716/663/691
f 739/678/712 731/672/705 706/656/681
f 739/678/712 706/656/681 711/660/686
f 723/666/697 740/679/713 728/670/702
f 741/680/714 724/667/698 713/662/688
f 742/681/715 711/660/686 712/661/687
f 743/682/716 722/665/696 732/673/706
f 744/683/717 737/676/710 724/667/698
f 741/680/714 713/662/688 745/684/718
f 745/684/718 713/662/688 733/623/645
f 719/664/693 726/669/700 734/674/707
f 737/676/710 740/679/713 723/666/697
f 744/683/717 724/667/698 741/680/714
f 746/685/719 745/684/718 733/623/645
f 739/678/712 711/660/686 747/686/720
f 748/687/721 712/661/687 722/665/696
f 743/682/716 732/673/706 738/677/711
f 749/688/722 734/674/707 736/675/709
f 750/689/723 736/675/709 728/670/702
f 740/679/713 750/689/723 728/670/702
f 742/681/715 747/686/720 711/660/686
f 748/687/721 742/681/715 712/661/687
f 748/687/721 722/665/696 743/682/716
f 746/685/719 733/623/645 751/627/724
f 752/690/725 730/671/704 731/672/705
f 739/678/712 752/690/725 731/672/705
f 719/664/693 734/674/707 749/688/722
f 750/689/723 749/688/722 736/675/709
f 753/691/726 725/668/699 730/671/704
f 754/692/727 750/689/723 740/679/713
f 755/693/728 740/679/713 737/676/710
f 756/694/729 737/676/710 744/683/717
f 757/695/730 741/680/714 745/684/718
f 757/695/730 745/684/718 746/685/719
f 755/693/728 754/692/727 740/679/713
f 758/696/731 744/683/717 741/680/714
f 757/695/730 758/696/731 741/680/714
f 759/697/732 746/685/719 751/627/724
f 747/686/720 760/698/733 739/678/712
f 756/694/729 744/683/717 758/696/731
f 759/697/732 751/627/724 761/634/656
f 762/699/734 763/636/658 764/633/735
f 762/699/734 764/633/735 765/637/736
f 760/698/733 752/690/725 739/678/712
f 766/700/737 748/687/721 743/682/716
f 738/677/711 719/664/693 767/701/738
f 767/701/738 719/664/693 749/688/722
f 768/702/739 746/685/719 759/697/732
f 750/689/723 769/703/740 749/688/722
f 756/694/729 755/693/728 737/676/710
f 768/702/739 757/695/730 746/685/719
f 770/704/741 761/634/656 763/636/658
f 771/705/742 743/682/716 738/677/711
f 755/693/728 772/706/743 754/692/727
f 770/704/741 759/697/732 761/634/656
f 773/707/744 730/671/704 752/690/725
f 774/708/745 747/686/720 742/681/715
f 775/709/746 758/696/731 757/695/730
f 776/710/747 770/704/741 763/636/658
f 776/710/747 763/636/658 762/699/734
f 771/705/742 738/677/711 767/701/738
f 777/711/748 762/699/734 765/637/736
f 778/712/749 762/699/734 777/711/748
f 779/640/750 777/711/748 765/637/736
f 780/713/751 781/714/752 725/668/699
f 773/707/744 753/691/726 730/671/704
f 782/715/753 774/708/745 742/681/715
f 748/687/721 782/715/753 742/681/715
f 766/700/737 743/682/716 771/705/742
f 769/703/740 783/716/754 749/688/722
f 754/692/727 769/703/740 750/689/723
f 784/717/755 756/694/729 758/696/731
f 778/712/749 776/710/747 762/699/734
f 753/691/726 780/713/751 725/668/699
f 785/718/756 773/707/744 752/690/725
f 785/718/756 752/690/725 760/698/733
f 783/716/754 767/701/738 749/688/722
f 775/709/746 784/717/755 758/696/731
f 786/719/757 768/702/739 759/697/732
f 787/720/758 776/710/747 778/712/749
f 788/721/16 777/711/748 779/640/750
f 773/707/744 780/713/751 753/691/726
f 774/708/745 760/698/733 747/686/720
f 768/702/739 775/709/746 757/695/730
f 789/722/759 786/719/757 759/697/732
f 789/722/759 759/697/732 770/704/741
f 787/720/758 770/704/741 776/710/747
f 790/723/760 767/701/738 783/716/754
f 791/724/761 754/692/727 772/706/743
f 792/725/762 755/693/728 756/694/729
f 793/726/763 756/694/729 784/717/755
f 794/727/764 774/708/745 782/715/753
f 771/705/742 767/701/738 790/723/760
f 795/728/765 783/716/754 769/703/740
f 792/725/762 772/706/743 755/693/728
f 793/726/763 792/725/762 756/694/729
f 796/729/766 775/709/746 768/702/739
f 797/730/767 789/722/759 770/704/741
f 766/700/737 782/715/753 748/687/721
f 791/724/761 769/703/740 754/692/727
f 787/720/758 797/730/767 770/704/741
f 777/711/748 798/731/768 778/712/749
f 797/730/767 786/719/757 789/722/759
f 780/713/751 799/732/769 781/714/752
f 800/733/770 784/717/755 775/709/746
f 786/719/757 796/729/766 768/702/739
f 801/734/771 785/718/756 760/698/733
f 795/728/765 769/703/740 791/724/761
f 800/733/770 793/726/763 784/717/755
f 766/700/737 794/727/764 782/715/753
f 790/723/760 783/716/754 802/735/772
f 802/735/772 783/716/754 795/728/765
f 803/736/773 800/733/770 775/709/746
f 796/729/766 803/736/773 775/709/746
f 804/737/774 760/698/733 774/708/745
f 773/707/744 805/738/775 780/713/751
f 771/705/742 806/739/776 766/700/737
f 804/737/774 801/734/771 760/698/733
f 794/727/764 804/737/774 774/708/745
f 790/723/760 806/739/776 771/705/742
f 807/740/777 790/723/760 802/735/772
f 766/700/737 808/741/778 794/727/764
f 806/739/776 808/741/778 766/700/737
f 806/739/776 790/723/760 807/740/777
f 809/556/779 810/546/568 811/571/593
f 812/548/570 809/556/779 813/742/780
f 814/560/582 812/548/570 813/742/780
f 814/560/582 813/742/780 815/743/781
f 816/568/782 814/560/582 815/743/781
f 809/556/779 811/571/593 817/744/783
f 818/745/784 809/556/779 817/744/783
f 813/742/780 809/556/779 818/745/784
f 811/571/593 819/567/785 820/746/786
f 817/744/783 811/571/593 821/747/787
f 822/748/788 816/568/782 815/743/781
f 819/567/785 823/749/789 820/746/786
f 821/747/787 811/571/593 820/746/786
f 824/750/790 817/744/783 821/747/787
f 818/745/784 817/744/783 824/750/790
f 822/748/788 815/743/781 825/751/791
f 815/743/781 813/742/780 826/752/792
f 827/576/793 816/568/782 822/748/788
f 823/749/789 819/567/785 828/566/588
f 829/753/794 813/742/780 818/745/784
f 815/743/781 826/752/792 825/751/791
f 820/746/786 823/749/789 830/754/795
f 821/747/787 820/746/786 830/754/795
f 826/752/792 813/742/780 829/753/794
f 831/755/796 824/750/790 821/747/787
f 827/576/793 822/748/788 832/756/797
f 829/753/794 818/745/784 824/750/790
f 833/582/604 827/576/793 832/756/797
f 831/755/796 821/747/787 830/754/795
f 834/757/798 826/752/792 829/753/794
f 825/751/791 826/752/792 834/757/798
f 832/756/797 822/748/788 825/751/791
f 829/753/794 824/750/790 835/758/799
f 836/759/800 824/750/790 831/755/796
f 832/756/797 825/751/791 837/760/801
f 833/582/604 832/756/797 838/761/802
f 839/604/626 833/582/604 838/761/802
f 840/599/803 841/596/804 842/762/805
f 840/599/803 842/762/805 843/600/806
f 844/763/807 830/754/795 823/749/789
f 835/758/799 824/750/790 836/759/800
f 845/764/808 829/753/794 835/758/799
f 834/757/798 829/753/794 845/764/808
f 825/751/791 834/757/798 846/765/809
f 841/596/804 847/617/810 848/766/811
f 849/767/812 832/756/797 837/760/801
f 849/767/812 838/761/802 832/756/797
f 843/600/806 842/762/805 850/768/813
f 851/611/814 843/600/806 850/768/813
f 852/769/815 830/754/795 844/763/807
f 852/769/815 831/755/796 830/754/795
f 841/596/804 848/766/811 853/770/816
f 841/596/804 853/770/816 842/762/805
f 834/757/798 845/764/808 854/771/817
f 846/765/809 834/757/798 854/771/817
f 855/616/818 839/604/626 838/761/802
f 856/772/819 831/755/796 852/769/815
f 857/773/820 831/755/796 856/772/819
f 857/773/820 836/759/800 831/755/796
f 845/764/808 835/758/799 858/774/821
f 837/760/801 825/751/791 846/765/809
f 854/771/817 845/764/808 858/774/821
f 859/775/822 850/768/813 842/762/805
f 851/611/814 850/768/813 860/776/823
f 861/612/824 851/611/814 860/776/823
f 858/774/821 835/758/799 836/759/800
f 855/616/818 838/761/802 862/777/825
f 855/616/818 863/778/826 864/622/644
f 864/622/644 848/766/811 847/617/810
f 865/779/827 842/762/805 853/770/816
f 842/762/805 865/779/827 859/775/822
f 860/776/823 850/768/813 859/775/822
f 866/624/828 861/612/824 860/776/823
f 867/780/829 852/769/815 844/763/807
f 856/772/819 852/769/815 867/780/829
f 838/761/802 849/767/812 868/781/830
f 863/778/826 855/616/818 862/777/825
f 869/782/831 853/770/816 848/766/811
f 858/774/821 836/759/800 857/773/820
f 849/767/812 837/760/801 870/783/832
f 869/782/831 848/766/811 871/784/833
f 872/785/834 866/624/828 860/776/823
f 846/765/809 854/771/817 873/786/835
f 862/777/825 838/761/802 868/781/830
f 871/784/833 848/766/811 864/622/644
f 865/779/827 853/770/816 869/782/831
f 867/780/829 844/763/807 874/787/836
f 837/760/801 846/765/809 873/786/835
f 871/784/833 864/622/644 863/778/826
f 854/771/817 858/774/821 875/788/837
f 870/783/832 837/760/801 873/786/835
f 863/778/826 862/777/825 876/789/838
f 860/776/823 859/775/822 877/790/839
f 878/625/840 866/624/828 879/791/841
f 849/767/812 870/783/832 880/792/842
f 869/782/831 871/784/833 881/793/843
f 877/790/839 859/775/822 865/779/827
f 873/786/835 854/771/817 882/794/844
f 876/789/838 862/777/825 868/781/830
f 872/785/834 860/776/823 883/795/845
f 866/624/828 872/785/834 879/791/841
f 884/629/846 878/625/840 879/791/841
f 885/796/847 870/783/832 873/786/835
f 886/797/848 868/781/830 849/767/812
f 871/784/833 863/778/826 887/798/849
f 883/795/845 860/776/823 877/790/839
f 888/799/850 889/632/654 890/635/851
f 875/788/837 858/774/821 857/773/820
f 876/789/838 868/781/830 886/797/848
f 887/798/849 863/778/826 876/789/838
f 891/800/852 865/779/827 869/782/831
f 892/638/660 889/632/654 888/799/850
f 857/773/820 856/772/819 893/801/853
f 882/794/844 854/771/817 875/788/837
f 880/792/842 870/783/832 885/796/847
f 880/792/842 886/797/848 849/767/812
f 894/802/854 877/790/839 865/779/827
f 895/631/653 884/629/846 896/803/855
f 895/631/653 896/803/855 890/635/851
f 893/801/853 856/772/819 867/780/829
f 897/804/856 871/784/833 887/798/849
f 898/805/857 872/785/834 883/795/845
f 896/803/855 884/629/846 899/806/858
f 894/802/854 865/779/827 891/800/852
f 883/795/845 877/790/839 900/807/859
f 899/806/858 884/629/846 879/791/841
f 901/808/860 857/773/820 893/801/853
f 902/809/861 876/789/838 886/797/848
f 881/793/843 871/784/833 897/804/856
f 892/638/660 888/799/850 903/810/11
f 875/788/837 857/773/820 901/808/860
f 904/811/862 880/792/842 885/796/847
f 887/798/849 876/789/838 902/809/861
f 879/791/841 872/785/834 898/805/857
f 896/803/855 905/812/863 890/635/851
f 906/813/25 888/799/850 890/635/851
f 907/814/864 873/786/835 882/794/844
f 885/796/847 873/786/835 907/814/864
f 891/800/852 869/782/831 881/793/843
f 908/815/27 896/803/855 899/806/858
f 906/813/25 890/635/851 905/812/863
f 909/816/865 893/801/853 867/780/829
f 882/794/844 875/788/837 910/817/866
f 911/818/867 886/797/848 880/792/842
f 912/819/868 883/795/845 900/807/859
f 898/805/857 883/795/845 912/819/868
f 913/820/869 879/791/841 898/805/857
f 903/810/11 888/799/850 914/821/28
f 911/818/867 880/792/842 904/811/862
f 877/790/839 894/802/854 900/807/859
f 899/806/858 879/791/841 913/820/869
f 875/788/837 901/808/860 915/822/870
f 907/814/864 882/794/844 916/823/871
f 897/804/856 887/798/849 917/824/872
f 905/812/863 896/803/855 908/815/27
f 914/821/28 888/799/850 906/813/25
f 910/817/866 875/788/837 915/822/870
f 904/811/862 885/796/847 907/814/864
f 917/824/872 887/798/849 902/809/861
f 881/793/843 897/804/856 918/825/873
f 891/800/852 881/793/843 919/826/874
f 920/827/875 898/805/857 912/819/868
f 909/816/865 867/780/829 921/828/876
f 922/829/877 902/809/861 886/797/848
f 918/825/873 897/804/856 917/824/872
f 908/815/27 899/806/858 923/830/878
f 924/831/879 902/809/861 922/829/877
f 917/824/872 902/809/861 924/831/879
f 912/819/868 900/807/859 925/832/880
f 913/820/869 898/805/857 920/827/875
f 916/823/871 882/794/844 910/817/866
f 923/830/878 899/806/858 913/820/869
f 922/829/877 886/797/848 911/818/867
f 926/833/55 881/793/843 918/825/873
f 894/802/854 891/800/852 927/834/881
f 928/835/882 909/816/865 921/828/876
f 900/807/859 894/802/854 929/836/883
f 930/837/884 915/822/870 901/808/860
f 904/811/862 907/814/864 931/838/885
f 919/826/874 881/793/843 926/833/55
f 927/834/881 891/800/852 919/826/874
f 929/836/883 894/802/854 927/834/881
f 932/839/886 900/807/859 929/836/883
f 932/839/886 925/832/880 900/807/859
f 893/801/853 909/816/865 928/835/882
f 930/837/884 901/808/860 893/801/853
f 933/840/887 922/829/877 911/818/867
f 934/841/888 917/824/872 924/831/879
f 934/841/888 918/825/873 917/824/872
f 931/838/885 907/814/864 916/823/871
f 930/837/884 893/801/853 928/835/882
f 935/842/72 904/811/862 931/838/885
f 933/840/887 911/818/867 904/811/862
f 936/843/889 931/838/885 916/823/871
f 930/837/884 928/835/882 937/844/890
f 915/822/870 930/837/884 938/845/891
f 939/846/892 910/817/866 915/822/870
f 940/847/893 910/817/866 939/846/892
f 916/823/871 910/817/866 940/847/893
f 939/846/892 915/822/870 938/845/891
f 933/840/887 904/811/862 935/842/72
f 936/843/889 916/823/871 940/847/893
f 938/845/891 930/837/884 937/844/890
f 935/842/72 931/838/885 936/843/889
f 937/844/890 928/835/882 941/848/894
f 942/849/895 939/846/892 938/845/891
f 940/847/893 939/846/892 942/849/895
f 943/570/896 944/850/897 945/541/563
f 945/541/563 944/850/897 946/565/587
f 947/851/898 948/552/574 949/559/581
f 946/565/587 944/850/897 950/852/899
f 951/575/597 947/851/898 949/559/581
f 952/853/900 943/570/896 948/552/574
f 953/854/901 944/850/897 943/570/896
f 952/853/900 948/552/574 947/851/898
f 952/853/900 953/854/901 943/570/896
f 946/565/587 950/852/899 954/566/588
f 955/855/902 947/851/898 951/575/597
f 955/855/902 951/575/597 956/648/672
f 957/856/903 952/853/900 947/851/898
f 955/855/902 957/856/903 947/851/898
f 944/850/897 958/857/904 950/852/899
f 959/858/905 954/566/588 950/852/899
f 958/857/904 944/850/897 953/854/901
f 959/858/905 960/749/906 954/566/588
f 961/859/907 952/853/900 957/856/903
f 962/860/908 953/854/901 952/853/900
f 962/860/908 958/857/904 953/854/901
f 961/859/907 962/860/908 952/853/900
f 963/861/909 950/852/899 958/857/904
f 963/861/909 959/858/905 950/852/899
f 959/858/905 964/862/910 960/749/906
f 965/863/911 958/857/904 962/860/908
f 966/864/912 957/856/903 955/855/902
f 956/648/672 967/865/913 955/855/902
f 968/866/914 962/860/908 961/859/907
f 963/861/909 969/867/915 959/858/905
f 969/867/915 964/862/910 959/858/905
f 965/863/911 970/868/916 958/857/904
f 971/869/917 963/861/909 958/857/904
f 966/864/912 961/859/907 957/856/903
f 968/866/914 965/863/911 962/860/908
f 971/869/917 969/867/915 963/861/909
f 966/864/912 955/855/902 967/865/913
f 972/654/918 967/865/913 956/648/672
f 964/862/910 973/763/919 960/749/906
f 970/868/916 971/869/917 958/857/904
f 974/870/920 961/859/907 966/864/912
f 975/787/921 973/763/919 964/862/910
f 976/668/922 967/865/913 972/654/918
f 968/866/914 977/871/923 965/863/911
f 968/866/914 961/859/907 974/870/920
f 974/870/920 966/864/912 967/865/913
f 975/787/921 964/862/910 969/867/915
f 978/872/924 971/869/917 970/868/916
f 971/869/917 979/873/925 969/867/915
f 977/871/923 970/868/916 965/863/911
f 980/874/926 967/865/913 976/668/922
f 978/872/924 979/873/925 971/869/917
f 979/873/925 981/875/927 969/867/915
f 981/875/927 975/787/921 969/867/915
f 982/876/928 978/872/924 970/868/916
f 977/871/923 982/876/928 970/868/916
f 983/877/929 974/870/920 967/865/913
f 984/878/930 975/787/921 981/875/927
f 985/879/931 977/871/923 968/866/914
f 983/877/929 967/865/913 980/874/926
f 986/880/932 968/866/914 974/870/920
f 986/880/932 974/870/920 983/877/929
f 987/714/752 980/874/926 976/668/922
f 988/780/933 975/787/921 984/878/930
f 986/880/932 985/879/931 968/866/914
f 989/881/934 977/871/923 985/879/931
f 978/872/924 990/882/935 979/873/925
f 990/882/935 981/875/927 979/873/925
f 989/881/934 982/876/928 977/871/923
f 990/882/935 984/878/930 981/875/927
f 991/883/936 983/877/929 980/874/926
f 982/876/928 992/884/937 978/872/924
f 986/880/932 983/877/929 991/883/936
f 987/714/752 991/883/936 980/874/926
f 992/884/937 993/885/938 978/872/924
f 988/780/933 984/878/930 994/828/876
f 993/885/938 990/882/935 978/872/924
f 989/881/934 992/884/937 982/876/928
f 993/885/938 995/886/939 990/882/935
f 996/887/940 984/878/930 990/882/935
f 996/887/940 997/888/941 984/878/930
f 994/828/876 984/878/930 997/888/941
f 995/886/939 996/887/940 990/882/935
f 998/889/942 989/881/934 985/879/931
f 999/890/943 985/879/931 986/880/932
f 1000/732/944 991/883/936 987/714/752
f 1001/891/945 993/885/938 992/884/937
f 1001/891/945 995/886/939 993/885/938
f 1002/892/946 992/884/937 989/881/934
f 1003/893/947 991/883/936 1000/732/944
f 1004/894/948 986/880/932 991/883/936
f 998/889/942 1002/892/946 989/881/934
f 1002/892/946 1001/891/945 992/884/937
f 999/890/943 998/889/942 985/879/931
f 1004/894/948 999/890/943 986/880/932
f 1003/893/947 1004/894/948 991/883/936
f 994/828/876 997/888/941 1005/895/949
f 997/888/941 996/887/940 1006/896/950
f 1007/897/951 1003/893/947 1000/732/944
f 1002/892/946 1008/898/952 1001/891/945
f 1005/895/949 997/888/941 1006/896/950
f 1009/835/953 994/828/876 1005/895/949
f 1010/899/954 999/890/943 1004/894/948
f 1011/900/955 999/890/943 1010/899/954
f 1011/900/955 998/889/942 999/890/943
f 1012/901/956 1004/894/948 1003/893/947
f 1012/901/956 1010/899/954 1004/894/948
f 1013/902/957 996/887/940 995/886/939
f 1013/902/957 1006/896/950 996/887/940
f 1009/835/953 1005/895/949 1014/848/958
f 1015/903/959 1003/893/947 1007/897/951
f 1016/904/960 1008/898/952 1002/892/946
f 1016/904/960 1002/892/946 998/889/942
f 1017/905/961 995/886/939 1001/891/945
f 1015/903/959 1012/901/956 1003/893/947
f 1008/898/952 1017/905/961 1001/891/945
f 1017/905/961 1013/902/957 995/886/939
f 1018/906/962 998/889/942 1011/900/955
f 1019/907/963 1017/905/961 1008/898/952
f 1010/899/954 1020/908/964 1011/900/955
f 1021/909/965 1010/899/954 1012/901/956
f 1005/895/949 1006/896/950 1022/910/966
f 1019/907/963 1008/898/952 1016/904/960
f 1018/906/962 1016/904/960 998/889/942
f 1023/911/111 1005/895/949 1022/910/966
f 1014/848/958 1005/895/949 1023/911/111
f 1020/908/964 1018/906/962 1011/900/955
f 1024/912/967 1013/902/957 1017/905/961
f 1019/907/963 1024/912/967 1017/905/961
f 1021/909/965 1020/908/964 1010/899/954
f 1022/910/966 1006/896/950 1013/902/957
f 1015/903/959 1021/909/965 1012/901/956
f 1025/913/968 1013/902/957 1024/912/967
f 1025/913/968 1022/910/966 1013/902/957
f 1026/914/969 1027/915/970 1016/904/960
f 1027/915/970 1019/907/963 1016/904/960
f 1026/914/969 1016/904/960 1018/906/962
f 1020/908/964 1028/916/971 1018/906/962
f 1015/903/959 1029/917/972 1021/909/965
f 1028/916/971 1026/914/969 1018/906/962
f 1030/918/973 1024/912/967 1019/907/963
f 1025/913/968 1023/911/111 1022/910/966
f 1030/918/973 1019/907/963 1027/915/970
f 1021/909/965 1031/919/974 1020/908/964
f 1029/917/972 1031/919/974 1021/909/965
f 1032/920/123 1025/913/968 1024/912/967
f 1031/919/974 1028/916/971 1020/908/964
f 1033/921/975 1027/915/970 1026/914/969
f 1034/922/976 1030/918/973 1027/915/970
f 1032/920/123 1024/912/967 1030/918/973
f 1033/921/975 1026/914/969 1028/916/971
f 1035/923/977 1028/916/971 1031/919/974
f 1034/922/976 1027/915/970 1033/921/975
f 1032/920/123 1030/918/973 1034/922/976
f 1036/924/978 1031/919/974 1029/917/972
f 1036/924/978 1035/923/977 1031/919/974
f 1035/923/977 1033/921/975 1028/916/971
f 1037/925/979 1032/920/123 1034/922/976
f 1033/921/975 1037/925/979 1034/922/976
f 1035/923/977 1038/926/980 1033/921/975
f 1038/926/980 1037/925/979 1033/921/975
f 1039/731/981 1040/720/982 1041/712/749
f 1042/927/50 1043/711/748 1044/721/983
f 1043/711/748 1042/927/50 1039/731/981
f 1045/928/984 1042/927/50 1044/721/983
f 1046/929/985 1047/728/986 1048/724/987
f 1049/930/988 1050/729/989 1051/719/990
f 1052/730/991 1053/931/992 1051/719/990
f 1040/720/982 1054/932/44 1052/730/991
f 1040/720/982 1055/933/993 1054/932/44
f 1045/928/984 1056/934/39 1042/927/50
f 1057/935/994 1048/724/987 1058/706/995
f 1052/730/991 1059/936/996 1053/931/992
f 1052/730/991 1054/932/44 1059/936/996
f 1055/933/993 1060/937/997 1054/932/44
f 1039/731/981 1055/933/993 1040/720/982
f 1053/931/992 1049/930/988 1051/719/990
f 1039/731/981 1061/938/998 1055/933/993
f 1062/939/999 1063/726/763 1064/733/1000
f 1061/938/998 1060/937/997 1055/933/993
f 1061/938/998 1039/731/981 1042/927/50
f 1065/940/1001 1066/707/1002 1067/718/756
f 1062/939/999 1068/725/1003 1063/726/763
f 1069/941/1004 1070/942/1005 1060/937/997
f 1069/941/1004 1060/937/997 1061/938/998
f 1042/927/50 1069/941/1004 1061/938/998
f 1071/897/951 1072/732/1006 1073/713/1007
f 1071/897/951 1073/713/1007 1074/738/775
f 1075/943/1008 1057/935/994 1058/706/995
f 1075/943/1008 1058/706/995 1068/725/1003
f 1076/736/773 1050/729/989 1077/944/1009
f 1053/931/992 1059/936/996 1078/945/1010
f 1077/944/1009 1050/729/989 1049/930/988
f 1065/940/1001 1074/738/775 1066/707/1002
f 1057/935/994 1046/929/985 1048/724/987
f 1049/930/988 1053/931/992 1079/946/68
f 1053/931/992 1078/945/1010 1079/946/68
f 1080/734/771 1065/940/1001 1067/718/756
f 1081/947/1011 1082/737/1012 1083/727/1013
f 1057/935/994 1084/948/1014 1046/929/985
f 1075/943/1008 1068/725/1003 1062/939/999
f 1081/947/1011 1080/734/771 1082/737/1012
f 1047/728/986 1046/929/985 1085/949/1015
f 1077/944/1009 1049/930/988 1079/946/68
f 1086/735/772 1047/728/986 1085/949/1015
f 1076/736/773 1087/950/1016 1064/733/1000
f 1079/946/68 1088/951/1017 1077/944/1009
f 1087/950/1016 1062/939/999 1064/733/1000
f 1089/952/1018 1071/897/951 1074/738/775
f 1065/940/1001 1089/952/1018 1074/738/775
f 1090/741/1019 1081/947/1011 1083/727/1013
f 1091/953/1020 1086/735/772 1085/949/1015
f 1075/943/1008 1092/954/1021 1057/935/994
f 1093/955/1022 1075/943/1008 1062/939/999
f 1094/740/1023 1086/735/772 1091/953/1020
f 1095/956/1024 1085/949/1015 1046/929/985
f 1084/948/1014 1095/956/1024 1046/929/985
f 1092/954/1021 1084/948/1014 1057/935/994
f 1087/950/1016 1093/955/1022 1062/939/999
f 1077/944/1009 1087/950/1016 1076/736/773
f 1085/949/1015 1095/956/1024 1096/957/1025
f 1079/946/68 1097/958/1026 1088/951/1017
f 1098/959/1027 1099/903/1028 1071/897/951
f 1100/960/1029 1089/952/1018 1065/940/1001
f 1101/961/1030 1102/739/776 1094/740/1023
f 1096/957/1025 1091/953/1020 1085/949/1015
f 1084/948/1014 1103/962/1031 1095/956/1024
f 1093/955/1022 1104/963/1032 1075/943/1008
f 1087/950/1016 1077/944/1009 1105/964/1033
f 1088/951/1017 1105/964/1033 1077/944/1009
f 1106/965/1034 1065/940/1001 1080/734/771
f 1092/954/1021 1075/943/1008 1104/963/1032
f 1107/966/1035 1080/734/771 1081/947/1011
f 1101/961/1030 1090/741/1019 1102/739/776
f 1108/967/1036 1109/968/1037 1096/957/1025
f 1095/956/1024 1108/967/1036 1096/957/1025
f 1095/956/1024 1103/962/1031 1108/967/1036
f 1110/969/1038 1103/962/1031 1084/948/1014
f 1092/954/1021 1110/969/1038 1084/948/1014
f 1089/952/1018 1098/959/1027 1071/897/951
f 1106/965/1034 1100/960/1029 1065/940/1001
f 1111/970/1039 1091/953/1020 1096/957/1025
f 1111/970/1039 1096/957/1025 1109/968/1037
f 1088/951/1017 1097/958/1026 1112/971/106
f 1113/972/1040 1089/952/1018 1100/960/1029
f 1104/963/1032 1110/969/1038 1092/954/1021
f 1087/950/1016 1114/973/1041 1093/955/1022
f 1087/950/1016 1105/964/1033 1114/973/1041
f 1088/951/1017 1112/971/106 1105/964/1033
f 1107/966/1035 1106/965/1034 1080/734/771
f 1115/974/1042 1081/947/1011 1090/741/1019
f 1094/740/1023 1091/953/1020 1111/970/1039
f 1116/975/1043 1104/963/1032 1093/955/1022
f 1101/961/1030 1094/740/1023 1117/976/1044
f 1111/970/1039 1109/968/1037 1118/977/1045
f 1119/978/1046 1120/979/1047 1103/962/1031
f 1105/964/1033 1112/971/106 1114/973/1041
f 1117/976/1044 1094/740/1023 1111/970/1039
f 1114/973/1041 1116/975/1043 1093/955/1022
f 1121/980/1048 1100/960/1029 1106/965/1034
f 1115/974/1042 1107/966/1035 1081/947/1011
f 1090/741/1019 1122/981/1049 1115/974/1042
f 1116/975/1043 1123/982/1050 1104/963/1032
f 1114/973/1041 1112/971/106 1124/983/1051
f 1112/971/106 1125/984/1052 1124/983/1051
f 1098/959/1027 1089/952/1018 1113/972/1040
f 1122/981/1049 1090/741/1019 1101/961/1030
f 1126/985/1053 1119/978/1046 1103/962/1031
f 1126/985/1053 1103/962/1031 1110/969/1038
f 1104/963/1032 1123/982/1050 1110/969/1038
f 1121/980/1048 1113/972/1040 1100/960/1029
f 1123/982/1050 1126/985/1053 1110/969/1038
f 1124/983/1051 1116/975/1043 1114/973/1041
f 1126/985/1053 1127/986/1054 1119/978/1046
f 1124/983/1051 1123/982/1050 1116/975/1043
f 1123/982/1050 1127/986/1054 1126/985/1053
f 1128/987/1055 1121/980/1048 1106/965/1034
f 1128/987/1055 1106/965/1034 1107/966/1035
f 1115/974/1042 1129/988/1056 1107/966/1035
f 1123/982/1050 1130/989/1057 1127/986/1054
f 1124/983/1051 1130/989/1057 1123/982/1050
f 1124/983/1051 1125/984/1052 1130/989/1057
f 1117/976/1044 1131/990/1058 1101/961/1030
f 1098/959/1027 1132/917/972 1099/903/1028
f 1129/988/1056 1128/987/1055 1107/966/1035
f 1122/981/1049 1101/961/1030 1131/990/1058
f 1117/976/1044 1111/970/1039 1133/991/132
f 1134/992/1059 1129/988/1056 1115/974/1042
f 1115/974/1042 1122/981/1049 1134/992/1059
f 1135/993/1060 1132/917/972 1098/959/1027
f 1113/972/1040 1135/993/1060 1098/959/1027
f 1118/977/1045 1133/991/132 1111/970/1039
f 1136/994/1061 1122/981/1049 1131/990/1058
f 1136/994/1061 1134/992/1059 1122/981/1049
f 1117/976/1044 1137/995/1062 1131/990/1058
f 1138/996/1063 1128/987/1055 1129/988/1056
f 1134/992/1059 1138/996/1063 1129/988/1056
f 1137/995/1062 1117/976/1044 1133/991/132
f 1139/997/1064 1135/993/1060 1113/972/1040
f 1131/990/1058 1137/995/1062 1136/994/1061
f 1139/997/1064 1113/972/1040 1121/980/1048
f 1135/993/1060 1140/924/1065 1132/917/972
f 1139/997/1064 1141/998/1066 1135/993/1060
f 1128/987/1055 1139/997/1064 1121/980/1048
f 1138/996/1063 1142/999/1067 1128/987/1055
f 1128/987/1055 1142/999/1067 1139/997/1064
f 1134/992/1059 1143/1000/1068 1138/996/1063
f 1137/995/1062 1133/991/132 1144/1001/1069
f 1141/998/1066 1140/924/1065 1135/993/1060
f 1134/992/1059 1136/994/1061 1143/1000/1068
f 1142/999/1067 1145/1002/1070 1139/997/1064
f 1143/1000/1068 1142/999/1067 1138/996/1063
f 1136/994/1061 1137/995/1062 1146/1003/1071
f 1147/1004/1072 1137/995/1062 1144/1001/1069
f 1145/1002/1070 1141/998/1066 1139/997/1064
f 1137/995/1062 1147/1004/1072 1146/1003/1071
f 1148/1005/1073 1140/924/1065 1141/998/1066
f 1145/1002/1070 1148/1005/1073 1141/998/1066
f 1136/994/1061 1146/1003/1071 1143/1000/1068
f 1144/1001/1069 1149/1006/1074 1147/1004/1072
f 1142/999/1067 1150/1007/1075 1145/1002/1070
f 1143/1000/1068 1150/1007/1075 1142/999/1067
f 1146/1003/1071 1151/1008/1076 1143/1000/1068
f 1147/1004/1072 1152/1009/152 1146/1003/1071
f 1147/1004/1072 1149/1006/1074 1152/1009/152
f 1153/1010/1077 1154/923/1078 1140/924/1065
f 1153/1010/1077 1140/924/1065 1148/1005/1073
f 1146/1003/1071 1152/1009/152 1151/1008/1076
f 1153/1010/1077 1155/926/1079 1154/923/1078
f 1145/1002/1070 1156/1011/1080 1148/1005/1073
f 1143/1000/1068 1151/1008/1076 1150/1007/1075
f 1152/1009/152 1157/1012/1081 1151/1008/1076
f 1153/1010/1077 1158/1013/1082 1155/926/1079
f 1156/1011/1080 1153/1010/1077 1148/1005/1073
f 1150/1007/1075 1156/1011/1080 1145/1002/1070
f 1151/1008/1076 1159/1014/1083 1150/1007/1075
f 1151/1008/1076 1157/1012/1081 1159/1014/1083
f 1159/1014/1083 1156/1011/1080 1150/1007/1075
f 1156/1011/1080 1160/1015/1084 1153/1010/1077
f 1160/1015/1084 1158/1013/1082 1153/1010/1077
f 1159/1014/1083 1160/1015/1084 1156/1011/1080
f 1161/1016/1085 1158/1013/1082 1160/1015/1084
f 1159/1014/1083 1157/1012/1081 1160/1015/1084
f 1160/1015/1084 1162/1017/1086 1161/1016/1085
f 1157/1012/1081 1162/1017/1086 1160/1015/1084
f 1163/1018/1087 1164/1019/1088 1165/1020/1089
f 1166/1021/214 1167/1022/1090 1168/1023/1091
f 1168/1023/1091 1167/1022/1090 1169/1024/1092
f 1164/1019/1088 1163/1018/1087 1166/1021/214
f 1170/1025/416 1165/1020/1089 1164/1019/1088
f 1169/1024/1092 1171/1026/1093 1172/1027/1094
f 1168/1023/1091 1169/1024/1092 1172/1027/1094
f 1164/1019/1088 1166/1021/214 1173/1028/1095
f 1173/1028/1095 1166/1021/214 1168/1023/1091
f 1172/1027/1094 1171/1026/1093 1174/1029/1096
f 1168/1023/1091 1172/1027/1094 1175/1030/1097
f 1174/1029/1096 1171/1026/1093 1176/1031/1098
f 1176/1031/1098 1171/1026/1093 1177/1032/1099
f 1178/1033/1100 1172/1027/1094 1174/1029/1096
f 1170/1025/416 1164/1019/1088 1179/1034/1101
f 1175/1030/1097 1172/1027/1094 1178/1033/1100
f 1164/1019/1088 1173/1028/1095 1179/1034/1101
f 1180/1035/1102 1177/1032/1099 1181/1036/219
f 1182/1037/1103 1170/1025/416 1183/1038/465
f 1173/1028/1095 1168/1023/1091 1184/1039/1104
f 1184/1039/1104 1168/1023/1091 1175/1030/1097
f 1180/1035/1102 1181/1036/219 1185/1040/220
f 1170/1025/416 1179/1034/1101 1183/1038/465
f 1178/1033/1100 1174/1029/1096 1186/1041/1105
f 1174/1029/1096 1176/1031/1098 1186/1041/1105
f 1176/1031/1098 1177/1032/1099 1180/1035/1102
f 1179/1034/1101 1173/1028/1095 1187/1042/1106
f 1183/1038/465 1179/1034/1101 1188/1043/1107
f 1189/1044/1108 1175/1030/1097 1178/1033/1100
f 1187/1042/1106 1173/1028/1095 1184/1039/1104
f 1190/1045/1109 1178/1033/1100 1186/1041/1105
f 1176/1031/1098 1180/1035/1102 1191/1046/1110
f 1192/1047/1111 1179/1034/1101 1187/1042/1106
f 1188/1043/1107 1179/1034/1101 1192/1047/1111
f 1184/1039/1104 1175/1030/1097 1189/1044/1108
f 1186/1041/1105 1176/1031/1098 1191/1046/1110
f 1193/1048/1112 1183/1038/465 1188/1043/1107
f 1191/1046/1110 1180/1035/1102 1194/1049/1113
f 1194/1049/1113 1185/1040/220 1195/1050/327
f 1196/1051/458 1183/1038/465 1197/1052/503
f 1194/1049/1113 1180/1035/1102 1185/1040/220
f 1197/1052/503 1183/1038/465 1193/1048/1112
f 1189/1044/1108 1178/1033/1100 1190/1045/1109
f 1198/1053/1114 1184/1039/1104 1189/1044/1108
f 1199/1054/1115 1187/1042/1106 1184/1039/1104
f 1200/1055/1116 1192/1047/1111 1187/1042/1106
f 1193/1048/1112 1188/1043/1107 1192/1047/1111
f 1201/1056/1117 1186/1041/1105 1191/1046/1110
f 1202/1057/1118 1191/1046/1110 1194/1049/1113
f 1195/1050/327 1203/1058/1119 1194/1049/1113
f 1199/1054/1115 1184/1039/1104 1198/1053/1114
f 1190/1045/1109 1186/1041/1105 1201/1056/1117
f 1201/1056/1117 1191/1046/1110 1202/1057/1118
f 1204/1059/1120 1192/1047/1111 1200/1055/1116
f 1193/1048/1112 1192/1047/1111 1204/1059/1120
f 1205/1060/1121 1194/1049/1113 1203/1058/1119
f 1206/1061/352 1203/1058/1119 1195/1050/327
f 1200/1055/1116 1187/1042/1106 1199/1054/1115
f 1207/1062/1122 1201/1056/1117 1202/1057/1118
f 1202/1057/1118 1194/1049/1113 1205/1060/1121
f 1208/1063/1123 1200/1055/1116 1199/1054/1115
f 1197/1052/503 1193/1048/1112 1209/1064/1124
f 1199/1054/1115 1198/1053/1114 1210/1065/1125
f 1193/1048/1112 1204/1059/1120 1211/1066/1126
f 1209/1064/1124 1193/1048/1112 1211/1066/1126
f 1190/1045/1109 1201/1056/1117 1207/1062/1122
f 1212/1067/1127 1200/1055/1116 1208/1063/1123
f 1212/1067/1127 1204/1059/1120 1200/1055/1116
f 1213/1068/1128 1203/1058/1119 1206/1061/352
f 1190/1045/1109 1207/1062/1122 1214/1069/1129
f 1208/1063/1123 1199/1054/1115 1210/1065/1125
f 1215/1070/1130 1189/1044/1108 1190/1045/1109
f 1211/1066/1126 1204/1059/1120 1212/1067/1127
f 1216/1071/529 1197/1052/503 1209/1064/1124
f 1217/1072/1131 1198/1053/1114 1189/1044/1108
f 1202/1057/1118 1205/1060/1121 1218/1073/1132
f 1205/1060/1121 1203/1058/1119 1219/1074/1133
f 1217/1072/1131 1189/1044/1108 1215/1070/1130
f 1205/1060/1121 1219/1074/1133 1220/1075/1134
f 1221/1076/1135 1209/1064/1124 1211/1066/1126
f 1215/1070/1130 1190/1045/1109 1214/1069/1129
f 1214/1069/1129 1207/1062/1122 1222/1077/1136
f 1207/1062/1122 1202/1057/1118 1218/1073/1132
f 1210/1065/1125 1198/1053/1114 1217/1072/1131
f 1222/1077/1136 1207/1062/1122 1218/1073/1132
f 1216/1071/529 1209/1064/1124 1221/1076/1135
f 1223/1078/1137 1215/1070/1130 1214/1069/1129
f 1218/1073/1132 1205/1060/1121 1220/1075/1134
f 1221/1076/1135 1211/1066/1126 1224/1079/1138
f 1211/1066/1126 1212/1067/1127 1224/1079/1138
f 1217/1072/1131 1215/1070/1130 1223/1078/1137
f 1208/1063/1123 1210/1065/1125 1225/1080/1139
f 1226/1081/1140 1212/1067/1127 1208/1063/1123
f 1227/1082/1141 1220/1075/1134 1219/1074/1133
f 1210/1065/1125 1217/1072/1131 1228/1083/1142
f 1223/1078/1137 1214/1069/1129 1229/1084/1143
f 1229/1084/1143 1214/1069/1129 1222/1077/1136
f 1224/1079/1138 1212/1067/1127 1226/1081/1140
f 1230/1085/1144 1218/1073/1132 1220/1075/1134
f 1222/1077/1136 1218/1073/1132 1230/1085/1144
f 1231/1086/1145 1216/1071/529 1221/1076/1135
f 1225/1080/1139 1210/1065/1125 1228/1083/1142
f 1228/1083/1142 1217/1072/1131 1223/1078/1137
f 1230/1085/1144 1220/1075/1134 1227/1082/1141
f 1226/1081/1140 1208/1063/1123 1225/1080/1139
f 1231/1086/1145 1221/1076/1135 1232/1087/1146
f 1223/1078/1137 1229/1084/1143 1233/1088/1147
f 1226/1081/1140 1225/1080/1139 1234/1089/1148
f 1235/1090/1149 1222/1077/1136 1230/1085/1144
f 1221/1076/1135 1224/1079/1138 1232/1087/1146
f 1225/1080/1139 1228/1083/1142 1234/1089/1148
f 1233/1088/1147 1229/1084/1143 1222/1077/1136
f 1236/1091/1150 1228/1083/1142 1223/1078/1137
f 1233/1088/1147 1222/1077/1136 1237/1092/1151
f 1238/1093/1152 1226/1081/1140 1234/1089/1148
f 1237/1092/1151 1222/1077/1136 1235/1090/1149
f 1238/1093/1152 1224/1079/1138 1226/1081/1140
f 1230/1085/1144 1227/1082/1141 1235/1090/1149
f 1239/1094/1153 1224/1079/1138 1238/1093/1152
f 1234/1089/1148 1228/1083/1142 1240/1095/1154
f 1232/1087/1146 1224/1079/1138 1239/1094/1153
f 1240/1095/1154 1228/1083/1142 1236/1091/1150
f 1236/1091/1150 1223/1078/1137 1233/1088/1147
f 1241/1096/1155 1234/1089/1148 1240/1095/1154
f 1235/1090/1149 1227/1082/1141 1242/1097/1156
f 1243/1098/1157 1236/1091/1150 1233/1088/1147
f 1244/1099/1158 1232/1087/1146 1239/1094/1153
f 1233/1088/1147 1237/1092/1151 1245/1100/1159
f 1246/1101/1160 1237/1092/1151 1235/1090/1149
f 1239/1094/1153 1238/1093/1152 1247/1102/1161
f 1240/1095/1154 1236/1091/1150 1248/1103/1162
f 1238/1093/1152 1234/1089/1148 1241/1096/1155
f 1241/1096/1155 1240/1095/1154 1248/1103/1162
f 1243/1098/1157 1233/1088/1147 1245/1100/1159
f 1245/1100/1159 1237/1092/1151 1246/1101/1160
f 1248/1103/1162 1236/1091/1150 1243/1098/1157
f 1246/1101/1160 1235/1090/1149 1242/1097/1156
f 1244/1099/1158 1239/1094/1153 1247/1102/1161
f 1249/1104/1163 1238/1093/1152 1241/1096/1155
f 1247/1102/1161 1238/1093/1152 1249/1104/1163
f 1244/1099/1158 1247/1102/1161 1250/1105/1164
f 1251/1106/1165 1243/1098/1157 1245/1100/1159
f 1252/1107/1166 1245/1100/1159 1246/1101/1160
f 1248/1103/1162 1243/1098/1157 1253/1108/1167
f 1249/1104/1163 1241/1096/1155 1248/1103/1162
f 1251/1106/1165 1245/1100/1159 1252/1107/1166
f 1253/1108/1167 1243/1098/1157 1251/1106/1165
f 1249/1104/1163 1248/1103/1162 1254/1109/1168
f 1247/1102/1161 1249/1104/1163 1255/1110/1169
f 1250/1105/1164 1247/1102/1161 1255/1110/1169
f 1255/1110/1169 1249/1104/1163 1256/1111/1170
f 1254/1109/1168 1248/1103/1162 1253/1108/1167
f 1249/1104/1163 1254/1109/1168 1256/1111/1170
f 1257/1112/1171 1251/1106/1165 1252/1107/1166
f 1257/1112/1171 1253/1108/1167 1251/1106/1165
f 1254/1109/1168 1253/1108/1167 1258/1113/1172
f 1258/1113/1172 1253/1108/1167 1257/1112/1171
f 1259/1114/1173 1256/1111/1170 1254/1109/1168
f 1259/1114/1173 1254/1109/1168 1258/1113/1172
f 1260/1115/1174 1261/1116/1175 1262/1117/1176
f 1263/1118/1177 1264/1119/1178 1261/1116/1175
f 1265/1120/1179 1260/1115/1174 1262/1117/1176
f 1265/1120/1179 1262/1117/1176 1266/1121/1180
f 1267/1068/1128 1268/1061/352 1269/1122/367
f 1270/1123/359 1269/1122/367 1271/1124/339
f 1272/1125/1181 1273/1126/1182 1274/1127/1183
f 1263/1118/1177 1275/1128/1184 1264/1119/1178
f 1272/1125/1181 1276/1129/1185 1273/1126/1182
f 1277/1130/1186 1266/1121/1180 1278/1131/358
f 1279/1132/1187 1280/1133/1188 1278/1131/358
f 1260/1115/1174 1263/1118/1177 1261/1116/1175
f 1281/1134/1189 1282/1135/1190 1283/1136/1191
f 1284/1137/15 1285/1138/1192 1286/1139/1193
f 1287/1140/1194 1267/1068/1128 1269/1122/367
f 1288/1141/1195 1289/1142/1196 1275/1128/1184
f 1277/1130/1186 1265/1120/1179 1266/1121/1180
f 1290/1143/1197 1281/1134/1189 1283/1136/1191
f 1290/1143/1197 1283/1136/1191 1291/1144/1198
f 1285/1138/1192 1291/1144/1198 1286/1139/1193
f 1292/1145/1199 1270/1123/359 1293/1146/368
f 1294/1147/1200 1295/1148/1201 1276/1129/1185
f 1296/1149/1202 1297/1150/362 1298/1151/357
f 1288/1141/1195 1275/1128/1184 1263/1118/1177
f 1280/1133/1188 1277/1130/1186 1278/1131/358
f 1299/1152/1203 1279/1132/1187 1282/1135/1190
f 1267/1068/1128 1300/1074/1133 1301/1058/1119
f 1296/1149/1202 1298/1151/357 1289/1142/1196
f 1302/1153/1204 1289/1142/1196 1288/1141/1195
f 1260/1115/1174 1303/1154/1205 1263/1118/1177
f 1285/1138/1192 1304/1155/1206 1291/1144/1198
f 1305/1156/1207 1285/1138/1192 1284/1137/15
f 1306/1157/1208 1269/1122/367 1270/1123/359
f 1292/1145/1199 1306/1157/1208 1270/1123/359
f 1294/1147/1200 1307/1158/1209 1295/1148/1201
f 1302/1153/1204 1296/1149/1202 1289/1142/1196
f 1299/1152/1203 1280/1133/1188 1279/1132/1187
f 1306/1157/1208 1287/1140/1194 1269/1122/367
f 1272/1125/1181 1274/1127/1183 1297/1150/362
f 1299/1152/1203 1282/1135/1190 1281/1134/1189
f 1304/1155/1206 1290/1143/1197 1291/1144/1198
f 1305/1156/1207 1304/1155/1206 1285/1138/1192
f 1308/1159/1210 1292/1145/1199 1293/1146/368
f 1308/1159/1210 1293/1146/368 1307/1158/1209
f 1294/1147/1200 1308/1159/1210 1307/1158/1209
f 1309/1160/1211 1260/1115/1174 1265/1120/1179
f 1309/1160/1211 1265/1120/1179 1277/1130/1186
f 1310/1161/1212 1276/1129/1185 1272/1125/1181
f 1311/1162/1213 1272/1125/1181 1297/1150/362
f 1302/1153/1204 1312/1163/1214 1296/1149/1202
f 1313/1164/1215 1277/1130/1186 1280/1133/1188
f 1314/1165/1216 1280/1133/1188 1299/1152/1203
f 1281/1134/1189 1315/1166/1217 1299/1152/1203
f 1316/1167/23 1304/1155/1206 1305/1156/1207
f 1300/1074/1133 1267/1068/1128 1287/1140/1194
f 1317/1168/1218 1297/1150/362 1296/1149/1202
f 1318/1169/1219 1296/1149/1202 1312/1163/1214
f 1319/1170/1220 1302/1153/1204 1288/1141/1195
f 1320/1171/1221 1288/1141/1195 1263/1118/1177
f 1321/1172/1222 1260/1115/1174 1309/1160/1211
f 1314/1165/1216 1313/1164/1215 1280/1133/1188
f 1304/1155/1206 1322/1173/1223 1290/1143/1197
f 1323/1174/1224 1306/1157/1208 1292/1145/1199
f 1318/1169/1219 1317/1168/1218 1296/1149/1202
f 1321/1172/1222 1303/1154/1205 1260/1115/1174
f 1313/1164/1215 1309/1160/1211 1277/1130/1186
f 1324/1175/1225 1281/1134/1189 1290/1143/1197
f 1325/1176/1226 1322/1173/1223 1304/1155/1206
f 1316/1167/23 1325/1176/1226 1304/1155/1206
f 1306/1157/1208 1326/1177/1227 1287/1140/1194
f 1310/1161/1212 1294/1147/1200 1276/1129/1185
f 1327/1178/1228 1319/1170/1220 1288/1141/1195
f 1303/1154/1205 1320/1171/1221 1263/1118/1177
f 1324/1175/1225 1290/1143/1197 1322/1173/1223
f 1328/1179/1229 1300/1074/1133 1287/1140/1194
f 1329/1180/1230 1292/1145/1199 1308/1159/1210
f 1317/1168/1218 1311/1162/1213 1297/1150/362
f 1319/1170/1220 1312/1163/1214 1302/1153/1204
f 1327/1178/1228 1288/1141/1195 1320/1171/1221
f 1315/1166/1217 1281/1134/1189 1324/1175/1225
f 1323/1174/1224 1326/1177/1227 1306/1157/1208
f 1315/1166/1217 1314/1165/1216 1299/1152/1203
f 1330/1181/1231 1308/1159/1210 1294/1147/1200
f 1318/1169/1219 1312/1163/1214 1331/1182/1232
f 1332/1183/1233 1320/1171/1221 1303/1154/1205
f 1321/1172/1222 1332/1183/1233 1303/1154/1205
f 1333/1184/1234 1324/1175/1225 1322/1173/1223
f 1328/1179/1229 1287/1140/1194 1326/1177/1227
f 1334/1185/1235 1327/1178/1228 1320/1171/1221
f 1335/1186/1236 1321/1172/1222 1309/1160/1211
f 1336/1187/1237 1324/1175/1225 1333/1184/1234
f 1292/1145/1199 1337/1188/1238 1323/1174/1224
f 1330/1181/1231 1329/1180/1230 1308/1159/1210
f 1319/1170/1220 1331/1182/1232 1312/1163/1214
f 1336/1187/1237 1315/1166/1217 1324/1175/1225
f 1338/1082/1239 1300/1074/1133 1328/1179/1229
f 1337/1188/1238 1292/1145/1199 1329/1180/1230
f 1334/1185/1235 1320/1171/1221 1332/1183/1233
f 1339/1189/1240 1310/1161/1212 1272/1125/1181
f 1340/1190/1241 1327/1178/1228 1334/1185/1235
f 1335/1186/1236 1332/1183/1233 1321/1172/1222
f 1313/1164/1215 1335/1186/1236 1309/1160/1211
f 1333/1184/1234 1341/1191/1242 1336/1187/1237
f 1342/1192/1243 1311/1162/1213 1317/1168/1218
f 1343/1193/1244 1331/1182/1232 1319/1170/1220
f 1340/1190/1241 1319/1170/1220 1327/1178/1228
f 1344/1194/1245 1314/1165/1216 1315/1166/1217
f 1311/1162/1213 1339/1189/1240 1272/1125/1181
f 1345/1195/1246 1317/1168/1218 1318/1169/1219
f 1345/1195/1246 1318/1169/1219 1331/1182/1232
f 1343/1193/1244 1319/1170/1220 1340/1190/1241
f 1336/1187/1237 1344/1194/1245 1315/1166/1217
f 1337/1188/1238 1326/1177/1227 1323/1174/1224
f 1346/1196/1247 1332/1183/1233 1335/1186/1236
f 1314/1165/1216 1347/1197/1248 1313/1164/1215
f 1313/1164/1215 1347/1197/1248 1335/1186/1236
f 1348/1198/1249 1294/1147/1200 1310/1161/1212
f 1348/1198/1249 1310/1161/1212 1339/1189/1240
f 1342/1192/1243 1339/1189/1240 1311/1162/1213
f 1345/1195/1246 1349/1199/1250 1317/1168/1218
f 1346/1196/1247 1334/1185/1235 1332/1183/1233
f 1350/1200/1251 1346/1196/1247 1335/1186/1236
f 1344/1194/1245 1347/1197/1248 1314/1165/1216
f 1351/1201/1252 1329/1180/1230 1330/1181/1231
f 1352/1202/1253 1330/1181/1231 1294/1147/1200
f 1353/1203/1254 1345/1195/1246 1331/1182/1232
f 1354/1204/1255 1340/1190/1241 1334/1185/1235
f 1354/1204/1255 1334/1185/1235 1346/1196/1247
f 1355/1205/1256 1326/1177/1227 1337/1188/1238
f 1351/1201/1252 1337/1188/1238 1329/1180/1230
f 1348/1198/1249 1352/1202/1253 1294/1147/1200
f 1353/1203/1254 1331/1182/1232 1343/1193/1244
f 1340/1190/1241 1356/1206/1257 1343/1193/1244
f 1347/1197/1248 1350/1200/1251 1335/1186/1236
f 1341/1191/1242 1357/1207/1258 1336/1187/1237
f 1352/1202/1253 1351/1201/1252 1330/1181/1231
f 1336/1187/1237 1358/1208/1259 1344/1194/1245
f 1359/1209/1260 1342/1192/1243 1317/1168/1218
f 1359/1209/1260 1317/1168/1218 1349/1199/1250
f 1360/1210/1261 1345/1195/1246 1353/1203/1254
f 1360/1210/1261 1349/1199/1250 1345/1195/1246
f 1361/1211/1262 1354/1204/1255 1346/1196/1247
f 1358/1208/1259 1347/1197/1248 1344/1194/1245
f 1362/1212/1263 1338/1082/1239 1328/1179/1229
f 1363/1213/1264 1348/1198/1249 1339/1189/1240
f 1356/1206/1257 1353/1203/1254 1343/1193/1244
f 1356/1206/1257 1340/1190/1241 1364/1214/1265
f 1364/1214/1265 1340/1190/1241 1354/1204/1255
f 1350/1200/1251 1361/1211/1262 1346/1196/1247
f 1358/1208/1259 1350/1200/1251 1347/1197/1248
f 1326/1177/1227 1362/1212/1263 1328/1179/1229
f 1351/1201/1252 1355/1205/1256 1337/1188/1238
f 1342/1192/1243 1363/1213/1264 1339/1189/1240
f 1365/1215/1266 1360/1210/1261 1353/1203/1254
f 1356/1206/1257 1365/1215/1266 1353/1203/1254
f 1366/1216/1267 1356/1206/1257 1364/1214/1265
f 1367/1217/1268 1368/1218/1269 1364/1214/1265
f 1369/1219/1270 1364/1214/1265 1354/1204/1255
f 1348/1198/1249 1370/1220/1271 1352/1202/1253
f 1366/1216/1267 1364/1214/1265 1368/1218/1269
f 1369/1219/1270 1367/1217/1268 1364/1214/1265
f 1369/1219/1270 1354/1204/1255 1361/1211/1262
f 1342/1192/1243 1371/1221/1272 1363/1213/1264
f 1371/1221/1272 1342/1192/1243 1359/1209/1260
f 1366/1216/1267 1365/1215/1266 1356/1206/1257
f 1372/1222/1273 1358/1208/1259 1336/1187/1237
f 1357/1207/1258 1372/1222/1273 1336/1187/1237
f 1355/1205/1256 1373/1223/1274 1326/1177/1227
f 1374/1224/1275 1351/1201/1252 1352/1202/1253
f 1375/1225/1276 1361/1211/1262 1350/1200/1251
f 1358/1208/1259 1375/1225/1276 1350/1200/1251
f 1362/1212/1263 1376/1097/1277 1338/1082/1239
f 1362/1212/1263 1326/1177/1227 1373/1223/1274
f 1377/1226/1278 1371/1221/1272 1359/1209/1260
f 1378/1227/1279 1349/1199/1250 1360/1210/1261
f 1379/1228/1280 1367/1217/1268 1369/1219/1270
f 1372/1222/1273 1380/1229/1281 1358/1208/1259
f 1370/1220/1271 1374/1224/1275 1352/1202/1253
f 1369/1219/1270 1361/1211/1262 1381/1230/1282
f 1375/1225/1276 1381/1230/1282 1361/1211/1262
f 1363/1213/1264 1370/1220/1271 1348/1198/1249
f 1379/1228/1280 1369/1219/1270 1381/1230/1282
f 1380/1229/1281 1375/1225/1276 1358/1208/1259
f 1382/1231/1283 1370/1220/1271 1363/1213/1264
f 1383/1232/1284 1379/1228/1280 1381/1230/1282
f 1383/1232/1284 1381/1230/1282 1375/1225/1276
f 1384/1233/1285 1362/1212/1263 1373/1223/1274
f 1351/1201/1252 1385/1234/1286 1355/1205/1256
f 1380/1229/1281 1383/1232/1284 1375/1225/1276
f 1385/1234/1286 1373/1223/1274 1355/1205/1256
f 1374/1224/1275 1386/1235/1287 1351/1201/1252
f 1387/1236/1288 1376/1097/1277 1362/1212/1263
f 1382/1231/1283 1388/1237/1289 1370/1220/1271
f 1389/1238/1290 1349/1199/1250 1378/1227/1279
f 1384/1233/1285 1387/1236/1288 1362/1212/1263
f 1386/1235/1287 1385/1234/1286 1351/1201/1252
f 1389/1238/1290 1359/1209/1260 1349/1199/1250
f 1384/1233/1285 1373/1223/1274 1385/1234/1286
f 1370/1220/1271 1388/1237/1289 1374/1224/1275
f 1390/1239/1291 1382/1231/1283 1363/1213/1264
f 1390/1239/1291 1363/1213/1264 1371/1221/1272
f 1389/1238/1290 1377/1226/1278 1359/1209/1260
f 1391/1240/1292 1389/1238/1290 1378/1227/1279
f 1377/1226/1278 1390/1239/1291 1371/1221/1272
f 1392/1101/1293 1376/1097/1277 1393/1241/1294
f 1376/1097/1277 1387/1236/1288 1393/1241/1294
f 1394/1242/1295 1384/1233/1285 1385/1234/1286
f 1374/1224/1275 1395/1243/1296 1386/1235/1287
f 1395/1243/1296 1385/1234/1286 1386/1235/1287
f 1396/1107/1297 1392/1101/1293 1393/1241/1294
f 1397/1244/1298 1387/1236/1288 1384/1233/1285
f 1398/1245/1299 1395/1243/1296 1374/1224/1275
f 1398/1245/1299 1374/1224/1275 1388/1237/1289
f 1399/1246/1300 1388/1237/1289 1382/1231/1283
f 1400/1247/1301 1377/1226/1278 1389/1238/1290
f 1394/1242/1295 1397/1244/1298 1384/1233/1285
f 1390/1239/1291 1399/1246/1300 1382/1231/1283
f 1391/1240/1292 1400/1247/1301 1389/1238/1290
f 1385/1234/1286 1401/1248/1302 1394/1242/1295
f 1377/1226/1278 1402/1249/1303 1390/1239/1291
f 1400/1247/1301 1402/1249/1303 1377/1226/1278
f 1397/1244/1298 1393/1241/1294 1387/1236/1288
f 1401/1248/1302 1397/1244/1298 1394/1242/1295
f 1395/1243/1296 1401/1248/1302 1385/1234/1286
f 1399/1246/1300 1398/1245/1299 1388/1237/1289
f 1402/1249/1303 1403/1250/1304 1390/1239/1291
f 1403/1250/1304 1399/1246/1300 1390/1239/1291
f 1391/1240/1292 1404/1251/1305 1400/1247/1301
f 1405/1252/1306 1401/1248/1302 1395/1243/1296
f 1398/1245/1299 1405/1252/1306 1395/1243/1296
f 1406/1253/1307 1397/1244/1298 1401/1248/1302
f 1403/1250/1304 1407/1254/1308 1399/1246/1300
f 1402/1249/1303 1408/1255/1309 1403/1250/1304
f 1409/1112/1310 1396/1107/1297 1410/1256/1311
f 1396/1107/1297 1393/1241/1294 1410/1256/1311
f 1399/1246/1300 1405/1252/1306 1398/1245/1299
f 1411/1257/1312 1408/1255/1309 1402/1249/1303
f 1400/1247/1301 1411/1257/1312 1402/1249/1303
f 1404/1251/1305 1411/1257/1312 1400/1247/1301
f 1406/1253/1307 1393/1241/1294 1397/1244/1298
f 1408/1255/1309 1407/1254/1308 1403/1250/1304
f 1406/1253/1307 1410/1256/1311 1393/1241/1294
f 1412/1258/1313 1406/1253/1307 1401/1248/1302
f 1412/1258/1313 1401/1248/1302 1405/1252/1306
f 1407/1254/1308 1405/1252/1306 1399/1246/1300
f 1407/1254/1308 1413/1259/1314 1405/1252/1306
f 1414/1113/1315 1409/1112/1310 1410/1256/1311
f 1413/1259/1314 1412/1258/1313 1405/1252/1306
f 1415/1260/1316 1410/1256/1311 1406/1253/1307
f 1411/1257/1312 1416/1261/1317 1408/1255/1309
f 1415/1260/1316 1414/1113/1315 1410/1256/1311
f 1417/1262/1318 1413/1259/1314 1407/1254/1308
f 1417/1262/1318 1407/1254/1308 1408/1255/1309
f 1416/1261/1317 1417/1262/1318 1408/1255/1309
f 1418/1263/1319 1406/1253/1307 1412/1258/1313
f 1419/1264/1320 1414/1113/1315 1415/1260/1316
f 1418/1263/1319 1415/1260/1316 1406/1253/1307
f 1418/1263/1319 1412/1258/1313 1413/1259/1314
f 1417/1262/1318 1418/1263/1319 1413/1259/1314
f 1419/1264/1320 1415/1260/1316 1420/1265/1321
f 1420/1265/1321 1415/1260/1316 1418/1263/1319
f 1420/1265/1321 1418/1263/1319 1421/1266/1322
f 1417/1262/1318 1421/1266/1322 1418/1263/1319
f 1422/1267/1323 1421/1266/1322 1417/1262/1318
f 1423/1268/1324 1424/1269/509 1425/1270/506
f 1423/1268/1324 1425/1270/506 1426/1271/1325
f 1427/1272/530 1428/1273/1326 1429/1274/1327
f 1427/1272/530 1430/1275/1328 1428/1273/1326
f 1424/1269/509 1423/1268/1324 1431/1276/523
f 1432/1277/12 1433/1278/1329 1434/1279/1330
f 1435/1280/1331 1436/1281/1332 1437/1282/520
f 1434/1279/1330 1438/1283/1333 1432/1277/12
f 1439/1284/525 1436/1281/1332 1435/1280/1331
f 1440/1285/1334 1441/1286/1335 1442/1071/529
f 1440/1285/1334 1443/1287/526 1441/1286/1335
f 1444/1288/1336 1426/1271/1325 1439/1284/525
f 1445/1289/1337 1433/1278/1329 1431/1276/523
f 1446/1290/1338 1437/1282/520 1447/1291/1339
f 1448/1292/1340 1431/1276/523 1423/1268/1324
f 1438/1283/1333 1434/1279/1330 1449/1293/1341
f 1450/1294/1342 1451/1295/531 1443/1287/526
f 1452/1296/1343 1453/1297/1344 1454/1298/511
f 1453/1297/1344 1455/1299/1345 1456/1300/518
f 1429/1274/1327 1456/1300/518 1455/1299/1345
f 1445/1289/1337 1431/1276/523 1448/1292/1340
f 1434/1279/1330 1433/1278/1329 1457/1301/1346
f 1447/1291/1339 1427/1272/530 1458/1302/1347
f 1446/1290/1338 1447/1291/1339 1458/1302/1347
f 1435/1280/1331 1437/1282/520 1446/1290/1338
f 1459/1303/1348 1439/1284/525 1435/1280/1331
f 1444/1288/1336 1439/1284/525 1459/1303/1348
f 1434/1279/1330 1457/1301/1346 1460/1304/1349
f 1450/1294/1342 1443/1287/526 1440/1285/1334
f 1461/1305/1350 1452/1296/1343 1454/1298/511
f 1457/1301/1346 1433/1278/1329 1445/1289/1337
f 1449/1293/1341 1434/1279/1330 1462/1306/1351
f 1452/1296/1343 1455/1299/1345 1453/1297/1344
f 1458/1302/1347 1427/1272/530 1463/1307/1352
f 1457/1301/1346 1445/1289/1337 1460/1304/1349
f 1434/1279/1330 1460/1304/1349 1462/1306/1351
f 1464/1308/1353 1465/1309/524 1466/1310/527
f 1464/1308/1353 1467/1311/1354 1465/1309/524
f 1459/1303/1348 1435/1280/1331 1468/1312/1355
f 1469/1313/1356 1426/1271/1325 1444/1288/1336
f 1423/1268/1324 1426/1271/1325 1469/1313/1356
f 1449/1293/1341 1462/1306/1351 1470/1314/24
f 1448/1292/1340 1423/1268/1324 1469/1313/1356
f 1460/1304/1349 1445/1289/1337 1471/1315/1357
f 1462/1306/1351 1472/1176/1358 1473/1167/23
f 1470/1314/24 1462/1306/1351 1473/1167/23
f 1461/1305/1350 1454/1298/511 1467/1311/1354
f 1474/1316/1359 1429/1274/1327 1455/1299/1345
f 1474/1316/1359 1427/1272/530 1429/1274/1327
f 1435/1280/1331 1446/1290/1338 1468/1312/1355
f 1460/1304/1349 1471/1315/1357 1472/1176/1358
f 1460/1304/1349 1472/1176/1358 1462/1306/1351
f 1475/1317/1360 1466/1310/527 1451/1295/531
f 1476/1318/1361 1455/1299/1345 1452/1296/1343
f 1468/1312/1355 1446/1290/1338 1477/1319/1362
f 1445/1289/1337 1448/1292/1340 1478/1320/1363
f 1471/1315/1357 1479/1173/1364 1472/1176/1358
f 1464/1308/1353 1466/1310/527 1480/1321/1365
f 1445/1289/1337 1478/1320/1363 1471/1315/1357
f 1446/1290/1338 1458/1302/1347 1477/1319/1362
f 1448/1292/1340 1469/1313/1356 1481/1322/1366
f 1471/1315/1357 1478/1320/1363 1482/1184/1367
f 1471/1315/1357 1482/1184/1367 1479/1173/1364
f 1440/1285/1334 1442/1071/529 1483/1086/1145
f 1480/1321/1365 1466/1310/527 1475/1317/1360
f 1484/1323/1368 1467/1311/1354 1464/1308/1353
f 1484/1323/1368 1461/1305/1350 1467/1311/1354
f 1458/1302/1347 1463/1307/1352 1485/1324/1369
f 1444/1288/1336 1459/1303/1348 1486/1325/1370
f 1450/1294/1342 1440/1285/1334 1487/1326/1371
f 1475/1317/1360 1451/1295/531 1450/1294/1342
f 1474/1316/1359 1455/1299/1345 1476/1318/1361
f 1463/1307/1352 1474/1316/1359 1488/1327/1372
f 1463/1307/1352 1427/1272/530 1474/1316/1359
f 1458/1302/1347 1485/1324/1369 1477/1319/1362
f 1459/1303/1348 1468/1312/1355 1486/1325/1370
f 1489/1328/1373 1476/1318/1361 1452/1296/1343
f 1448/1292/1340 1490/1329/1374 1478/1320/1363
f 1487/1326/1371 1440/1285/1334 1483/1086/1145
f 1461/1305/1350 1489/1328/1373 1452/1296/1343
f 1474/1316/1359 1476/1318/1361 1491/1330/1375
f 1492/1331/1376 1469/1313/1356 1444/1288/1336
f 1490/1329/1374 1448/1292/1340 1481/1322/1366
f 1482/1184/1367 1478/1320/1363 1493/1191/1377
f 1488/1327/1372 1474/1316/1359 1491/1330/1375
f 1492/1331/1376 1444/1288/1336 1486/1325/1370
f 1481/1322/1366 1469/1313/1356 1492/1331/1376
f 1488/1327/1372 1494/1332/1378 1463/1307/1352
f 1478/1320/1363 1495/1333/1379 1493/1191/1377
f 1480/1321/1365 1475/1317/1360 1496/1334/1380
f 1485/1324/1369 1463/1307/1352 1494/1332/1378
f 1486/1325/1370 1468/1312/1355 1497/1335/1381
f 1498/1336/1382 1450/1294/1342 1487/1326/1371
f 1475/1317/1360 1450/1294/1342 1498/1336/1382
f 1499/1337/1383 1489/1328/1373 1461/1305/1350
f 1488/1327/1372 1500/1338/1384 1494/1332/1378
f 1501/1339/1385 1477/1319/1362 1485/1324/1369
f 1497/1335/1381 1468/1312/1355 1477/1319/1362
f 1490/1329/1374 1481/1322/1366 1492/1331/1376
f 1490/1329/1374 1495/1333/1379 1478/1320/1363
f 1485/1324/1369 1494/1332/1378 1502/1340/1386
f 1503/1341/1387 1486/1325/1370 1497/1335/1381
f 1504/1342/1388 1461/1305/1350 1484/1323/1368
f 1491/1330/1375 1476/1318/1361 1505/1343/1389
f 1488/1327/1372 1491/1330/1375 1500/1338/1384
f 1477/1319/1362 1501/1339/1385 1497/1335/1381
f 1492/1331/1376 1486/1325/1370 1503/1341/1387
f 1495/1333/1379 1506/1207/1390 1493/1191/1377
f 1507/1344/1391 1483/1086/1145 1508/1087/1146
f 1496/1334/1380 1475/1317/1360 1498/1336/1382
f 1489/1328/1373 1509/1345/1392 1505/1343/1389
f 1489/1328/1373 1505/1343/1389 1476/1318/1361
f 1500/1338/1384 1510/1346/1393 1494/1332/1378
f 1502/1340/1386 1494/1332/1378 1510/1346/1393
f 1490/1329/1374 1492/1331/1376 1511/1347/1394
f 1487/1326/1371 1483/1086/1145 1507/1344/1391
f 1498/1336/1382 1487/1326/1371 1512/1348/1395
f 1513/1349/1396 1464/1308/1353 1480/1321/1365
f 1504/1342/1388 1499/1337/1383 1461/1305/1350
f 1499/1337/1383 1514/1350/1397 1489/1328/1373
f 1500/1338/1384 1515/1351/1398 1510/1346/1393
f 1513/1349/1396 1484/1323/1368 1464/1308/1353
f 1502/1340/1386 1510/1346/1393 1516/1352/1399
f 1501/1339/1385 1485/1324/1369 1502/1340/1386
f 1503/1341/1387 1497/1335/1381 1517/1353/1400
f 1492/1331/1376 1503/1341/1387 1518/1354/1401
f 1490/1329/1374 1511/1347/1394 1495/1333/1379
f 1512/1348/1395 1496/1334/1380 1498/1336/1382
f 1514/1350/1397 1509/1345/1392 1489/1328/1373
f 1491/1330/1375 1505/1343/1389 1515/1351/1398
f 1491/1330/1375 1515/1351/1398 1500/1338/1384
f 1515/1351/1398 1519/1218/1269 1510/1346/1393
f 1497/1335/1381 1501/1339/1385 1517/1353/1400
f 1480/1321/1365 1496/1334/1380 1520/1355/1402
f 1484/1323/1368 1513/1349/1396 1521/1356/1403
f 1509/1345/1392 1522/1357/1404 1505/1343/1389
f 1505/1343/1389 1522/1357/1404 1515/1351/1398
f 1510/1346/1393 1519/1218/1269 1516/1352/1399
f 1516/1352/1399 1519/1218/1269 1523/1217/1405
f 1511/1347/1394 1492/1331/1376 1518/1354/1401
f 1521/1356/1403 1504/1342/1388 1484/1323/1368
f 1522/1357/1404 1524/1210/1261 1525/1215/1406
f 1501/1339/1385 1502/1340/1386 1526/1358/1407
f 1503/1341/1387 1517/1353/1400 1518/1354/1401
f 1495/1333/1379 1527/1359/1408 1506/1207/1390
f 1528/1360/1409 1487/1326/1371 1507/1344/1391
f 1512/1348/1395 1487/1326/1371 1528/1360/1409
f 1513/1349/1396 1480/1321/1365 1520/1355/1402
f 1529/1227/1410 1524/1210/1261 1522/1357/1404
f 1522/1357/1404 1525/1215/1406 1530/1216/1411
f 1515/1351/1398 1522/1357/1404 1530/1216/1411
f 1530/1216/1411 1519/1218/1269 1515/1351/1398
f 1501/1339/1385 1526/1358/1407 1517/1353/1400
f 1511/1347/1394 1518/1354/1401 1527/1359/1408
f 1511/1347/1394 1527/1359/1408 1495/1333/1379
f 1527/1359/1408 1531/1222/1273 1506/1207/1390
f 1518/1354/1401 1532/1361/1412 1527/1359/1408
f 1507/1344/1391 1508/1087/1146 1533/1099/1158
f 1520/1355/1402 1496/1334/1380 1512/1348/1395
f 1534/1362/1413 1499/1337/1383 1504/1342/1388
f 1535/1363/1414 1529/1227/1410 1522/1357/1404
f 1509/1345/1392 1535/1363/1414 1522/1357/1404
f 1502/1340/1386 1516/1352/1399 1536/1364/1415
f 1518/1354/1401 1517/1353/1400 1532/1361/1412
f 1513/1349/1396 1520/1355/1402 1537/1365/1416
f 1534/1362/1413 1504/1342/1388 1521/1356/1403
f 1538/1366/1417 1514/1350/1397 1499/1337/1383
f 1539/1228/1418 1516/1352/1399 1523/1217/1405
f 1536/1364/1415 1516/1352/1399 1539/1228/1418
f 1526/1358/1407 1502/1340/1386 1536/1364/1415
f 1526/1358/1407 1540/1367/1419 1532/1361/1412
f 1517/1353/1400 1526/1358/1407 1532/1361/1412
f 1527/1359/1408 1532/1361/1412 1541/1368/1420
f 1541/1368/1420 1531/1222/1273 1527/1359/1408
f 1526/1358/1407 1536/1364/1415 1540/1367/1419
f 1531/1222/1273 1541/1368/1420 1542/1229/1421
f 1534/1362/1413 1538/1366/1417 1499/1337/1383
f 1540/1367/1419 1536/1364/1415 1539/1228/1418
f 1540/1367/1419 1539/1228/1418 1543/1232/1422
f 1532/1361/1412 1540/1367/1419 1541/1368/1420
f 1544/1369/1423 1520/1355/1402 1512/1348/1395
f 1521/1356/1403 1513/1349/1396 1537/1365/1416
f 1545/1370/1424 1509/1345/1392 1514/1350/1397
f 1541/1368/1420 1540/1367/1419 1543/1232/1422
f 1541/1368/1420 1543/1232/1422 1542/1229/1421
f 1538/1366/1417 1545/1370/1424 1514/1350/1397
f 1545/1370/1424 1535/1363/1414 1509/1345/1392
f 1507/1344/1391 1533/1099/1158 1546/1371/1425
f 1547/1372/1426 1528/1360/1409 1507/1344/1391
f 1512/1348/1395 1528/1360/1409 1547/1372/1426
f 1537/1365/1416 1520/1355/1402 1544/1369/1423
f 1548/1240/1427 1529/1227/1410 1535/1363/1414
f 1545/1370/1424 1549/1373/1428 1535/1363/1414
f 1550/1374/1429 1538/1366/1417 1534/1362/1413
f 1547/1372/1426 1507/1344/1391 1546/1371/1425
f 1544/1369/1423 1512/1348/1395 1551/1375/1430
f 1552/1376/1431 1545/1370/1424 1538/1366/1417
f 1551/1375/1430 1512/1348/1395 1547/1372/1426
f 1537/1365/1416 1553/1377/1432 1521/1356/1403
f 1534/1362/1413 1521/1356/1403 1553/1377/1432
f 1538/1366/1417 1550/1374/1429 1552/1376/1431
f 1533/1099/1158 1554/1105/1433 1546/1371/1425
f 1552/1376/1431 1549/1373/1428 1545/1370/1424
f 1550/1374/1429 1534/1362/1413 1553/1377/1432
f 1555/1378/1434 1548/1240/1427 1535/1363/1414
f 1551/1375/1430 1547/1372/1426 1556/1379/1435
f 1552/1376/1431 1557/1380/1436 1549/1373/1428
f 1547/1372/1426 1546/1371/1425 1558/1381/1437
f 1556/1379/1435 1547/1372/1426 1558/1381/1437
f 1537/1365/1416 1544/1369/1423 1559/1382/1438
f 1537/1365/1416 1560/1383/1439 1553/1377/1432
f 1549/1373/1428 1555/1378/1434 1535/1363/1414
f 1544/1369/1423 1551/1375/1430 1559/1382/1438
f 1537/1365/1416 1559/1382/1438 1560/1383/1439
f 1550/1374/1429 1557/1380/1436 1552/1376/1431
f 1546/1371/1425 1554/1105/1433 1561/1384/1440
f 1553/1377/1432 1560/1383/1439 1550/1374/1429
f 1558/1381/1437 1546/1371/1425 1561/1384/1440
f 1559/1382/1438 1551/1375/1430 1556/1379/1435
f 1555/1378/1434 1562/1251/1305 1548/1240/1427
f 1549/1373/1428 1557/1380/1436 1555/1378/1434
f 1560/1383/1439 1559/1382/1438 1563/1385/1441
f 1550/1374/1429 1564/1386/1442 1557/1380/1436
f 1557/1380/1436 1565/1387/1443 1555/1378/1434
f 1554/1105/1433 1566/1110/1444 1561/1384/1440
f 1550/1374/1429 1560/1383/1439 1564/1386/1442
f 1561/1384/1440 1566/1110/1444 1567/1388/1445
f 1559/1382/1438 1556/1379/1435 1568/1389/1446
f 1564/1386/1442 1569/1390/1447 1557/1380/1436
f 1566/1110/1444 1570/1111/1448 1567/1388/1445
f 1560/1383/1439 1563/1385/1441 1564/1386/1442
f 1557/1380/1436 1569/1390/1447 1565/1387/1443
f 1555/1378/1434 1565/1387/1443 1562/1251/1305
f 1558/1381/1437 1561/1384/1440 1571/1391/1449
f 1558/1381/1437 1571/1391/1449 1568/1389/1446
f 1556/1379/1435 1558/1381/1437 1568/1389/1446
f 1559/1382/1438 1568/1389/1446 1563/1385/1441
f 1564/1386/1442 1572/1392/1450 1569/1390/1447
f 1564/1386/1442 1563/1385/1441 1572/1392/1450
f 1571/1391/1449 1561/1384/1440 1567/1388/1445
f 1565/1387/1443 1573/1257/1451 1562/1251/1305
f 1569/1390/1447 1572/1392/1450 1565/1387/1443
f 1570/1111/1448 1574/1114/1452 1575/1393/1453
f 1563/1385/1441 1568/1389/1446 1576/1394/1454
f 1565/1387/1443 1577/1261/1455 1573/1257/1451
f 1574/1114/1452 1578/1113/1456 1579/1264/1320
f 1567/1388/1445 1570/1111/1448 1575/1393/1453
f 1571/1391/1449 1567/1388/1445 1575/1393/1453
f 1572/1392/1450 1580/1395/1457 1565/1387/1443
f 1571/1391/1449 1575/1393/1453 1581/1396/1458
f 1568/1389/1446 1571/1391/1449 1581/1396/1458
f 1568/1389/1446 1581/1396/1458 1576/1394/1454
f 1563/1385/1441 1576/1394/1454 1582/1397/1459
f 1572/1392/1450 1563/1385/1441 1582/1397/1459
f 1565/1387/1443 1580/1395/1457 1577/1261/1455
f 1575/1393/1453 1574/1114/1452 1579/1264/1320
f 1580/1395/1457 1583/1262/1460 1577/1261/1455
f 1575/1393/1453 1579/1264/1320 1584/1398/1461
f 1582/1397/1459 1585/1399/1462 1580/1395/1457
f 1582/1397/1459 1580/1395/1457 1572/1392/1450
f 1581/1396/1458 1575/1393/1453 1584/1398/1461
f 1585/1399/1462 1576/1394/1454 1581/1396/1458
f 1582/1397/1459 1576/1394/1454 1585/1399/1462
f 1580/1395/1457 1586/1267/1323 1583/1262/1460
f 1587/1265/1321 1584/1398/1461 1579/1264/1320
f 1581/1396/1458 1584/1398/1461 1585/1399/1462
f 1585/1399/1462 1584/1398/1461 1587/1265/1321
f 1586/1267/1323 1587/1265/1321 1588/1266/1322
f 1580/1395/1457 1585/1399/1462 1586/1267/1323
f 1585/1399/1462 1587/1265/1321 1586/1267/1323
