# Blender 4.2.0
# www.blender.org
mtllib model.mtl
o texture_mapping
v -0.297292 -0.495626 0.306602
v -0.301667 -0.474900 0.289980
v -0.293686 -0.502732 0.288291
v -0.297408 -0.452845 0.302939
v -0.299502 -0.414062 0.288587
v -0.287971 -0.393841 0.301508
v -0.294380 -0.342628 0.279913
v -0.288412 -0.314752 0.292118
v -0.291415 -0.277585 0.277805
v -0.285336 -0.252287 0.285952
v -0.285609 -0.216380 0.269761
v -0.276187 -0.200817 0.284701
v -0.278657 -0.142162 0.275292
v -0.283022 -0.163773 0.264092
v -0.277408 -0.099923 0.254705
v -0.271943 -0.062679 0.270028
v -0.269694 -0.024964 0.249184
v -0.266067 -0.020408 0.264113
v -0.241051 0.007680 0.249584
v -0.299762 -0.480851 -0.229749
v -0.291282 -0.503788 -0.235909
v -0.293081 -0.501351 -0.218755
v -0.296078 -0.452067 -0.231274
v -0.294353 -0.456175 -0.210884
v -0.299950 -0.406390 -0.210682
v -0.288843 -0.490239 -0.243308
v -0.295161 -0.393079 -0.222765
v -0.296195 -0.332159 -0.198155
v -0.291003 -0.393073 -0.197373
v -0.290606 -0.261189 -0.201458
v -0.287913 -0.329433 -0.216580
v -0.295646 -0.248003 -0.186083
v -0.288737 -0.175733 -0.186920
v -0.293301 -0.197285 -0.169713
v -0.296603 -0.160181 -0.171943
v -0.288204 -0.264995 -0.175833
v -0.287494 -0.138904 -0.155219
v -0.290183 -0.102030 -0.172098
v -0.292826 -0.100162 -0.158157
v -0.291922 -0.048104 -0.157790
v -0.286314 -0.073723 -0.143920
v -0.280548 -0.045665 -0.171099
v -0.287915 -0.008249 -0.168896
v -0.285163 -0.015406 -0.148009
v -0.281677 0.033608 -0.153728
v -0.288872 0.048808 -0.174246
v -0.284980 0.084234 -0.166449
v -0.283857 0.097234 -0.187169
v -0.284432 0.148504 -0.188726
v -0.281512 0.234359 -0.206167
v -0.284542 0.189114 -0.183922
v -0.276614 0.131482 -0.169644
v -0.274163 0.217768 -0.176410
v -0.278469 0.171658 -0.171782
v -0.277681 0.261961 -0.192629
v -0.279105 0.310988 -0.215847
v -0.271377 0.334574 -0.196803
v -0.267726 0.353337 -0.219272
v -0.268378 0.335342 -0.228981
v -0.253976 0.364232 -0.246530
v -0.251451 0.375188 -0.237404
v -0.240362 0.382304 -0.230963
v -0.253273 0.361984 -0.215485
v -0.260527 0.390184 -0.211647
v -0.251500 0.361266 -0.206010
v -0.234406 0.383331 -0.255562
v -0.237739 0.440083 -0.233893
v -0.224154 0.418137 -0.242388
v -0.207880 0.459113 -0.264859
v -0.194132 0.476158 -0.265810
v -0.169447 0.480434 -0.289029
v -0.299502 -0.414062 0.288587
v -0.294603 -0.435601 0.278540
v -0.301667 -0.474900 0.289980
v -0.288224 -0.482365 0.279430
v -0.293686 -0.502732 0.288291
v -0.294380 -0.342628 0.279913
v -0.290357 -0.374257 0.272085
v -0.291415 -0.277585 0.277805
v -0.283731 -0.292375 0.265080
v -0.285609 -0.216380 0.269761
v -0.281804 -0.417981 0.274040
v -0.276679 -0.224689 0.256306
v -0.276703 -0.351579 0.267288
v -0.283022 -0.163773 0.264092
v -0.275859 -0.169946 0.253984
v -0.277408 -0.099923 0.254705
v -0.262484 -0.107690 0.247965
v -0.258215 -0.042134 0.242063
v -0.269694 -0.024964 0.249184
v -0.246388 -0.008143 0.238057
v -0.241051 0.007680 0.249584
v -0.234696 0.014263 0.257041
v -0.236703 0.018293 0.237248
v -0.214164 -0.006668 0.233483
v -0.240974 -0.023692 0.249068
v -0.216866 0.013683 0.233592
v -0.187304 0.003238 0.228534
v -0.168885 -0.021201 0.230946
v -0.297408 -0.452845 0.302939
v -0.297292 -0.495626 0.306602
v -0.282842 -0.473124 0.307409
v -0.287971 -0.393841 0.301508
v -0.277176 -0.334146 0.298745
v -0.288412 -0.314752 0.292118
v -0.285336 -0.252287 0.285952
v -0.272129 -0.281104 0.292170
v -0.278220 -0.500179 0.305696
v -0.293686 -0.502732 0.288291
v -0.273846 -0.428724 0.300279
v -0.270281 -0.365260 0.296577
v -0.263718 -0.222880 0.285128
v -0.276187 -0.200817 0.284701
v -0.261591 -0.154607 0.278783
v -0.278657 -0.142162 0.275292
v -0.262167 -0.103070 0.276042
v -0.271943 -0.062679 0.270028
v -0.255105 -0.052045 0.271138
v -0.247075 -0.015179 0.266083
v -0.266067 -0.020408 0.264113
v -0.241051 0.007680 0.249584
v -0.234696 0.014263 0.257041
v -0.220397 -0.010330 0.257351
v -0.182001 0.008516 0.262176
v -0.159474 -0.011621 0.260574
v -0.113582 0.003464 0.258855
v -0.096525 -0.012083 0.257180
v -0.143812 -0.024663 0.252350
v -0.082226 -0.027136 0.253973
v -0.050745 0.000243 0.253523
v -0.035844 -0.017755 0.255744
v -0.001817 -0.030556 0.252556
v 0.007288 -0.009516 0.251099
v 0.071616 -0.022166 0.255380
v 0.053786 0.000058 0.255440
v 0.123378 0.004441 0.260051
v 0.154538 -0.013587 0.258242
v 0.169599 0.002622 0.261567
v 0.208955 -0.009092 0.256924
v 0.204506 0.008884 0.259381
v 0.234516 -0.010994 0.262901
v 0.235411 0.005750 0.261308
v 0.230950 0.014106 0.259976
v 0.259460 -0.015121 0.264508
v 0.252565 -0.046653 0.266602
v 0.269658 -0.137935 0.280131
v 0.252639 -0.134796 0.264861
v 0.261477 -0.170014 0.280741
v 0.255831 -0.098416 0.272010
v 0.272642 -0.092128 0.274102
v 0.274182 -0.193884 0.285147
v 0.264764 -0.226328 0.285355
v 0.274140 -0.039534 0.264951
v 0.271873 -0.313547 0.292990
v 0.283784 -0.254110 0.287731
v 0.292038 -0.321988 0.289694
v -0.295161 -0.393079 -0.222765
v -0.279915 -0.444815 -0.234835
v -0.296078 -0.452067 -0.231274
v -0.287913 -0.329433 -0.216580
v -0.277091 -0.384580 -0.224304
v -0.288843 -0.490239 -0.243308
v -0.276673 -0.500596 -0.241441
v -0.291282 -0.503788 -0.235909
v -0.271435 -0.324638 -0.210739
v -0.272042 -0.503203 -0.223532
v -0.268842 -0.480256 -0.231084
v -0.268988 -0.435157 -0.219712
v -0.268929 -0.376588 -0.205813
v -0.265677 -0.265462 -0.193981
v -0.277483 -0.271463 -0.206311
v -0.272763 -0.208428 -0.193173
v -0.268318 -0.310176 -0.191120
v -0.266508 -0.194261 -0.171826
v -0.263920 -0.128300 -0.165172
v -0.270042 -0.132928 -0.180362
v -0.261787 -0.067498 -0.159814
v -0.276531 -0.092831 -0.176451
v -0.266979 -0.041740 -0.169007
v -0.258884 -0.023215 -0.158402
v -0.263219 -0.015928 -0.173684
v -0.287336 -0.482666 -0.211089
v -0.294353 -0.456175 -0.210884
v -0.293081 -0.501351 -0.218755
v -0.281433 -0.328425 -0.185295
v -0.296195 -0.332159 -0.198155
v -0.291003 -0.393073 -0.197373
v -0.288204 -0.264995 -0.175833
v -0.287494 -0.138904 -0.155219
v -0.293301 -0.197285 -0.169713
v -0.279448 -0.199459 -0.162322
v -0.274725 -0.470489 -0.213219
v -0.275575 -0.406826 -0.201182
v -0.273370 -0.142238 -0.154731
v -0.285163 -0.015406 -0.148009
v -0.286314 -0.073723 -0.143920
v -0.272703 -0.051451 -0.139935
v -0.270247 -0.263506 -0.176910
v -0.269359 -0.093252 -0.146356
v -0.281677 0.033608 -0.153728
v -0.268353 0.003531 -0.145734
v -0.276614 0.131482 -0.169644
v -0.284980 0.084234 -0.166449
v -0.272580 0.082499 -0.159600
v -0.263917 -0.020606 -0.142108
v -0.261917 0.160546 -0.176724
v -0.278469 0.171658 -0.171782
v -0.261917 0.172456 -0.169493
v -0.238613 0.224534 -0.171757
v -0.274163 0.217768 -0.176410
v -0.277681 0.261961 -0.192629
v -0.256398 0.269572 -0.179146
v -0.252055 0.028177 -0.158172
v -0.254733 0.128555 -0.174354
v -0.271377 0.334574 -0.196803
v -0.251192 0.331749 -0.186279
v -0.263686 0.367459 -0.196900
v -0.247721 -0.016009 -0.131845
v -0.245777 0.080164 -0.172426
v -0.245072 -0.003743 -0.150424
v -0.240035 -0.028927 -0.136171
v -0.235552 0.184817 -0.171981
v -0.220314 0.349589 -0.190745
v -0.230178 0.401150 -0.203999
v -0.218552 -0.015838 -0.130824
v -0.229205 0.288404 -0.178934
v -0.222607 -0.007537 -0.143515
v -0.174454 0.250374 -0.192123
v -0.179666 0.327544 -0.201241
v -0.191467 -0.024036 -0.138078
v -0.171701 0.403105 -0.219236
v -0.178755 0.200266 -0.184278
v -0.235552 0.184817 -0.171981
v -0.206871 0.190159 -0.181638
v -0.178755 0.200266 -0.184278
v -0.204632 0.425905 -0.218763
v -0.192008 -0.002051 -0.139383
v -0.161247 -0.016527 -0.128633
v -0.158841 0.204062 -0.199354
v -0.161239 0.444644 -0.238128
v -0.158427 -0.003407 -0.129785
v -0.151297 -0.014203 -0.093266
v -0.117146 0.381938 -0.227981
v -0.118291 0.214167 -0.200273
v -0.096398 0.291904 -0.216548
v -0.104720 0.433788 -0.243501
v -0.134400 0.189586 -0.195973
v -0.081014 0.195869 -0.202856
v -0.042194 0.226262 -0.213116
v -0.056152 0.358997 -0.233318
v -0.054708 0.423945 -0.246612
v -0.032786 0.463981 -0.262684
v -0.038036 0.288769 -0.222911
v -0.029579 0.195931 -0.209605
v -0.009615 0.400965 -0.244252
v 0.030286 0.227174 -0.213910
v 0.018629 0.327240 -0.230178
v 0.043098 0.450649 -0.256416
v 0.025493 0.194517 -0.216219
v 0.057100 0.368555 -0.234776
v 0.081575 0.267889 -0.214966
v 0.104790 0.199495 -0.203296
v 0.097580 0.424373 -0.241780
v 0.133066 0.312005 -0.211500
v 0.116236 0.463032 -0.255834
v 0.153011 0.389989 -0.220763
v 0.147079 0.247020 -0.198365
v 0.181456 0.436782 -0.229903
v 0.172371 0.202959 -0.194361
v 0.187643 0.302486 -0.194834
v 0.204533 0.224036 -0.179405
v 0.235915 0.185870 -0.171155
v 0.224374 0.381312 -0.196225
v 0.237738 0.339977 -0.186771
v 0.239782 0.283295 -0.178600
v 0.232877 0.425969 -0.219307
v 0.252416 0.387546 -0.199630
v 0.256842 0.201691 -0.169313
v 0.262287 0.249158 -0.177176
v 0.267186 0.167628 -0.172253
v 0.268680 0.314912 -0.190250
v 0.267165 0.362525 -0.196799
v 0.261022 0.394205 -0.208323
v 0.259052 0.016604 -0.149735
v 0.249821 -0.022038 -0.134277
v 0.268439 -0.018423 -0.141999
v 0.278150 0.027836 -0.149526
v 0.269990 0.075556 -0.158091
v 0.281013 0.194553 -0.179085
v 0.277431 -0.446039 -0.204356
v 0.272832 -0.488508 -0.214630
v 0.292798 -0.456371 -0.207945
v 0.277045 0.253415 -0.186556
v 0.280448 -0.502921 -0.213960
v 0.284955 -0.386200 -0.193285
v 0.271319 -0.398002 -0.203216
v 0.275895 -0.326826 -0.185946
v 0.285496 -0.059608 -0.140772
v 0.273245 -0.047528 -0.137865
v 0.275058 -0.100348 -0.145026
v 0.288228 0.048288 -0.163712
v 0.264125 0.128471 -0.169010
v 0.282397 0.129071 -0.171721
v 0.270526 -0.204131 -0.167624
v 0.278149 -0.270036 -0.174321
v 0.288965 -0.206809 -0.166657
v 0.278048 -0.150192 -0.154906
v 0.290929 -0.126605 -0.154063
v 0.291351 -0.024964 -0.153309
v 0.292160 -0.306702 -0.184780
v 0.298329 -0.501533 -0.219835
v 0.297820 -0.376281 -0.202119
v -0.288872 0.048808 -0.174246
v -0.270963 0.054075 -0.187615
v -0.287915 -0.008249 -0.168896
v -0.277483 -0.271463 -0.206311
v -0.287913 -0.329433 -0.216580
v -0.290606 -0.261189 -0.201458
v -0.272763 -0.208428 -0.193173
v -0.288737 -0.175733 -0.186920
v -0.276531 -0.092831 -0.176451
v -0.290183 -0.102030 -0.172098
v -0.283857 0.097234 -0.187169
v -0.281512 0.234359 -0.206167
v -0.268379 0.195052 -0.208255
v -0.284432 0.148504 -0.188726
v -0.280548 -0.045665 -0.171099
v -0.270498 0.007399 -0.179278
v -0.265921 0.129466 -0.198723
v -0.270042 -0.132928 -0.180362
v -0.262818 0.293532 -0.225965
v -0.279105 0.310988 -0.215847
v -0.271435 -0.324638 -0.210739
v -0.266979 -0.041740 -0.169007
v -0.263219 -0.015928 -0.173684
v -0.268378 0.335342 -0.228981
v -0.249078 0.245928 -0.224009
v -0.251326 -0.009015 -0.179993
v -0.248432 0.080356 -0.195110
v -0.246058 0.017444 -0.182128
v -0.248805 0.164980 -0.207913
v -0.240678 0.327951 -0.230773
v -0.246993 0.352811 -0.240714
v -0.253976 0.364232 -0.246530
v -0.246809 0.294987 -0.232079
v -0.237945 -0.027632 -0.171101
v -0.226559 0.361632 -0.261000
v -0.234406 0.383331 -0.255562
v -0.233135 -0.013422 -0.170718
v -0.240749 0.046218 -0.179937
v -0.241542 0.116669 -0.188569
v -0.237277 0.171619 -0.201015
v -0.235723 0.210022 -0.209058
v -0.235613 0.258758 -0.215457
v -0.214009 0.376085 -0.272556
v -0.230807 0.025903 -0.144149
v -0.203402 0.022436 -0.160774
v -0.217974 0.013306 -0.156541
v -0.202897 0.183754 -0.210414
v -0.214404 0.346440 -0.235201
v -0.193088 -0.018412 -0.170888
v -0.193705 0.204329 -0.217260
v -0.182020 0.277090 -0.230900
v -0.216825 0.309430 -0.226254
v -0.195254 0.360654 -0.247818
v -0.179950 0.360375 -0.270696
v -0.163842 0.375194 -0.287069
v -0.160309 -0.032320 -0.160539
v -0.235047 -0.030335 -0.158118
v -0.193088 -0.018412 -0.170888
v -0.171789 0.004772 -0.164607
v -0.169725 0.185448 -0.211073
v -0.141895 0.334270 -0.248647
v -0.167880 0.020466 -0.159206
v -0.127341 -0.025778 -0.171511
v -0.101101 0.254584 -0.242864
v -0.121771 0.363289 -0.288731
v -0.113027 0.195204 -0.231262
v -0.112907 0.360201 -0.259470
v -0.106911 -0.007004 -0.170391
v -0.096832 0.013389 -0.162584
v -0.113740 0.384077 -0.295162
v -0.074870 0.336970 -0.258617
v -0.067817 0.370859 -0.301786
v -0.073111 -0.023085 -0.171961
v -0.044679 -0.000763 -0.167253
v -0.059589 0.386207 -0.300744
v -0.038253 0.203231 -0.241787
v -0.050967 0.184013 -0.236509
v -0.001297 0.270077 -0.251701
v -0.042946 0.358012 -0.270441
v -0.005175 -0.022546 -0.170090
v -0.043949 -0.031443 -0.162236
v -0.007897 0.382586 -0.303103
v 0.021086 0.335719 -0.261757
v 0.004493 0.363194 -0.302111
v 0.006241 0.359216 -0.268908
v 0.022314 0.185712 -0.238641
v 0.029482 0.211937 -0.242962
v 0.015734 0.004412 -0.165121
v 0.049381 -0.018925 -0.172855
v 0.048960 0.371924 -0.303813
v 0.056901 0.387561 -0.297242
v 0.059098 -0.031431 -0.158890
v 0.078188 0.296321 -0.251407
v 0.066139 0.357863 -0.265885
v 0.086281 0.006326 -0.164322
v 0.086905 0.343216 -0.257824
v 0.074282 0.190911 -0.236406
v 0.117594 0.215006 -0.233525
v 0.119853 0.375375 -0.296002
v 0.108162 0.361764 -0.294693
v 0.135998 0.356838 -0.256727
v 0.141199 -0.029654 -0.166315
v 0.119165 -0.011774 -0.173299
v 0.127475 0.187724 -0.218826
v 0.135450 0.309338 -0.245050
v 0.156449 0.011043 -0.164560
v 0.163083 -0.014119 -0.172690
v 0.165450 0.357788 -0.276474
v 0.196833 0.282077 -0.226758
v 0.182567 0.188668 -0.212771
v 0.189344 0.335874 -0.237443
v 0.204342 0.216099 -0.214533
v 0.189778 -0.003012 -0.160824
v 0.204492 0.371455 -0.276111
v 0.192604 0.008946 -0.163218
v 0.199571 -0.032661 -0.158831
v 0.213047 -0.020293 -0.170979
v 0.211440 0.357214 -0.242482
v 0.202877 0.023627 -0.160204
v 0.229404 0.321990 -0.227144
v 0.225819 0.184192 -0.203175
v 0.233389 0.358817 -0.255791
v 0.222368 0.013820 -0.156006
v 0.229678 0.025938 -0.146403
v 0.244569 -0.024251 -0.171079
v 0.234004 0.202316 -0.205895
v 0.232077 0.258292 -0.214221
v 0.243772 0.373567 -0.257747
v 0.215508 0.383293 -0.268976
v 0.239151 -0.005428 -0.167677
v 0.240078 0.015720 -0.121215
v 0.248878 0.193405 -0.212141
v 0.249077 0.280503 -0.228204
v 0.241206 0.027097 -0.176723
v 0.251260 -0.002916 -0.181698
v 0.239151 -0.005428 -0.167677
v 0.251517 0.054531 -0.191910
v 0.241294 0.102996 -0.190540
v 0.251598 0.113935 -0.199962
v 0.240351 0.156328 -0.196061
v 0.244569 -0.024251 -0.171079
v 0.244704 0.026324 -0.112893
v 0.255473 0.345341 -0.235656
v 0.270308 0.020390 -0.181383
v 0.259824 0.362684 -0.239589
v 0.271645 0.135881 -0.197102
v 0.270376 0.245727 -0.214944
v 0.270580 0.317641 -0.224019
v 0.264583 -0.013040 -0.174523
v 0.274599 0.081593 -0.190804
v 0.270918 0.187453 -0.205343
v 0.271331 -0.486015 -0.234994
v 0.284064 -0.502544 -0.236318
v 0.270522 -0.501848 -0.225976
v 0.272242 -0.438362 -0.227555
v 0.287142 -0.478136 -0.240971
v 0.277098 -0.038864 -0.173863
v 0.275096 -0.094979 -0.176166
v 0.265007 -0.043635 -0.166840
v 0.280448 -0.502921 -0.213960
v 0.277188 -0.258997 -0.204786
v 0.286741 -0.308307 -0.213620
v 0.272174 -0.327246 -0.212038
v 0.280218 0.294318 -0.211971
v 0.286066 -0.360335 -0.221630
v 0.280108 -0.404428 -0.227938
v 0.288775 -0.195053 -0.192198
v 0.272589 -0.213446 -0.194524
v 0.273352 -0.161294 -0.185797
v 0.291450 -0.085659 -0.166889
v 0.286979 0.051702 -0.177050
v 0.288356 -0.146977 -0.184708
v 0.288103 -0.004039 -0.171497
v 0.287354 0.102322 -0.183521
v 0.283724 0.174714 -0.193093
v 0.297818 -0.431835 -0.223507
v 0.294654 -0.247058 -0.191939
v 0.296242 -0.355444 -0.213315
v 0.298329 -0.501533 -0.219835
v -0.274725 -0.470489 -0.213219
v -0.287336 -0.482666 -0.211089
v -0.293081 -0.501351 -0.218755
v -0.272042 -0.503203 -0.223532
v -0.291282 -0.503788 -0.235909
v -0.268929 -0.376588 -0.205813
v -0.281433 -0.328425 -0.185295
v -0.275575 -0.406826 -0.201182
v -0.273370 -0.142238 -0.154731
v -0.279448 -0.199459 -0.162322
v -0.266508 -0.194261 -0.171826
v -0.268842 -0.480256 -0.231084
v -0.268988 -0.435157 -0.219712
v -0.268318 -0.310176 -0.191120
v -0.270247 -0.263506 -0.176910
v -0.265677 -0.265462 -0.193981
v -0.263920 -0.128300 -0.165172
v -0.269359 -0.093252 -0.146356
v -0.261787 -0.067498 -0.159814
v -0.272703 -0.051451 -0.139935
v -0.263917 -0.020606 -0.142108
v -0.258884 -0.023215 -0.158402
v -0.276679 -0.224689 0.256306
v -0.265135 -0.242418 0.262042
v -0.283731 -0.292375 0.265080
v -0.275873 -0.500968 0.289166
v -0.293686 -0.502732 0.288291
v -0.288224 -0.482365 0.279430
v -0.273180 -0.458046 0.288481
v -0.281804 -0.417981 0.274040
v -0.267144 -0.371680 0.280933
v -0.276703 -0.351579 0.267288
v -0.267291 -0.298735 0.269118
v -0.261399 -0.165183 0.254155
v -0.275859 -0.169946 0.253984
v -0.262484 -0.107690 0.247965
v -0.264054 -0.316418 0.286499
v -0.260510 -0.262446 0.278140
v -0.252658 -0.120990 0.260228
v -0.255621 -0.202518 0.271061
v -0.240974 -0.023692 0.249068
v -0.258215 -0.042134 0.242063
v -0.246388 -0.008143 0.238057
v -0.249436 -0.057863 0.254524
v -0.282842 -0.473124 0.307409
v -0.278220 -0.500179 0.305696
v -0.273180 -0.458046 0.288481
v -0.293686 -0.502732 0.288291
v -0.275873 -0.500968 0.289166
v -0.273846 -0.428724 0.300279
v -0.267144 -0.371680 0.280933
v -0.270281 -0.365260 0.296577
v -0.264054 -0.316418 0.286499
v -0.277176 -0.334146 0.298745
v -0.272129 -0.281104 0.292170
v -0.260510 -0.262446 0.278140
v -0.263718 -0.222880 0.285128
v -0.255621 -0.202518 0.271061
v -0.261591 -0.154607 0.278783
v -0.252658 -0.120990 0.260228
v -0.262167 -0.103070 0.276042
v -0.249436 -0.057863 0.254524
v -0.255105 -0.052045 0.271138
v -0.240974 -0.023692 0.249068
v -0.247075 -0.015179 0.266083
v -0.268247 0.037473 0.117265
v -0.263604 0.023192 0.115728
v -0.266680 0.030323 0.171500
v -0.268158 0.045313 0.184222
v -0.262372 0.033666 0.229897
v -0.260137 0.047150 0.233611
v -0.258146 0.020142 0.054663
v -0.260900 0.034654 0.042393
v -0.255237 0.028412 -0.033481
v -0.252528 0.014113 -0.027806
v -0.249076 0.036800 0.276075
v -0.247400 0.015686 -0.097589
v -0.242966 0.029008 -0.107138
v -0.235343 0.015330 -0.135961
v -0.230807 0.025903 -0.144149
v -0.217974 0.013306 -0.156541
v -0.262372 0.033666 0.229897
v -0.266680 0.030323 0.171500
v -0.243390 0.020321 0.208628
v -0.263604 0.023192 0.115728
v -0.240035 -0.028927 -0.136171
v -0.263917 -0.020606 -0.142108
v -0.258884 -0.023215 -0.158402
v -0.205118 0.010129 0.013405
v -0.258146 0.020142 0.054663
v -0.252528 0.014113 -0.027806
v -0.230205 0.015147 0.070614
v -0.235047 -0.030335 -0.158118
v -0.263219 -0.015928 -0.173684
v -0.237906 0.018045 0.145542
v -0.234696 0.014263 0.257041
v -0.249076 0.036800 0.276075
v -0.216150 0.009874 -0.054224
v -0.247400 0.015686 -0.097589
v -0.237945 -0.027632 -0.171101
v -0.213453 0.009288 -0.121451
v -0.236703 0.018293 0.237248
v -0.223385 0.016442 0.276471
v -0.235343 0.015330 -0.135961
v -0.212912 0.028736 0.299349
v -0.204348 0.014532 0.208153
v -0.217974 0.013306 -0.156541
v -0.193088 -0.018412 -0.170888
v -0.199882 0.012061 0.138330
v -0.191467 -0.024036 -0.138078
v -0.216866 0.013683 0.233592
v -0.175828 0.005868 0.061089
v -0.185621 0.003405 0.170526
v -0.189251 0.002857 -0.154380
v -0.192008 -0.002051 -0.139383
v -0.187304 0.003238 0.228534
v -0.171789 0.004772 -0.164607
v -0.176786 0.007418 0.306644
v -0.160309 -0.032320 -0.160539
v -0.161247 -0.016527 -0.128633
v -0.218552 -0.015838 -0.130824
v -0.173600 -0.013969 0.143373
v -0.171267 -0.011192 0.181527
v -0.172147 -0.001187 0.099824
v -0.164025 0.002925 -0.043818
v -0.179972 0.006402 0.208952
v -0.171418 -0.007832 0.214361
v -0.168885 -0.021201 0.230946
v -0.169872 0.003391 -0.124031
v -0.158802 -0.026608 -0.141909
v -0.160569 -0.014099 0.042530
v -0.161295 -0.013890 0.094425
v -0.157521 -0.012942 -0.005259
v -0.158427 -0.003407 -0.129785
v -0.156714 -0.011948 -0.052108
v -0.155769 -0.015504 0.168039
v -0.151297 -0.014203 -0.093266
v -0.153047 0.000282 -0.106707
v -0.142696 -0.020467 -0.059506
v -0.136392 -0.025516 -0.118253
v -0.151297 -0.014203 -0.093266
v -0.136392 -0.025516 -0.118253
v -0.247404 0.046106 0.120835
v -0.268247 0.037473 0.117265
v -0.268158 0.045313 0.184222
v -0.248804 0.050149 0.187728
v -0.260900 0.034654 0.042393
v -0.242164 0.041199 0.027978
v -0.255237 0.028412 -0.033481
v -0.227287 0.037435 -0.082646
v -0.237704 0.045535 0.273959
v -0.260137 0.047150 0.233611
v -0.249076 0.036800 0.276075
v -0.242966 0.029008 -0.107138
v -0.222530 0.049187 0.222164
v -0.219110 0.042830 -0.010173
v -0.212912 0.028736 0.299349
v -0.216250 0.032411 -0.133814
v -0.230807 0.025903 -0.144149
v -0.189954 0.043983 0.154129
v -0.185496 0.041295 0.076759
v -0.203402 0.022436 -0.160774
v -0.180904 0.035346 0.272799
v -0.176702 0.035849 -0.083003
v -0.167880 0.020466 -0.159206
v -0.156021 0.030834 -0.134383
v -0.140921 0.033388 -0.022223
v -0.147900 0.038548 0.231995
v -0.161262 0.018733 0.310767
v -0.124047 0.033076 0.036270
v -0.104514 0.033453 0.114152
v -0.122363 0.030844 -0.097813
v -0.101135 0.035967 0.195680
v -0.096832 0.013389 -0.162584
v -0.083830 0.031621 0.251242
v -0.089944 0.020455 0.291500
v -0.096145 0.009793 0.312258
v -0.075522 0.025042 -0.139571
v -0.047943 0.026041 -0.016386
v -0.062263 0.025933 -0.087766
v -0.030420 0.027054 0.058430
v -0.044493 0.034169 0.208775
v -0.029676 0.004874 0.313088
v -0.038557 0.030446 0.151620
v -0.035204 0.027445 -0.124281
v -0.044679 -0.000763 -0.167253
v 0.008586 0.020173 0.285724
v 0.019819 0.028957 0.126514
v -0.005900 0.018569 -0.151074
v 0.004486 0.024275 -0.090149
v -0.003200 0.031323 0.240899
v 0.022578 0.007211 0.313090
v 0.015734 0.004412 -0.165121
v 0.036491 0.025207 -0.030954
v 0.026303 0.033355 0.200223
v 0.035390 0.028507 -0.127637
v 0.042877 0.026914 0.048434
v 0.069180 0.031920 0.240937
v 0.065984 0.020869 -0.147967
v 0.058747 0.026036 -0.102295
v 0.088735 0.031650 0.104787
v 0.086281 0.006326 -0.164322
v 0.082526 0.028341 0.003592
v 0.112185 0.036651 0.183986
v 0.111769 0.015928 0.309673
v 0.085277 0.019126 0.294085
v 0.145670 0.035716 0.054412
v 0.119308 0.032230 -0.122857
v 0.120603 0.030001 -0.063439
v 0.133874 0.030282 0.267757
v 0.144296 0.027151 -0.142197
v 0.178176 0.041665 0.127174
v 0.156449 0.011043 -0.164560
v 0.179430 0.037074 -0.039557
v 0.191746 0.031488 0.293832
v 0.210130 0.047409 0.214140
v 0.171215 0.017790 0.310152
v 0.197323 0.040955 0.258865
v 0.194000 0.037530 -0.117353
v 0.201830 0.042123 0.032155
v 0.202877 0.023627 -0.160204
v 0.227533 0.049501 0.166537
v 0.226952 0.038541 0.290532
v 0.229388 0.044368 0.013241
v 0.224976 0.032707 -0.127574
v 0.224390 0.041340 -0.062246
v 0.240905 0.046483 0.096521
v 0.229678 0.025938 -0.146403
v 0.243898 0.048903 0.253442
v 0.245464 0.031422 -0.069244
v 0.248822 0.035454 -0.013185
v 0.244704 0.026324 -0.112893
v 0.254689 0.049764 0.208210
v 0.258612 0.034270 0.041190
v 0.262139 0.045062 0.252002
v 0.251819 0.018893 -0.072706
v 0.248273 0.035596 0.278794
v 0.262295 0.045290 0.151010
v 0.259931 0.026632 -0.015232
v 0.261567 0.019639 0.052820
v 0.265606 0.036861 0.087075
v 0.268963 0.039545 0.205082
v 0.266116 0.028027 0.140131
v -0.267726 0.353337 -0.219272
v -0.271377 0.334574 -0.196803
v -0.260108 0.339440 -0.205016
v -0.253273 0.361984 -0.215485
v -0.261917 0.172456 -0.169493
v -0.261917 0.160546 -0.176724
v -0.245314 0.187705 -0.182868
v -0.254733 0.128555 -0.174354
v -0.240387 0.167157 -0.188810
v -0.235030 0.323941 -0.200741
v -0.242082 0.334781 -0.211036
v -0.242562 0.347221 -0.212985
v -0.237065 0.349818 -0.213583
v -0.234100 0.369128 -0.215476
v -0.225873 0.183145 -0.192406
v -0.227538 0.202906 -0.198285
v -0.245314 0.187705 -0.182868
v -0.225873 0.183145 -0.192406
v -0.237364 0.343409 -0.200786
v -0.230883 0.315564 -0.212118
v -0.218727 0.363061 -0.228162
v -0.242082 0.334781 -0.211036
v -0.237065 0.349818 -0.213583
v -0.224431 0.404364 -0.231873
v -0.234100 0.369128 -0.215476
v -0.191932 0.303342 -0.226386
v -0.232934 0.277463 -0.208038
v -0.230883 0.315564 -0.212118
v -0.218727 0.363061 -0.228162
v -0.212457 0.412601 -0.240949
v -0.169725 0.185448 -0.211073
v -0.160548 0.369021 -0.247485
v -0.212457 0.412601 -0.240949
v -0.161682 0.203623 -0.217037
v -0.174883 0.425710 -0.259466
v -0.190885 0.434508 -0.253178
v -0.129996 0.443680 -0.271989
v -0.145971 0.235647 -0.222509
v -0.140692 0.271060 -0.230470
v -0.123922 0.424224 -0.269112
v -0.110013 0.312670 -0.241260
v -0.123560 0.399742 -0.260481
v -0.113027 0.195204 -0.231262
v -0.127764 0.370605 -0.248373
v -0.136371 0.243935 -0.218736
v -0.117186 0.228636 -0.226518
v -0.140551 0.247659 -0.218333
v -0.117189 0.340952 -0.247067
v -0.110780 0.280448 -0.237048
v -0.113413 0.258215 -0.230834
v -0.105666 0.344524 -0.250624
v -0.105663 0.231694 -0.228024
v -0.105091 0.409363 -0.266898
v -0.092911 0.287898 -0.240185
v -0.101612 0.416619 -0.268818
v -0.123922 0.424224 -0.269112
v -0.114614 0.417537 -0.256666
v -0.101122 0.439499 -0.276762
v -0.094011 0.274339 -0.235231
v -0.101612 0.416619 -0.268818
v -0.077560 0.206149 -0.231408
v -0.107496 0.259645 -0.222891
v -0.113413 0.258215 -0.230834
v -0.088304 0.229636 -0.226565
v -0.074198 0.240695 -0.235913
v -0.105057 0.308961 -0.232635
v -0.110013 0.312670 -0.241260
v -0.092911 0.287898 -0.240185
v -0.096181 0.414767 -0.261759
v -0.096467 0.427379 -0.267950
v -0.097741 0.445931 -0.278954
v -0.088304 0.229636 -0.226565
v -0.076093 0.228289 -0.229244
v -0.075667 0.254173 -0.233680
v -0.105057 0.308961 -0.232635
v -0.071454 0.284586 -0.237760
v -0.110013 0.312670 -0.241260
v -0.072345 0.300182 -0.243922
v -0.096181 0.414767 -0.261759
v -0.097360 0.403410 -0.266510
v -0.091959 0.407371 -0.268240
v -0.091959 0.407371 -0.268240
v -0.105091 0.409363 -0.266898
v -0.099641 0.406580 -0.260700
v -0.091959 0.407371 -0.268240
v -0.089584 0.419609 -0.267695
v -0.083093 0.425514 -0.273825
v -0.089725 0.443416 -0.277917
v -0.089089 0.451583 -0.277487
v -0.088675 0.401653 -0.267209
v -0.097360 0.403410 -0.266510
v -0.087283 0.398406 -0.268177
v -0.088027 0.405503 -0.265261
v -0.084847 0.416156 -0.271562
v -0.052777 0.258169 -0.239788
v -0.079667 0.279662 -0.229607
v -0.085289 0.403627 -0.269495
v -0.088027 0.405503 -0.265261
v -0.085289 0.403627 -0.269495
v -0.091959 0.407371 -0.268240
v -0.075771 0.455582 -0.282418
v -0.074292 0.410691 -0.272194
v -0.083413 0.418595 -0.269631
v -0.084847 0.416156 -0.271562
v -0.079450 0.419117 -0.272946
v -0.083413 0.418595 -0.269631
v -0.079450 0.419117 -0.272946
v -0.049552 0.438256 -0.282232
v -0.074304 0.447657 -0.278309
v -0.077701 0.451096 -0.281332
v -0.073331 0.453568 -0.279201
v -0.077701 0.451096 -0.281332
v -0.074304 0.447657 -0.278309
v -0.077539 0.418046 -0.270234
v -0.079450 0.419117 -0.272946
v -0.074292 0.410691 -0.272194
v -0.064215 0.188623 -0.226871
v -0.071454 0.284586 -0.237760
v -0.070262 0.418119 -0.274208
v -0.066946 0.449373 -0.280943
v -0.070132 0.450800 -0.278727
v -0.066946 0.449373 -0.280943
v -0.075771 0.455582 -0.282418
v -0.070132 0.450800 -0.278727
v -0.056038 0.241487 -0.232873
v -0.062988 0.411045 -0.272149
v -0.055788 0.406305 -0.272464
v -0.056053 0.414612 -0.274531
v -0.033233 0.203259 -0.234297
v -0.055012 0.410714 -0.268813
v -0.062988 0.411045 -0.272149
v -0.055788 0.406305 -0.272464
v -0.042692 0.228745 -0.234731
v -0.041335 0.261780 -0.232801
v -0.032831 0.268480 -0.242700
v -0.034383 0.420106 -0.277894
v -0.043943 0.405029 -0.271266
v -0.036631 0.232439 -0.234291
v -0.010582 0.187456 -0.230447
v -0.011458 0.278735 -0.238741
v -0.035228 0.455985 -0.282019
v -0.057957 0.444922 -0.276870
v -0.006901 0.242866 -0.240684
v 0.002973 0.263102 -0.232489
v -0.016979 0.438603 -0.282587
v -0.011765 0.230688 -0.236126
v -0.017145 0.451882 -0.287651
v -0.005531 0.458864 -0.290029
v -0.004942 0.425127 -0.279377
v 0.006792 0.415114 -0.274958
v -0.002923 0.420419 -0.279278
v 0.004498 0.431172 -0.281648
v 0.016197 0.264273 -0.242895
v 0.023547 0.233862 -0.236247
v 0.010444 0.226863 -0.232848
v 0.046313 0.287273 -0.243268
v 0.026077 0.256659 -0.236929
v -0.263686 0.367459 -0.196900
v -0.260108 0.339440 -0.205016
v -0.271377 0.334574 -0.196803
v -0.251500 0.361266 -0.206010
v -0.260527 0.390184 -0.211647
v -0.243756 0.347977 -0.201188
v -0.235552 0.184817 -0.171981
v -0.261917 0.172456 -0.169493
v -0.245314 0.187705 -0.182868
v -0.237364 0.343409 -0.200786
v -0.235030 0.323941 -0.200741
v -0.234100 0.369128 -0.215476
v -0.251500 0.361266 -0.206010
v -0.253273 0.361984 -0.215485
v -0.229794 0.214512 -0.181768
v -0.239614 0.259628 -0.194573
v -0.226872 0.361357 -0.205429
v -0.237065 0.349818 -0.213583
v -0.243756 0.347977 -0.201188
v -0.226872 0.361357 -0.205429
v -0.221966 0.267165 -0.189860
v -0.243756 0.347977 -0.201188
v -0.242562 0.347221 -0.212985
v -0.237364 0.343409 -0.200786
v -0.234100 0.369128 -0.215476
v -0.206871 0.190159 -0.181638
v -0.235552 0.184817 -0.171981
v -0.229794 0.214512 -0.181768
v -0.172137 0.241202 -0.201962
v -0.221966 0.267165 -0.189860
v -0.235030 0.323941 -0.200741
v -0.201029 0.332832 -0.206538
v -0.213550 0.408865 -0.226360
v -0.225518 0.395940 -0.220510
v -0.153392 0.295515 -0.215110
v -0.172250 0.406933 -0.234865
v -0.158841 0.204062 -0.199354
v -0.200436 0.423301 -0.237145
v -0.137699 0.437584 -0.257330
v -0.141760 0.356073 -0.231117
v -0.134400 0.189586 -0.195973
v -0.178755 0.200266 -0.184278
v -0.158841 0.204062 -0.199354
v -0.140937 0.240310 -0.213453
v -0.121799 0.398765 -0.251785
v -0.127302 0.250875 -0.219050
v -0.127496 0.230984 -0.212384
v -0.140551 0.247659 -0.218333
v -0.140937 0.240310 -0.213453
v -0.172137 0.241202 -0.201962
v -0.140937 0.240310 -0.213453
v -0.145971 0.235647 -0.222509
v -0.136371 0.243935 -0.218736
v -0.114614 0.417537 -0.256666
v -0.099036 0.194422 -0.209919
v -0.136371 0.243935 -0.218736
v -0.136371 0.243935 -0.218736
v -0.140551 0.247659 -0.218333
v -0.127302 0.250875 -0.219050
v -0.099036 0.194422 -0.209919
v -0.127496 0.230984 -0.212384
v -0.107496 0.259645 -0.222891
v -0.105057 0.308961 -0.232635
v -0.115244 0.347531 -0.240834
v -0.127764 0.370605 -0.248373
v -0.108299 0.227981 -0.219905
v -0.102204 0.326310 -0.237971
v -0.102486 0.346674 -0.244421
v -0.105853 0.284528 -0.228736
v -0.099641 0.406580 -0.260700
v -0.081014 0.195869 -0.202856
v -0.108299 0.227981 -0.219905
v -0.096877 0.228975 -0.218413
v -0.096467 0.427379 -0.267950
v -0.096181 0.414767 -0.261759
v -0.108299 0.227981 -0.219905
v -0.117186 0.228636 -0.226518
v -0.105663 0.231694 -0.228024
v -0.096877 0.228975 -0.218413
v -0.088304 0.229636 -0.226565
v -0.075757 0.245082 -0.223647
v -0.079667 0.279662 -0.229607
v -0.093397 0.397390 -0.262429
v -0.096181 0.414767 -0.261759
v -0.100345 0.410086 -0.263738
v -0.101612 0.416619 -0.268818
v -0.105091 0.409363 -0.266898
v -0.094193 0.440549 -0.267573
v -0.098780 0.447849 -0.270015
v -0.107496 0.259645 -0.222891
v -0.076093 0.228289 -0.229244
v -0.113413 0.258215 -0.230834
v -0.071548 0.298960 -0.235204
v -0.090878 0.326741 -0.247006
v -0.100345 0.410086 -0.263738
v -0.099641 0.406580 -0.260700
v -0.072297 0.261587 -0.227578
v -0.071454 0.284586 -0.237760
v -0.096181 0.414767 -0.261759
v -0.091959 0.407371 -0.268240
v -0.099641 0.406580 -0.260700
v -0.089584 0.419609 -0.267695
v -0.066695 0.322256 -0.246612
v -0.088027 0.405503 -0.265261
v -0.088675 0.401653 -0.267209
v -0.088027 0.405503 -0.265261
v -0.097360 0.403410 -0.266510
v -0.096181 0.414767 -0.261759
v -0.082963 0.423139 -0.268635
v -0.051736 0.434081 -0.268526
v -0.075667 0.254173 -0.233680
v -0.073668 0.404270 -0.267089
v -0.085289 0.403627 -0.269495
v -0.077189 0.410634 -0.265280
v -0.077189 0.410634 -0.265280
v -0.082963 0.423139 -0.268635
v -0.083413 0.418595 -0.269631
v -0.089584 0.419609 -0.267695
v -0.089198 0.424059 -0.271251
v -0.060826 0.210169 -0.219026
v -0.076093 0.228289 -0.229244
v -0.083413 0.418595 -0.269631
v -0.085010 0.446283 -0.271143
v -0.092911 0.287898 -0.240185
v -0.077539 0.418046 -0.270234
v -0.074292 0.410691 -0.272194
v -0.077539 0.418046 -0.270234
v -0.083413 0.418595 -0.269631
v -0.083093 0.425514 -0.273825
v -0.066247 0.415682 -0.267478
v -0.029579 0.195931 -0.209605
v -0.029579 0.195931 -0.209605
v -0.057910 0.242229 -0.226969
v -0.032677 0.302166 -0.243722
v -0.041335 0.261780 -0.232801
v -0.049313 0.276472 -0.231530
v -0.066247 0.415682 -0.267478
v -0.062988 0.411045 -0.272149
v -0.038723 0.400229 -0.268499
v -0.055012 0.410714 -0.268813
v -0.056053 0.414612 -0.274531
v -0.042873 0.229322 -0.225381
v -0.039878 0.236968 -0.226395
v -0.043943 0.405029 -0.271266
v -0.034383 0.420106 -0.277894
v -0.032981 0.419475 -0.269783
v -0.055012 0.410714 -0.268813
v -0.011458 0.278735 -0.238741
v -0.009252 0.216614 -0.224924
v -0.033186 0.230428 -0.226425
v -0.014117 0.236842 -0.226333
v -0.023763 0.225718 -0.226158
v 0.002973 0.263102 -0.232489
v -0.005185 0.400226 -0.268614
v -0.012008 0.225927 -0.230709
v -0.004670 0.249267 -0.234038
v 0.025493 0.194517 -0.216219
v -0.005263 0.217722 -0.235681
v -0.260527 0.390184 -0.211647
v -0.263686 0.367459 -0.196900
v -0.230178 0.401150 -0.203999
v -0.237739 0.440083 -0.233893
v -0.230207 0.429682 -0.221231
v -0.205811 0.451418 -0.239733
v -0.204632 0.425905 -0.218763
v -0.194132 0.476158 -0.265810
v -0.161239 0.444644 -0.238128
v -0.163064 0.474198 -0.263643
v -0.144176 0.491316 -0.288754
v -0.169447 0.480434 -0.289029
v -0.131643 0.490431 -0.301780
v -0.102930 0.475888 -0.267984
v -0.104720 0.433788 -0.243501
v -0.085337 0.496711 -0.294563
v -0.075098 0.492496 -0.308766
v -0.032786 0.463981 -0.262684
v -0.022606 0.500478 -0.308618
v -0.007146 0.490434 -0.285725
v 0.046531 0.500701 -0.300060
v 0.050376 0.494811 -0.310402
v 0.043098 0.450649 -0.256416
v 0.099151 0.489427 -0.283682
v 0.099532 0.500371 -0.299291
v 0.116236 0.463032 -0.255834
v 0.155999 0.489736 -0.289728
v 0.169726 0.464756 -0.252807
v 0.181456 0.436782 -0.229903
v 0.177451 0.480853 -0.271724
v 0.212984 0.457276 -0.245990
v 0.210708 0.461755 -0.264522
v 0.232877 0.425969 -0.219307
v 0.240978 0.437147 -0.232030
v 0.261022 0.394205 -0.208323
v 0.252416 0.387546 -0.199630
v -0.220397 -0.010330 0.257351
v -0.247075 -0.015179 0.266083
v -0.240974 -0.023692 0.249068
v -0.214164 -0.006668 0.233483
v -0.195732 -0.015434 0.246121
v -0.168885 -0.021201 0.230946
v -0.159474 -0.011621 0.260574
v -0.143812 -0.024663 0.252350
v -0.108428 -0.027760 0.236757
v -0.082226 -0.027136 0.253973
v -0.050780 -0.035495 0.243460
v -0.052068 -0.032648 0.232104
v -0.001817 -0.030556 0.252556
v 0.003661 -0.035770 0.235130
v 0.060481 -0.032330 0.236651
v 0.071616 -0.022166 0.255380
v 0.125882 -0.026455 0.247164
v 0.103717 -0.021102 0.230103
v 0.154538 -0.013587 0.258242
v 0.147342 -0.021800 0.231195
v 0.175438 -0.020893 0.244888
v 0.185805 -0.013444 0.231671
v 0.208955 -0.009092 0.256924
v 0.231622 -0.015533 0.248697
v 0.234516 -0.010994 0.262901
v 0.246718 -0.029977 0.248278
v -0.241542 0.116669 -0.188569
v -0.254733 0.128555 -0.174354
v -0.245777 0.080164 -0.172426
v -0.245072 -0.003743 -0.150424
v -0.246058 0.017444 -0.182128
v -0.252055 0.028177 -0.158172
v -0.240749 0.046218 -0.179937
v -0.240387 0.167157 -0.188810
v -0.233135 -0.013422 -0.170718
v -0.237277 0.171619 -0.201015
v -0.225873 0.183145 -0.192406
v -0.202897 0.183754 -0.210414
v -0.169725 0.185448 -0.211073
v -0.239614 0.259628 -0.194573
v -0.245314 0.187705 -0.182868
v -0.227538 0.202906 -0.198285
v -0.235030 0.323941 -0.200741
v -0.230883 0.315564 -0.212118
v -0.232934 0.277463 -0.208038
v -0.242082 0.334781 -0.211036
v -0.195254 0.360654 -0.247818
v -0.246993 0.352811 -0.240714
v -0.226559 0.361632 -0.261000
v -0.179950 0.360375 -0.270696
v -0.112907 0.360201 -0.259470
v -0.102443 0.359492 -0.275656
v -0.121771 0.363289 -0.288731
v -0.039198 0.356595 -0.287951
v -0.067817 0.370859 -0.301786
v -0.042946 0.358012 -0.270441
v 0.004493 0.363194 -0.302111
v 0.006241 0.359216 -0.268908
v 0.046673 0.356392 -0.288428
v 0.066139 0.357863 -0.265885
v 0.048960 0.371924 -0.303813
v 0.104104 0.355263 -0.278757
v 0.108162 0.361764 -0.294693
v 0.135998 0.356838 -0.256727
v 0.165450 0.357788 -0.276474
v 0.211440 0.357214 -0.242482
v 0.233389 0.358817 -0.255791
v 0.255473 0.345341 -0.235656
v -0.237065 0.349818 -0.213583
v -0.242562 0.347221 -0.212985
v -0.243756 0.347977 -0.201188
v -0.240362 0.382304 -0.230963
v -0.234406 0.383331 -0.255562
v -0.251451 0.375188 -0.237404
v -0.205000 0.392725 -0.250605
v -0.168468 0.392309 -0.274520
v -0.214009 0.376085 -0.272556
v -0.163842 0.375194 -0.287069
v -0.158076 0.398778 -0.258814
v -0.113740 0.384077 -0.295162
v -0.091641 0.403755 -0.270192
v -0.093667 0.394720 -0.285836
v -0.059589 0.386207 -0.300744
v -0.038320 0.394958 -0.281260
v -0.007897 0.382586 -0.303103
v -0.017863 0.413584 -0.276320
v 0.012510 0.395058 -0.280176
v 0.056901 0.387561 -0.297242
v 0.092445 0.395391 -0.270655
v 0.109231 0.390628 -0.285753
v 0.119853 0.375375 -0.296002
v 0.160885 0.389385 -0.275115
v 0.166913 0.397780 -0.257040
v 0.204492 0.371455 -0.276111
v 0.208620 0.391513 -0.249455
v 0.215508 0.383293 -0.268976
v 0.233840 0.385909 -0.248342
v 0.243772 0.373567 -0.257747
v 0.250001 0.380343 -0.224843
v -0.222607 -0.007537 -0.143515
v -0.233135 -0.013422 -0.170718
v -0.245072 -0.003743 -0.150424
v -0.192008 -0.002051 -0.139383
v -0.193088 -0.018412 -0.170888
v -0.188616 -0.007271 -0.165211
v -0.189251 0.002857 -0.154380
v -0.171789 0.004772 -0.164607
v -0.237364 0.343409 -0.200786
v -0.242082 0.334781 -0.211036
v -0.237065 0.349818 -0.213583
v -0.226872 0.361357 -0.205429
v -0.225518 0.395940 -0.220510
v -0.234100 0.369128 -0.215476
v -0.224431 0.404364 -0.231873
v -0.226872 0.361357 -0.205429
v -0.223070 0.415445 -0.231711
v -0.221443 0.415374 -0.234674
v -0.200436 0.423301 -0.237145
v -0.212457 0.412601 -0.240949
v -0.190885 0.434508 -0.253178
v -0.205000 0.392725 -0.250605
v -0.240362 0.382304 -0.230963
v -0.224154 0.418137 -0.242388
v -0.168746 0.423737 -0.260723
v -0.147613 0.455606 -0.277400
v -0.207880 0.459113 -0.264859
v -0.169447 0.480434 -0.289029
v -0.158076 0.398778 -0.258814
v -0.131643 0.490431 -0.301780
v -0.116626 0.416118 -0.267975
v -0.085621 0.475537 -0.293814
v -0.091641 0.403755 -0.270192
v -0.075098 0.492496 -0.308766
v -0.060468 0.442356 -0.280557
v -0.017863 0.413584 -0.276320
v -0.005787 0.472733 -0.295379
v -0.022606 0.500478 -0.308618
v -0.051736 0.434081 -0.268526
v -0.057957 0.444922 -0.276870
v -0.035228 0.455985 -0.282019
v -0.011922 0.443059 -0.276450
v 0.015683 0.304243 -0.250688
v -0.032677 0.302166 -0.243722
v -0.032130 0.307918 -0.253413
v 0.012510 0.395058 -0.280176
v -0.038320 0.394958 -0.281260
v -0.009419 0.457595 -0.284345
v 0.005050 0.449502 -0.278958
v 0.009759 0.452435 -0.286259
v 0.015204 0.461615 -0.285031
v -0.005531 0.458864 -0.290029
v 0.050376 0.494811 -0.310402
v 0.015620 0.229465 -0.226374
v -0.012008 0.225927 -0.230709
v -0.014117 0.236842 -0.226333
v 0.018776 0.222854 -0.225158
v 0.025493 0.194517 -0.216219
v -0.009252 0.216614 -0.224924
v 0.014295 0.443092 -0.276302
v -0.001459 0.430133 -0.272783
v 0.012098 0.456134 -0.281769
v 0.026077 0.256659 -0.236929
v 0.032056 0.251318 -0.227210
v -0.004670 0.249267 -0.234038
v 0.014471 0.288304 -0.243825
v 0.037645 0.426772 -0.267271
v 0.001236 0.423011 -0.270194
v 0.049265 0.423034 -0.276814
v 0.037824 0.280134 -0.232040
v 0.002973 0.263102 -0.232489
v -0.011458 0.278735 -0.238741
v 0.034262 0.235255 -0.225660
v 0.048477 0.448210 -0.276187
v 0.030723 0.230307 -0.226704
v 0.045729 0.231142 -0.224195
v 0.064186 0.216088 -0.219981
v 0.030723 0.230307 -0.226704
v 0.035663 0.264989 -0.230985
v 0.047203 0.302560 -0.243565
v 0.034262 0.235255 -0.225660
v 0.044368 0.237836 -0.225991
v 0.045729 0.231142 -0.224195
v 0.033419 0.229344 -0.233759
v 0.044368 0.237836 -0.225991
v 0.033419 0.229344 -0.233759
v 0.054791 0.271435 -0.230265
v 0.068377 0.255084 -0.226391
v 0.048037 0.265043 -0.230994
v 0.035663 0.264989 -0.230985
v 0.043208 0.263974 -0.237268
v 0.048037 0.265043 -0.230994
v 0.092445 0.395391 -0.270655
v 0.046195 0.237601 -0.235002
v 0.056513 0.240339 -0.229944
v 0.058243 0.262987 -0.240285
v 0.054791 0.271435 -0.230265
v 0.048037 0.265043 -0.230994
v 0.051759 0.273380 -0.239385
v 0.056572 0.322579 -0.249697
v 0.078098 0.288342 -0.235003
v 0.060327 0.329664 -0.250021
v 0.041691 0.336187 -0.253526
v 0.098751 0.473643 -0.293425
v 0.085269 0.331674 -0.243536
v 0.069285 0.334153 -0.248113
v 0.073755 0.303268 -0.235864
v 0.068377 0.255084 -0.226391
v 0.104790 0.199495 -0.203296
v 0.091755 0.249092 -0.229204
v 0.072156 0.215335 -0.230336
v 0.064186 0.216088 -0.219981
v 0.085866 0.352800 -0.251623
v 0.091656 0.343192 -0.251877
v 0.086071 0.423522 -0.264950
v 0.091755 0.249092 -0.229204
v 0.085778 0.278254 -0.227106
v 0.091975 0.231011 -0.218994
v 0.099240 0.269147 -0.223207
v 0.101206 0.360745 -0.250334
v 0.128036 0.423471 -0.268247
v 0.091572 0.444758 -0.269676
v 0.106498 0.305931 -0.229729
v 0.093632 0.431190 -0.263248
v 0.099532 0.500371 -0.299291
v 0.122436 0.488903 -0.302937
v 0.117701 0.216186 -0.209866
v 0.097944 0.280786 -0.228925
v 0.106725 0.323009 -0.235552
v 0.097851 0.447282 -0.268773
v 0.098427 0.441428 -0.277897
v 0.093052 0.445783 -0.275761
v 0.093509 0.452047 -0.272803
v 0.097944 0.280786 -0.228925
v 0.097851 0.447282 -0.268773
v 0.110071 0.260880 -0.222906
v 0.111087 0.314171 -0.240370
v 0.122421 0.356574 -0.238463
v 0.115127 0.377728 -0.254124
v 0.146317 0.421007 -0.246787
v 0.142327 0.444966 -0.261599
v 0.093509 0.452047 -0.272803
v 0.116713 0.250005 -0.217823
v 0.102566 0.419670 -0.260588
v 0.132132 0.313017 -0.222998
v 0.106498 0.305931 -0.229729
v 0.129004 0.387717 -0.245379
v 0.110024 0.413172 -0.256073
v 0.120933 0.370494 -0.251201
v 0.134944 0.239727 -0.213973
v 0.127251 0.249649 -0.216950
v 0.133819 0.265434 -0.216410
v 0.106725 0.323009 -0.235552
v 0.116387 0.397949 -0.255002
v 0.166913 0.397780 -0.257040
v 0.155999 0.489736 -0.289728
v 0.172371 0.202959 -0.194361
v 0.140086 0.248328 -0.218104
v 0.146280 0.243066 -0.210647
v 0.138105 0.239316 -0.221312
v 0.183189 0.355370 -0.216820
v 0.174266 0.463743 -0.277018
v 0.196993 0.259724 -0.196045
v 0.211215 0.430410 -0.251342
v 0.189909 0.423420 -0.237258
v 0.197066 0.431796 -0.250994
v 0.210708 0.461755 -0.264522
v 0.205907 0.388685 -0.217401
v 0.208620 0.391513 -0.249455
v 0.223031 0.306235 -0.195335
v 0.217392 0.405779 -0.227685
v 0.213951 0.414528 -0.233773
v 0.217583 0.414527 -0.237316
v 0.228392 0.362359 -0.204737
v 0.213951 0.414528 -0.233773
v 0.218333 0.408669 -0.234494
v 0.217392 0.405779 -0.227685
v 0.216893 0.413024 -0.236805
v 0.220911 0.412269 -0.234096
v 0.234710 0.365682 -0.215550
v 0.230903 0.228537 -0.183565
v 0.235915 0.185870 -0.171155
v 0.236063 0.337810 -0.199530
v 0.237336 0.285209 -0.198618
v 0.237021 0.352412 -0.204209
v 0.240987 0.412620 -0.232219
v 0.249415 0.364016 -0.213373
v 0.250001 0.380343 -0.224843
v 0.241950 0.349102 -0.200819
v 0.258264 0.365300 -0.205425
v 0.240978 0.437147 -0.232030
v 0.253479 0.340754 -0.199185
v 0.254604 0.327187 -0.206515
v 0.236846 0.329289 -0.208513
v 0.268644 0.339340 -0.204647
v 0.258264 0.365300 -0.205425
v 0.249415 0.364016 -0.213373
v 0.261022 0.394205 -0.208323
v 0.267165 0.362525 -0.196799
v -0.223385 0.016442 0.276471
v -0.234696 0.014263 0.257041
v -0.182001 0.008516 0.262176
v -0.183142 0.010110 0.284616
v -0.176786 0.007418 0.306644
v -0.159784 -0.007449 0.202857
v -0.171418 -0.007832 0.214361
v -0.171267 -0.011192 0.181527
v -0.145219 -0.012803 0.051748
v -0.161295 -0.013890 0.094425
v -0.160569 -0.014099 0.042530
v -0.150486 -0.009143 0.134622
v -0.173600 -0.013969 0.143373
v -0.149438 -0.000139 0.220680
v -0.155769 -0.015504 0.168039
v -0.147234 0.001915 0.177666
v -0.118009 0.001152 0.291495
v -0.157521 -0.012942 -0.005259
v -0.137322 -0.014895 -0.020091
v -0.137069 0.002424 0.115940
v -0.115866 0.004353 0.220663
v -0.142696 -0.020467 -0.059506
v -0.131143 -0.000804 0.059030
v -0.113582 0.003464 0.258855
v -0.136392 -0.025516 -0.118253
v -0.125584 -0.011178 -0.101707
v -0.113532 -0.002225 0.308934
v -0.119929 0.002546 0.128340
v -0.123908 -0.000850 -0.005635
v -0.090889 0.001919 0.184978
v -0.106258 -0.002876 0.233514
v -0.116464 -0.002152 -0.084490
v -0.103425 -0.030568 -0.155918
v -0.160309 -0.032320 -0.160539
v -0.120771 -0.019656 -0.127761
v -0.103425 -0.030568 -0.155918
v -0.160309 -0.032320 -0.160539
v -0.127341 -0.025778 -0.171511
v -0.088864 -0.002118 0.008864
v -0.070027 -0.002317 0.084550
v -0.114413 -0.003337 -0.131941
v -0.098026 -0.002179 -0.054729
v -0.098567 -0.018832 -0.142071
v -0.088782 -0.004307 -0.131660
v -0.053617 0.000311 0.229598
v -0.044691 -0.003139 0.285644
v -0.073111 -0.023085 -0.171961
v -0.047771 -0.005978 0.310155
v -0.033479 -0.001606 0.174797
v -0.021825 -0.005899 -0.104170
v -0.050745 0.000243 0.253523
v -0.032707 -0.005935 -0.053027
v -0.047813 -0.024972 -0.146224
v -0.043949 -0.031443 -0.162236
v -0.043949 -0.031443 -0.162236
v -0.029307 -0.007371 -0.131641
v -0.013662 -0.005136 0.054689
v 0.009742 -0.021422 -0.138235
v -0.015650 -0.000560 0.230969
v 0.024380 -0.002408 0.154684
v -0.002975 -0.000346 0.263658
v 0.005385 -0.031296 -0.156736
v -0.005175 -0.022546 -0.170090
v 0.004493 -0.001037 0.217070
v -0.005871 -0.006340 0.234705
v 0.007288 -0.009516 0.251099
v 0.002565 -0.001387 0.237414
v -0.053617 0.000311 0.229598
v -0.015650 -0.000560 0.230969
v 0.013279 -0.008333 0.309242
v 0.032854 -0.005263 0.294799
v 0.051596 -0.004368 0.010125
v 0.044236 -0.005423 -0.055730
v 0.016570 -0.001545 0.233135
v 0.053786 0.000058 0.255440
v 0.049615 -0.002709 0.237031
v 0.002565 -0.001387 0.237414
v 0.053253 -0.006739 -0.132236
v 0.059098 -0.031431 -0.158890
v 0.068348 0.001125 0.223252
v 0.054353 -0.003657 0.071822
v 0.087198 -0.000085 0.117743
v 0.079076 -0.023349 -0.146719
v 0.076956 -0.003806 -0.104840
v 0.093464 -0.002316 0.309349
v 0.104241 -0.001448 -0.041147
v 0.109104 -0.000089 0.039994
v 0.118736 0.001890 0.285880
v 0.103333 0.003266 0.190987
v 0.123378 0.004441 0.260051
v 0.108305 -0.009622 -0.134946
v 0.115317 0.001744 0.230263
v 0.117353 -0.027561 -0.138439
v 0.141199 -0.029654 -0.166315
v 0.119885 -0.005494 -0.111285
v 0.108305 -0.009622 -0.134946
v 0.117353 -0.027561 -0.138439
v 0.119885 -0.005494 -0.111285
v 0.126820 -0.003678 -0.043329
v 0.128439 -0.000421 0.010147
v 0.134993 -0.018664 -0.087794
v 0.134993 -0.018664 -0.087794
v 0.135104 0.003726 0.147059
v 0.141837 -0.017950 -0.038231
v 0.149460 0.004389 0.201822
v 0.138575 -0.026899 -0.118923
v 0.145582 -0.011649 0.048005
v 0.138469 0.001417 0.092273
v 0.153437 -0.030809 -0.142375
v 0.154914 -0.013191 0.143319
v 0.150637 -0.016776 -0.081337
v 0.153637 -0.017183 0.013138
v 0.153288 0.002196 0.220720
v 0.152643 -0.007541 -0.125380
v 0.157086 -0.000383 -0.081687
v 0.164857 0.002542 0.301541
v 0.166493 -0.016099 -0.133523
v 0.158677 -0.013480 -0.021823
v 0.164527 -0.012206 0.084046
v 0.166445 -0.006986 0.210472
v 0.157086 -0.000383 -0.081687
v 0.152643 -0.007541 -0.125380
v 0.175893 0.001575 -0.132050
v 0.175364 0.010586 0.275122
v 0.169599 0.002622 0.261567
v 0.166052 -0.001502 0.037659
v 0.176370 -0.010826 0.161243
v 0.184672 0.006375 -0.083816
v 0.162642 0.000224 -0.015985
v 0.196253 -0.025706 -0.138441
v 0.199571 -0.032661 -0.158831
v 0.182633 0.007881 -0.006797
v 0.162642 0.000224 -0.015985
v 0.166052 -0.001502 0.037659
v 0.180210 0.005012 0.116649
v 0.184298 0.009862 0.061996
v 0.204506 0.008884 0.259381
v 0.183047 0.007710 0.182949
v 0.180210 0.005012 0.116649
v 0.191818 0.011221 0.229136
v 0.195779 0.002289 -0.146324
v 0.189778 -0.003012 -0.160824
v 0.192604 0.008946 -0.163218
v 0.217263 0.019594 0.296608
v 0.217646 0.010132 -0.128151
v 0.232919 0.015389 0.030344
v 0.183047 0.007710 0.182949
v 0.213239 0.014585 0.131736
v 0.220406 0.018043 0.204309
v 0.191818 0.011221 0.229136
v 0.222368 0.013820 -0.156006
v 0.230950 0.014106 0.259976
v 0.237087 0.013145 -0.054749
v 0.240403 -0.029328 -0.149757
v 0.249821 -0.022038 -0.134277
v 0.240078 0.015720 -0.121215
v 0.230331 0.015271 0.235877
v 0.244569 -0.024251 -0.171079
v 0.252888 0.020049 0.113227
v 0.251098 0.022550 0.209303
v 0.254533 0.029487 0.246865
v 0.251819 0.018893 -0.072706
v 0.248273 0.035596 0.278794
v 0.253871 0.014626 -0.018525
v 0.254738 0.021400 0.158747
v 0.244704 0.026324 -0.112893
v 0.258356 -0.022227 -0.159055
v 0.261567 0.019639 0.052820
v 0.262139 0.045062 0.252002
v 0.268439 -0.018423 -0.141999
v 0.264583 -0.013040 -0.174523
v 0.259931 0.026632 -0.015232
v 0.266116 0.028027 0.140131
v 0.265606 0.036861 0.087075
v 0.268963 0.039545 0.205082
v -0.222065 0.414986 -0.232343
v -0.221443 0.415374 -0.234674
v -0.224431 0.404364 -0.231873
v -0.213550 0.408865 -0.226360
v -0.212457 0.412601 -0.240949
v -0.217781 0.413807 -0.232979
v -0.222065 0.414986 -0.232343
v -0.213550 0.408865 -0.226360
v -0.223070 0.415445 -0.231711
v -0.225518 0.395940 -0.220510
v -0.200436 0.423301 -0.237145
v -0.217781 0.413807 -0.232979
v -0.213550 0.408865 -0.226360
v -0.224431 0.404364 -0.231873
v -0.212457 0.412601 -0.240949
v -0.161262 0.018733 0.310767
v -0.212912 0.028736 0.299349
v -0.176786 0.007418 0.306644
v -0.113532 -0.002225 0.308934
v -0.096145 0.009793 0.312258
v -0.047771 -0.005978 0.310155
v -0.029676 0.004874 0.313088
v 0.013279 -0.008333 0.309242
v 0.022578 0.007211 0.313090
v 0.093464 -0.002316 0.309349
v 0.111769 0.015928 0.309673
v 0.171215 0.017790 0.310152
v 0.164857 0.002542 0.301541
v 0.217263 0.019594 0.296608
v 0.226952 0.038541 0.290532
v 0.248273 0.035596 0.278794
v -0.137699 0.437584 -0.257330
v -0.200436 0.423301 -0.237145
v -0.190885 0.434508 -0.253178
v -0.129996 0.443680 -0.271989
v -0.098780 0.447849 -0.270015
v -0.089089 0.451583 -0.277487
v -0.085010 0.446283 -0.271143
v -0.073331 0.453568 -0.279201
v -0.074304 0.447657 -0.278309
v -0.085010 0.446283 -0.271143
v -0.073331 0.453568 -0.279201
v -0.075771 0.455582 -0.282418
v -0.051736 0.434081 -0.268526
v -0.057957 0.444922 -0.276870
v -0.074304 0.447657 -0.278309
v -0.070132 0.450800 -0.278727
v -0.077701 0.451096 -0.281332
v -0.073331 0.453568 -0.279201
v -0.070132 0.450800 -0.278727
v -0.066946 0.449373 -0.280943
v -0.049552 0.438256 -0.282232
v -0.168885 -0.021201 0.230946
v -0.171418 -0.007832 0.214361
v -0.135542 -0.015296 0.224946
v -0.149438 -0.000139 0.220680
v -0.108428 -0.027760 0.236757
v -0.106258 -0.002876 0.233514
v -0.047888 -0.018144 0.228642
v -0.053617 0.000311 0.229598
v -0.052068 -0.032648 0.232104
v -0.005871 -0.006340 0.234705
v 0.003661 -0.035770 0.235130
v 0.002565 -0.001387 0.237414
v 0.020968 -0.020710 0.228413
v 0.018193 -0.007385 0.236562
v 0.049615 -0.002709 0.237031
v 0.016570 -0.001545 0.233135
v 0.060481 -0.032330 0.236651
v 0.061108 -0.013286 0.230900
v 0.103717 -0.021102 0.230103
v 0.115317 0.001744 0.230263
v 0.139473 -0.010381 0.224457
v 0.147342 -0.021800 0.231195
v 0.153288 0.002196 0.220720
v 0.166445 -0.006986 0.210472
v 0.185805 -0.013444 0.231671
v -0.140551 0.247659 -0.218333
v -0.140692 0.271060 -0.230470
v -0.145971 0.235647 -0.222509
v -0.140937 0.240310 -0.213453
v -0.140551 0.247659 -0.218333
v -0.172137 0.241202 -0.201962
v -0.127302 0.250875 -0.219050
v -0.127764 0.370605 -0.248373
v -0.141760 0.356073 -0.231117
v -0.121799 0.398765 -0.251785
v -0.123560 0.399742 -0.260481
v -0.127302 0.250875 -0.219050
v -0.140692 0.271060 -0.230470
v -0.117186 0.228636 -0.226518
v -0.108299 0.227981 -0.219905
v -0.127302 0.250875 -0.219050
v -0.105663 0.231694 -0.228024
v -0.140692 0.271060 -0.230470
v -0.096877 0.228975 -0.218413
v -0.115244 0.347531 -0.240834
v -0.105666 0.344524 -0.250624
v -0.117189 0.340952 -0.247067
v -0.102204 0.326310 -0.237971
v -0.072345 0.300182 -0.243922
v -0.071548 0.298960 -0.235204
v -0.011458 0.278735 -0.238741
v -0.105853 0.284528 -0.228736
v -0.094011 0.274339 -0.235231
v -0.110780 0.280448 -0.237048
v -0.072297 0.261587 -0.227578
v -0.075667 0.254173 -0.233680
v -0.057910 0.242229 -0.226969
v -0.102486 0.346674 -0.244421
v -0.127764 0.370605 -0.248373
v -0.105666 0.344524 -0.250624
v -0.076344 0.326538 -0.253152
v -0.066695 0.322256 -0.246612
v -0.032130 0.307918 -0.253413
v -0.032677 0.302166 -0.243722
v -0.114614 0.417537 -0.256666
v -0.123922 0.424224 -0.269112
v -0.105091 0.409363 -0.266898
v -0.100345 0.410086 -0.263738
v -0.115244 0.347531 -0.240834
v -0.090878 0.326741 -0.247006
v -0.105666 0.344524 -0.250624
v -0.076344 0.326538 -0.253152
v -0.055600 0.303973 -0.253205
v -0.092911 0.287898 -0.240185
v -0.052777 0.258169 -0.239788
v -0.071454 0.284586 -0.237760
v -0.032130 0.307918 -0.253413
v -0.041335 0.261780 -0.232801
v -0.009849 0.287886 -0.251401
v -0.005263 0.217722 -0.235681
v -0.042692 0.228745 -0.234731
v -0.033233 0.203259 -0.234297
v -0.004670 0.249267 -0.234038
v 0.027875 0.210464 -0.235136
v -0.010582 0.187456 -0.230447
v 0.009759 0.452435 -0.286259
v -0.009419 0.457595 -0.284345
v -0.017145 0.451882 -0.287651
v -0.006901 0.242866 -0.240684
v 0.015683 0.304243 -0.250688
v 0.013495 0.443201 -0.283610
v 0.064080 0.189080 -0.226426
v 0.026077 0.256659 -0.236929
v 0.004498 0.431172 -0.281648
v -0.002923 0.420419 -0.279278
v 0.006792 0.415114 -0.274958
v 0.021963 0.402074 -0.272933
v -0.027660 0.400702 -0.272750
v -0.002961 0.395580 -0.273439
v 0.033419 0.229344 -0.233759
v 0.010444 0.226863 -0.232848
v 0.033093 0.295379 -0.254005
v 0.036627 0.400513 -0.268798
v 0.046688 0.419845 -0.277863
v 0.015204 0.461615 -0.285031
v -0.005531 0.458864 -0.290029
v 0.023547 0.233862 -0.236247
v 0.026077 0.256659 -0.236929
v -0.006901 0.242866 -0.240684
v 0.023547 0.233862 -0.236247
v 0.038045 0.452164 -0.286477
v 0.072156 0.215335 -0.230336
v 0.042340 0.416978 -0.272867
v 0.051759 0.273380 -0.239385
v 0.016197 0.264273 -0.242895
v 0.046313 0.287273 -0.243268
v 0.033419 0.229344 -0.233759
v 0.046195 0.237601 -0.235002
v 0.034262 0.235255 -0.225660
v 0.058243 0.262987 -0.240285
v 0.046195 0.237601 -0.235002
v 0.043208 0.263974 -0.237268
v 0.047594 0.405512 -0.272868
v 0.046195 0.237601 -0.235002
v 0.054133 0.316675 -0.255886
v 0.051759 0.273380 -0.239385
v 0.048037 0.265043 -0.230994
v 0.058243 0.262987 -0.240285
v 0.041733 0.405606 -0.270517
v 0.047594 0.405512 -0.272868
v 0.067394 0.237595 -0.235728
v 0.056513 0.240339 -0.229944
v 0.046195 0.237601 -0.235002
v 0.067394 0.237595 -0.235728
v 0.062756 0.249129 -0.235576
v 0.078098 0.288342 -0.235003
v 0.051759 0.273380 -0.239385
v 0.058243 0.262987 -0.240285
v 0.080785 0.320677 -0.252300
v 0.056572 0.322579 -0.249697
v 0.061545 0.330287 -0.258298
v 0.041691 0.336187 -0.253526
v 0.065296 0.344092 -0.258693
v 0.070518 0.403971 -0.268898
v 0.056513 0.240339 -0.229944
v 0.062756 0.249129 -0.235576
v 0.073131 0.328450 -0.256535
v 0.062752 0.325994 -0.254809
v 0.060008 0.411609 -0.268621
v 0.060008 0.411609 -0.268621
v 0.060008 0.411609 -0.268621
v 0.063909 0.413210 -0.274175
v 0.053588 0.410654 -0.267636
v 0.063909 0.413210 -0.274175
v 0.046688 0.419845 -0.277863
v 0.053588 0.410654 -0.267636
v 0.071142 0.448258 -0.279778
v 0.063909 0.413210 -0.274175
v 0.070518 0.403971 -0.268898
v 0.078277 0.259203 -0.234650
v 0.086568 0.300797 -0.243020
v 0.084809 0.417558 -0.273410
v 0.091755 0.249092 -0.229204
v 0.091656 0.343192 -0.251877
v 0.103728 0.323261 -0.244945
v 0.046313 0.287273 -0.243268
v 0.086568 0.300797 -0.243020
v 0.090458 0.355880 -0.255692
v 0.092230 0.264692 -0.235268
v 0.103475 0.287786 -0.239063
v 0.101206 0.360745 -0.250334
v 0.081951 0.401035 -0.268879
v 0.089578 0.440050 -0.278256
v 0.100889 0.451941 -0.279278
v 0.113816 0.218091 -0.226702
v 0.090266 0.402868 -0.268626
v 0.081951 0.401035 -0.268879
v 0.097911 0.400403 -0.264747
v 0.090266 0.402868 -0.268626
v 0.084809 0.417558 -0.273410
v 0.079327 0.406621 -0.263556
v 0.091350 0.426727 -0.273517
v 0.092553 0.409061 -0.269197
v 0.090266 0.402868 -0.268626
v 0.093911 0.426199 -0.266301
v 0.086071 0.423522 -0.264950
v 0.084809 0.417558 -0.273410
v 0.098669 0.411527 -0.268219
v 0.098427 0.441428 -0.277897
v 0.091572 0.444758 -0.269676
v 0.089578 0.440050 -0.278256
v 0.098427 0.441428 -0.277897
v 0.097851 0.447282 -0.268773
v 0.098427 0.441428 -0.277897
v 0.100889 0.451941 -0.279278
v 0.093052 0.445783 -0.275761
v 0.109683 0.248703 -0.230165
v 0.111087 0.314171 -0.240370
v 0.098669 0.411527 -0.268219
v 0.100204 0.411168 -0.264039
v 0.102566 0.419670 -0.260588
v 0.108900 0.426176 -0.272997
v 0.108900 0.426176 -0.272997
v 0.093911 0.426199 -0.266301
v 0.108900 0.426176 -0.272997
v 0.091350 0.426727 -0.273517
v 0.118980 0.275205 -0.233287
v 0.109584 0.415815 -0.267922
v 0.100204 0.411168 -0.264039
v 0.097911 0.400403 -0.264747
v 0.130598 0.395067 -0.259196
v 0.121819 0.353450 -0.247769
v 0.126834 0.439240 -0.272455
v 0.127475 0.187724 -0.218826
v 0.118980 0.275205 -0.233287
v 0.091755 0.249092 -0.229204
v 0.110071 0.260880 -0.222906
v 0.142327 0.444966 -0.261599
v 0.121091 0.246222 -0.224619
v 0.120933 0.370494 -0.251201
v 0.120933 0.370494 -0.251201
v 0.115127 0.377728 -0.254124
v 0.090458 0.355880 -0.255692
v 0.138105 0.239316 -0.221312
v 0.149134 0.341686 -0.243721
v 0.116387 0.397949 -0.255002
v 0.133660 0.248950 -0.224311
v 0.131069 0.263498 -0.227980
v 0.175124 0.205342 -0.212162
v 0.170621 0.304141 -0.230983
v 0.121819 0.353450 -0.247769
v 0.155134 0.247679 -0.223292
v 0.140086 0.248328 -0.218104
v 0.182567 0.188668 -0.212771
v 0.186713 0.415066 -0.252849
v 0.196730 0.370310 -0.238377
v 0.197066 0.431796 -0.250994
v 0.216110 0.268439 -0.212440
v 0.228377 0.209664 -0.197531
v 0.222127 0.343881 -0.222274
v 0.217583 0.414527 -0.237316
v 0.227665 0.182403 -0.192429
v 0.219300 0.388710 -0.232288
v 0.216893 0.413024 -0.236805
v 0.218333 0.408669 -0.234494
v 0.216893 0.413024 -0.236805
v 0.219300 0.388710 -0.232288
v 0.217583 0.414527 -0.237316
v 0.220911 0.412269 -0.234096
v 0.217392 0.405779 -0.227685
v 0.218333 0.408669 -0.234494
v 0.217583 0.414527 -0.237316
v 0.217392 0.405779 -0.227685
v -0.105091 0.409363 -0.266898
v -0.123560 0.399742 -0.260481
v -0.121799 0.398765 -0.251785
v -0.097360 0.403410 -0.266510
v -0.093397 0.397390 -0.262429
v -0.087283 0.398406 -0.268177
v -0.073668 0.404270 -0.267089
v -0.074292 0.410691 -0.272194
v -0.038723 0.400229 -0.268499
v -0.055788 0.406305 -0.272464
v -0.027660 0.400702 -0.272750
v -0.002961 0.395580 -0.273439
v -0.099641 0.406580 -0.260700
v -0.105091 0.409363 -0.266898
v -0.097360 0.403410 -0.266510
v -0.088027 0.405503 -0.265261
v -0.098780 0.447849 -0.270015
v -0.097741 0.445931 -0.278954
v -0.101122 0.439499 -0.276762
v -0.094193 0.440549 -0.267573
v -0.089725 0.443416 -0.277917
v -0.085010 0.446283 -0.271143
v -0.105853 0.284528 -0.228736
v -0.110780 0.280448 -0.237048
v -0.075667 0.254173 -0.233680
v -0.083093 0.425514 -0.273825
v -0.101122 0.439499 -0.276762
v -0.096467 0.427379 -0.267950
v -0.089198 0.424059 -0.271251
v -0.082963 0.423139 -0.268635
v -0.089198 0.424059 -0.271251
v -0.096467 0.427379 -0.267950
v -0.084847 0.416156 -0.271562
v -0.089584 0.419609 -0.267695
v -0.089725 0.443416 -0.277917
v -0.094193 0.440549 -0.267573
v -0.101122 0.439499 -0.276762
v -0.085010 0.446283 -0.271143
v -0.073668 0.404270 -0.267089
v -0.093397 0.397390 -0.262429
v -0.088675 0.401653 -0.267209
v -0.085289 0.403627 -0.269495
v -0.082963 0.423139 -0.268635
v -0.083093 0.425514 -0.273825
v -0.084847 0.416156 -0.271562
v -0.083413 0.418595 -0.269631
v -0.064215 0.188623 -0.226871
v -0.113027 0.195204 -0.231262
v -0.050967 0.184013 -0.236509
v -0.010582 0.187456 -0.230447
v 0.022314 0.185712 -0.238641
v 0.064080 0.189080 -0.226426
v 0.074282 0.190911 -0.236406
v 0.127475 0.187724 -0.218826
v -0.090878 0.326741 -0.247006
v -0.032677 0.302166 -0.243722
v -0.055600 0.303973 -0.253205
v -0.009849 0.287886 -0.251401
v 0.014471 0.288304 -0.243825
v 0.033093 0.295379 -0.254005
v 0.047203 0.302560 -0.243565
v 0.080785 0.320677 -0.252300
v 0.085269 0.331674 -0.243536
v 0.121819 0.353450 -0.247769
v 0.122421 0.356574 -0.238463
v -0.082963 0.423139 -0.268635
v -0.077539 0.418046 -0.270234
v -0.083093 0.425514 -0.273825
v -0.066247 0.415682 -0.267478
v -0.070262 0.418119 -0.274208
v -0.079450 0.419117 -0.272946
v -0.066247 0.415682 -0.267478
v -0.077189 0.410634 -0.265280
v -0.074292 0.410691 -0.272194
v -0.070262 0.418119 -0.274208
v -0.057910 0.242229 -0.226969
v -0.056038 0.241487 -0.232873
v -0.042692 0.228745 -0.234731
v -0.042873 0.229322 -0.225381
v -0.036631 0.232439 -0.234291
v -0.039878 0.236968 -0.226395
v -0.026280 0.226866 -0.232425
v -0.005263 0.217722 -0.235681
v -0.023763 0.225718 -0.226158
v -0.033186 0.230428 -0.226425
v -0.012008 0.225927 -0.230709
v -0.055012 0.410714 -0.268813
v -0.055788 0.406305 -0.272464
v -0.056053 0.414612 -0.274531
v -0.066247 0.415682 -0.267478
v -0.043943 0.405029 -0.271266
v -0.055788 0.406305 -0.272464
v -0.027660 0.400702 -0.272750
v -0.005185 0.400226 -0.268614
v 0.021963 0.402074 -0.272933
v 0.041733 0.405606 -0.270517
v 0.047594 0.405512 -0.272868
v -0.032981 0.419475 -0.269783
v -0.034383 0.420106 -0.277894
v -0.055012 0.410714 -0.268813
v 0.006792 0.415114 -0.274958
v -0.039878 0.236968 -0.226395
v -0.036631 0.232439 -0.234291
v -0.056038 0.241487 -0.232873
v -0.057910 0.242229 -0.226969
v -0.033186 0.230428 -0.226425
v -0.011765 0.230688 -0.236126
v -0.036631 0.232439 -0.234291
v -0.014117 0.236842 -0.226333
v -0.014117 0.236842 -0.226333
v -0.023763 0.225718 -0.226158
v -0.026280 0.226866 -0.232425
v -0.011765 0.230688 -0.236126
v -0.011765 0.230688 -0.236126
v -0.026280 0.226866 -0.232425
v -0.012008 0.225927 -0.230709
v 0.010444 0.226863 -0.232848
v 0.015620 0.229465 -0.226374
v -0.051736 0.434081 -0.268526
v -0.005691 0.424820 -0.269655
v -0.032981 0.419475 -0.269783
v -0.005185 0.400226 -0.268614
v -0.002961 0.395580 -0.273439
v -0.038723 0.400229 -0.268499
v 0.001236 0.423011 -0.270194
v 0.006792 0.415114 -0.274958
v 0.036627 0.400513 -0.268798
v 0.037645 0.426772 -0.267271
v 0.041733 0.405606 -0.270517
v 0.042340 0.416978 -0.272867
v 0.053588 0.410654 -0.267636
v 0.046688 0.419845 -0.277863
v 0.059771 0.408136 -0.266386
v 0.060008 0.411609 -0.268621
v 0.070518 0.403971 -0.268898
v 0.079327 0.406621 -0.263556
v 0.086071 0.423522 -0.264950
v 0.097911 0.400403 -0.264747
v 0.081951 0.401035 -0.268879
v 0.085442 0.400994 -0.261799
v 0.089873 0.408491 -0.262497
v 0.090266 0.402868 -0.268626
v 0.093252 0.406497 -0.261574
v 0.102566 0.419670 -0.260588
v 0.093911 0.426199 -0.266301
v 0.096517 0.409363 -0.263472
v 0.091350 0.426727 -0.273517
v 0.093632 0.431190 -0.263248
v 0.110024 0.413172 -0.256073
v 0.100204 0.411168 -0.264039
v 0.116387 0.397949 -0.255002
v 0.129004 0.387717 -0.245379
v -0.011922 0.443059 -0.276450
v -0.017145 0.451882 -0.287651
v -0.016979 0.438603 -0.282587
v 0.013495 0.443201 -0.283610
v -0.009419 0.457595 -0.284345
v -0.005531 0.458864 -0.290029
v -0.017145 0.451882 -0.287651
v 0.012098 0.456134 -0.281769
v -0.001459 0.430133 -0.272783
v -0.005691 0.424820 -0.269655
v -0.051736 0.434081 -0.268526
v -0.011922 0.443059 -0.276450
v -0.004942 0.425127 -0.279377
v 0.004498 0.431172 -0.281648
v -0.011922 0.443059 -0.276450
v -0.016979 0.438603 -0.282587
v 0.004498 0.431172 -0.281648
v 0.014295 0.443092 -0.276302
v 0.013495 0.443201 -0.283610
v 0.001236 0.423011 -0.270194
v -0.005691 0.424820 -0.269655
v -0.004942 0.425127 -0.279377
v -0.002923 0.420419 -0.279278
v -0.015650 -0.000560 0.230969
v -0.005871 -0.006340 0.234705
v 0.005057 -0.004906 0.236811
v 0.018193 -0.007385 0.236562
v 0.002565 -0.001387 0.237414
v 0.016570 -0.001545 0.233135
v 0.001236 0.423011 -0.270194
v -0.002923 0.420419 -0.279278
v -0.001459 0.430133 -0.272783
v 0.004498 0.431172 -0.281648
v 0.005050 0.449502 -0.278958
v 0.013495 0.443201 -0.283610
v -0.011922 0.443059 -0.276450
v 0.014295 0.443092 -0.276302
v 0.010444 0.226863 -0.232848
v -0.009252 0.216614 -0.224924
v -0.005263 0.217722 -0.235681
v 0.018776 0.222854 -0.225158
v 0.012098 0.456134 -0.281769
v 0.005050 0.449502 -0.278958
v 0.009759 0.452435 -0.286259
v -0.005531 0.458864 -0.290029
v 0.015620 0.229465 -0.226374
v 0.018776 0.222854 -0.225158
v 0.010444 0.226863 -0.232848
v 0.023547 0.233862 -0.236247
v 0.018776 0.222854 -0.225158
v 0.023547 0.233862 -0.236247
v 0.033419 0.229344 -0.233759
v 0.030723 0.230307 -0.226704
v 0.023547 0.233862 -0.236247
v 0.015620 0.229465 -0.226374
v 0.034132 0.231376 -0.231720
v 0.046195 0.237601 -0.235002
v 0.034262 0.235255 -0.225660
v 0.030723 0.230307 -0.226704
v 0.018776 0.222854 -0.225158
v 0.033419 0.229344 -0.233759
v 0.034132 0.231376 -0.231720
v 0.045729 0.231142 -0.224195
v 0.034262 0.235255 -0.225660
v 0.046313 0.287273 -0.243268
v 0.037824 0.280134 -0.232040
v -0.011458 0.278735 -0.238741
v 0.073755 0.303268 -0.235864
v 0.103728 0.323261 -0.244945
v 0.106725 0.323009 -0.235552
v 0.121819 0.353450 -0.247769
v 0.122421 0.356574 -0.238463
v 0.015204 0.461615 -0.285031
v 0.038045 0.452164 -0.286477
v 0.048477 0.448210 -0.276187
v 0.071142 0.448258 -0.279778
v 0.091572 0.444758 -0.269676
v 0.093509 0.452047 -0.272803
v 0.100889 0.451941 -0.279278
v 0.142327 0.444966 -0.261599
v 0.054791 0.271435 -0.230265
v 0.043208 0.263974 -0.237268
v 0.035663 0.264989 -0.230985
v 0.051759 0.273380 -0.239385
v 0.068377 0.255084 -0.226391
v 0.046195 0.237601 -0.235002
v 0.044368 0.237836 -0.225991
v 0.062756 0.249129 -0.235576
v 0.056572 0.322579 -0.249697
v 0.015683 0.304243 -0.250688
v 0.054133 0.316675 -0.255886
v 0.061545 0.330287 -0.258298
v 0.068377 0.255084 -0.226391
v 0.045729 0.231142 -0.224195
v 0.056513 0.240339 -0.229944
v 0.062756 0.249129 -0.235576
v 0.060327 0.329664 -0.250021
v 0.061545 0.330287 -0.258298
v 0.062752 0.325994 -0.254809
v 0.056572 0.322579 -0.249697
v 0.069285 0.334153 -0.248113
v 0.073131 0.328450 -0.256535
v 0.069285 0.334153 -0.248113
v 0.056572 0.322579 -0.249697
v 0.062752 0.325994 -0.254809
v 0.073131 0.328450 -0.256535
v 0.086568 0.300797 -0.243020
v 0.051759 0.273380 -0.239385
v 0.078098 0.288342 -0.235003
v 0.106725 0.323009 -0.235552
v 0.111087 0.314171 -0.240370
v 0.085866 0.352800 -0.251623
v 0.041691 0.336187 -0.253526
v 0.090458 0.355880 -0.255692
v 0.065296 0.344092 -0.258693
v 0.115127 0.377728 -0.254124
v 0.064186 0.216088 -0.219981
v 0.072156 0.215335 -0.230336
v 0.091975 0.231011 -0.218994
v 0.109683 0.248703 -0.230165
v 0.110071 0.260880 -0.222906
v 0.118980 0.275205 -0.233287
v 0.085778 0.278254 -0.227106
v 0.078277 0.259203 -0.234650
v 0.068377 0.255084 -0.226391
v 0.097944 0.280786 -0.228925
v 0.103475 0.287786 -0.239063
v 0.068377 0.255084 -0.226391
v 0.078277 0.259203 -0.234650
v 0.092230 0.264692 -0.235268
v 0.097944 0.280786 -0.228925
v 0.103475 0.287786 -0.239063
v 0.079327 0.406621 -0.263556
v 0.084809 0.417558 -0.273410
v 0.081951 0.401035 -0.268879
v 0.085442 0.400994 -0.261799
v 0.085442 0.400994 -0.261799
v 0.081951 0.401035 -0.268879
v 0.090266 0.402868 -0.268626
v 0.089873 0.408491 -0.262497
v 0.091350 0.426727 -0.273517
v 0.084809 0.417558 -0.273410
v 0.086071 0.423522 -0.264950
v 0.093632 0.431190 -0.263248
v 0.089873 0.408491 -0.262497
v 0.092553 0.409061 -0.269197
v 0.093252 0.406497 -0.261574
v 0.090266 0.402868 -0.268626
v 0.096517 0.409363 -0.263472
v 0.098669 0.411527 -0.268219
v 0.093052 0.445783 -0.275761
v 0.100889 0.451941 -0.279278
v 0.089578 0.440050 -0.278256
v 0.093509 0.452047 -0.272803
v 0.091572 0.444758 -0.269676
v 0.096517 0.409363 -0.263472
v 0.093252 0.406497 -0.261574
v 0.098669 0.411527 -0.268219
v 0.090266 0.402868 -0.268626
v 0.110024 0.413172 -0.256073
v 0.100204 0.411168 -0.264039
v 0.109584 0.415815 -0.267922
v 0.116387 0.397949 -0.255002
v 0.130598 0.395067 -0.259196
v 0.097911 0.400403 -0.264747
v 0.102566 0.419670 -0.260588
v 0.109584 0.415815 -0.267922
v 0.098669 0.411527 -0.268219
v 0.110024 0.413172 -0.256073
v 0.106725 0.323009 -0.235552
v 0.106498 0.305931 -0.229729
v 0.111087 0.314171 -0.240370
v 0.120933 0.370494 -0.251201
v 0.090458 0.355880 -0.255692
v 0.101206 0.360745 -0.250334
v 0.129004 0.387717 -0.245379
v 0.127251 0.249649 -0.216950
v 0.116713 0.250005 -0.217823
v 0.121091 0.246222 -0.224619
v 0.133660 0.248950 -0.224311
v 0.131069 0.263498 -0.227980
v 0.133819 0.265434 -0.216410
v 0.133819 0.265434 -0.216410
v 0.121091 0.246222 -0.224619
v 0.116713 0.250005 -0.217823
v 0.131069 0.263498 -0.227980
v 0.133660 0.248950 -0.224311
v 0.138105 0.239316 -0.221312
v 0.134944 0.239727 -0.213973
v 0.146280 0.243066 -0.210647
v 0.140086 0.248328 -0.218104
v 0.133660 0.248950 -0.224311
v 0.134944 0.239727 -0.213973
v 0.155134 0.247679 -0.223292
v 0.166493 -0.016099 -0.133523
v 0.152643 -0.007541 -0.125380
v 0.138575 -0.026899 -0.118923
v 0.175893 0.001575 -0.132050
v 0.196253 -0.025706 -0.138441
v 0.153437 -0.030809 -0.142375
v 0.210011 -0.012736 -0.131041
v 0.220911 0.412269 -0.234096
v 0.219300 0.388710 -0.232288
v 0.217392 0.405779 -0.227685
v 0.234710 0.365682 -0.215550
v 0.249821 -0.022038 -0.134277
v 0.236846 0.329289 -0.208513
v 0.222127 0.343881 -0.222274
v 0.216110 0.268439 -0.212440
v 0.228377 0.209664 -0.197531
v 0.238823 0.233296 -0.195142
v 0.237336 0.285209 -0.198618
v 0.236063 0.337810 -0.199530
v 0.237491 0.346704 -0.209366
v 0.237021 0.352412 -0.204209
v 0.245725 0.126015 -0.178736
v 0.240351 0.156328 -0.196061
v 0.241294 0.102996 -0.190540
v 0.227665 0.182403 -0.192429
v 0.245346 0.179538 -0.181209
v 0.245856 0.029651 -0.164366
v 0.241206 0.027097 -0.176723
v 0.239151 -0.005428 -0.167677
v 0.245771 0.070545 -0.169466
v 0.248844 -0.001023 -0.145742
v 0.244172 0.348799 -0.213023
v 0.237491 0.346704 -0.209366
v 0.236846 0.329289 -0.208513
v 0.234710 0.365682 -0.215550
v 0.249415 0.364016 -0.213373
v 0.259052 0.016604 -0.149735
v 0.264125 0.128471 -0.169010
v 0.269990 0.075556 -0.158091
v 0.254604 0.327187 -0.206515
v 0.268644 0.339340 -0.204647
v 0.270837 0.349184 -0.220796
v 0.267186 0.167628 -0.172253
v 0.191818 0.011221 0.229136
v 0.185805 -0.013444 0.231671
v 0.166445 -0.006986 0.210472
v 0.213307 -0.005567 0.233237
v 0.230331 0.015271 0.235877
v 0.231622 -0.015533 0.248697
v 0.240389 -0.008211 0.236224
v 0.250381 0.000850 0.246448
v 0.272679 -0.031171 0.249061
v 0.262656 -0.187398 0.256650
v 0.278768 -0.209696 0.257955
v 0.272045 -0.270322 0.261244
v 0.265219 -0.047456 0.243153
v 0.274767 -0.402555 0.276458
v 0.272087 -0.332376 0.267324
v 0.287055 -0.381161 0.270802
v 0.277200 -0.083478 0.255145
v 0.275731 -0.133647 0.252114
v 0.262750 -0.109472 0.247912
v 0.292305 -0.335901 0.274168
v 0.295715 -0.457141 0.279846
v 0.289315 -0.498321 0.282935
v 0.279235 -0.469597 0.280624
v 0.285591 -0.270352 0.264543
v 0.282632 -0.166378 0.270315
v 0.301335 -0.502265 0.300316
v 0.277705 -0.501262 0.291625
v 0.287085 -0.237209 0.271202
v 0.291936 -0.284861 0.279666
v 0.297422 -0.390272 0.284131
v 0.301368 -0.461727 0.296642
v 0.195779 0.002289 -0.146324
v 0.175893 0.001575 -0.132050
v 0.210011 -0.012736 -0.131041
v 0.229153 -0.007239 -0.147319
v 0.189778 -0.003012 -0.160824
v 0.213047 -0.020293 -0.170979
v 0.239151 -0.005428 -0.167677
v 0.248844 -0.001023 -0.145742
v 0.227665 0.182403 -0.192429
v 0.182567 0.188668 -0.212771
v 0.225819 0.184192 -0.203175
v 0.240351 0.156328 -0.196061
v 0.220911 0.412269 -0.234096
v 0.216893 0.413024 -0.236805
v 0.213951 0.414528 -0.233773
v 0.217392 0.405779 -0.227685
v 0.245346 0.179538 -0.181209
v 0.235915 0.185870 -0.171155
v 0.230903 0.228537 -0.183565
v 0.238823 0.233296 -0.195142
v 0.237336 0.285209 -0.198618
v 0.223031 0.306235 -0.195335
v 0.267186 0.167628 -0.172253
v 0.241950 0.349102 -0.200819
v 0.236063 0.337810 -0.199530
v 0.237491 0.346704 -0.209366
v 0.244172 0.348799 -0.213023
v 0.244172 0.348799 -0.213023
v 0.234710 0.365682 -0.215550
v 0.237021 0.352412 -0.204209
v 0.241950 0.349102 -0.200819
v 0.230950 0.014106 0.259976
v 0.250381 0.000850 0.246448
v 0.230331 0.015271 0.235877
v 0.235411 0.005750 0.261308
v 0.259460 -0.015121 0.264508
v 0.272679 -0.031171 0.249061
v 0.274140 -0.039534 0.264951
v 0.286821 -0.399494 0.301529
v 0.271190 -0.391843 0.293840
v 0.277524 -0.458745 0.304445
v 0.271873 -0.313547 0.292990
v 0.282632 -0.166378 0.270315
v 0.269658 -0.137935 0.280131
v 0.274182 -0.193884 0.285147
v 0.272642 -0.092128 0.274102
v 0.277200 -0.083478 0.255145
v 0.290854 -0.465153 0.308359
v 0.284865 -0.499195 0.310712
v 0.283784 -0.254110 0.287731
v 0.301368 -0.461727 0.296642
v 0.292038 -0.321988 0.289694
v 0.291936 -0.284861 0.279666
v 0.287085 -0.237209 0.271202
v 0.301335 -0.502265 0.300316
v 0.297422 -0.390272 0.284131
v 0.292305 -0.335901 0.274168
v 0.246718 -0.029977 0.248278
v 0.251098 -0.072087 0.255731
v 0.252565 -0.046653 0.266602
v 0.234516 -0.010994 0.262901
v 0.231622 -0.015533 0.248697
v 0.240389 -0.008211 0.236224
v 0.255831 -0.098416 0.272010
v 0.252639 -0.134796 0.264861
v 0.262656 -0.187398 0.256650
v 0.255151 -0.198275 0.271289
v 0.262750 -0.109472 0.247912
v 0.265219 -0.047456 0.243153
v 0.260194 -0.266948 0.274717
v 0.272045 -0.270322 0.261244
v 0.264764 -0.226328 0.285355
v 0.261477 -0.170014 0.280741
v 0.272087 -0.332376 0.267324
v 0.264591 -0.341922 0.282564
v 0.271873 -0.313547 0.292990
v 0.274767 -0.402555 0.276458
v 0.271190 -0.391843 0.293840
v 0.277524 -0.458745 0.304445
v 0.272730 -0.437680 0.288147
v 0.273794 -0.482484 0.292405
v 0.279235 -0.469597 0.280624
v 0.277705 -0.501262 0.291625
v 0.284865 -0.499195 0.310712
v 0.289315 -0.498321 0.282935
v 0.301335 -0.502265 0.300316
v 0.233840 0.385909 -0.248342
v 0.259824 0.362684 -0.239589
v 0.243772 0.373567 -0.257747
v 0.250001 0.380343 -0.224843
v 0.270837 0.349184 -0.220796
v 0.249415 0.364016 -0.213373
v 0.267165 0.362525 -0.196799
v 0.268680 0.314912 -0.190250
v 0.268644 0.339340 -0.204647
v 0.258264 0.365300 -0.205425
v 0.270580 0.317641 -0.224019
v 0.277045 0.253415 -0.186556
v 0.281013 0.194553 -0.179085
v 0.282625 0.239873 -0.200490
v 0.270376 0.245727 -0.214944
v 0.280218 0.294318 -0.211971
v 0.283724 0.174714 -0.193093
v 0.278150 0.027836 -0.149526
v 0.291351 -0.024964 -0.153309
v 0.288228 0.048288 -0.163712
v 0.282397 0.129071 -0.171721
v 0.287354 0.102322 -0.183521
v 0.285496 -0.059608 -0.140772
v 0.290929 -0.126605 -0.154063
v 0.291450 -0.085659 -0.166889
v 0.288103 -0.004039 -0.171497
v 0.286979 0.051702 -0.177050
v 0.297382 -0.312582 -0.199820
v 0.286741 -0.308307 -0.213620
v 0.294654 -0.247058 -0.191939
v 0.288965 -0.206809 -0.166657
v 0.292160 -0.306702 -0.184780
v 0.296402 -0.166640 -0.174199
v 0.288775 -0.195053 -0.192198
v 0.288356 -0.146977 -0.184708
v 0.298329 -0.501533 -0.219835
v 0.284064 -0.502544 -0.236318
v 0.287142 -0.478136 -0.240971
v 0.292798 -0.456371 -0.207945
v 0.297818 -0.431835 -0.223507
v 0.297820 -0.376281 -0.202119
v 0.296242 -0.355444 -0.213315
v 0.264068 -0.119590 -0.164794
v 0.265883 -0.196402 -0.180148
v 0.270526 -0.204131 -0.167624
v 0.273352 -0.161294 -0.185797
v 0.265007 -0.043635 -0.166840
v 0.275096 -0.094979 -0.176166
v 0.261929 -0.043423 -0.150983
v 0.275058 -0.100348 -0.145026
v 0.258356 -0.022227 -0.159055
v 0.268439 -0.018423 -0.141999
v 0.268201 -0.463719 -0.220783
v 0.271331 -0.486015 -0.234994
v 0.270522 -0.501848 -0.225976
v 0.271319 -0.398002 -0.203216
v 0.272242 -0.438362 -0.227555
v 0.268748 -0.385240 -0.212445
v 0.268182 -0.338837 -0.198659
v 0.272174 -0.327246 -0.212038
v 0.265981 -0.263932 -0.188207
v 0.275895 -0.326826 -0.185946
v 0.272589 -0.213446 -0.194524
v 0.277188 -0.258997 -0.204786
v 0.273245 -0.047528 -0.137865
v 0.264583 -0.013040 -0.174523
v 0.272832 -0.488508 -0.214630
v 0.280448 -0.502921 -0.213960
v 0.277431 -0.446039 -0.204356
v 0.280108 -0.404428 -0.227938
v 0.278149 -0.270036 -0.174321
v 0.278048 -0.150192 -0.154906
vn -0.6711 -0.2293 0.7050
vn -0.9652 -0.0623 -0.2539
vn -0.5650 -0.7167 -0.4088
vn -0.7101 0.0827 0.6992
vn -0.9961 0.0746 0.0474
vn -0.4224 0.0931 0.9016
vn -0.9985 0.0550 -0.0038
vn -0.6983 0.0937 0.7097
vn -0.9959 0.0604 -0.0669
vn -0.5646 0.1283 0.8153
vn -0.9913 0.0547 -0.1195
vn -0.4365 0.1107 0.8929
vn -0.7483 0.1032 0.6552
vn -0.9813 0.0449 -0.1873
vn -0.8887 0.0455 -0.4562
vn -0.7386 0.1454 0.6583
vn -0.8917 0.2439 -0.3814
vn -0.6504 0.4610 0.6037
vn -0.7736 0.6189 -0.1364
vn -0.9944 -0.0602 -0.0873
vn -0.5532 -0.7676 -0.3238
vn -0.5003 -0.4677 0.7287
vn -0.8409 0.0906 -0.5335
vn -0.6086 -0.1364 0.7817
vn -0.9899 -0.0216 0.1402
vn -0.3505 0.0675 -0.9341
vn -0.6542 0.1421 -0.7428
vn -0.9872 0.0008 0.1592
vn -0.4486 -0.1341 0.8836
vn -0.6436 0.1416 -0.7521
vn -0.4103 0.1589 -0.8980
vn -0.9998 0.0195 -0.0028
vn -0.5633 0.1344 -0.8153
vn -0.8899 -0.0763 0.4498
vn -0.9997 0.0054 -0.0243
vn -0.4883 -0.1546 0.8589
vn -0.4811 -0.1326 0.8666
vn -0.7676 0.1167 -0.6302
vn -0.9721 -0.0016 0.2344
vn -0.9940 0.0581 -0.0930
vn -0.5649 -0.0553 0.8233
vn -0.3770 -0.0050 -0.9262
vn -0.8982 -0.0275 -0.4386
vn -0.6922 0.1172 0.7121
vn -0.5478 0.1444 0.8240
vn -0.9622 -0.0332 -0.2703
vn -0.8984 0.1100 0.4252
vn -0.7567 -0.0570 -0.6513
vn -0.9129 -0.0471 -0.4054
vn -0.8542 -0.0496 -0.5176
vn -0.9600 0.0606 0.2733
vn -0.4107 0.1348 0.9017
vn -0.4275 0.1512 0.8913
vn -0.2723 0.0673 0.9599
vn -0.8603 0.1265 0.4938
vn -0.9700 0.0591 -0.2357
vn -0.7574 0.1878 0.6253
vn -0.8670 0.4911 0.0839
vn -0.4939 -0.1179 -0.8615
vn -0.7093 0.0461 -0.7034
vn -0.7365 0.6643 -0.1271
vn -0.7156 0.4059 -0.5684
vn -0.7786 0.2417 0.5790
vn -0.9420 0.2535 -0.2197
vn -0.3534 -0.4408 -0.8251
vn -0.4500 0.7112 -0.5401
vn -0.8181 0.5726 0.0532
vn -0.4299 -0.1697 -0.8868
vn -0.4266 -0.2538 -0.8681
vn -0.3147 0.8996 0.3028
vn -0.3769 -0.1325 -0.9167
vn -0.6347 -0.0442 -0.7715
vn -0.9652 -0.0623 -0.2540
vn 0.0520 -0.1523 -0.9870
vn -0.5651 -0.7167 -0.4087
vn -0.6160 -0.0317 -0.7871
vn -0.9959 0.0604 -0.0670
vn -0.4672 -0.0387 -0.8833
vn -0.9913 0.0547 -0.1196
vn 0.3701 -0.1159 -0.9217
vn -0.2958 -0.0703 -0.9527
vn 0.3110 -0.0884 -0.9463
vn -0.9813 0.0449 -0.1874
vn -0.5158 -0.0334 -0.8561
vn -0.8887 0.0455 -0.4561
vn 0.2313 -0.0812 -0.9695
vn -0.0125 -0.1082 -0.9941
vn -0.2903 0.0658 -0.9547
vn -0.7736 0.6188 -0.1364
vn -0.4890 -0.5829 0.6489
vn -0.3945 -0.9130 -0.1043
vn -0.1013 -0.6174 -0.7801
vn 0.7785 -0.6049 -0.1671
vn -0.4013 -0.4125 -0.8178
vn -0.4183 -0.6125 -0.6708
vn -0.1951 -0.8747 -0.4436
vn -0.7102 0.0827 0.6992
vn -0.6712 -0.2293 0.7050
vn 0.3149 0.0373 0.9484
vn 0.1709 0.0812 0.9819
vn -0.6982 0.0937 0.7097
vn 0.2728 0.0865 0.9582
vn 0.6988 -0.3693 0.6126
vn -0.5651 -0.7166 -0.4088
vn 0.7904 -0.0167 0.6123
vn 0.7036 -0.0027 0.7106
vn 0.4618 0.0464 0.8858
vn -0.4365 0.1106 0.8929
vn 0.5282 0.0728 0.8460
vn -0.7484 0.1032 0.6552
vn 0.4858 0.0368 0.8733
vn -0.7387 0.1454 0.6582
vn 0.6637 -0.0412 0.7468
vn 0.1343 0.1020 0.9857
vn -0.6505 0.4610 0.6036
vn -0.7736 0.6189 -0.1365
vn -0.4889 -0.5829 0.6490
vn 0.0784 -0.5444 0.8351
vn -0.1133 -0.8306 0.5451
vn -0.0191 -0.3685 0.9294
vn -0.0359 -0.9325 0.3594
vn 0.0327 -0.1392 0.9897
vn -0.0987 -0.8748 0.4742
vn -0.0471 -0.6739 0.7373
vn -0.0052 -0.8030 0.5960
vn 0.0446 -0.0090 0.9990
vn 0.0333 -0.6316 0.7745
vn -0.0067 -0.2000 0.9798
vn -0.0131 -0.4010 0.9160
vn 0.0258 -0.9493 0.3132
vn 0.0192 -0.7090 0.7049
vn 0.0323 -0.4673 0.8835
vn 0.0388 -0.4659 0.8840
vn 0.0297 -0.7182 0.6952
vn 0.0345 -0.3974 0.9170
vn -0.3900 -0.2986 0.8711
vn 0.2398 0.3724 0.8966
vn 0.4991 -0.8058 0.3186
vn 0.4393 0.4155 0.7965
vn -0.4872 0.0007 0.8733
vn -0.0035 0.0967 0.9953
vn -0.9993 -0.0356 -0.0061
vn -0.6250 0.0678 0.7777
vn -0.6556 0.0307 0.7544
vn 0.5495 0.1252 0.8261
vn 0.3181 0.1048 0.9422
vn -0.5402 0.0215 0.8413
vn 0.7139 0.1792 0.6769
vn -0.3789 0.0516 0.9240
vn 0.5404 0.1037 0.8350
vn 0.7227 0.0859 0.6859
vn -0.6542 0.1422 -0.7428
vn 0.2540 0.1678 -0.9525
vn -0.4104 0.1589 -0.8980
vn 0.5013 0.1282 -0.8557
vn -0.3505 0.0674 -0.9341
vn 0.5451 -0.1651 -0.8219
vn 0.7874 0.0757 -0.6118
vn 0.6539 -0.5996 0.4614
vn 0.9668 0.0159 -0.2549
vn 0.9925 0.0196 -0.1206
vn 0.9871 -0.0405 0.1552
vn 0.9671 0.0359 -0.2520
vn 0.2965 0.1664 -0.9404
vn 0.5784 0.1348 -0.8046
vn 0.9367 -0.1017 0.3349
vn 0.9594 -0.0487 0.2780
vn 0.9983 -0.0452 0.0373
vn 0.5515 0.1148 -0.8262
vn 0.9967 -0.0321 -0.0741
vn 0.1459 0.1193 -0.9821
vn 0.6377 -0.0539 -0.7684
vn 0.5947 -0.7832 -0.1815
vn 0.0536 -0.5463 -0.8359
vn -0.0082 -0.1719 0.9851
vn -0.6087 -0.1364 0.7816
vn -0.5003 -0.4676 0.7287
vn 0.0964 -0.1721 0.9803
vn -0.4485 -0.1341 0.8837
vn -0.4882 -0.1546 0.8589
vn -0.8899 -0.0763 0.4497
vn 0.0607 -0.1653 0.9844
vn 0.5642 -0.1641 0.8092
vn 0.4484 -0.1648 0.8785
vn 0.4977 -0.1549 0.8534
vn -0.5650 -0.0554 0.8233
vn 0.2755 -0.0312 0.9608
vn 0.5996 -0.1459 0.7869
vn 0.5026 -0.1399 0.8531
vn -0.5479 0.1444 0.8240
vn -0.0088 0.3011 0.9535
vn 0.1789 0.1610 0.9706
vn 0.2012 -0.2262 0.9531
vn 0.4021 -0.0125 0.9155
vn -0.2722 0.0674 0.9599
vn 0.1615 -0.2080 0.9647
vn 0.1079 0.0840 0.9906
vn -0.4274 0.1512 0.8913
vn -0.8603 0.1265 0.4939
vn -0.3183 0.1355 0.9383
vn 0.5716 0.1601 0.8047
vn 0.4929 0.1331 0.8598
vn -0.7574 0.1877 0.6253
vn -0.1610 0.1744 0.9714
vn -0.3612 0.3301 0.8721
vn -0.1152 0.3766 0.9192
vn 0.6752 0.1257 0.7269
vn 0.5611 0.6900 0.4573
vn -0.0940 -0.8942 0.4376
vn 0.3432 -0.3428 0.8745
vn 0.1907 0.2164 0.9575
vn -0.0120 0.3767 0.9263
vn -0.0445 0.2633 0.9637
vn 0.1982 0.1222 0.9725
vn -0.0480 0.9958 0.0778
vn 0.2542 0.1223 0.9594
vn 0.2713 0.1610 0.9489
vn 0.0186 -0.9016 0.4323
vn 0.2442 0.2601 0.9342
vn 0.2408 -0.0158 0.9704
vn -0.2247 -0.3260 -0.9183
vn 0.2409 -0.0157 0.9704
vn 0.1437 0.4729 0.8693
vn -0.4475 0.7733 0.4491
vn -0.3887 -0.4228 0.8186
vn -0.2472 -0.3456 -0.9053
vn 0.1327 0.5217 0.8427
vn -0.7571 -0.2490 0.6040
vn -0.8319 -0.5542 0.0292
vn 0.1975 0.1957 0.9606
vn 0.1860 0.1346 0.9733
vn 0.1850 0.1561 0.9702
vn 0.1373 0.3668 0.9201
vn 0.0724 -0.6651 0.7432
vn 0.1437 -0.0677 0.9873
vn 0.0892 0.1529 0.9842
vn 0.0910 0.1789 0.9796
vn 0.1135 0.2477 0.9622
vn 0.0350 0.4949 0.8683
vn 0.0497 0.1586 0.9861
vn 0.0862 -0.6460 0.7585
vn 0.0073 0.2320 0.9727
vn -0.0362 0.1152 0.9927
vn -0.0240 0.1676 0.9856
vn -0.0483 0.4200 0.9062
vn 0.0314 -0.9865 -0.1605
vn -0.1291 0.1947 0.9723
vn -0.1422 0.1440 0.9793
vn -0.1331 -0.1148 0.9844
vn -0.1619 0.3041 0.9388
vn -0.2107 0.1556 0.9651
vn -0.1116 0.5488 0.8285
vn -0.2313 0.2184 0.9481
vn -0.2332 0.0874 0.9685
vn -0.1480 0.4464 0.8825
vn 0.2068 -0.5898 -0.7806
vn -0.2681 0.1463 0.9522
vn -0.2522 0.0612 0.9657
vn -0.4532 -0.6859 0.5694
vn -0.2113 0.2729 0.9386
vn -0.0406 0.1595 0.9864
vn -0.0909 0.1287 0.9875
vn 0.0417 0.5529 0.8322
vn 0.1462 0.3559 0.9230
vn 0.0215 0.0754 0.9969
vn 0.3362 0.1413 0.9311
vn 0.0382 -0.0224 0.9990
vn 0.5462 0.1631 0.8216
vn 0.5676 0.2153 0.7947
vn 0.9475 0.3139 -0.0607
vn -0.2854 0.2319 0.9299
vn 0.1830 -0.3527 0.9177
vn 0.1525 0.0734 0.9856
vn 0.3597 0.1527 0.9205
vn -0.0243 0.1902 0.9814
vn 0.7272 0.0935 0.6800
vn -0.4327 -0.1561 0.8879
vn -0.5228 -0.1649 0.8364
vn 0.5901 -0.1347 0.7960
vn 0.8224 0.1329 0.5532
vn 0.0005 -0.5404 0.8414
vn 0.1309 -0.1517 0.9797
vn -0.8590 -0.0879 0.5043
vn -0.4810 -0.1458 0.8645
vn 0.7348 0.0054 0.6783
vn -0.4358 -0.0684 0.8974
vn -0.4531 -0.1699 0.8751
vn 0.8973 0.1041 0.4290
vn -0.2922 0.1246 0.9482
vn 0.6945 0.1225 0.7089
vn -0.6538 -0.1266 0.7460
vn -0.2661 -0.1647 0.9498
vn 0.6109 -0.1328 0.7805
vn -0.3015 -0.1719 0.9379
vn 0.7773 -0.0752 0.6246
vn 0.8959 0.0677 0.4392
vn 0.6857 -0.0994 0.7211
vn 0.9766 -0.2142 0.0199
vn 0.9226 -0.0586 0.3813
vn -0.9622 -0.0332 -0.2702
vn -0.3068 -0.1505 -0.9398
vn -0.8983 -0.0275 -0.4386
vn 0.2964 0.1664 -0.9404
vn 0.5784 0.1348 -0.8045
vn -0.4260 -0.1500 -0.8922
vn -0.9130 -0.0470 -0.4053
vn -0.2000 -0.1492 -0.9684
vn -0.3406 -0.1234 -0.9321
vn -0.4302 -0.1044 -0.8967
vn 0.0535 -0.5463 -0.8359
vn -0.4938 -0.1179 -0.8615
vn 0.0403 -0.1726 -0.9842
vn 0.0727 -0.2239 -0.9719
vn 0.2506 -0.1507 -0.9563
vn 0.6150 -0.0516 -0.7868
vn 0.1924 -0.1798 -0.9647
vn 0.0448 -0.2021 -0.9783
vn -0.0423 -0.6399 -0.7673
vn 0.2397 -0.1041 -0.9652
vn 0.0297 -0.6309 -0.7753
vn -0.2577 -0.7169 -0.6478
vn -0.4501 0.7112 -0.5400
vn 0.3384 0.7616 -0.5527
vn 0.9982 -0.0505 0.0315
vn 0.9996 -0.0268 -0.0049
vn 0.5617 -0.4131 -0.7168
vn -0.0323 -0.1652 -0.9857
vn 0.0501 -0.1496 -0.9875
vn -0.3465 0.0752 -0.9350
vn -0.5514 0.6703 -0.4966
vn -0.0927 0.6586 -0.7467
vn -0.4142 -0.7486 -0.5178
vn -0.0740 -0.5401 -0.8384
vn -0.1704 -0.2714 -0.9473
vn -0.0388 -0.0020 -0.9992
vn -0.1873 -0.1962 -0.9625
vn -0.2098 -0.1526 -0.9658
vn -0.1584 -0.1803 -0.9708
vn -0.0868 -0.7722 -0.6294
vn -0.0957 -0.9317 -0.3505
vn -0.2362 -0.0796 -0.9685
vn -0.0293 -0.9943 -0.1022
vn -0.0481 -0.9914 -0.1218
vn -0.0389 -0.0020 -0.9992
vn -0.0747 0.2486 -0.9657
vn 0.4129 -0.5011 0.7605
vn -0.1740 -0.1935 -0.9656
vn 0.0439 0.8110 -0.5834
vn -0.0025 -0.5113 -0.8594
vn -0.1320 -0.1514 -0.9796
vn -0.1203 -0.7148 -0.6889
vn -0.1597 -0.4364 -0.8855
vn -0.1106 -0.7113 -0.6941
vn -0.0055 0.2332 -0.9724
vn 0.0496 0.7008 -0.7116
vn -0.1658 0.3221 -0.9321
vn -0.0806 -0.1957 -0.9773
vn -0.0878 -0.3631 -0.9276
vn 0.0127 -0.3161 -0.9486
vn 0.0233 0.4851 -0.8741
vn -0.0268 0.6648 -0.7465
vn -0.0593 -0.1519 -0.9866
vn -0.0825 -0.7016 -0.7078
vn -0.0172 -0.1440 -0.9894
vn -0.0504 -0.7204 -0.6917
vn 0.0065 -0.2738 -0.9618
vn 0.0009 -0.9782 -0.2076
vn 0.0012 0.5465 -0.8375
vn 0.0218 -0.2155 -0.9763
vn -0.0089 -0.5723 -0.8200
vn 0.0174 -0.9041 -0.4269
vn 0.0277 -0.5497 -0.8349
vn 0.0622 -0.1439 -0.9876
vn -0.0122 0.4862 -0.8738
vn -0.0218 -0.1266 -0.9917
vn 0.0596 -0.1899 -0.9800
vn 0.0467 0.7769 -0.6279
vn -0.0086 -0.9976 -0.0684
vn 0.0951 -0.1522 -0.9838
vn 0.0335 -0.8386 -0.5438
vn -0.0261 0.5887 -0.8080
vn 0.1033 -0.2199 -0.9700
vn 0.1445 -0.4131 -0.8991
vn 0.1709 -0.1833 -0.9681
vn 0.1907 0.1950 -0.9621
vn 0.0908 -0.6922 -0.7160
vn 0.1342 -0.6669 -0.7330
vn -0.0078 -0.8488 -0.5287
vn -0.0077 0.1296 -0.9915
vn -0.0239 -0.7091 0.7047
vn 0.1813 -0.1742 -0.9679
vn -0.0117 0.5280 -0.8492
vn 0.0745 0.1306 -0.9886
vn 0.1184 -0.8944 -0.4313
vn 0.2154 -0.1605 -0.9633
vn 0.0211 -0.6867 -0.7266
vn 0.2021 -0.2387 -0.9498
vn 0.2138 -0.1733 -0.9614
vn 0.2602 0.5455 -0.7967
vn 0.2751 -0.0810 -0.9580
vn 0.2494 -0.2887 -0.9244
vn 0.0272 -0.9872 -0.1570
vn 0.0159 0.0937 -0.9955
vn 0.0595 -0.7772 -0.6265
vn 0.0102 0.8435 -0.5370
vn 0.0128 -0.2228 -0.9748
vn -0.0786 -0.3884 -0.9181
vn 0.2204 -0.7802 -0.5853
vn 0.5034 -0.7102 -0.4922
vn 0.6344 0.5706 -0.5215
vn 0.0346 -0.7176 -0.6956
vn -0.0211 -0.1456 -0.9891
vn -0.0516 -0.1730 -0.9836
vn 0.5977 0.1397 -0.7895
vn 0.2602 0.7425 -0.6172
vn -0.8476 0.4232 -0.3202
vn 0.5359 -0.8315 -0.1461
vn -0.0681 -0.1751 -0.9822
vn -0.0069 -0.1580 -0.9874
vn -0.9631 -0.0419 -0.2659
vn -0.2468 -0.2192 -0.9440
vn -0.8475 0.4233 -0.3202
vn -0.1657 -0.1576 -0.9735
vn -0.9701 -0.0373 -0.2398
vn -0.1075 -0.1344 -0.9851
vn -0.9331 -0.2140 -0.2889
vn 0.0346 -0.7175 -0.6957
vn 0.7903 0.5753 -0.2109
vn 0.0848 -0.3425 -0.9357
vn 0.3001 -0.1474 -0.9425
vn 0.7923 0.2032 -0.5753
vn 0.4010 -0.1126 -0.9092
vn 0.5018 -0.1284 -0.8554
vn 0.5607 -0.0972 -0.8223
vn -0.1645 -0.3697 -0.9145
vn 0.3749 -0.1274 -0.9183
vn 0.4155 -0.1412 -0.8986
vn -0.7071 -0.0119 -0.7070
vn 0.1036 -0.7029 -0.7037
vn -0.9113 -0.4108 -0.0287
vn -0.8197 0.0950 -0.5649
vn 0.3501 0.0635 -0.9346
vn 0.1161 -0.0526 -0.9918
vn -0.2625 0.1109 -0.9585
vn -0.8173 -0.0472 -0.5743
vn 0.0004 -0.5405 0.8414
vn -0.2145 0.1637 -0.9629
vn 0.4210 0.1730 -0.8904
vn -0.7203 0.1018 -0.6862
vn 0.9945 0.0847 -0.0616
vn 0.2274 0.1368 -0.9641
vn -0.2065 0.1500 -0.9669
vn 0.4329 0.1385 -0.8907
vn -0.6140 0.1240 -0.7795
vn -0.5377 0.1371 -0.8319
vn 0.9381 0.0542 -0.3421
vn 0.7340 -0.0909 -0.6730
vn 0.4653 0.1673 -0.8692
vn 0.7996 -0.0219 -0.6002
vn 0.9202 -0.0119 -0.3913
vn 0.9131 -0.0346 -0.4063
vn 0.9031 0.0539 -0.4261
vn 0.9646 0.0549 -0.2581
vn 0.8672 0.0910 -0.4896
vn 0.9766 -0.2142 0.0198
vn -0.0082 -0.1718 0.9851
vn -0.5532 -0.7675 -0.3238
vn 0.9871 -0.0404 0.1552
vn 0.0963 -0.1722 0.9803
vn 0.4485 -0.1648 0.8785
vn 0.4978 -0.1549 0.8534
vn 0.9594 -0.0487 0.2779
vn 0.9925 0.0197 -0.1206
vn 0.2755 -0.0311 0.9608
vn 0.2011 -0.2262 0.9531
vn -0.2958 -0.0703 -0.9526
vn 0.6269 -0.1260 -0.7688
vn -0.4672 -0.0386 -0.8833
vn 0.7706 -0.3513 -0.5317
vn 0.9624 -0.0848 -0.2581
vn 0.9535 -0.0878 -0.2885
vn 0.3111 -0.0884 -0.9463
vn 0.7468 -0.0861 -0.6594
vn 0.5658 -0.0961 -0.8189
vn 0.2313 -0.0811 -0.9695
vn 0.9479 -0.0139 0.3182
vn 0.9903 -0.0607 0.1249
vn 0.9995 -0.0324 -0.0053
vn 0.9987 -0.0511 -0.0034
vn 0.7785 -0.6050 -0.1670
vn -0.0126 -0.1082 -0.9941
vn -0.2903 0.0657 -0.9547
vn 0.9855 -0.1249 -0.1153
vn 0.6988 -0.3694 0.6126
vn 0.7706 -0.3513 -0.5318
vn 0.9535 -0.0877 -0.2885
vn 0.9479 -0.0140 0.3182
vn 0.2728 0.0866 0.9582
vn 0.9903 -0.0608 0.1249
vn 0.4618 0.0465 0.8858
vn 0.9987 -0.0512 -0.0034
vn 0.9995 -0.0325 -0.0054
vn 0.4857 0.0368 0.8733
vn 0.9854 -0.1249 -0.1153
vn 0.6637 -0.0412 0.7469
vn 0.7786 -0.6049 -0.1671
vn 0.1343 0.1019 0.9857
vn -0.9178 0.3880 -0.0840
vn -0.4335 -0.9009 0.0216
vn -0.7918 -0.6074 0.0640
vn -0.7097 0.7045 -0.0118
vn -0.7977 -0.5866 0.1403
vn -0.3682 0.9208 0.1286
vn -0.4597 -0.8880 0.0110
vn -0.8175 0.5680 -0.0952
vn -0.7412 0.6628 -0.1066
vn -0.4143 -0.9101 0.0031
vn -0.8008 -0.2926 0.5226
vn -0.5256 -0.8467 -0.0822
vn -0.6446 0.7429 -0.1804
vn -0.6630 -0.7000 -0.2656
vn -0.5514 0.6704 -0.4966
vn -0.4142 -0.7486 -0.5177
vn -0.7977 -0.5865 0.1402
vn -0.3151 -0.9483 0.0387
vn -0.1454 -0.9890 0.0263
vn -0.4596 -0.8880 0.0110
vn -0.1743 -0.9845 0.0206
vn -0.0480 -0.9914 -0.1218
vn -0.1714 -0.9850 0.0211
vn -0.1370 -0.9906 0.0057
vn -0.5256 -0.8468 -0.0821
vn -0.1853 -0.9827 0.0050
vn -0.3559 -0.8783 0.3194
vn -0.6630 -0.6999 -0.2655
vn -0.2128 0.4952 0.8423
vn -0.2425 -0.9700 -0.0164
vn -0.2711 -0.9625 0.0032
vn 0.0186 -0.9015 0.4323
vn -0.3994 -0.9166 -0.0154
vn -0.6281 -0.7780 0.0132
vn -0.5619 -0.7499 -0.3491
vn -0.4474 0.7734 0.4491
vn -0.4184 -0.6124 -0.6708
vn -0.0747 0.2485 -0.9657
vn -0.2592 -0.8832 0.3908
vn -0.0292 -0.9943 -0.1022
vn -0.3888 -0.4228 0.8186
vn -0.0446 0.2633 0.9637
vn -0.4785 -0.8759 -0.0622
vn -0.3684 -0.9148 0.1656
vn -0.7052 -0.7041 -0.0839
vn -0.3404 -0.9402 -0.0133
vn -0.6037 -0.7972 0.0009
vn -0.3363 -0.8366 -0.4325
vn -0.1950 -0.8747 -0.4436
vn -0.1613 -0.9807 0.1103
vn -0.1793 -0.8838 0.4321
vn -0.5701 -0.8210 -0.0307
vn -0.1821 -0.9832 -0.0094
vn -0.5596 -0.8285 -0.0217
vn -0.7527 -0.6569 -0.0438
vn 0.3826 -0.9148 0.1296
vn -0.8319 -0.5541 0.0292
vn -0.6944 -0.7195 0.0078
vn 0.0196 -0.9978 0.0636
vn 0.0139 -0.9718 0.2353
vn -0.8319 -0.5541 0.0291
vn -0.0706 0.9959 -0.0574
vn -0.9178 0.3879 -0.0840
vn -0.7097 0.7044 -0.0118
vn -0.0075 0.9995 -0.0308
vn -0.1602 0.9858 -0.0500
vn -0.7411 0.6629 -0.1066
vn -0.1329 0.9874 -0.0858
vn 0.0291 0.9685 0.2474
vn -0.3681 0.9208 0.1287
vn 0.1012 0.9933 0.0553
vn 0.0537 0.9981 -0.0304
vn -0.0510 0.9737 -0.2220
vn 0.0957 0.9952 -0.0227
vn 0.0828 0.9962 -0.0275
vn -0.0927 0.6586 -0.7468
vn 0.1113 0.9621 0.2489
vn 0.0740 0.9961 -0.0486
vn 0.0473 0.9785 -0.2009
vn 0.0973 0.9950 -0.0209
vn 0.1021 0.9928 0.0626
vn 0.0428 0.7417 0.6693
vn 0.0867 0.9959 -0.0261
vn 0.0876 0.9957 -0.0303
vn 0.0811 0.9961 -0.0343
vn 0.0736 0.9973 -0.0040
vn 0.0497 0.7009 -0.7116
vn 0.0495 0.9842 0.1702
vn 0.0625 0.9261 0.3721
vn 0.0355 0.4695 0.8822
vn 0.0441 0.9567 -0.2877
vn 0.0459 0.9988 -0.0183
vn 0.0538 0.9985 -0.0079
vn 0.0335 0.9991 -0.0257
vn 0.0188 0.9998 0.0089
vn 0.0161 0.6664 0.7455
vn 0.0336 0.9984 -0.0447
vn -0.0058 0.9977 -0.0669
vn 0.0234 0.4852 -0.8741
vn -0.0020 0.9475 0.3198
vn -0.0261 0.9987 -0.0443
vn -0.0159 0.8446 -0.5352
vn 0.0030 0.9997 0.0223
vn 0.0106 0.9899 0.1414
vn -0.0255 0.5208 0.8533
vn -0.0121 0.4862 -0.8737
vn -0.0234 0.9996 -0.0134
vn -0.0156 0.9998 -0.0130
vn -0.0232 0.9933 -0.1128
vn -0.0442 0.9987 -0.0272
vn -0.0225 0.9885 0.1494
vn -0.0177 0.8530 -0.5216
vn -0.0539 0.9979 0.0359
vn -0.0806 0.9962 -0.0342
vn -0.0260 0.5887 -0.8079
vn -0.0761 0.9968 -0.0254
vn -0.0767 0.9970 0.0099
vn -0.0654 0.8225 0.5651
vn -0.0420 0.9671 0.2510
vn -0.1025 0.9943 -0.0286
vn -0.0754 0.9951 -0.0638
vn -0.0903 0.9959 -0.0045
vn -0.1034 0.9812 0.1628
vn -0.0552 0.8788 -0.4741
vn -0.1067 0.9938 -0.0305
vn -0.1061 0.9942 -0.0152
vn -0.1265 0.9431 0.3076
vn -0.1202 0.9919 0.0422
vn 0.1066 0.0991 0.9894
vn -0.1442 0.9762 0.1618
vn -0.0378 0.9916 -0.1241
vn -0.1070 0.9940 -0.0243
vn 0.0101 0.8435 -0.5370
vn -0.0430 0.9986 -0.0309
vn 0.1394 0.7756 0.6157
vn 0.0840 0.9955 -0.0431
vn 0.2218 0.9580 -0.1816
vn 0.0944 0.9935 -0.0632
vn 0.0530 0.9974 -0.0480
vn 0.6344 0.5705 -0.5216
vn -0.0649 0.9881 0.1391
vn 0.5539 0.8244 -0.1162
vn 0.4351 0.8975 -0.0724
vn 0.7903 0.5752 -0.2109
vn 0.1441 0.9896 0.0004
vn 0.5804 0.8101 -0.0827
vn 0.7272 0.6254 0.2827
vn 0.8788 -0.4581 -0.1338
vn 0.7283 -0.4787 0.4904
vn 0.4540 0.8895 -0.0518
vn 0.9609 0.2592 -0.0975
vn 0.6613 -0.7501 0.0021
vn 0.8064 0.5844 -0.0908
vn 0.9914 -0.1154 0.0616
vn 0.8804 -0.4735 0.0255
vn -0.8670 0.4912 0.0839
vn -0.7574 0.1877 0.6254
vn -0.1187 0.9325 -0.3411
vn -0.7787 0.2417 0.5790
vn 0.8964 -0.2215 0.3840
vn 0.6966 -0.0570 0.7152
vn 0.2205 -0.0776 -0.9723
vn 0.5593 0.2671 0.7848
vn -0.0600 0.2394 0.9691
vn 0.5970 0.0679 0.7994
vn 0.8372 -0.2980 0.4586
vn 0.4587 -0.2877 0.8407
vn 0.3629 0.1718 0.9159
vn 0.4588 -0.2878 0.8407
vn 0.2100 -0.2770 -0.9376
vn 0.5574 0.1443 0.8176
vn 0.3822 0.1708 0.9082
vn 0.5592 0.2671 0.7848
vn 0.5970 0.0678 0.7994
vn 0.7437 -0.0157 0.6683
vn 0.8372 -0.2980 0.4585
vn 0.2643 0.1668 0.9499
vn 0.4716 0.1213 0.8734
vn 0.5574 0.1442 0.8176
vn 0.3821 0.1709 0.9082
vn 0.3974 0.1569 0.9041
vn 0.4129 -0.5012 0.7605
vn 0.2016 0.2177 0.9550
vn 0.3973 0.1569 0.9042
vn 0.2412 0.1448 0.9596
vn 0.2693 0.2095 0.9400
vn 0.3579 -0.9193 0.1639
vn 0.2915 -0.5154 0.8058
vn 0.1276 0.0649 0.9897
vn 0.1574 0.2126 0.9644
vn 0.1444 0.2680 0.9525
vn 0.1244 0.2206 0.9674
vn -0.0696 0.4167 0.9064
vn -0.1597 -0.4365 -0.8854
vn -0.6093 0.0023 0.7930
vn 0.2327 -0.9713 -0.0501
vn 0.0327 -0.1515 0.9879
vn -0.0467 0.7421 0.6686
vn -0.0287 0.0690 0.9972
vn 0.0705 0.1134 0.9910
vn 0.1551 0.2682 0.9508
vn 0.0913 0.1259 0.9878
vn 0.3287 0.2435 0.9125
vn -0.1014 0.2398 0.9655
vn -0.1776 -0.1452 0.9733
vn 0.1342 0.4885 0.8622
vn -0.3453 -0.2610 -0.9015
vn 0.0497 0.2545 0.9658
vn 0.4224 0.6157 0.6652
vn 0.1343 0.4885 0.8622
vn 0.0403 0.0017 0.9992
vn -0.2016 -0.0890 -0.9754
vn 0.1551 0.2683 0.9508
vn -0.5574 -0.6577 0.5067
vn 0.1152 0.1510 0.9818
vn -0.3009 -0.1938 -0.9338
vn 0.1244 0.2205 0.9674
vn -0.1775 -0.1452 0.9733
vn -0.1611 -0.0671 -0.9847
vn -0.2508 -0.0650 -0.9658
vn 0.0878 0.0919 0.9919
vn -0.5574 -0.6578 0.5066
vn 0.6062 0.4527 0.6540
vn -0.2873 -0.3482 0.8923
vn -0.3009 -0.1938 -0.9337
vn 0.3331 0.3905 0.8582
vn 0.1243 0.2207 0.9674
vn -0.1369 -0.1784 0.9744
vn -0.1612 -0.0671 -0.9846
vn 0.3720 0.4398 0.8174
vn 0.1318 0.3905 0.9111
vn 0.1319 0.3905 0.9111
vn -0.1015 0.2398 0.9655
vn -0.4248 -0.1469 -0.8933
vn -0.2938 -0.8595 -0.4183
vn 0.1739 0.3090 0.9350
vn 0.1907 0.1549 0.9694
vn 0.1634 -0.9812 0.1023
vn -0.0701 -0.9900 0.1223
vn 0.3720 0.4397 0.8174
vn -0.0946 0.7221 0.6853
vn -0.1824 0.2721 -0.9448
vn 0.1605 0.0866 0.9832
vn 0.0235 0.0146 0.9996
vn -0.2145 -0.3688 -0.9044
vn 0.3020 0.3458 0.8884
vn -0.1824 0.2720 -0.9448
vn 0.2472 -0.2796 0.9277
vn 0.0474 0.1629 0.9855
vn -0.1252 -0.5846 -0.8016
vn 0.1606 0.0866 0.9832
vn 0.1697 0.2345 0.9572
vn -0.1252 -0.5845 -0.8017
vn 0.1697 0.2346 0.9572
vn 0.1087 0.1466 0.9832
vn -0.0706 -0.3695 0.9265
vn -0.1420 0.4719 0.8701
vn -0.2685 -0.7209 -0.6389
vn -0.0706 -0.3696 0.9265
vn -0.2009 0.5588 -0.8046
vn 0.1698 0.2345 0.9572
vn -0.0003 -0.1135 0.9935
vn 0.3331 0.3905 0.8583
vn 0.1709 0.3146 0.9337
vn -0.1957 -0.4963 0.8458
vn 0.4796 0.4178 -0.7717
vn 0.4796 0.4179 -0.7716
vn 0.4795 0.4178 -0.7716
vn 0.0899 0.2778 0.9564
vn -0.6727 0.0599 0.7374
vn 0.1268 0.5120 0.8496
vn 0.0972 0.3704 0.9238
vn 0.0615 0.1592 0.9853
vn -0.1742 0.0461 -0.9836
vn -0.6727 0.0600 0.7375
vn -0.1145 -0.2055 0.9719
vn -0.1855 -0.1286 -0.9742
vn 0.0743 0.3651 0.9280
vn -0.0150 0.5021 0.8647
vn -0.5046 -0.7848 0.3597
vn 0.1269 0.5119 0.8496
vn 0.1902 0.3771 0.9064
vn -0.0057 -0.1636 0.9865
vn -0.1255 -0.9920 0.0136
vn 0.1593 -0.8799 -0.4477
vn -0.0329 -0.8775 -0.4785
vn 0.0004 0.0159 0.9999
vn 0.0593 0.3190 -0.9459
vn -0.0678 0.1966 0.9781
vn 0.0178 0.6001 0.7998
vn 0.0298 0.2603 0.9651
vn 0.1612 -0.2566 0.9530
vn -0.1690 0.2395 0.9561
vn 0.0035 0.9969 0.0788
vn 0.1851 0.2864 0.9401
vn 0.0226 0.0907 0.9956
vn 0.0130 0.2341 0.9721
vn -0.0723 0.2401 0.9681
vn 0.4591 -0.0022 0.8884
vn 0.1863 -0.4353 0.8808
vn 0.1229 -0.0075 0.9924
vn -0.1188 0.9325 -0.3412
vn -0.3533 -0.4408 -0.8251
vn -0.9421 0.2535 -0.2197
vn -0.1496 0.0289 -0.9883
vn 0.3432 -0.3429 0.8744
vn 0.1614 -0.2080 0.9647
vn 0.2099 -0.2770 -0.9377
vn 0.2204 -0.0776 -0.9723
vn -0.3533 -0.4409 -0.8251
vn -0.7786 0.2416 0.5791
vn -0.0719 -0.1919 -0.9788
vn 0.9861 -0.0652 -0.1527
vn -0.1674 -0.2763 -0.9464
vn 0.5969 0.0679 0.7994
vn -0.1498 0.0289 -0.9883
vn -0.1675 -0.2763 -0.9464
vn -0.1816 -0.1469 -0.9723
vn -0.0601 0.2394 0.9691
vn 0.8372 -0.2981 0.4585
vn -0.2247 -0.3261 -0.9182
vn -0.1675 -0.2762 -0.9464
vn -0.2989 -0.1400 -0.9440
vn -0.2655 -0.1955 -0.9441
vn -0.1251 -0.4384 -0.8900
vn 0.5253 -0.4268 -0.7361
vn -0.2956 -0.1494 -0.9435
vn -0.2777 -0.2911 -0.9155
vn -0.2472 -0.3456 -0.9052
vn -0.0333 -0.6602 -0.7503
vn -0.1607 -0.5591 -0.8134
vn -0.3407 -0.2294 -0.9117
vn 0.0723 -0.6652 0.7432
vn 0.2408 -0.0159 0.9704
vn -0.2984 -0.3064 -0.9039
vn -0.4770 -0.0748 -0.8757
vn -0.2687 -0.0234 -0.9629
vn -0.2327 -0.2862 -0.9295
vn -0.0466 0.7421 0.6687
vn -0.2984 -0.3065 -0.9039
vn -0.2989 -0.1400 -0.9439
vn 0.1276 0.0651 0.9897
vn 0.2328 -0.9712 -0.0501
vn -0.3453 -0.2609 -0.9015
vn -0.1362 -0.4769 -0.8683
vn -0.0466 0.7421 0.6686
vn -0.2015 -0.0891 -0.9754
vn -0.3010 -0.1938 -0.9337
vn -0.4054 -0.2863 -0.8681
vn -0.6092 0.0024 0.7930
vn -0.3208 -0.5068 -0.8001
vn -0.5685 -0.6195 -0.5413
vn -0.5285 -0.6217 -0.5781
vn -0.2770 -0.2093 -0.9378
vn -0.4249 -0.1469 -0.8933
vn 0.1437 -0.0678 0.9873
vn -0.1219 -0.2444 -0.9620
vn -0.2507 -0.0650 -0.9659
vn -0.3209 -0.5069 -0.8001
vn 0.3287 0.2436 0.9125
vn -0.1083 -0.2041 -0.9729
vn -0.2144 -0.3689 -0.9044
vn -0.2596 0.6346 -0.7279
vn 0.0833 -0.9041 -0.4191
vn 0.1343 0.4885 0.8621
vn -0.1014 0.2399 0.9655
vn -0.1248 -0.2518 -0.9597
vn -0.0692 -0.7730 -0.6306
vn 0.6061 0.4527 0.6540
vn 0.1552 0.2683 0.9508
vn -0.2110 -0.4158 -0.8846
vn 0.4508 0.6904 -0.5658
vn 0.0834 -0.9041 -0.4191
vn 0.0713 0.0218 -0.9972
vn 0.3330 0.3905 0.8583
vn -0.4249 -0.1468 -0.8933
vn -0.2939 -0.8595 -0.4183
vn -0.3430 -0.6530 -0.6753
vn -0.0701 -0.9900 0.1224
vn -0.1823 0.2721 -0.9448
vn 0.3720 0.4398 0.8175
vn 0.0218 0.1037 -0.9944
vn -0.0535 -0.2695 -0.9615
vn -0.1714 0.6368 -0.7517
vn 0.3021 0.3458 0.8884
vn -0.2361 -0.3039 -0.9230
vn 0.0217 0.1037 -0.9944
vn 0.7372 0.3488 0.5787
vn -0.0540 -0.3868 -0.9206
vn 0.6062 0.4526 0.6540
vn -0.1253 -0.5845 -0.8017
vn -0.1003 -0.6178 -0.7799
vn -0.1775 -0.1451 0.9734
vn -0.2008 0.5588 -0.8046
vn -0.2008 0.5588 -0.8047
vn 0.1739 0.3091 0.9350
vn -0.0049 0.0798 -0.9968
vn 0.0862 -0.6459 0.7585
vn -0.1613 -0.3265 -0.9313
vn 0.0674 0.0196 -0.9975
vn -0.0623 -0.2294 -0.9713
vn -0.0049 0.0799 -0.9968
vn 0.0510 0.7192 -0.6930
vn -0.1741 0.0462 -0.9836
vn -0.1287 -0.3236 -0.9374
vn 0.0181 -0.0736 -0.9971
vn -0.5045 -0.7849 0.3597
vn -0.0150 0.5022 0.8646
vn -0.0649 0.4200 -0.9052
vn -0.1256 -0.9920 0.0135
vn -0.0416 -0.4961 -0.8673
vn -0.2674 0.5075 -0.8191
vn 0.0100 -0.2028 -0.9792
vn -0.1343 -0.4078 -0.9031
vn 0.0593 0.3191 -0.9459
vn 0.0043 -0.3852 -0.9228
vn -0.3592 0.6144 -0.7025
vn -0.0371 -0.9688 -0.2449
vn 0.0313 -0.9866 -0.1604
vn -0.0046 -0.1737 0.9848
vn -0.9420 0.2536 -0.2197
vn -0.3612 0.3302 0.8721
vn -0.0996 0.6081 0.7876
vn 0.0009 0.6847 0.7288
vn 0.1436 0.4730 0.8693
vn -0.3146 0.8996 0.3029
vn 0.0318 0.7265 0.6864
vn -0.0774 0.9181 0.3888
vn -0.3769 -0.1324 -0.9168
vn -0.1404 -0.2122 -0.9671
vn 0.0593 0.6537 0.7544
vn 0.1373 0.3669 0.9201
vn -0.0093 0.8788 0.4772
vn -0.0471 -0.2514 -0.9667
vn 0.0350 0.4950 0.8682
vn -0.0284 0.7148 -0.6987
vn -0.0026 0.7193 0.6947
vn -0.0082 0.9504 0.3108
vn 0.0216 -0.2553 -0.9666
vn -0.0483 0.4201 0.9062
vn -0.0271 0.7240 0.6892
vn 0.1022 0.9926 -0.0648
vn -0.1116 0.5489 0.8284
vn 0.3970 0.8288 -0.3943
vn -0.0314 0.6963 0.7170
vn -0.1480 0.4465 0.8825
vn 0.1216 0.8673 0.4827
vn 0.1166 0.7478 0.6536
vn 0.6100 0.1182 -0.7836
vn 0.0418 0.5529 0.8322
vn 0.8593 0.3618 -0.3616
vn 0.9475 0.3138 -0.0607
vn 0.0783 -0.5444 0.8351
vn 0.1342 0.1019 0.9857
vn -0.1012 -0.6174 -0.7801
vn -0.2086 -0.9624 0.1742
vn -0.0988 -0.8748 0.4743
vn -0.0773 -0.9154 -0.3951
vn -0.0472 -0.6739 0.7374
vn -0.0563 -0.9781 0.2002
vn -0.0570 -0.6428 -0.7639
vn 0.0333 -0.6316 0.7746
vn 0.0287 -0.8471 -0.5306
vn 0.0772 -0.9681 -0.2385
vn -0.0131 -0.4011 0.9160
vn 0.0756 -0.9734 0.2162
vn -0.0116 -0.4774 -0.8786
vn 0.0324 -0.4673 0.8835
vn 0.0865 -0.8518 -0.5167
vn 0.1849 -0.9690 0.1641
vn 0.2211 -0.8121 -0.5400
vn 0.0296 -0.7182 0.6952
vn -0.1881 -0.9674 -0.1694
vn -0.3900 -0.2985 0.8711
vn -0.8270 -0.4188 -0.3752
vn 0.6752 0.1257 0.7268
vn 0.5611 0.6900 0.4572
vn 0.5716 0.1601 0.8048
vn 0.3385 0.7616 -0.5527
vn -0.0739 -0.5401 -0.8383
vn 0.4128 -0.5012 0.7605
vn 0.9861 -0.0653 -0.1528
vn 0.5592 0.2672 0.7848
vn -0.0957 -0.9316 -0.3505
vn -0.0342 -0.9978 -0.0568
vn -0.0362 -0.9643 -0.2625
vn -0.0878 -0.3632 -0.9276
vn -0.0505 -0.7204 -0.6917
vn 0.0068 -0.9654 -0.2609
vn 0.0335 -0.8385 -0.5439
vn 0.0134 -0.9959 -0.0896
vn 0.1342 -0.6668 -0.7330
vn 0.2204 -0.7803 -0.5853
vn 0.0848 -0.3424 -0.9357
vn -0.1497 0.0289 -0.9883
vn -0.7156 0.4059 -0.5685
vn -0.4500 0.7113 -0.5400
vn -0.7365 0.6644 -0.1271
vn -0.3530 0.4281 -0.8319
vn -0.1854 0.8053 -0.5631
vn -0.3465 0.0751 -0.9350
vn -0.2362 -0.0796 -0.9684
vn -0.1923 0.3416 -0.9199
vn -0.1658 0.3220 -0.9321
vn -0.1130 0.3452 -0.9317
vn -0.0531 0.8407 -0.5389
vn -0.0268 0.6649 -0.7465
vn -0.0014 0.7451 -0.6669
vn 0.0012 0.5465 -0.8374
vn -0.0361 -0.1340 -0.9903
vn 0.0338 0.5757 -0.8169
vn 0.0467 0.7770 -0.6278
vn 0.1167 0.4780 -0.8706
vn 0.1017 0.8313 -0.5464
vn 0.1906 0.1951 -0.9621
vn 0.1512 0.7908 -0.5931
vn 0.1943 0.1770 -0.9648
vn 0.3777 0.4282 -0.8210
vn 0.2603 0.7425 -0.6172
vn 0.4824 0.8374 -0.2572
vn 0.8124 0.3370 -0.4759
vn -0.4475 0.7733 0.4492
vn -0.7398 0.4907 -0.4603
vn -0.5620 -0.7499 -0.3491
vn 0.5593 0.2672 0.7847
vn 0.5252 -0.4269 -0.7361
vn 0.5879 -0.5882 -0.5553
vn 0.4655 -0.5229 0.7140
vn -0.0333 -0.6603 -0.7503
vn 0.3974 0.1569 0.9042
vn -0.7156 0.4060 -0.5685
vn -0.4298 -0.1696 -0.8868
vn -0.2247 -0.1929 -0.9552
vn -0.1461 -0.4198 -0.8958
vn -0.4265 -0.2538 -0.8681
vn -0.1341 -0.2454 -0.9601
vn -0.0564 -0.5104 -0.8581
vn -0.0803 -0.3097 -0.9475
vn -0.0062 -0.4049 -0.9143
vn -0.0284 0.7148 -0.6988
vn -0.0535 -0.2696 -0.9615
vn -0.0328 -0.8775 -0.4785
vn 0.1592 -0.8799 -0.4477
vn -0.1367 -0.4710 -0.8715
vn 0.1894 -0.9813 -0.0336
vn -0.1950 -0.5302 0.8251
vn 0.0338 0.5757 -0.8170
vn -0.1080 -0.4792 -0.8710
vn 0.0190 -0.3564 -0.9341
vn -0.0196 -0.0834 0.9963
vn -0.0691 -0.9206 -0.3843
vn 0.0217 -0.2554 -0.9666
vn 0.0064 0.2308 -0.9730
vn -0.3593 0.6144 -0.7025
vn 0.0100 -0.2027 -0.9792
vn 0.0803 -0.3634 -0.9281
vn -0.0415 -0.4961 -0.8673
vn 0.1164 -0.4775 -0.8709
vn 0.0229 -0.3213 -0.9467
vn 0.2629 0.0215 -0.9646
vn 0.0974 -0.3075 -0.9465
vn -0.0593 0.3372 -0.9396
vn 0.0698 -0.1075 -0.9918
vn 0.0238 0.2102 -0.9774
vn 0.0593 -0.2439 -0.9680
vn 0.1180 -0.4156 -0.9019
vn 0.0594 0.3190 -0.9459
vn -0.0025 -0.0620 -0.9981
vn 0.0267 -0.5213 -0.8530
vn 0.5177 0.5107 -0.6864
vn 0.1590 -0.3050 -0.9390
vn 0.0643 -0.3106 -0.9484
vn 0.5177 0.5106 -0.6864
vn 0.0866 0.0473 -0.9951
vn -0.1196 0.2125 -0.9698
vn -0.0981 0.1119 -0.9889
vn 0.1591 -0.3050 -0.9390
vn 0.1603 -0.3144 0.9357
vn -0.0981 0.1118 -0.9889
vn 0.1603 -0.3144 0.9356
vn -0.0186 -0.1001 -0.9948
vn 0.0605 -0.1670 -0.9841
vn 0.2527 -0.4822 -0.8388
vn 0.0867 0.0474 -0.9951
vn -0.4338 0.0389 0.9001
vn 0.2527 -0.4821 -0.8389
vn 0.1167 0.4781 -0.8705
vn -0.1583 0.2198 0.9626
vn 0.5699 -0.7834 0.2482
vn -0.0128 0.0421 0.9990
vn -0.0186 -0.1000 -0.9948
vn -0.1492 0.3075 0.9398
vn 0.4663 -0.4954 -0.7329
vn 0.1889 -0.5182 -0.8341
vn -0.0707 0.3923 -0.9171
vn 0.6252 -0.6190 -0.4754
vn 0.0712 -0.4396 -0.8954
vn -0.0920 0.1290 -0.9874
vn 0.1666 -0.3231 -0.9316
vn 0.3488 -0.6144 -0.7077
vn 0.0604 -0.1670 -0.9841
vn -0.1330 -0.1150 0.9844
vn -0.7319 0.6112 -0.3012
vn -0.1082 0.0699 0.9917
vn 0.0642 -0.3106 -0.9484
vn 0.2109 -0.4171 -0.8841
vn 0.0321 -0.4853 0.8737
vn 0.0804 -0.1961 -0.9773
vn -0.7319 0.6113 -0.3012
vn 0.0572 -0.0550 -0.9968
vn 0.3983 -0.5280 -0.7500
vn 0.1755 -0.0600 -0.9827
vn 0.0617 0.0587 -0.9964
vn 0.1589 -0.2952 -0.9421
vn 0.1427 -0.5188 -0.8429
vn 0.3994 -0.3356 -0.8531
vn 0.2729 -0.1825 -0.9446
vn 0.1023 0.9926 -0.0648
vn 0.1695 -0.2667 -0.9488
vn 0.1544 -0.3329 -0.9302
vn 0.3610 -0.2351 -0.9024
vn 0.4419 -0.2636 -0.8575
vn 0.1866 -0.4536 -0.8714
vn -0.0486 0.1417 0.9887
vn -0.1474 0.9644 -0.2193
vn 0.0687 -0.8887 -0.4533
vn 0.1866 -0.4537 -0.8714
vn 0.3506 -0.0945 -0.9318
vn 0.1504 0.0722 0.9860
vn 0.4035 -0.2917 -0.8672
vn 0.7927 -0.3632 0.4896
vn 0.2718 -0.3075 -0.9119
vn -0.1430 -0.9590 -0.2445
vn 0.0687 -0.8887 -0.4534
vn 0.1424 -0.2107 -0.9671
vn 0.2569 0.0539 -0.9649
vn 0.2839 -0.1785 -0.9421
vn 0.3994 -0.3355 -0.8532
vn 0.3799 -0.2122 -0.9004
vn 0.4041 -0.1144 -0.9075
vn 0.7023 0.0882 0.7064
vn 0.1464 -0.2931 -0.9448
vn 0.5735 -0.5305 -0.6243
vn 0.2761 -0.0730 -0.9583
vn 0.7742 0.3788 -0.5070
vn 0.5207 0.4313 -0.7368
vn 0.3535 -0.1414 -0.9247
vn 0.0521 -0.3270 0.9436
vn 0.3002 -0.2053 -0.9315
vn 0.2045 -0.4050 -0.8912
vn 0.2770 -0.1441 -0.9500
vn 0.3136 -0.2357 -0.9198
vn 0.0661 -0.5865 -0.8072
vn -0.4581 -0.7410 0.4909
vn 0.6100 0.1181 -0.7836
vn 0.1622 -0.3482 -0.9233
vn 0.3776 0.4282 -0.8210
vn 0.1660 -0.1551 -0.9739
vn -0.4005 -0.5070 -0.7632
vn -0.2948 -0.7045 -0.6456
vn -0.7060 -0.5651 0.4268
vn 0.1704 -0.3074 -0.9362
vn -0.2948 -0.7044 -0.6457
vn -0.7599 -0.1600 0.6300
vn -0.5030 0.1183 0.8562
vn -0.9590 -0.1372 -0.2478
vn -0.9052 -0.3585 0.2281
vn -0.0113 -0.1913 -0.9815
vn -0.4531 -0.6859 0.5694
vn -0.2890 0.0189 -0.9572
vn -0.9999 -0.0036 -0.0150
vn -0.0794 0.0276 -0.9965
vn 0.6016 -0.0216 -0.7985
vn 0.5296 -0.2930 0.7960
vn 0.8124 0.3369 -0.4760
vn 0.2773 -0.3333 -0.9011
vn 0.4340 -0.2708 -0.8592
vn -0.1693 0.0449 -0.9845
vn -0.3096 0.8963 0.3175
vn -0.2890 0.0190 -0.9571
vn -0.6371 0.1930 0.7462
vn 0.8946 0.4072 0.1841
vn 0.4341 -0.2708 -0.8592
vn 0.5676 0.2152 0.7947
vn -0.3558 -0.8783 0.3193
vn -0.1133 -0.8306 0.5452
vn -0.1425 -0.9898 -0.0077
vn 0.4105 -0.9114 0.0285
vn -0.3363 -0.8365 -0.4325
vn 0.4246 -0.9033 0.0611
vn -0.1820 -0.9832 -0.0094
vn -0.5702 -0.8210 -0.0307
vn 0.5210 -0.8523 0.0456
vn 0.3168 -0.8513 -0.4182
vn 0.2297 -0.9724 0.0410
vn -0.0979 -0.9920 -0.0799
vn -0.5596 -0.8285 -0.0216
vn 0.4699 -0.8797 0.0738
vn 0.4471 -0.8915 0.0727
vn 0.0110 -0.9969 -0.0784
vn 0.0763 -0.9964 0.0367
vn -0.0359 -0.9325 0.3593
vn 0.6706 -0.7320 0.1202
vn -0.0951 -0.9092 0.4053
vn -0.0434 -0.9987 0.0273
vn 0.2714 -0.9617 0.0389
vn -0.0396 -0.9991 0.0183
vn 0.0705 -0.1367 -0.9881
vn 0.1105 -0.9936 0.0249
vn 0.0722 -0.9914 0.1093
vn 0.6390 -0.5387 0.5490
vn 0.0722 -0.9914 0.1092
vn -0.0292 -0.9943 -0.1023
vn -0.0440 -0.9990 0.0089
vn -0.0373 -0.9990 0.0260
vn 0.4129 -0.8324 0.3696
vn -0.0481 -0.9987 0.0146
vn 0.1141 -0.6200 0.7763
vn -0.0371 -0.9578 0.2852
vn -0.0365 -0.9592 -0.2802
vn -0.0382 -0.9914 -0.1254
vn -0.0469 -0.8786 0.4753
vn -0.0368 -0.9991 0.0213
vn -0.0086 -0.9998 0.0182
vn -0.0208 -0.9997 0.0085
vn -0.0263 -0.7650 0.6435
vn 0.0008 -0.9782 -0.2076
vn -0.0271 -0.8653 0.5006
vn -0.0130 -0.9998 0.0171
vn 0.0124 -0.7161 0.6979
vn -0.0483 -0.9985 0.0246
vn 0.0188 -0.9995 0.0256
vn -0.0077 -0.9996 0.0288
vn 0.0004 -0.9929 0.1190
vn 0.0121 -0.9999 -0.0016
vn 0.0325 0.0504 -0.9982
vn 0.0547 -0.4118 -0.9096
vn 0.0113 -0.9117 0.4107
vn 0.0342 -0.9912 -0.1278
vn 0.0340 -0.9994 0.0100
vn 0.0298 -0.9996 0.0027
vn 0.0867 -0.9460 -0.3123
vn 0.0258 -0.9494 0.3131
vn -0.0483 -0.4808 -0.8755
vn 0.0546 -0.4118 -0.9096
vn 0.0144 -0.9180 0.3964
vn 0.0413 -0.9988 -0.0246
vn 0.0438 -0.9988 0.0200
vn 0.0565 -0.9980 0.0295
vn -0.0256 -0.6461 0.7628
vn 0.0123 -0.9989 0.0456
vn 0.0770 -0.7870 0.6122
vn 0.0187 -0.9996 0.0196
vn 0.0534 -0.9984 0.0192
vn 0.0814 -0.9900 -0.1154
vn 0.0495 -0.9987 0.0086
vn 0.0192 -0.7090 0.7050
vn -0.1465 -0.8629 0.4837
vn -0.0432 -0.8026 -0.5950
vn -0.2832 -0.8972 0.3388
vn -0.0078 -0.8487 -0.5288
vn -0.3289 -0.9323 0.1502
vn -0.4629 -0.8832 0.0745
vn -0.2143 -0.9758 0.0443
vn -0.5406 -0.8195 0.1903
vn -0.1402 -0.9890 0.0461
vn -0.3789 -0.9235 0.0591
vn -0.2444 -0.9686 0.0459
vn 0.3263 -0.9019 0.2831
vn -0.5099 -0.8573 0.0708
vn -0.2529 -0.9667 0.0378
vn 0.0349 -0.9674 0.2509
vn -0.4043 -0.9118 0.0726
vn 0.6363 -0.7713 -0.0171
vn 0.3539 -0.9352 0.0145
vn -0.3582 -0.7016 -0.6159
vn 0.7260 -0.6489 0.2276
vn 0.5499 -0.8352 0.0016
vn 0.1844 -0.9672 0.1746
vn 0.1914 -0.3907 0.9004
vn 0.7844 -0.6184 -0.0479
vn 0.4834 -0.8739 -0.0510
vn 0.1866 -0.9764 -0.1086
vn 0.7260 -0.6489 0.2277
vn 0.3028 -0.8872 0.3482
vn 0.1462 -0.9874 0.0607
vn 0.0388 -0.4660 0.8840
vn 0.7017 -0.7110 -0.0462
vn 0.6188 -0.7853 0.0178
vn 0.1646 -0.9859 0.0287
vn 0.6845 -0.7267 -0.0583
vn 0.0139 -0.7921 0.6102
vn 0.2038 -0.9789 0.0170
vn 0.7016 -0.7110 -0.0461
vn 0.6142 -0.7875 -0.0510
vn 0.2484 -0.9687 0.0009
vn 0.4776 -0.8781 0.0281
vn 0.6141 -0.7876 -0.0510
vn 0.4120 -0.8087 -0.4198
vn 0.9344 -0.2920 0.2039
vn 0.3721 -0.8075 0.4577
vn 0.1987 -0.9799 0.0168
vn 0.1198 -0.9924 0.0272
vn 0.4775 -0.8782 0.0281
vn 0.1817 -0.9832 0.0157
vn 0.1983 -0.9801 -0.0126
vn 0.4119 -0.8087 -0.4198
vn 0.1453 -0.9893 0.0101
vn 0.1292 -0.9820 0.1381
vn 0.4793 -0.7424 -0.4681
vn 0.0347 -0.7175 -0.6957
vn 0.2020 -0.9790 0.0267
vn 0.3707 -0.9278 0.0430
vn 0.6732 -0.7256 0.1422
vn 0.3665 -0.9304 -0.0060
vn 0.2418 -0.9699 0.0297
vn -0.3783 -0.9233 -0.0666
vn 0.7272 0.6254 0.2828
vn 0.1525 0.0735 0.9856
vn -0.1645 -0.3698 -0.9144
vn 0.8805 -0.4734 0.0254
vn 0.9914 -0.1153 0.0616
vn -0.9609 0.2114 0.1789
vn 0.4656 -0.5229 0.7140
vn 0.7438 -0.0158 0.6683
vn -0.1252 -0.4385 -0.8900
vn 0.5128 -0.1199 -0.8501
vn -0.9609 0.2113 0.1789
vn -0.1251 -0.4385 -0.8900
vn 0.5253 -0.4269 -0.7361
vn 0.0428 0.7417 0.6694
vn -0.2127 0.4952 0.8423
vn -0.2591 -0.8832 0.3908
vn -0.0951 -0.9092 0.4052
vn 0.0162 0.6663 0.7455
vn 0.0113 -0.9117 0.4106
vn -0.0255 0.5209 0.8532
vn 0.0770 -0.7870 0.6121
vn 0.1066 0.0992 0.9893
vn 0.3722 -0.8075 0.4577
vn 0.7283 -0.4786 0.4904
vn 0.3579 -0.9193 0.1640
vn -0.0692 -0.7731 -0.6305
vn 0.1635 -0.9812 0.1023
vn -0.1003 -0.6179 -0.7798
vn -0.2685 -0.7210 -0.6388
vn -0.0707 -0.3695 0.9265
vn -0.1003 -0.6179 -0.7799
vn 0.2473 -0.2795 0.9278
vn -0.1004 -0.6179 -0.7798
vn 0.4795 0.4178 -0.7717
vn -0.1420 0.4720 0.8701
vn -0.2684 -0.7209 -0.6389
vn 0.4796 0.4178 -0.7716
vn -0.1956 -0.4962 0.8459
vn 0.1087 0.1467 0.9832
vn 0.0898 -0.3154 -0.9447
vn -0.0772 -0.9154 -0.3952
vn 0.0063 -0.0782 -0.9969
vn -0.0364 -0.9592 -0.2803
vn 0.0326 0.0505 -0.9982
vn 0.0287 -0.8472 -0.5305
vn 0.0309 -0.0472 -0.9984
vn 0.0421 0.4723 -0.8804
vn 0.0772 -0.9681 -0.2384
vn -0.0315 0.0911 -0.9953
vn -0.1210 -0.4122 -0.9030
vn -0.3582 -0.7017 -0.6159
vn 0.1573 0.2126 0.9644
vn 0.1275 0.0650 0.9897
vn -0.2688 -0.0235 -0.9629
vn -0.3407 -0.2295 -0.9117
vn -0.4771 -0.0747 -0.8757
vn -0.0697 0.4167 0.9063
vn 0.0328 -0.1515 0.9879
vn -0.3208 -0.5069 -0.8001
vn -0.2688 -0.0234 -0.9629
vn 0.1573 0.2127 0.9644
vn -0.1218 -0.2444 -0.9620
vn -0.4055 -0.2862 -0.8681
vn -0.5684 -0.6195 -0.5414
vn -0.1368 -0.1783 0.9744
vn -0.2111 -0.4158 -0.8846
vn 0.0713 0.0219 -0.9972
vn -0.5284 -0.6218 -0.5781
vn -0.6093 0.0024 0.7930
vn 0.0912 0.1258 0.9878
vn -0.0986 -0.3162 0.9436
vn -0.3429 -0.6529 -0.6754
vn -0.1951 -0.5302 0.8251
vn 0.0675 0.0195 -0.9975
vn 0.1443 0.2681 0.9525
vn -0.4054 -0.2863 -0.8682
vn 0.4507 0.6904 -0.5658
vn 0.0912 0.1259 0.9878
vn 0.3714 0.7561 0.5389
vn 0.0235 0.0145 0.9996
vn -0.1951 -0.5303 0.8251
vn -0.1855 -0.1287 -0.9742
vn 0.1039 0.6075 0.7875
vn 0.0614 0.1592 0.9853
vn -0.0499 0.1631 0.9853
vn -0.1079 -0.4792 -0.8710
vn 0.1895 -0.9813 -0.0337
vn 0.0588 0.3927 0.9178
vn -0.0873 -0.1185 0.9891
vn 0.1227 -0.0075 0.9924
vn 0.0035 0.9969 0.0789
vn -0.0113 -0.4201 0.9074
vn 0.0532 -0.3111 0.9489
vn -0.0118 0.9664 0.2569
vn -0.1919 0.5643 0.8030
vn -0.0455 0.8057 -0.5906
vn -0.0596 0.2799 0.9582
vn -0.0691 -0.9206 -0.3844
vn 0.1612 -0.2565 0.9530
vn -0.0723 0.2400 0.9681
vn 0.1228 -0.0075 0.9924
vn -0.1184 -0.0074 0.9929
vn -0.1082 0.0700 0.9917
vn 0.2209 0.6178 -0.7547
vn 0.1864 -0.4354 0.8807
vn -0.1582 0.2198 0.9626
vn -0.0026 -0.0620 -0.9981
vn -0.0129 0.0421 0.9990
vn -0.4339 0.0389 0.9001
vn -0.1507 0.3115 0.9382
vn -0.1583 0.2197 0.9626
vn 0.0902 -0.0775 0.9929
vn -0.1492 0.3076 0.9397
vn -0.0129 0.0420 0.9990
vn 0.4567 -0.7853 -0.4181
vn -0.1506 0.3115 0.9382
vn -0.1277 0.1028 0.9865
vn 0.5698 -0.7834 0.2481
vn -0.0513 0.2700 0.9615
vn 0.1889 -0.5183 -0.8341
vn -0.5226 0.7065 0.4773
vn 0.4664 -0.4954 -0.7329
vn 0.0613 0.1872 0.9804
vn 0.6251 -0.6190 -0.4755
vn -0.0222 -0.0764 0.9968
vn 0.0601 0.8344 0.5479
vn 0.5698 -0.7834 0.2482
vn -0.0512 0.2700 0.9615
vn -0.1731 0.2212 0.9597
vn 0.0348 -0.6321 0.7741
vn 0.0613 0.1871 0.9804
vn 0.1307 0.1592 -0.9786
vn 0.1307 0.1591 -0.9786
vn 0.1307 0.1593 -0.9785
vn 0.0303 0.5622 0.8265
vn 0.3743 0.0171 -0.9271
vn 0.0303 0.5622 0.8264
vn -0.0929 -0.1162 0.9889
vn 0.0302 0.5622 0.8265
vn -0.4720 0.4591 0.7526
vn -0.3333 0.4712 0.8166
vn -0.0972 0.1932 0.9763
vn -0.7319 0.6113 -0.3011
vn 0.1893 -0.1789 0.9655
vn 0.1863 -0.4354 0.8808
vn -0.0576 -0.2241 0.9729
vn 0.0638 0.0062 0.9979
vn -0.0975 0.1671 0.9811
vn -0.6326 0.1923 0.7502
vn -0.1175 0.1821 0.9762
vn -0.2236 -0.5347 0.8149
vn -0.1517 0.1323 0.9795
vn 0.2993 0.2806 0.9120
vn -0.6326 0.1922 0.7503
vn 0.1145 0.9274 0.3561
vn -0.0973 0.1932 0.9763
vn 0.1292 0.1161 -0.9848
vn -0.2657 0.6658 0.6973
vn -0.5474 0.4561 0.7016
vn 0.7986 -0.5572 0.2275
vn 0.0803 -0.1960 -0.9773
vn -0.0971 0.1932 0.9763
vn -0.2996 0.4583 0.8368
vn -0.0485 0.1417 0.9887
vn 0.1426 -0.5189 -0.8429
vn -0.1174 0.1821 0.9762
vn -0.0485 0.1416 0.9887
vn -0.0484 0.1417 0.9887
vn -0.1474 0.9644 -0.2194
vn 0.1549 -0.1159 0.9811
vn -0.2996 0.4584 0.8367
vn 0.2113 -0.9641 0.1610
vn 0.2568 0.0540 -0.9650
vn -0.1156 0.2700 0.9559
vn -0.1157 0.2701 0.9559
vn -0.2658 0.6657 0.6973
vn -0.1667 0.2748 0.9470
vn 0.0476 0.3773 0.9249
vn 0.2112 -0.9641 0.1610
vn 0.1146 0.9274 0.3561
vn -0.1579 0.2645 0.9514
vn -0.0349 0.3155 0.9483
vn -0.2634 0.1054 0.9589
vn -0.0239 -0.7092 0.7046
vn -0.1667 0.2747 0.9470
vn -0.7320 0.6112 -0.3012
vn -0.1430 -0.9590 -0.2446
vn -0.4806 0.1549 0.8631
vn 0.7023 0.0882 0.7063
vn 0.7927 -0.3631 0.4897
vn -0.0577 -0.2241 0.9729
vn 0.0522 -0.3271 0.9436
vn -0.1590 0.2045 0.9659
vn -0.0116 0.3238 0.9461
vn -0.1180 0.2287 0.9663
vn -0.2224 0.1229 0.9672
vn -0.2263 0.1976 0.9538
vn -0.1775 0.1595 0.9711
vn 0.5208 0.4312 -0.7368
vn 0.0211 -0.6868 -0.7266
vn -0.2873 0.1609 0.9442
vn -0.2731 0.2165 0.9373
vn -0.3446 0.1559 0.9257
vn -0.3631 0.1329 0.9222
vn -0.4058 0.1699 0.8981
vn -0.5554 -0.1757 0.8128
vn -0.5382 0.1273 0.8331
vn -0.7599 -0.1600 0.6301
vn -0.5029 0.1183 0.8562
vn -0.5380 0.1273 0.8333
vn -0.7060 -0.5651 0.4269
vn -0.9590 -0.1372 -0.2479
vn -0.4005 -0.5070 -0.7633
vn -0.7598 -0.1601 0.6301
vn -0.7059 -0.5652 0.4269
vn -0.4006 -0.5070 -0.7632
vn -0.0664 0.4182 0.9059
vn -0.4771 -0.0748 -0.8757
vn -0.1715 0.6368 -0.7517
vn 0.0509 0.7192 -0.6929
vn 0.0531 -0.3111 0.9489
vn -0.4249 -0.1469 -0.8932
vn -0.1013 0.2398 0.9655
vn -0.1823 0.2719 -0.9449
vn 0.0878 0.0920 0.9919
vn -0.1247 -0.2518 -0.9597
vn 0.1907 0.1550 0.9693
vn 0.0704 0.1134 0.9910
vn 0.0496 0.2545 0.9658
vn -0.2508 -0.0651 -0.9659
vn 0.7372 0.3489 0.5786
vn -0.2507 -0.0651 -0.9659
vn 0.0497 0.2546 0.9658
vn -0.2597 0.6345 -0.7280
vn 0.3020 0.3457 0.8884
vn -0.1253 -0.5844 -0.8017
vn -0.0003 -0.1136 0.9935
vn -0.1597 -0.4364 -0.8854
vn -0.0057 -0.1637 0.9865
vn 0.0277 -0.5498 -0.8348
vn -0.0872 -0.1185 0.9891
vn 0.1445 -0.4132 -0.8991
vn 0.4507 0.6905 -0.5658
vn 0.3714 0.7560 0.5389
vn -0.0594 0.3371 -0.9396
vn -0.1919 0.5642 0.8030
vn -0.1197 0.2124 -0.9698
vn -0.0919 0.1290 -0.9874
vn 0.4034 -0.2917 -0.8673
vn 0.0217 0.1036 -0.9944
vn 0.1738 0.3090 0.9350
vn -0.0050 0.0798 -0.9968
vn -0.2361 -0.3040 -0.9230
vn 0.0899 0.2779 0.9564
vn -0.1144 -0.2056 0.9719
vn 0.1902 0.3772 0.9064
vn 0.0180 -0.0736 -0.9971
vn 0.0034 -0.7133 0.7009
vn -0.1344 -0.4078 -0.9031
vn -0.2673 0.5075 -0.8191
vn -0.1742 0.0463 -0.9836
vn 0.1269 0.5120 0.8495
vn -0.0050 0.0799 -0.9968
vn -0.5045 -0.7848 0.3598
vn 0.1269 0.5120 0.8496
vn 0.0044 -0.3852 -0.9228
vn -0.0112 -0.4200 0.9075
vn 0.4569 -0.7852 -0.4181
vn -0.0649 0.4201 -0.9052
vn 0.0036 0.9969 0.0789
vn 0.0181 -0.0735 -0.9971
vn 0.1903 0.3771 0.9064
vn 0.0178 0.6001 0.7997
vn 0.1903 0.3772 0.9064
vn 0.0177 0.6001 0.7998
vn 0.0033 -0.7133 0.7008
vn -0.3593 0.6143 -0.7025
vn 0.0064 0.2309 -0.9730
vn -0.1246 -0.1294 -0.9837
vn 0.0043 -0.3851 -0.9229
vn 0.0509 0.7188 -0.6934
vn 0.0036 0.9969 0.0788
vn 0.4568 -0.7852 -0.4181
vn 0.2209 0.6177 -0.7548
vn 0.3743 0.0172 -0.9271
vn 0.0552 0.0369 -0.9978
vn 0.1308 0.1591 -0.9786
vn 0.1292 0.1160 -0.9848
vn 0.0804 -0.1960 -0.9773
vn -0.6325 0.1922 0.7503
vn 0.4656 0.3638 -0.8068
vn 0.1763 0.0513 -0.9830
vn 0.2992 0.2805 0.9120
vn 0.1983 -0.2230 -0.9544
vn 0.1763 0.0512 -0.9830
vn 0.2568 0.0539 -0.9649
vn 0.7986 -0.5573 0.2274
vn -0.2368 0.7205 -0.6518
vn -0.2657 0.6657 0.6973
vn 0.2728 -0.1824 -0.9446
vn 0.4041 -0.1143 -0.9075
vn 0.3798 -0.2122 -0.9004
vn -0.1368 -0.4710 -0.8715
vn 0.0588 0.3928 0.9178
vn -0.1080 -0.4793 -0.8710
vn 0.1613 -0.2566 0.9530
vn 0.0298 0.2602 0.9651
vn 0.2629 0.0214 -0.9646
vn 0.0229 -0.3214 -0.9467
vn -0.1247 -0.1294 -0.9837
vn 0.0227 0.0907 0.9956
vn -0.1368 -0.4709 -0.8715
vn -0.0678 0.1965 0.9782
vn 0.0587 0.3927 0.9178
vn 0.0239 0.2102 -0.9774
vn -0.1691 0.2395 0.9561
vn 0.1851 0.2863 0.9401
vn -0.0482 -0.9985 0.0246
vn 0.0326 0.0504 -0.9982
vn -0.0672 0.0340 0.9972
vn 0.0419 0.4724 -0.8804
vn 0.0546 -0.4119 -0.9096
vn 0.0226 0.0906 0.9956
vn 0.0191 -0.3564 -0.9341
vn 0.1164 -0.4776 -0.8708
vn 0.4591 -0.0021 0.8884
vn -0.0047 -0.1737 0.9848
vn 0.0804 -0.3635 -0.9281
vn 0.0190 -0.3565 -0.9341
vn -0.0197 -0.0834 0.9963
vn 0.0803 -0.3635 -0.9281
vn -0.0724 0.2400 0.9681
vn 0.1602 -0.3144 0.9357
vn -0.4418 0.6080 0.6596
vn 0.5176 0.5107 -0.6864
vn 0.0804 -0.3634 -0.9282
vn 0.1590 -0.3049 -0.9390
vn -0.0024 -0.0621 -0.9981
vn 0.1864 -0.4353 0.8808
vn -0.1256 -0.9920 0.0136
vn 0.1894 -0.1787 0.9655
vn 0.4418 -0.2636 -0.8575
vn -0.0348 0.3155 0.9483
vn 0.0267 -0.5212 -0.8530
vn -0.0928 -0.1163 0.9889
vn 0.1427 -0.5189 -0.8428
vn -0.2236 -0.5347 0.8150
vn -0.0187 -0.1000 -0.9948
vn 0.0865 0.0473 -0.9951
vn -0.0513 0.2699 0.9615
vn 0.4663 -0.4955 -0.7328
vn 0.5699 -0.7833 0.2482
vn -0.0706 0.3923 -0.9171
vn 0.0347 -0.6320 0.7742
vn 0.4662 -0.4955 -0.7329
vn -0.1731 0.2213 0.9597
vn 0.1666 -0.3232 -0.9316
vn 0.4663 -0.4955 -0.7329
vn -0.1732 0.2212 0.9597
vn 0.1504 0.0723 0.9860
vn 0.6252 -0.6190 -0.4755
vn -0.0576 -0.2240 0.9729
vn -0.0222 -0.0765 0.9968
vn 0.0642 -0.3108 -0.9483
vn 0.3507 -0.0945 -0.9317
vn -0.1668 0.2747 0.9470
vn 0.0605 -0.1669 -0.9841
vn -0.0976 0.1672 0.9811
vn -0.4721 0.4591 0.7526
vn 0.3610 -0.2351 -0.9025
vn -0.0972 0.1933 0.9763
vn -0.6326 0.1922 0.7502
vn 0.4656 0.3637 -0.8068
vn -0.6325 0.1923 0.7503
vn 0.2944 0.2776 0.9145
vn 0.1764 0.0513 -0.9830
vn -0.2657 0.6658 0.6972
vn 0.1983 -0.2230 -0.9545
vn 0.2993 0.2807 0.9120
vn -0.2996 0.4583 0.8367
vn -0.1473 0.9645 -0.2193
vn -0.2236 -0.5346 0.8150
vn -0.1175 0.1822 0.9762
vn 0.0686 -0.8887 -0.4533
vn 0.1426 -0.5188 -0.8429
vn 0.1983 -0.2231 -0.9544
vn -0.2995 0.4584 0.8367
vn 0.0477 0.3772 0.9249
vn 0.7743 0.3788 -0.5069
vn 0.2569 0.0540 -0.9649
vn -0.2997 0.4584 0.8367
vn 0.4041 -0.1143 -0.9076
vn 0.4420 -0.2636 -0.8574
vn 0.7024 0.0883 0.7063
vn 0.5735 -0.5304 -0.6243
vn 0.1423 -0.2107 -0.9671
vn -0.4807 0.1549 0.8631
vn -0.0116 0.3238 0.9460
vn -0.1171 0.2333 0.9653
vn 0.2762 -0.0729 -0.9583
vn 0.2761 -0.0730 -0.9584
vn -0.4806 0.1550 0.8632
vn 0.0522 -0.3270 0.9436
vn 0.3533 -0.1414 -0.9247
vn 0.1463 -0.2931 -0.9448
vn 0.3264 -0.9018 0.2832
vn 0.3029 -0.8871 0.3482
vn 0.0139 -0.7921 0.6103
vn 0.0987 0.3255 0.9404
vn -0.9590 -0.1371 -0.2479
vn -0.9052 -0.3584 0.2281
vn -0.6371 0.1929 0.7462
vn -0.4058 0.1698 0.8980
vn -0.3447 0.1559 0.9257
vn -0.3632 0.1329 0.9222
vn -0.8371 0.0231 0.5465
vn -0.9999 -0.0035 -0.0150
vn -0.2891 0.0190 -0.9571
vn -0.6378 -0.0714 0.7669
vn -0.0794 0.0277 -0.9965
vn -0.7864 0.0601 0.6148
vn -0.9331 -0.2139 -0.2889
vn -0.9701 -0.0373 -0.2399
vn -0.5555 -0.1757 0.8128
vn -0.7972 -0.0979 0.5958
vn -0.8324 0.1617 0.5301
vn -0.7001 0.1243 0.7032
vn -0.4333 0.6309 0.6436
vn 0.1447 0.3260 0.9342
vn -0.9052 -0.3584 0.2282
vn 0.5296 -0.2929 0.7960
vn -0.2923 0.1246 0.9482
vn -0.3095 0.8963 0.3175
vn 0.8946 0.4072 0.1840
vn 0.9120 0.3771 0.1615
vn 0.0381 -0.0224 0.9990
vn 0.1866 -0.9764 -0.1087
vn 0.1386 -0.3005 -0.9437
vn 0.1655 -0.1303 -0.9776
vn 0.7464 0.6400 -0.1825
vn 0.8367 0.2842 -0.4680
vn -0.5422 -0.0980 -0.8345
vn 0.5582 -0.0224 -0.8294
vn -0.1965 -0.1035 -0.9750
vn -0.0016 -0.1207 -0.9927
vn -0.6557 -0.1198 -0.7454
vn -0.4285 -0.0945 -0.8986
vn 0.3255 -0.0604 -0.9436
vn 0.9504 0.0299 -0.3095
vn 0.5731 -0.0360 -0.8187
vn -0.3187 -0.0803 -0.9445
vn 0.7213 -0.0187 -0.6924
vn 0.5606 -0.0752 -0.8246
vn 0.2768 -0.3517 -0.8942
vn -0.4844 -0.1138 -0.8674
vn 0.6944 -0.0221 -0.7192
vn 0.9792 0.0788 0.1868
vn 0.9267 -0.3628 0.0984
vn -0.6433 -0.7040 -0.3011
vn 0.9904 0.0734 -0.1175
vn 0.9972 0.0744 -0.0009
vn 0.9986 0.0495 -0.0166
vn 0.9507 0.0764 0.3005
vn 0.9344 -0.2921 0.2039
vn 0.0986 0.3254 0.9404
vn 0.0070 0.9820 -0.1890
vn 0.2602 0.5456 -0.7967
vn 0.0160 0.0936 -0.9955
vn -0.8476 0.4232 -0.3201
vn -0.5555 -0.1758 0.8128
vn -0.0786 -0.3885 -0.9181
vn -0.9332 -0.2139 -0.2889
vn -0.2947 -0.7045 -0.6456
vn -0.7972 -0.0979 0.5957
vn -0.8372 0.0231 0.5464
vn 0.0382 -0.0223 0.9990
vn -0.2891 0.0189 -0.9571
vn 0.1446 0.3260 0.9343
vn -0.9052 -0.3585 0.2282
vn 0.4992 -0.8058 0.3185
vn 0.4792 -0.7424 -0.4682
vn 0.2399 0.3724 0.8966
vn 0.4392 0.4154 0.7965
vn 0.8367 0.2842 -0.4681
vn 0.7138 0.1793 0.6770
vn 0.3031 0.1072 0.9469
vn -0.8546 -0.0125 0.5191
vn -0.6905 0.0315 0.7227
vn 0.5494 0.1252 0.8261
vn 0.9504 0.0299 -0.3096
vn 0.3748 0.0799 0.9237
vn -0.4258 -0.2720 0.8630
vn 0.9507 0.0764 0.3004
vn 0.7227 0.0858 0.6858
vn 0.9266 -0.3628 0.0984
vn -0.8269 -0.4188 -0.3752
vn -0.9240 -0.0840 -0.3730
vn -0.3901 -0.2986 0.8710
vn -0.1880 -0.9674 -0.1694
vn 0.1654 -0.1302 -0.9776
vn -0.9993 -0.0356 -0.0060
vn -0.5422 -0.0981 -0.8345
vn -0.9949 -0.0499 0.0880
vn -0.3186 -0.0803 -0.9445
vn -0.9878 -0.0756 -0.1362
vn -0.5403 0.0215 0.8412
vn -0.6251 0.0678 0.7776
vn -0.9972 -0.0747 -0.0086
vn -0.6557 -0.1198 -0.7455
vn -0.8546 -0.0124 0.5191
vn -0.9945 -0.0451 -0.0945
vn -0.9900 -0.0931 0.1058
vn -0.6433 -0.7040 -0.3010
vn -0.4257 -0.2720 0.8630
vn 0.2769 -0.3518 -0.8942
vn 0.9266 -0.3629 0.0985
vn 0.4824 0.8373 -0.2572
vn 0.7922 0.2032 -0.5754
vn 0.5977 0.1396 -0.7895
vn 0.9120 0.3772 0.1615
vn 0.8946 0.4072 0.1839
vn 0.4340 -0.2709 -0.8593
vn 0.9866 0.0108 -0.1626
vn 0.5019 -0.1284 -0.8553
vn 0.9945 0.0846 -0.0616
vn 0.9131 -0.0346 -0.4064
vn 0.8973 0.1041 0.4289
vn 0.6945 0.1225 0.7090
vn 0.9202 -0.0118 -0.3913
vn 0.7348 0.0053 0.6783
vn 0.7773 -0.0752 0.6247
vn 0.7996 -0.0218 -0.6001
vn 0.9890 0.0590 -0.1360
vn 0.4209 0.1729 -0.8905
vn 0.9646 0.0548 -0.2581
vn 0.6109 -0.1329 0.7805
vn 0.9994 0.0134 -0.0324
vn 0.9766 -0.2141 0.0199
vn 0.3500 0.0636 -0.9346
vn 0.9030 0.0539 -0.4262
vn 0.8672 0.0910 -0.4895
vn -0.9977 -0.0413 0.0543
vn -0.9838 0.0210 -0.1781
vn -0.6538 -0.1267 0.7460
vn -0.8173 -0.0472 -0.5742
vn -0.2625 0.1110 -0.9585
vn -0.9254 -0.0798 0.3706
vn -0.4531 -0.1698 0.8751
vn -0.9873 -0.0162 0.1583
vn -0.8591 -0.0879 0.5043
vn -0.9412 0.0299 -0.3366
vn -0.9847 -0.0402 0.1695
vn -0.7203 0.1018 -0.6861
vn -0.9988 -0.0236 0.0438
vn -0.2144 0.1637 -0.9629
vn 0.0005 -0.5405 0.8414
vn -0.2065 0.1499 -0.9669
vn -0.3015 -0.1718 0.9379
vt 0.953709 0.377861
vt 0.962912 0.365571
vt 0.965011 0.380829
vt 0.953833 0.353590
vt 0.960695 0.331140
vt 0.951467 0.319880
vt 0.962260 0.290263
vt 0.953290 0.274893
vt 0.960241 0.253394
vt 0.953850 0.239277
vt 0.961901 0.218281
vt 0.951755 0.209833
vt 0.954664 0.176442
vt 0.962661 0.188263
vt 0.965011 0.151603
vt 0.953713 0.131127
vt 0.964401 0.108782
vt 0.955010 0.106780
vt 0.961528 0.089193
vt 0.717919 0.111276
vt 0.721314 0.100296
vt 0.712900 0.101408
vt 0.718758 0.124593
vt 0.708704 0.122592
vt 0.708722 0.146973
vt 0.725734 0.106583
vt 0.715104 0.153646
vt 0.701679 0.183800
vt 0.700438 0.153252
vt 0.702318 0.220482
vt 0.712027 0.185759
vt 0.693385 0.226855
vt 0.692716 0.264879
vt 0.683743 0.253065
vt 0.683235 0.272424
vt 0.687273 0.217662
vt 0.672232 0.282729
vt 0.681718 0.303129
vt 0.673879 0.303586
vt 0.671789 0.331759
vt 0.664441 0.317322
vt 0.681311 0.334131
vt 0.675456 0.354322
vt 0.664033 0.349239
vt 0.664060 0.376827
vt 0.675699 0.386472
vt 0.668798 0.406113
vt 0.679935 0.414985
vt 0.677164 0.444578
vt 0.682816 0.495379
vt 0.672283 0.467839
vt 0.665875 0.433725
vt 0.664507 0.484450
vt 0.665090 0.457135
vt 0.672987 0.510801
vt 0.684099 0.540900
vt 0.670617 0.553842
vt 0.682419 0.566927
vt 0.690183 0.557443
vt 0.698810 0.577684
vt 0.692546 0.583786
vt 0.687769 0.591236
vt 0.678691 0.576572
vt 0.670053 0.592007
vt 0.673488 0.573838
vt 0.704744 0.593904
vt 0.681824 0.625653
vt 0.694437 0.614985
vt 0.704551 0.643091
vt 0.706837 0.656115
vt 0.725734 0.665063
vt 0.828268 0.059843
vt 0.837835 0.050294
vt 0.837178 0.027446
vt 0.847630 0.026139
vt 0.845540 0.013694
vt 0.822243 0.099128
vt 0.832033 0.083798
vt 0.813766 0.134027
vt 0.824158 0.128505
vt 0.809438 0.167908
vt 0.842692 0.061576
vt 0.819502 0.166014
vt 0.836500 0.097943
vt 0.804428 0.196672
vt 0.812118 0.195323
vt 0.800228 0.232124
vt 0.810327 0.230514
vt 0.803500 0.266239
vt 0.793454 0.273224
vt 0.804736 0.286154
vt 0.799930 0.296304
vt 0.793676 0.298554
vt 0.802972 0.305097
vt 0.820950 0.294637
vt 0.811501 0.277463
vt 0.814613 0.304110
vt 0.832434 0.306070
vt 0.847630 0.297930
vt 0.296087 0.132538
vt 0.296605 0.108490
vt 0.304743 0.121163
vt 0.301141 0.165647
vt 0.306279 0.199273
vt 0.298942 0.210184
vt 0.299146 0.245324
vt 0.307589 0.229286
vt 0.307494 0.105995
vt 0.297470 0.097335
vt 0.309822 0.146362
vt 0.311017 0.182004
vt 0.310701 0.262267
vt 0.303083 0.274273
vt 0.310360 0.300557
vt 0.300366 0.307325
vt 0.309218 0.329297
vt 0.302692 0.351770
vt 0.312039 0.357966
vt 0.315521 0.378829
vt 0.304848 0.375598
vt 0.316498 0.394763
vt 0.323071 0.395633
vt 0.331210 0.382084
vt 0.352849 0.392713
vt 0.365492 0.381556
vt 0.391265 0.389829
vt 0.400911 0.381272
vt 0.374507 0.373289
vt 0.409066 0.372894
vt 0.426590 0.388370
vt 0.434912 0.378413
vt 0.454028 0.371481
vt 0.459088 0.383098
vt 0.495107 0.376095
vt 0.485191 0.388339
vt 0.524130 0.390680
vt 0.541434 0.380607
vt 0.549912 0.389596
vt 0.571770 0.382584
vt 0.569453 0.392538
vt 0.586361 0.381889
vt 0.586665 0.391068
vt 0.584085 0.395633
vt 0.600221 0.379851
vt 0.596750 0.362604
vt 0.606986 0.312698
vt 0.594443 0.314693
vt 0.603394 0.295132
vt 0.598863 0.334377
vt 0.608216 0.337754
vt 0.611272 0.282505
vt 0.606983 0.264742
vt 0.608605 0.366744
vt 0.613409 0.217717
vt 0.618219 0.250239
vt 0.624906 0.213883
vt 0.944695 0.323234
vt 0.936747 0.345498
vt 0.943418 0.348318
vt 0.942815 0.292545
vt 0.936383 0.319154
vt 0.939386 0.362376
vt 0.934979 0.364082
vt 0.937629 0.367506
vt 0.934404 0.289300
vt 0.929918 0.365875
vt 0.931054 0.357817
vt 0.929692 0.340591
vt 0.927474 0.314123
vt 0.929992 0.254993
vt 0.939873 0.259877
vt 0.937651 0.218765
vt 0.924926 0.279956
vt 0.924379 0.206871
vt 0.927267 0.161637
vt 0.938276 0.166752
vt 0.930252 0.117768
vt 0.943990 0.138016
vt 0.940491 0.100133
vt 0.932289 0.085404
vt 0.944695 0.081051
vt 0.438371 0.007047
vt 0.426342 0.008941
vt 0.444780 0.000370
vt 0.375444 0.036707
vt 0.374257 0.028070
vt 0.400587 0.021451
vt 0.348391 0.046032
vt 0.296960 0.069771
vt 0.319757 0.055794
vt 0.323097 0.061897
vt 0.435715 0.014314
vt 0.409119 0.025191
vt 0.300887 0.074810
vt 0.246544 0.092327
vt 0.270471 0.082345
vt 0.263866 0.091889
vt 0.351286 0.053394
vt 0.281566 0.085492
vt 0.225574 0.100236
vt 0.241236 0.102677
vt 0.180271 0.112164
vt 0.201191 0.102823
vt 0.203913 0.108878
vt 0.252454 0.100349
vt 0.167403 0.122376
vt 0.160263 0.114746
vt 0.160302 0.123485
vt 0.132284 0.137228
vt 0.134969 0.117725
vt 0.109068 0.114440
vt 0.106772 0.128598
vt 0.230663 0.113135
vt 0.183640 0.122442
vt 0.069143 0.121508
vt 0.072482 0.133536
vt 0.051474 0.128099
vt 0.254179 0.108389
vt 0.207072 0.122337
vt 0.245865 0.113036
vt 0.260787 0.108176
vt 0.154141 0.138128
vt 0.063568 0.150803
vt 0.033924 0.147784
vt 0.259760 0.119267
vt 0.097311 0.143911
vt 0.253031 0.120384
vt 0.118862 0.173947
vt 0.075904 0.173382
vt 0.269515 0.127509
vt 0.033407 0.180696
vt 0.202032 0.506578
vt 0.206506 0.473353
vt 0.206546 0.490440
vt 0.146634 0.169913
vt 0.019847 0.163458
vt 0.258794 0.132540
vt 0.271891 0.140698
vt 0.206506 0.519985
vt 0.008952 0.189034
vt 0.267659 0.144680
vt 0.282532 0.152458
vt 0.045949 0.210501
vt 0.139911 0.204101
vt 0.096850 0.218926
vt 0.016609 0.219498
vt 0.153202 0.194632
vt 0.150947 0.223942
vt 0.134955 0.246347
vt 0.060034 0.243430
vt 0.023321 0.246487
vt 0.000376 0.260056
vt 0.100074 0.250890
vt 0.152254 0.252052
vt 0.037583 0.270415
vt 0.137244 0.285954
vt 0.080355 0.283286
vt 0.010979 0.300864
vt 0.155184 0.281948
vt 0.058589 0.305893
vt 0.116686 0.315707
vt 0.156146 0.325732
vt 0.028690 0.330048
vt 0.094639 0.346063
vt 0.006174 0.340922
vt 0.051736 0.360014
vt 0.132113 0.351542
vt 0.025984 0.376764
vt 0.158112 0.362958
vt 0.103341 0.376577
vt 0.148289 0.383338
vt 0.171305 0.399074
vt 0.061693 0.400212
vt 0.085334 0.406123
vt 0.117073 0.405237
vt 0.033986 0.405036
vt 0.058321 0.415579
vt 0.163266 0.411270
vt 0.136832 0.416358
vt 0.182927 0.415943
vt 0.099808 0.422710
vt 0.072843 0.423203
vt 0.053573 0.421736
vt 0.277082 0.401793
vt 0.303665 0.392573
vt 0.301277 0.405684
vt 0.271119 0.414676
vt 0.239932 0.412626
vt 0.167890 0.425514
vt 0.619939 0.408160
vt 0.653340 0.405553
vt 0.627926 0.419900
vt 0.134429 0.425981
vt 0.664033 0.411836
vt 0.573622 0.412870
vt 0.583798 0.401220
vt 0.528392 0.405794
vt 0.329932 0.414293
vt 0.321154 0.406337
vt 0.358482 0.406119
vt 0.257196 0.424415
vt 0.206039 0.412067
vt 0.206353 0.423101
vt 0.435439 0.401388
vt 0.484852 0.406837
vt 0.437365 0.414803
vt 0.394996 0.407495
vt 0.378260 0.417234
vt 0.306258 0.422258
vt 0.513151 0.417791
vt 0.663266 0.425981
vt 0.567033 0.425030
vt 0.241737 0.753886
vt 0.237743 0.742236
vt 0.272915 0.752115
vt 0.417791 0.746742
vt 0.449832 0.752626
vt 0.411720 0.753886
vt 0.382704 0.744028
vt 0.364478 0.752433
vt 0.318987 0.745489
vt 0.323501 0.753471
vt 0.214540 0.750030
vt 0.138885 0.749414
vt 0.159922 0.741123
vt 0.186678 0.751878
vt 0.293055 0.746867
vt 0.263588 0.741825
vt 0.196167 0.739798
vt 0.340975 0.742170
vt 0.105465 0.737635
vt 0.096400 0.748379
vt 0.446862 0.743349
vt 0.291024 0.739471
vt 0.276686 0.737737
vt 0.082338 0.739676
vt 0.131220 0.730095
vt 0.271976 0.731346
vt 0.222914 0.730213
vt 0.257771 0.728781
vt 0.176216 0.730235
vt 0.086854 0.724482
vt 0.071763 0.727226
vt 0.064526 0.730342
vt 0.104626 0.728718
vt 0.282686 0.723993
vt 0.062896 0.714017
vt 0.052378 0.720950
vt 0.275131 0.720862
vt 0.242603 0.723885
vt 0.203928 0.722789
vt 0.173292 0.722718
vt 0.151941 0.721645
vt 0.125321 0.721162
vt 0.053759 0.706543
vt 0.324680 0.724626
vt 0.321432 0.707135
vt 0.316464 0.715619
vt 0.166071 0.703899
vt 0.076805 0.709964
vt 0.279429 0.699584
vt 0.154456 0.698512
vt 0.114124 0.692064
vt 0.097355 0.711518
vt 0.067293 0.699045
vt 0.062997 0.689250
vt 0.052651 0.679392
vt 0.286483 0.684618
vt 0.289264 0.725759
vt 0.297501 0.702022
vt 0.310787 0.689934
vt 0.165938 0.686175
vt 0.081705 0.670290
vt 0.320135 0.687544
vt 0.292158 0.665929
vt 0.125122 0.647859
vt 0.059776 0.657881
vt 0.158164 0.654370
vt 0.066702 0.654391
vt 0.302472 0.654380
vt 0.314678 0.648497
vt 0.048655 0.653025
vt 0.079174 0.633804
vt 0.056082 0.629244
vt 0.292840 0.635993
vt 0.305352 0.620000
vt 0.048072 0.624911
vt 0.152961 0.613832
vt 0.163821 0.620744
vt 0.115900 0.593962
vt 0.066216 0.616428
vt 0.292350 0.598531
vt 0.285609 0.619901
vt 0.050451 0.598244
vt 0.079410 0.581961
vt 0.060763 0.592032
vt 0.065974 0.590005
vt 0.162730 0.581200
vt 0.148156 0.577330
vt 0.307582 0.586628
vt 0.293248 0.568434
vt 0.056613 0.568938
vt 0.047780 0.564566
vt 0.282421 0.563540
vt 0.101611 0.550935
vt 0.066792 0.557758
vt 0.307756 0.547751
vt 0.075586 0.546267
vt 0.160134 0.553091
vt 0.147301 0.529379
vt 0.054491 0.531803
vt 0.061940 0.537706
vt 0.068049 0.519714
vt 0.284586 0.518185
vt 0.295802 0.529982
vt 0.164004 0.523035
vt 0.094999 0.519603
vt 0.308896 0.509020
vt 0.293765 0.505826
vt 0.065035 0.506124
vt 0.111388 0.485564
vt 0.163414 0.493041
vt 0.081306 0.489689
vt 0.148241 0.481257
vt 0.301530 0.490299
vt 0.056375 0.486048
vt 0.308507 0.489046
vt 0.279533 0.486028
vt 0.289182 0.478354
vt 0.068899 0.477983
vt 0.317180 0.483642
vt 0.089794 0.467657
vt 0.166582 0.468997
vt 0.065895 0.468537
vt 0.312294 0.472350
vt 0.320471 0.467282
vt 0.287121 0.460931
vt 0.156336 0.464644
vt 0.125294 0.466080
vt 0.057673 0.463246
vt 0.050731 0.478592
vt 0.297952 0.464016
vt 0.317729 0.451456
vt 0.160779 0.455357
vt 0.111786 0.455846
vt 0.258735 0.459600
vt 0.274957 0.450714
vt 0.278682 0.460722
vt 0.241360 0.451674
vt 0.213999 0.459877
vt 0.206775 0.452739
vt 0.183386 0.461990
vt 0.288775 0.454534
vt 0.324680 0.447446
vt 0.075843 0.453713
vt 0.261455 0.439811
vt 0.066002 0.451798
vt 0.194233 0.441224
vt 0.131630 0.443345
vt 0.091542 0.443863
vt 0.281815 0.442783
vt 0.225498 0.438914
vt 0.164493 0.442604
vt 0.606947 0.454007
vt 0.620261 0.446700
vt 0.619295 0.458909
vt 0.572035 0.450814
vt 0.602889 0.441263
vt 0.297286 0.435013
vt 0.331980 0.435977
vt 0.300449 0.443336
vt 0.630708 0.459318
vt 0.443170 0.438831
vt 0.478784 0.434282
vt 0.491333 0.445648
vt 0.105062 0.436469
vt 0.516392 0.436567
vt 0.548320 0.442176
vt 0.398351 0.429978
vt 0.410711 0.441229
vt 0.374949 0.439399
vt 0.325750 0.424684
vt 0.243385 0.429539
vt 0.366007 0.429329
vt 0.276202 0.428352
vt 0.213922 0.430247
vt 0.172389 0.433359
vt 0.568225 0.429219
vt 0.433975 0.424500
vt 0.512529 0.427403
vt 0.636193 0.446877
vt 0.642989 0.901884
vt 0.649834 0.894863
vt 0.661515 0.893643
vt 0.661869 0.905577
vt 0.670805 0.896542
vt 0.590299 0.905326
vt 0.562236 0.894571
vt 0.606816 0.899590
vt 0.456349 0.895946
vt 0.488685 0.893042
vt 0.486581 0.902113
vt 0.649656 0.911547
vt 0.623810 0.908591
vt 0.552330 0.902850
vt 0.525331 0.898775
vt 0.527830 0.908264
vt 0.449550 0.904574
vt 0.428474 0.896920
vt 0.415508 0.907446
vt 0.404748 0.896393
vt 0.387886 0.902551
vt 0.391020 0.911547
vt 0.133169 0.872401
vt 0.143419 0.879925
vt 0.173353 0.871577
vt 0.295990 0.882994
vt 0.297592 0.873803
vt 0.285035 0.873872
vt 0.270844 0.884078
vt 0.246988 0.875393
vt 0.219878 0.884732
vt 0.207734 0.875843
vt 0.176711 0.881033
vt 0.097836 0.879337
vt 0.101107 0.872042
vt 0.064022 0.876866
vt 0.187876 0.887861
vt 0.155831 0.887070
vt 0.072116 0.885467
vt 0.120339 0.887326
vt 0.014380 0.887861
vt 0.025338 0.877154
vt 0.004891 0.881843
vt 0.034895 0.885292
vt 0.771483 0.882600
vt 0.786387 0.886529
vt 0.761710 0.893598
vt 0.795711 0.895893
vt 0.785677 0.896003
vt 0.745954 0.885408
vt 0.713050 0.893837
vt 0.710314 0.884463
vt 0.682409 0.888155
vt 0.693264 0.878979
vt 0.663250 0.880664
vt 0.651811 0.889876
vt 0.630180 0.883340
vt 0.617944 0.891390
vt 0.591769 0.883244
vt 0.571890 0.892987
vt 0.562918 0.881550
vt 0.536354 0.893174
vt 0.533977 0.882943
vt 0.516603 0.896003
vt 0.512792 0.885326
vt 0.426168 0.940273
vt 0.424692 0.931700
vt 0.456107 0.933773
vt 0.463822 0.941895
vt 0.488882 0.932852
vt 0.491778 0.940455
vt 0.390377 0.931675
vt 0.384084 0.940649
vt 0.341425 0.939384
vt 0.344052 0.930792
vt 0.515801 0.932591
vt 0.305032 0.933757
vt 0.299751 0.941895
vt 0.282591 0.935224
vt 0.277904 0.941778
vt 0.267494 0.935195
vt 0.058051 0.017161
vt 0.090787 0.013067
vt 0.071255 0.028902
vt 0.122396 0.013515
vt 0.661935 0.960993
vt 0.675927 0.964101
vt 0.677091 0.954137
vt 0.182484 0.041558
vt 0.156819 0.013910
vt 0.203207 0.013559
vt 0.149268 0.030260
vt 0.664421 0.948159
vt 0.682844 0.947685
vt 0.106912 0.029339
vt 0.044183 0.037302
vt 0.031429 0.023729
vt 0.219657 0.032359
vt 0.242135 0.012953
vt 0.668953 0.942215
vt 0.257305 0.030626
vt 0.055432 0.034173
vt 0.032170 0.042218
vt 0.263846 0.017196
vt 0.016065 0.043243
vt 0.073412 0.050585
vt 0.276481 0.024795
vt 0.644779 0.932619
vt 0.112717 0.050311
vt 0.636352 0.949067
vt 0.058422 0.045368
vt 0.157318 0.060130
vt 0.095279 0.061154
vt 0.277925 0.041487
vt 0.269222 0.042648
vt 0.062733 0.062508
vt 0.286305 0.049014
vt 0.011663 0.067028
vt 0.625104 0.929312
vt 0.617870 0.947606
vt 0.648977 0.959858
vt 0.111212 0.072133
vt 0.089915 0.072971
vt 0.135828 0.065536
vt 0.216452 0.061641
vt 0.074055 0.064171
vt 0.071385 0.073043
vt 0.061150 0.079766
vt 0.260311 0.054612
vt 0.619846 0.939232
vt 0.168512 0.073353
vt 0.139415 0.074579
vt 0.195327 0.072166
vt 0.264301 0.061694
vt 0.221520 0.070624
vt 0.097396 0.081791
vt 0.244897 0.072313
vt 0.251414 0.063908
vt 0.226272 0.079413
vt 0.602333 0.946558
vt 0.604255 0.964101
vt 0.259647 0.081791
vt 0.330563 0.551178
vt 0.317908 0.553086
vt 0.319711 0.516036
vt 0.330894 0.514415
vt 0.320872 0.594344
vt 0.331899 0.602358
vt 0.322138 0.636232
vt 0.338422 0.663266
vt 0.338857 0.467828
vt 0.325419 0.489016
vt 0.331781 0.464438
vt 0.328646 0.676849
vt 0.346120 0.496096
vt 0.344171 0.623633
vt 0.353695 0.452551
vt 0.343683 0.691516
vt 0.335068 0.697596
vt 0.363313 0.533899
vt 0.364502 0.576534
vt 0.350225 0.707525
vt 0.370669 0.468616
vt 0.366624 0.664383
vt 0.370216 0.707619
vt 0.377200 0.693022
vt 0.387883 0.631764
vt 0.388302 0.491789
vt 0.383079 0.446583
vt 0.398425 0.599948
vt 0.410772 0.557455
vt 0.396792 0.673669
vt 0.414022 0.512563
vt 0.409923 0.711654
vt 0.424789 0.482095
vt 0.422372 0.458951
vt 0.419636 0.445985
vt 0.422339 0.697801
vt 0.440199 0.630353
vt 0.430830 0.669391
vt 0.451384 0.589509
vt 0.446134 0.506304
vt 0.456715 0.445966
vt 0.448489 0.538011
vt 0.445368 0.690040
vt 0.439099 0.719097
vt 0.477427 0.463972
vt 0.480800 0.552915
vt 0.461244 0.706104
vt 0.468221 0.671854
vt 0.469963 0.489232
vt 0.485733 0.447568
vt 0.472848 0.717503
vt 0.487202 0.639885
vt 0.485844 0.512273
vt 0.484903 0.693089
vt 0.492258 0.596343
vt 0.510697 0.490488
vt 0.501494 0.705739
vt 0.498371 0.679464
vt 0.519102 0.566124
vt 0.512181 0.718325
vt 0.513645 0.621722
vt 0.533964 0.522806
vt 0.535498 0.452215
vt 0.520516 0.460581
vt 0.550155 0.594917
vt 0.532077 0.691889
vt 0.533722 0.659230
vt 0.547549 0.476745
vt 0.545610 0.703551
vt 0.569992 0.555455
vt 0.551445 0.719097
vt 0.567241 0.647171
vt 0.580533 0.463356
vt 0.589905 0.508283
vt 0.568713 0.451960
vt 0.583400 0.483320
vt 0.573945 0.689975
vt 0.581405 0.608204
vt 0.578063 0.714764
vt 0.598692 0.534726
vt 0.600527 0.466317
vt 0.596532 0.619164
vt 0.590990 0.696516
vt 0.591982 0.660471
vt 0.604667 0.573502
vt 0.593496 0.707540
vt 0.609539 0.487546
vt 0.604649 0.665290
vt 0.607538 0.634423
vt 0.603299 0.689526
vt 0.614660 0.512433
vt 0.614876 0.604756
vt 0.619946 0.488307
vt 0.612163 0.668326
vt 0.612980 0.472198
vt 0.617878 0.544023
vt 0.615318 0.636223
vt 0.624240 0.599816
vt 0.619201 0.579461
vt 0.624455 0.514493
vt 0.627163 0.550902
vt 0.028969 0.473336
vt 0.028969 0.457045
vt 0.023209 0.462979
vt 0.019838 0.476833
vt 0.902478 0.027017
vt 0.897772 0.032504
vt 0.916280 0.032738
vt 0.883747 0.044782
vt 0.908476 0.042641
vt 0.009463 0.453368
vt 0.012118 0.462124
vt 0.013155 0.469009
vt 0.010145 0.470692
vt 0.009242 0.481495
vt 0.920617 0.044782
vt 0.929580 0.570563
vt 0.939473 0.582161
vt 0.940933 0.570282
vt 0.005643 0.466812
vt 0.455606 0.969282
vt 0.426489 0.969282
vt 0.447315 0.959815
vt 0.438370 0.959638
vt 0.405136 0.958995
vt 0.427593 0.957439
vt 0.872363 0.549289
vt 0.887945 0.573106
vt 0.866667 0.572248
vt 0.839269 0.564070
vt 0.397667 0.965255
vt 0.938479 0.538356
vt 0.834777 0.530701
vt 0.811018 0.559639
vt 0.928150 0.533434
vt 0.802322 0.537232
vt 0.797996 0.546889
vt 0.791397 0.512155
vt 0.910262 0.524565
vt 0.890204 0.521151
vt 0.803075 0.508884
vt 0.866825 0.503744
vt 0.817470 0.509475
vt 0.932482 0.505677
vt 0.834480 0.512762
vt 0.904974 0.519636
vt 0.913832 0.508751
vt 0.902523 0.521487
vt 0.850698 0.507226
vt 0.884851 0.504457
vt 0.897598 0.506368
vt 0.848640 0.500790
vt 0.912492 0.502459
vt 0.811835 0.498938
vt 0.880693 0.494551
vt 0.339729 0.009549
vt 0.339729 0.022576
vt 0.332205 0.016437
vt 0.793720 0.495137
vt 0.888681 0.495407
vt 0.807977 0.496072
vt 0.927520 0.487789
vt 0.041008 0.494673
vt 0.046275 0.492598
vt 0.046275 0.514064
vt 0.907431 0.484235
vt 0.881490 0.263742
vt 0.876867 0.267580
vt 0.875470 0.250557
vt 0.335723 0.006292
vt 0.802360 0.491870
vt 0.789800 0.493009
vt 0.913921 0.492976
vt 0.915249 0.486230
vt 0.899746 0.484797
vt 0.281791 0.146838
vt 0.287058 0.123982
vt 0.287058 0.150629
vt 0.873849 0.483137
vt 0.080135 0.918209
vt 0.080135 0.925611
vt 0.076373 0.923523
vt 0.295335 0.091671
vt 0.301354 0.086973
vt 0.301354 0.092154
vt 0.814970 0.492469
vt 0.807661 0.488850
vt 0.801599 0.484585
vt 0.790672 0.488167
vt 0.785838 0.488367
vt 0.820626 0.492770
vt 0.820854 0.500996
vt 0.823408 0.490770
vt 0.818513 0.489775
vt 0.811197 0.486724
vt 0.897046 0.472511
vt 0.881490 0.241673
vt 0.818219 0.489301
vt 0.515843 0.162472
vt 0.513544 0.164693
vt 0.518059 0.164693
vt 0.782690 0.480378
vt 0.810418 0.479622
vt 0.656099 0.215026
vt 0.657261 0.212805
vt 0.653499 0.212805
vt 0.806299 0.485417
vt 0.805438 0.482523
vt 0.793595 0.464684
vt 0.788051 0.479240
vt 0.785467 0.481360
vt 0.983044 0.817543
vt 0.981565 0.820503
vt 0.985327 0.820503
vt 0.199552 0.163953
vt 0.198269 0.166173
vt 0.204289 0.166173
vt 0.938188 0.481409
vt 0.883168 0.483145
vt 0.805963 0.477130
vt 0.786907 0.474732
vt 0.785849 0.476723
vt 0.129044 0.973723
vt 0.135816 0.973723
vt 0.130969 0.971503
vt 0.907846 0.473997
vt 0.810452 0.473053
vt 0.813407 0.468975
vt 0.808138 0.468901
vt 0.930811 0.463678
vt 0.840858 0.195041
vt 0.840858 0.200222
vt 0.837096 0.196211
vt 0.915953 0.467474
vt 0.897170 0.467540
vt 0.891622 0.461674
vt 0.804845 0.456177
vt 0.814350 0.462072
vt 0.912073 0.462150
vt 0.940933 0.452150
vt 0.886609 0.449523
vt 0.782950 0.456597
vt 0.789296 0.470216
vt 0.904075 0.445065
vt 0.901863 0.443759
vt 0.793878 0.445764
vt 0.911938 0.447523
vt 0.785497 0.445625
vt 0.781415 0.438718
vt 0.802243 0.438998
vt 0.809345 0.432435
vt 0.805046 0.437886
vt 0.798609 0.433401
vt 0.897766 0.435471
vt 0.909091 0.426966
vt 0.914133 0.434373
vt 0.887829 0.416358
vt 0.903577 0.430535
vt 0.838798 0.966235
vt 0.839941 0.950197
vt 0.831828 0.949085
vt 0.846433 0.961333
vt 0.847934 0.978126
vt 0.849930 0.953218
vt 0.334462 0.291278
vt 0.348758 0.300888
vt 0.341709 0.289526
vt 0.852958 0.950120
vt 0.852327 0.939411
vt 0.252806 0.309030
vt 0.256960 0.320873
vt 0.250941 0.320873
vt 0.334591 0.273310
vt 0.345529 0.247990
vt 0.261475 0.374167
vt 0.254703 0.366548
vt 0.261475 0.361584
vt 0.860459 0.959345
vt 0.335172 0.242601
vt 0.982318 0.538490
vt 0.981855 0.531828
vt 0.977803 0.538490
vt 0.857256 0.967011
vt 0.854941 0.862450
vt 0.837628 0.861518
vt 0.844412 0.877897
vt 0.880486 0.888406
vt 0.853696 0.906431
vt 0.348758 0.211325
vt 0.872337 0.941383
vt 0.874630 0.985720
vt 0.866186 0.979598
vt 0.896572 0.917118
vt 0.897976 0.980998
vt 0.884548 0.866771
vt 0.884497 0.993421
vt 0.922455 0.996332
vt 0.909905 0.950069
vt 0.158260 0.949297
vt 0.130549 0.949297
vt 0.143326 0.941155
vt 0.899068 0.885817
vt 0.927295 0.973088
vt 0.908016 0.890557
vt 0.905474 0.879234
vt 0.538375 0.150629
vt 0.540543 0.146188
vt 0.558691 0.150629
vt 0.469902 0.779793
vt 0.469902 0.786454
vt 0.465388 0.780203
vt 0.933219 0.983015
vt 0.180155 0.941700
vt 0.902746 0.888269
vt 0.890336 0.641027
vt 0.893529 0.640873
vt 0.889417 0.647298
vt 0.917593 0.856345
vt 0.880881 0.639156
vt 0.919950 0.893923
vt 0.926288 0.921124
vt 0.925194 0.943698
vt 0.922118 0.958548
vt 0.872460 0.647298
vt 0.930030 0.930629
vt 0.932464 0.942002
vt 0.923526 0.907735
vt 0.941186 0.975939
vt 0.190396 0.944968
vt 0.916896 0.876490
vt 0.923133 0.875960
vt 0.945599 0.987764
vt 0.943737 0.980156
vt 0.363807 0.845976
vt 0.363807 0.839748
vt 0.358540 0.844321
vt 0.360355 0.851591
vt 0.929794 0.876518
vt 0.936227 0.882964
vt 0.937559 0.902763
vt 0.944226 0.970441
vt 0.649462 0.042561
vt 0.647532 0.039197
vt 0.643717 0.042561
vt 0.644264 0.037805
vt 0.947705 0.994915
vt 0.946046 0.999630
vt 0.041011 0.091414
vt 0.016178 0.096595
vt 0.043266 0.096595
vt 0.946235 0.914278
vt 0.937177 0.929990
vt 0.941990 0.978429
vt 0.649737 0.037380
vt 0.939938 0.892188
vt 0.943320 0.906749
vt 0.760346 0.310511
vt 0.760346 0.316432
vt 0.755079 0.312531
vt 0.948734 0.982878
vt 0.950252 0.925520
vt 0.948120 0.974575
vt 0.948368 0.972157
vt 0.916203 0.604399
vt 0.911624 0.607328
vt 0.910083 0.600551
vt 0.952912 0.984563
vt 0.971121 0.988683
vt 0.939589 0.889731
vt 0.924240 0.602796
vt 0.918545 0.606321
vt 0.921206 0.599863
vt 0.954084 0.976052
vt 0.727636 0.352627
vt 0.727991 0.355662
vt 0.723954 0.355662
vt 0.723476 0.351961
vt 0.940674 0.861583
vt 0.934207 0.873314
vt 0.952301 0.981921
vt 0.953375 0.997919
vt 0.932178 0.911709
vt 0.955462 0.980831
vt 0.958184 0.977086
vt 0.727239 0.472613
vt 0.723476 0.472613
vt 0.723541 0.467432
vt 0.961831 0.979373
vt 0.221595 0.943167
vt 0.953789 0.849964
vt 0.945697 0.878798
vt 0.967468 0.911564
vt 0.957344 0.889829
vt 0.954122 0.898521
vt 0.926550 0.595498
vt 0.930022 0.597752
vt 0.944006 0.604767
vt 0.934744 0.598985
vt 0.933535 0.594794
vt 0.951498 0.869328
vt 0.955511 0.875777
vt 0.941518 0.601280
vt 0.946471 0.591784
vt 0.980778 0.979463
vt 0.967869 0.975927
vt 0.975236 0.894025
vt 0.966514 0.859910
vt 0.958517 0.871548
vt 0.969666 0.873090
vt 0.960432 0.865771
vt 0.980813 0.884801
vt 0.962754 0.607328
vt 0.966664 0.865429
vt 0.976549 0.879887
vt 0.980778 0.844930
vt 0.971614 0.862436
vt 0.815228 0.608874
vt 0.830324 0.611769
vt 0.813971 0.590605
vt 0.786088 0.592974
vt 0.795365 0.589070
vt 0.780261 0.574850
vt 0.798872 0.575246
vt 0.760388 0.567311
vt 0.785121 0.550417
vt 0.763115 0.550311
vt 0.746787 0.538993
vt 0.746615 0.554084
vt 0.739259 0.532349
vt 0.762416 0.517114
vt 0.789818 0.518836
vt 0.743893 0.506587
vt 0.735515 0.500974
vt 0.770750 0.478610
vt 0.737162 0.471719
vt 0.751562 0.463699
vt 0.742799 0.433746
vt 0.736198 0.431382
vt 0.780467 0.437039
vt 0.755018 0.405124
vt 0.744297 0.404648
vt 0.776870 0.396307
vt 0.752630 0.373737
vt 0.778029 0.367034
vt 0.798270 0.360784
vt 0.764423 0.362704
vt 0.783620 0.343501
vt 0.772786 0.343088
vt 0.806606 0.332339
vt 0.797001 0.327796
vt 0.824123 0.314952
vt 0.830324 0.319785
vt 0.990172 0.478709
vt 0.994357 0.494078
vt 0.983246 0.490523
vt 0.977052 0.475072
vt 0.982970 0.464486
vt 0.973401 0.448997
vt 0.991967 0.443654
vt 0.985213 0.434612
vt 0.975847 0.414211
vt 0.985902 0.399170
vt 0.978613 0.381043
vt 0.972536 0.381761
vt 0.984740 0.352888
vt 0.973914 0.349693
vt 0.975471 0.316998
vt 0.987871 0.310639
vt 0.982601 0.279387
vt 0.973592 0.292109
vt 0.991075 0.262930
vt 0.974215 0.267004
vt 0.982295 0.250866
vt 0.975905 0.244876
vt 0.991162 0.231613
vt 0.985468 0.218544
vt 0.994357 0.216913
vt 0.982975 0.209845
vt 0.638346 0.031559
vt 0.633944 0.019615
vt 0.660464 0.027345
vt 0.709693 0.025969
vt 0.693874 0.040340
vt 0.690858 0.025579
vt 0.677843 0.036611
vt 0.610465 0.026541
vt 0.713695 0.039640
vt 0.606680 0.032994
vt 0.598200 0.027167
vt 0.586249 0.038338
vt 0.567720 0.040340
vt 0.253798 0.616587
vt 0.255455 0.576240
vt 0.243416 0.586161
vt 0.255455 0.652333
vt 0.248014 0.648830
vt 0.247100 0.627649
vt 0.251570 0.660622
vt 0.245736 0.375424
vt 0.250941 0.404515
vt 0.238386 0.393168
vt 0.232678 0.366929
vt 0.238578 0.329044
vt 0.229396 0.323236
vt 0.221731 0.334240
vt 0.222261 0.287618
vt 0.213163 0.303934
vt 0.232074 0.289635
vt 0.213240 0.263101
vt 0.232465 0.261890
vt 0.221391 0.239184
vt 0.233885 0.228077
vt 0.211061 0.238085
vt 0.226576 0.206725
vt 0.216844 0.204573
vt 0.238679 0.188611
vt 0.227169 0.172125
vt 0.246174 0.145975
vt 0.238303 0.133685
vt 0.250941 0.121021
vt 0.055305 0.112139
vt 0.052295 0.110163
vt 0.055305 0.103997
vt 0.926637 0.355720
vt 0.913484 0.350565
vt 0.921937 0.362324
vt 0.918647 0.334152
vt 0.906855 0.313242
vt 0.903030 0.339466
vt 0.894841 0.311840
vt 0.916439 0.307752
vt 0.893975 0.283473
vt 0.911539 0.270874
vt 0.901446 0.272144
vt 0.891456 0.253589
vt 0.903170 0.241628
vt 0.888772 0.225133
vt 0.913301 0.229781
vt 0.903182 0.213607
vt 0.892272 0.189326
vt 0.907403 0.169414
vt 0.898293 0.160430
vt 0.888262 0.154199
vt 0.902682 0.131713
vt 0.913796 0.128145
vt 0.895398 0.106672
vt 0.915596 0.104585
vt 0.903587 0.101185
vt 0.914572 0.090356
vt 0.906646 0.083831
vt 0.926637 0.079571
vt 0.261475 0.279673
vt 0.247003 0.287872
vt 0.260409 0.292746
vt 0.261475 0.262397
vt 0.241911 0.266209
vt 0.246628 0.260513
vt 0.254258 0.257154
vt 0.246372 0.249075
vt 0.266742 0.266927
vt 0.273514 0.271281
vt 0.273514 0.262344
vt 0.266978 0.254996
vt 0.525560 0.143702
vt 0.532355 0.158319
vt 0.528522 0.136298
vt 0.526925 0.164693
vt 0.524831 0.131118
vt 0.526485 0.130036
vt 0.525868 0.117468
vt 0.530990 0.125345
vt 0.532355 0.106958
vt 0.025073 0.839836
vt 0.003386 0.848631
vt 0.011570 0.827468
vt 0.043747 0.819911
vt 0.055130 0.799518
vt 0.020414 0.801468
vt 0.042599 0.784474
vt 0.051102 0.833176
vt 0.063836 0.775825
vt 0.073738 0.821204
vt 0.089817 0.784611
vt 0.088353 0.826826
vt 0.095452 0.772036
vt 0.104666 0.803864
vt 0.129365 0.818696
vt 0.134728 0.784087
vt 0.124695 0.767423
vt 0.572574 0.368106
vt 0.580061 0.372687
vt 0.588771 0.360523
vt 0.582355 0.346152
vt 0.496997 0.305864
vt 0.483198 0.329417
vt 0.489240 0.331441
vt 0.146689 0.828402
vt 0.118409 0.829711
vt 0.592126 0.346010
vt 0.587745 0.337013
vt 0.592490 0.334602
vt 0.596794 0.332497
vt 0.597065 0.344827
vt 0.165537 0.767965
vt 0.392239 0.299967
vt 0.391729 0.315501
vt 0.398484 0.315692
vt 0.459060 0.300207
vt 0.443567 0.293402
vt 0.452683 0.314614
vt 0.584697 0.330974
vt 0.575355 0.338878
vt 0.592769 0.333672
vt 0.409259 0.292789
vt 0.403237 0.289130
vt 0.406170 0.309739
vt 0.487774 0.302485
vt 0.576126 0.315687
vt 0.571145 0.336621
vt 0.166833 0.812247
vt 0.418827 0.280826
vt 0.418909 0.301874
vt 0.430775 0.305180
vt 0.393935 0.289597
vt 0.590785 0.311723
vt 0.391455 0.291869
vt 0.466338 0.286429
vt 0.459719 0.275079
vt 0.464611 0.294638
vt 0.411150 0.285185
vt 0.502244 0.288640
vt 0.467669 0.293051
vt 0.802964 0.416329
vt 0.805140 0.412802
vt 0.811512 0.419319
vt 0.394073 0.284157
vt 0.388638 0.290523
vt 0.411048 0.273489
vt 0.399839 0.268928
vt 0.925179 0.684308
vt 0.918360 0.685867
vt 0.923251 0.688749
vt 0.408959 0.278238
vt 0.191533 0.827076
vt 0.798594 0.419319
vt 0.796463 0.412657
vt 0.931904 0.688749
vt 0.647479 0.503701
vt 0.642212 0.502796
vt 0.647479 0.497779
vt 0.515223 0.288545
vt 0.416654 0.258322
vt 0.519676 0.287958
vt 0.519361 0.299070
vt 0.193066 0.781683
vt 0.525311 0.274639
vt 0.523887 0.283948
vt 0.425508 0.258171
vt 0.481433 0.276375
vt 0.452897 0.250247
vt 0.746050 0.141007
vt 0.739278 0.120247
vt 0.746050 0.116580
vt 0.537601 0.279775
vt 0.533820 0.274957
vt 0.578725 0.287533
vt 0.480400 0.263354
vt 0.408733 0.255659
vt 0.470502 0.261439
vt 0.492382 0.261324
vt 0.544511 0.272844
vt 0.211325 0.811443
vt 0.591863 0.286393
vt 0.419834 0.240089
vt 0.583649 0.283315
vt 0.193593 0.763508
vt 0.205348 0.771278
vt 0.464353 0.245570
vt 0.499135 0.263940
vt 0.430775 0.237232
vt 0.699398 0.047002
vt 0.692626 0.047307
vt 0.695422 0.050501
vt 0.699398 0.051443
vt 0.407931 0.248835
vt 0.593662 0.283095
vt 0.488928 0.254756
vt 0.427443 0.237756
vt 0.543769 0.258228
vt 0.556607 0.268222
vt 0.582141 0.252136
vt 0.596913 0.258304
vt 0.596411 0.286330
vt 0.483217 0.249781
vt 0.577902 0.277277
vt 0.519706 0.247266
vt 0.513799 0.261268
vt 0.561991 0.258399
vt 0.574754 0.272059
vt 0.552481 0.263937
vt 0.479365 0.239051
vt 0.484089 0.244105
vt 0.493305 0.241585
vt 0.523637 0.263395
vt 0.568565 0.267265
vt 0.233722 0.825966
vt 0.225095 0.771791
vt 0.461700 0.213424
vt 0.484340 0.237527
vt 0.482254 0.232518
vt 0.479654 0.238868
vt 0.547710 0.222885
vt 0.235982 0.787384
vt 0.495318 0.205029
vt 0.259238 0.808423
vt 0.587368 0.228137
vt 0.597065 0.226690
vt 0.257285 0.789711
vt 0.568350 0.213727
vt 0.257174 0.829968
vt 0.523352 0.194884
vt 0.580834 0.210723
vt 0.586171 0.214072
vt 0.588510 0.212307
vt 0.555358 0.197791
vt 0.833333 0.343819
vt 0.829988 0.340859
vt 0.826561 0.343819
vt 0.833076 0.341097
vt 0.586748 0.209929
vt 0.561820 0.194761
vt 0.480718 0.183004
vt 0.456876 0.175253
vt 0.542233 0.191252
vt 0.513615 0.184555
vt 0.550581 0.192366
vt 0.278319 0.819813
vt 0.561593 0.187185
vt 0.283415 0.837914
vt 0.548631 0.189357
vt 0.558277 0.181951
vt 0.279429 0.806545
vt 0.545248 0.183068
vt 0.537859 0.180688
vt 0.536038 0.189638
vt 0.545665 0.175056
vt 0.294495 0.846963
vt 0.287921 0.847896
vt 0.294870 0.831016
vt 0.301354 0.848631
vt 0.690369 0.195575
vt 0.687405 0.207624
vt 0.667696 0.185811
vt 0.676684 0.177196
vt 0.682231 0.165766
vt 0.635810 0.861028
vt 0.628273 0.866233
vt 0.646539 0.869551
vt 0.722688 0.856743
vt 0.698996 0.864412
vt 0.727363 0.865227
vt 0.675992 0.859511
vt 0.672766 0.873075
vt 0.626919 0.852676
vt 0.657540 0.865315
vt 0.651337 0.855004
vt 0.652242 0.150047
vt 0.753549 0.864641
vt 0.759972 0.863813
vt 0.686058 0.849267
vt 0.629878 0.833960
vt 0.802714 0.879719
vt 0.718202 0.846670
vt 0.638240 0.161794
vt 0.835158 0.851177
vt 0.817321 0.849405
vt 0.656892 0.141093
vt 0.679936 0.841206
vt 0.754547 0.842262
vt 0.652175 0.823241
vt 0.621981 0.827910
vt 0.798863 0.837612
vt 0.838854 0.828639
vt 0.857412 0.847040
vt 0.834120 0.841465
vt 0.217081 0.615820
vt 0.220034 0.584382
vt 0.226862 0.602825
vt 0.746163 0.822957
vt 0.703349 0.812685
vt 0.825551 0.836156
vt 0.781996 0.827618
vt 0.835530 0.826916
vt 0.825228 0.821976
vt 0.627148 0.800855
vt 0.619731 0.125335
vt 0.226862 0.632862
vt 0.630176 0.116362
vt 0.653284 0.792340
vt 0.809327 0.785119
vt 0.610292 0.140797
vt 0.780626 0.791453
vt 0.826760 0.800285
vt 0.836492 0.798567
vt 0.219267 0.648779
vt 0.817157 0.789000
vt 0.719902 0.781631
vt 0.823151 0.767870
vt 0.621693 0.784473
vt 0.663382 0.761236
vt 0.594068 0.119136
vt 0.835042 0.770721
vt 0.843926 0.776994
vt 0.628395 0.772642
vt 0.618271 0.778777
vt 0.584003 0.121744
vt 0.466140 0.866395
vt 0.433785 0.866395
vt 0.455338 0.864175
vt 0.604682 0.094154
vt 0.591076 0.092949
vt 0.744532 0.745250
vt 0.781641 0.748898
vt 0.619253 0.766089
vt 0.567554 0.101351
vt 0.616629 0.747865
vt 0.617025 0.773883
vt 0.816552 0.743439
vt 0.837220 0.740602
vt 0.624463 0.737344
vt 0.709804 0.744129
vt 0.683721 0.726204
vt 0.829295 0.729087
vt 0.807068 0.730422
vt 0.571290 0.064724
vt 0.773018 0.715757
vt 0.727323 0.713572
vt 0.551935 0.065011
vt 0.642359 0.717719
vt 0.540318 0.073898
vt 0.818378 0.713038
vt 0.620138 0.711417
vt 0.828272 0.706986
vt 0.845353 0.694982
vt 0.100523 0.849695
vt 0.099699 0.834883
vt 0.110986 0.833087
vt 0.812441 0.706666
vt 0.774154 0.703201
vt 0.744000 0.702706
vt 0.110986 0.863434
vt 0.799655 0.695102
vt 0.666858 0.699840
vt 0.771720 0.691646
vt 0.634051 0.691265
vt 0.818147 0.694204
vt 0.722915 0.691118
vt 0.697710 0.697653
vt 0.832349 0.686911
vt 0.666358 0.689227
vt 0.796368 0.686099
vt 0.742161 0.686452
vt 0.621906 0.688980
vt 0.821513 0.680681
vt 0.796495 0.676203
vt 0.538798 0.041560
vt 0.825397 0.676907
vt 0.762145 0.682963
vt 0.701470 0.680800
vt 0.628258 0.676582
vt 0.375694 0.189230
vt 0.359103 0.207624
vt 0.347313 0.199304
vt 0.523850 0.048554
vt 0.520866 0.057328
vt 0.728102 0.675273
vt 0.657040 0.676549
vt 0.364516 0.177976
vt 0.758834 0.674939
vt 0.831636 0.662601
vt 0.844073 0.661906
vt 0.398112 0.151131
vt 0.401882 0.163494
vt 0.424123 0.143372
vt 0.682707 0.667900
vt 0.426706 0.125623
vt 0.505599 0.045111
vt 0.644848 0.665258
vt 0.451978 0.108282
vt 0.618835 0.658366
vt 0.333978 0.196243
vt 0.332981 0.205343
vt 0.326353 0.203104
vt 0.513594 0.024051
vt 0.333488 0.179900
vt 0.395484 0.116393
vt 0.479040 0.083058
vt 0.445915 0.088356
vt 0.474102 0.059084
vt 0.495350 0.062549
vt 0.319413 0.187402
vt 0.494550 0.035021
vt 0.357756 0.145260
vt 0.840814 0.638556
vt 0.831609 0.632351
vt 0.328109 0.167623
vt 0.484299 0.043743
vt 0.853457 0.636938
vt 0.423470 0.078066
vt 0.464987 0.044242
vt 0.478740 0.028098
vt 0.344334 0.145074
vt 0.493052 0.016654
vt 0.367145 0.125241
vt 0.442225 0.060959
vt 0.326586 0.159886
vt 0.846613 0.627997
vt 0.394544 0.096144
vt 0.475456 0.018709
vt 0.836618 0.621392
vt 0.857412 0.623381
vt 0.363428 0.118541
vt 0.429529 0.061952
vt 0.403312 0.076645
vt 0.454508 0.035076
vt 0.348628 0.815446
vt 0.348097 0.814385
vt 0.346501 0.821244
vt 0.354026 0.819782
vt 0.354026 0.810141
vt 0.350464 0.815063
vt 0.325650 0.345139
vt 0.324363 0.351961
vt 0.325296 0.344560
vt 0.313394 0.350733
vt 0.336719 0.351961
vt 0.326554 0.347384
vt 0.666290 0.118061
vt 0.658766 0.116045
vt 0.666290 0.109178
vt 0.179159 0.171733
vt 0.183973 0.142487
vt 0.172347 0.163104
vt 0.166918 0.197930
vt 0.174013 0.207553
vt 0.164657 0.234095
vt 0.171043 0.244099
vt 0.162904 0.267656
vt 0.172083 0.272847
vt 0.165872 0.311785
vt 0.176218 0.322007
vt 0.176759 0.354711
vt 0.166615 0.351364
vt 0.173908 0.380985
vt 0.183973 0.388456
vt 0.180626 0.401554
vt 0.829330 0.186823
vt 0.835591 0.149889
vt 0.825945 0.157338
vt 0.821478 0.192819
vt 0.825333 0.209924
vt 0.821871 0.216154
vt 0.826875 0.217494
vt 0.078631 0.107698
vt 0.075621 0.105547
vt 0.078631 0.098816
vt 0.822144 0.225020
vt 0.819789 0.224085
vt 0.835591 0.236236
vt 0.827183 0.233557
vt 0.825519 0.224466
vt 0.835591 0.412657
vt 0.831076 0.412657
vt 0.833742 0.410437
vt 0.823737 0.226785
vt 0.822870 0.229312
vt 0.826600 0.240192
vt 0.446986 0.989357
vt 0.444319 0.977806
vt 0.465558 0.982900
vt 0.457317 0.974302
vt 0.481509 0.991849
vt 0.482593 0.974987
vt 0.515834 0.984079
vt 0.512561 0.973759
vt 0.513654 0.992406
vt 0.539680 0.976990
vt 0.544669 0.994449
vt 0.544818 0.973723
vt 0.554445 0.985495
vt 0.553947 0.977117
vt 0.571396 0.975767
vt 0.551547 0.975055
vt 0.576426 0.993731
vt 0.577370 0.982819
vt 0.600826 0.988406
vt 0.607934 0.976488
vt 0.621476 0.983791
vt 0.624187 0.991776
vt 0.628927 0.976430
vt 0.638078 0.980382
vt 0.645222 0.994449
vt 0.985801 0.710394
vt 0.990594 0.696151
vt 0.990594 0.716876
vt 0.983822 0.715034
vt 0.274384 0.673945
vt 0.253950 0.676906
vt 0.281791 0.676906
vt 0.817532 0.903296
vt 0.824304 0.889341
vt 0.824304 0.918845
vt 0.820691 0.921170
vt 0.240406 0.967230
vt 0.246426 0.952998
vt 0.246426 0.980848
vt 0.240842 0.984086
vt 0.814836 0.663583
vt 0.798485 0.670244
vt 0.828819 0.670244
vt 0.793454 0.664832
vt 0.081943 0.898964
vt 0.086907 0.905625
vt 0.079955 0.904203
vt 0.067850 0.899525
vt 0.045825 0.904864
vt 0.044691 0.899602
vt 0.009406 0.905625
vt 0.516801 0.146188
vt 0.508105 0.149852
vt 0.518059 0.152110
vt 0.493201 0.146326
vt 0.492437 0.152110
vt 0.479684 0.149546
vt 0.647624 0.062771
vt 0.627916 0.063286
vt 0.646668 0.058516
vt 0.666015 0.056862
vt 0.671965 0.060769
vt 0.693012 0.056625
vt 0.694131 0.063286
vt 0.209636 0.574759
vt 0.217081 0.581421
vt 0.202804 0.581421
vt 0.200527 0.579697
vt 0.213954 0.538490
vt 0.202694 0.552521
vt 0.214071 0.546142
vt 0.202362 0.561122
vt 0.188666 0.571212
vt 0.982690 0.118801
vt 0.971688 0.090635
vt 0.984575 0.105803
vt 0.189615 0.584150
vt 0.976385 0.084484
vt 0.177201 0.595183
vt 0.978329 0.784844
vt 0.999624 0.779681
vt 0.993681 0.793538
vt 0.975048 0.061240
vt 0.959619 0.788194
vt 0.980625 0.801998
vt 0.978333 0.654046
vt 0.989079 0.651437
vt 0.993235 0.655186
vt 0.970278 0.061597
vt 0.184897 0.609902
vt 0.975885 0.659133
vt 0.938756 0.800009
vt 0.984575 0.044782
vt 0.980387 0.666119
vt 0.984173 0.672340
vt 0.978418 0.675504
vt 0.842929 0.381404
vt 0.846125 0.354182
vt 0.841129 0.367293
vt 0.956836 0.777659
vt 0.969718 0.779234
vt 0.178792 0.618896
vt 0.840105 0.389428
vt 0.956561 0.670933
vt 0.975706 0.648779
vt 0.987353 0.651319
vt 0.962406 0.774864
vt 0.109422 0.984684
vt 0.089917 0.989848
vt 0.100549 0.975378
vt 0.962674 0.653051
vt 0.934687 0.785230
vt 0.958677 0.674279
vt 0.126667 0.983921
vt 0.107715 0.992228
vt 0.128993 0.992228
vt 0.020210 0.914508
vt 0.013168 0.920429
vt 0.022197 0.920429
vt 0.126055 0.976610
vt 0.111848 0.969163
vt 0.119611 0.982325
vt 0.843555 0.395658
vt 0.949726 0.772976
vt 0.189232 0.631644
vt 0.342739 0.982605
vt 0.350263 0.982605
vt 0.345428 0.975944
vt 0.956048 0.680079
vt 0.952963 0.678444
vt 0.937840 0.772700
vt 0.891272 0.364284
vt 0.895034 0.358623
vt 0.895034 0.370466
vt 0.123166 0.968542
vt 0.933273 0.744794
vt 0.947042 0.754870
vt 0.942770 0.760185
vt 0.189270 0.646399
vt 0.191740 0.630775
vt 0.196840 0.635947
vt 0.202209 0.625018
vt 0.204466 0.639341
vt 0.840587 0.408216
vt 0.943914 0.771117
vt 0.939660 0.766877
vt 0.194568 0.642488
vt 0.193906 0.636834
vt 0.948000 0.675283
vt 0.846125 0.403267
vt 0.922874 0.288913
vt 0.924379 0.292746
vt 0.924379 0.285344
vt 0.563205 0.967802
vt 0.556606 0.958919
vt 0.555681 0.967802
vt 0.943889 0.654666
vt 0.946691 0.674280
vt 0.942485 0.679725
vt 0.931510 0.761123
vt 0.151618 0.984726
vt 0.935237 0.671291
vt 0.923563 0.766671
vt 0.201099 0.654517
vt 0.920088 0.724293
vt 0.950258 0.745061
vt 0.928775 0.736798
vt 0.208892 0.654675
vt 0.924247 0.757456
vt 0.918881 0.744137
vt 0.209986 0.661983
vt 0.936020 0.680746
vt 0.933392 0.658587
vt 0.927431 0.651493
vt 0.911375 0.783147
vt 0.621181 0.394228
vt 0.616629 0.396373
vt 0.624254 0.389711
vt 0.237134 0.607328
vt 0.230625 0.613990
vt 0.239654 0.613990
vt 0.931734 0.666197
vt 0.930338 0.676103
vt 0.931468 0.679618
vt 0.434585 0.822760
vt 0.429723 0.821984
vt 0.427765 0.827905
vt 0.926874 0.674647
vt 0.928539 0.657524
vt 0.873855 0.576522
vt 0.872460 0.582161
vt 0.877728 0.581812
vt 0.877728 0.575500
vt 0.936418 0.807920
vt 0.933869 0.801998
vt 0.931904 0.807920
vt 0.913844 0.765953
vt 0.915567 0.729321
vt 0.628522 0.395217
vt 0.629702 0.393811
vt 0.634688 0.396373
vt 0.922000 0.665758
vt 0.442814 0.827905
vt 0.635440 0.191340
vt 0.625658 0.190592
vt 0.635440 0.186899
vt 0.909512 0.750954
vt 0.920955 0.671986
vt 0.926261 0.675131
vt 0.926572 0.681147
vt 0.908038 0.682991
vt 0.204026 0.672382
vt 0.912460 0.658096
vt 0.902936 0.800118
vt 0.678330 0.919689
vt 0.700150 0.919689
vt 0.688317 0.913768
vt 0.902288 0.654277
vt 0.906783 0.767549
vt 0.214071 0.673205
vt 0.912397 0.697598
vt 0.915967 0.693542
vt 0.929547 0.705898
vt 0.897051 0.771594
vt 0.895235 0.712764
vt 0.916474 0.682362
vt 0.900040 0.765544
vt 0.902086 0.757386
vt 0.875555 0.789463
vt 0.881385 0.733580
vt 0.911049 0.707113
vt 0.887970 0.765516
vt 0.897124 0.766057
vt 0.871248 0.798846
vt 0.876924 0.670699
vt 0.868967 0.696055
vt 0.871059 0.661464
vt 0.853715 0.753096
vt 0.844105 0.786520
vt 0.852537 0.711103
vt 0.857591 0.671438
vt 0.843115 0.801998
vt 0.855852 0.685918
vt 0.857831 0.672362
vt 0.507510 0.090301
vt 0.510381 0.091414
vt 0.495485 0.091081
vt 0.511287 0.091081
vt 0.509468 0.088453
vt 0.154628 0.933013
vt 0.153123 0.929033
vt 0.154628 0.925611
vt 0.854892 0.678099
vt 0.723527 0.413253
vt 0.731872 0.422280
vt 0.736268 0.419687
vt 0.724854 0.408011
vt 0.728238 0.404770
vt 0.724518 0.401737
vt 0.724400 0.393529
vt 0.719714 0.392713
vt 0.730922 0.375108
vt 0.724285 0.383158
vt 0.730732 0.368560
vt 0.736268 0.355662
vt 0.007901 0.732030
vt 0.011287 0.736121
vt 0.011663 0.730537
vt 0.011287 0.725019
vt 0.887026 0.275015
vt 0.885637 0.269601
vt 0.889876 0.269060
vt 0.892024 0.275722
vt 0.880992 0.270739
vt 0.879233 0.275722
vt 0.983070 0.524426
vt 0.989090 0.524426
vt 0.983957 0.500740
vt 0.491734 0.926351
vt 0.505267 0.926351
vt 0.498270 0.920247
vt 0.493790 0.922768
vt 0.552671 0.760548
vt 0.550414 0.757048
vt 0.552671 0.752406
vt 0.488713 0.921506
vt 0.492134 0.919689
vt 0.190732 0.863014
vt 0.187487 0.869356
vt 0.194507 0.869356
vt 0.185478 0.862694
vt 0.963506 0.583642
vt 0.963506 0.595485
vt 0.960770 0.591744
vt 0.959744 0.589391
vt 0.549661 0.140129
vt 0.552671 0.138046
vt 0.552671 0.143967
vt 0.550939 0.142680
vt 0.162173 0.998890
vt 0.134312 0.998257
vt 0.169486 0.992703
vt 0.192557 0.995533
vt 0.211053 0.990007
vt 0.235057 0.996240
vt 0.240603 0.990618
vt 0.271257 0.998890
vt 0.441309 0.885640
vt 0.405985 0.882609
vt 0.418955 0.877488
vt 0.391806 0.875867
vt 0.378489 0.881030
vt 0.367340 0.875278
vt 0.358480 0.881166
vt 0.337087 0.876298
vt 0.331659 0.882558
vt 0.307810 0.880241
vt 0.306622 0.885640
vt 0.467501 0.876018
vt 0.463584 0.874027
vt 0.469150 0.872945
vt 0.457111 0.876018
vt 0.459444 0.871577
vt 0.464696 0.872225
vt 0.278029 0.234271
vt 0.285553 0.234271
vt 0.283471 0.230387
vt 0.278650 0.229090
vt 0.375798 0.990007
vt 0.378104 0.987361
vt 0.373458 0.978051
vt 0.369104 0.981056
vt 0.370898 0.974976
vt 0.366065 0.977528
vt 0.373217 0.968721
vt 0.378104 0.956699
vt 0.370873 0.965664
vt 0.368099 0.970886
vt 0.372809 0.960671
vt 0.471690 0.921910
vt 0.468397 0.920943
vt 0.472317 0.917469
vt 0.478932 0.920943
vt 0.247969 0.853965
vt 0.254703 0.854515
vt 0.238576 0.855879
vt 0.225915 0.853072
vt 0.210590 0.856033
vt 0.199289 0.854249
vt 0.196012 0.855879
vt 0.726493 0.062738
vt 0.726837 0.058845
vt 0.742287 0.066247
vt 0.698646 0.066247
vt 0.461630 0.364545
vt 0.458616 0.368986
vt 0.470754 0.368986
vt 0.472160 0.365916
vt 0.852084 0.383227
vt 0.865689 0.387491
vt 0.850640 0.387491
vt 0.863785 0.380829
vt 0.539880 0.106958
vt 0.531319 0.104924
vt 0.530850 0.101769
vt 0.539880 0.099556
vt 0.825224 0.439304
vt 0.816780 0.443583
vt 0.825444 0.443745
vt 0.838726 0.440435
vt 0.842363 0.443583
vt 0.250188 0.944856
vt 0.275745 0.951537
vt 0.260251 0.953657
vt 0.275896 0.972211
vt 0.277980 0.975944
vt 0.255640 0.975944
vt 0.279579 0.952800
vt 0.282501 0.958087
vt 0.300581 0.967472
vt 0.300144 0.950937
vt 0.302935 0.963835
vt 0.302541 0.957356
vt 0.309727 0.960625
vt 0.304411 0.953306
vt 0.313557 0.961607
vt 0.313246 0.959108
vt 0.319909 0.964121
vt 0.324591 0.961174
vt 0.327744 0.951345
vt 0.333487 0.965252
vt 0.325451 0.965676
vt 0.327955 0.962652
vt 0.330736 0.959843
vt 0.331077 0.964681
vt 0.332184 0.961306
vt 0.337682 0.952955
vt 0.331913 0.948910
vt 0.334596 0.959303
vt 0.327504 0.949185
vt 0.333119 0.945772
vt 0.341536 0.959436
vt 0.336765 0.958315
vt 0.343933 0.967450
vt 0.351768 0.972994
vt 0.971518 0.737166
vt 0.966600 0.744264
vt 0.966516 0.736121
vt 0.984575 0.744264
vt 0.212904 0.374907
vt 0.211142 0.371207
vt 0.218585 0.373752
vt 0.200527 0.374907
vt 0.529200 0.940977
vt 0.527399 0.944856
vt 0.500752 0.944856
vt 0.521984 0.934493
vt 0.532921 0.944492
vt 0.534612 0.938166
vt 0.769375 0.238902
vt 0.765225 0.235751
vt 0.761851 0.248103
vt 0.769375 0.253633
vt 0.765721 0.255736
vt 0.202784 0.296447
vt 0.198269 0.296447
vt 0.198760 0.290777
vt 0.201395 0.290526
vt 0.602333 0.848352
vt 0.596032 0.851591
vt 0.589662 0.850006
vt 0.582017 0.851591
vt 0.591196 0.847737
vt 0.582823 0.847150
vt 0.624034 0.427461
vt 0.622649 0.433383
vt 0.627707 0.428060
vt 0.630926 0.433383
vt 0.776777 0.958179
vt 0.771496 0.953738
vt 0.786682 0.954173
vt 0.770128 0.958179
vt 0.723114 0.322322
vt 0.736268 0.327535
vt 0.733893 0.321614
vt 0.718962 0.327535
vt 0.951467 0.630395
vt 0.955230 0.634715
vt 0.954946 0.629533
vt 0.955230 0.619911
vt 0.201540 0.254162
vt 0.201781 0.249815
vt 0.206546 0.254996
vt 0.193755 0.254996
vt 0.661776 0.024056
vt 0.655756 0.016636
vt 0.661776 0.013694
vt 0.099699 0.900161
vt 0.092927 0.904120
vt 0.099699 0.909326
vt 0.096420 0.898021
vt 0.093663 0.890081
vt 0.099699 0.897461
vt 0.445793 0.261460
vt 0.446576 0.253516
vt 0.441309 0.262515
vt 0.442766 0.263498
vt 0.442516 0.271281
vt 0.446576 0.265486
vt 0.554540 0.731526
vt 0.560891 0.725019
vt 0.587284 0.734641
vt 0.536853 0.726550
vt 0.516495 0.731320
vt 0.515301 0.725623
vt 0.496929 0.734641
vt 0.494733 0.729303
vt 0.956734 0.402295
vt 0.942626 0.401043
vt 0.935394 0.395341
vt 0.921829 0.398822
vt 0.908525 0.394153
vt 0.907786 0.398655
vt 0.903753 0.402295
vt 0.876975 0.394225
vt 0.708427 0.605848
vt 0.704214 0.614092
vt 0.708427 0.617691
vt 0.702408 0.607173
vt 0.071859 0.095115
vt 0.066058 0.110591
vt 0.071859 0.111399
vt 0.065839 0.099474
vt 0.447329 0.173432
vt 0.447329 0.148409
vt 0.442814 0.170765
vt 0.443519 0.179497
vt 0.360045 0.804959
vt 0.341234 0.804959
vt 0.349450 0.801996
vt 0.355742 0.799038
vt 0.852405 0.339090
vt 0.852146 0.334197
vt 0.854761 0.336150
vt 0.856659 0.340859
vt 0.846829 0.340859
vt 0.845372 0.334683
vt 0.327690 0.260178
vt 0.317908 0.258502
vt 0.321964 0.255694
vt 0.327690 0.253516
vt 0.641735 0.207998
vt 0.641300 0.232791
vt 0.646727 0.216416
vt 0.646727 0.191340
vt 0.639955 0.192432
vt 0.884788 0.833827
vt 0.858164 0.833827
vt 0.887727 0.831290
vt 0.872016 0.830126
vt 0.906321 0.831008
vt 0.369074 0.732528
vt 0.365912 0.738342
vt 0.351174 0.730940
vt 0.335823 0.736865
vt 0.330426 0.732564
vt 0.320166 0.738342
vt 0.616629 0.193630
vt 0.624153 0.204348
vt 0.618768 0.210585
vt 0.619175 0.187492
vt 0.624153 0.181717
vt 0.427765 0.334197
vt 0.422780 0.327831
vt 0.420993 0.319779
vt 0.427765 0.311224
vt 0.423768 0.305329
vt 0.934300 0.027017
vt 0.925884 0.031458
vt 0.936600 0.031458
vt 0.937923 0.027961
vt 0.850607 0.736475
vt 0.852144 0.740563
vt 0.847055 0.740563
vt 0.845372 0.736121
vt 0.644469 0.298738
vt 0.638450 0.301628
vt 0.639069 0.295531
vt 0.644469 0.292006
vt 0.416236 0.317913
vt 0.416467 0.322227
vt 0.413914 0.318188
vt 0.412716 0.323094
vt 0.419727 0.319767
vt 0.420241 0.323094
vt 0.628241 0.576941
vt 0.630173 0.571058
vt 0.630173 0.580681
vt 0.625483 0.574084
vt 0.624906 0.578315
vt 0.749357 0.092152
vt 0.750807 0.089798
vt 0.746241 0.093626
vt 0.746902 0.086973
vt 0.753574 0.100296
vt 0.748845 0.094476
vt 0.746050 0.100296
vt 0.904155 0.062546
vt 0.896539 0.066247
vt 0.915350 0.066247
vt 0.044759 0.560296
vt 0.039977 0.565137
vt 0.038751 0.558475
vt 0.047028 0.565137
vt 0.633935 0.562176
vt 0.633935 0.572539
vt 0.628668 0.566055
vt 0.560196 0.749301
vt 0.563832 0.767950
vt 0.564710 0.760792
vt 0.564710 0.739082
vt 0.612939 0.152337
vt 0.617382 0.155810
vt 0.617052 0.149580
vt 0.610017 0.146188
vt 0.603140 0.150445
vt 0.601580 0.155810
vt 0.000376 0.020355
vt 0.013920 0.015111
vt 0.013920 0.019704
vt 0.002210 0.013694
vt 0.299850 0.172696
vt 0.294234 0.175796
vt 0.292035 0.171355
vt 0.286305 0.175796
vt 0.485739 0.955649
vt 0.488713 0.951517
vt 0.479684 0.952947
vt 0.488713 0.964841
vt 0.311931 0.809503
vt 0.312503 0.819501
vt 0.299097 0.822724
vt 0.323092 0.809877
vt 0.314728 0.792319
vt 0.300058 0.811198
vt 0.325701 0.789687
vt 0.577502 0.822724
vt 0.564362 0.820552
vt 0.574129 0.818428
vt 0.550568 0.808814
vt 0.331714 0.767950
vt 0.529876 0.806610
vt 0.538699 0.817294
vt 0.495874 0.818780
vt 0.462289 0.810137
vt 0.475400 0.803909
vt 0.504607 0.804302
vt 0.534025 0.801024
vt 0.539594 0.806101
vt 0.542576 0.802974
vt 0.414811 0.794287
vt 0.430932 0.805682
vt 0.401484 0.800456
vt 0.446758 0.809683
vt 0.444620 0.798190
vt 0.361139 0.783838
vt 0.359574 0.791139
vt 0.341277 0.787145
vt 0.383977 0.787747
vt 0.343594 0.773894
vt 0.646215 0.617414
vt 0.648595 0.613615
vt 0.658766 0.614838
vt 0.636945 0.610289
vt 0.636988 0.619107
vt 0.354990 0.772219
vt 0.417552 0.782990
vt 0.388799 0.773489
vt 0.658766 0.625502
vt 0.650901 0.632650
vt 0.642408 0.633235
vt 0.439500 0.784504
vt 0.301354 0.859937
vt 0.312972 0.867811
vt 0.302096 0.879719
vt 0.314585 0.852110
vt 0.306907 0.839260
vt 0.327291 0.845162
vt 0.321039 0.838418
vt 0.318126 0.829611
vt 0.339235 0.824204
vt 0.422642 0.851725
vt 0.436971 0.845971
vt 0.469163 0.857755
vt 0.346382 0.831840
vt 0.542029 0.873440
vt 0.503284 0.865286
vt 0.531814 0.863840
vt 0.368505 0.828752
vt 0.395049 0.837776
vt 0.379974 0.841369
vt 0.508180 0.854367
vt 0.574289 0.868880
vt 0.596237 0.876433
vt 0.579271 0.879080
vt 0.471132 0.850332
vt 0.415629 0.832433
vt 0.601877 0.865942
vt 0.603837 0.879719
vt 0.454251 0.841866
vt 0.481467 0.843846
vt 0.539241 0.856237
vt 0.579717 0.860397
vt 0.343143 0.093681
vt 0.347688 0.107698
vt 0.352521 0.087112
vt 0.347307 0.073455
vt 0.333080 0.094437
vt 0.329195 0.078140
vt 0.337650 0.064252
vt 0.352521 0.062546
vt 0.877728 0.215332
vt 0.882511 0.242413
vt 0.883747 0.217946
vt 0.883747 0.200222
vt 0.623401 0.319397
vt 0.626411 0.318101
vt 0.625561 0.315692
vt 0.625561 0.324574
vt 0.149813 0.096256
vt 0.152916 0.088453
vt 0.177967 0.090535
vt 0.181195 0.098076
vt 0.210443 0.097138
vt 0.222348 0.089150
vt 0.135064 0.098076
vt 0.615124 0.383705
vt 0.621144 0.388971
vt 0.621144 0.381491
vt 0.619792 0.377868
vt 0.219906 0.397113
vt 0.208051 0.397113
vt 0.216557 0.390813
vt 0.220090 0.389711
vt 0.029297 0.785287
vt 0.018931 0.774107
vt 0.015924 0.788675
vt 0.029722 0.780014
vt 0.027425 0.762460
vt 0.016670 0.752598
vt 0.025109 0.746872
vt 0.019941 0.547077
vt 0.029722 0.551593
vt 0.025594 0.514518
vt 0.028653 0.594566
vt 0.018504 0.676813
vt 0.028804 0.691923
vt 0.026864 0.660880
vt 0.026927 0.717422
vt 0.016409 0.723397
vt 0.017793 0.510942
vt 0.020412 0.492237
vt 0.021775 0.627574
vt 0.009073 0.513447
vt 0.016914 0.590213
vt 0.013904 0.611173
vt 0.013413 0.637968
vt 0.009271 0.491118
vt 0.008938 0.553277
vt 0.007148 0.583701
vt 0.859083 0.321699
vt 0.858440 0.297888
vt 0.849917 0.310908
vt 0.849000 0.332778
vt 0.852039 0.330941
vt 0.860372 0.335677
vt 0.850327 0.282346
vt 0.856715 0.262773
vt 0.865788 0.234176
vt 0.856685 0.227651
vt 0.867176 0.277380
vt 0.869451 0.311525
vt 0.858261 0.189670
vt 0.868732 0.188168
vt 0.848837 0.211200
vt 0.848382 0.242427
vt 0.867671 0.153788
vt 0.858162 0.148073
vt 0.848900 0.162727
vt 0.865215 0.114787
vt 0.854499 0.119917
vt 0.851270 0.082558
vt 0.859972 0.094951
vt 0.859786 0.070424
vt 0.866846 0.077719
vt 0.860941 0.060074
vt 0.849034 0.059840
vt 0.869451 0.061054
vt 0.851728 0.049223
vt 0.747756 0.157291
vt 0.740373 0.175775
vt 0.752069 0.166551
vt 0.732847 0.164076
vt 0.728988 0.184546
vt 0.723675 0.170516
vt 0.715110 0.177382
vt 0.711966 0.203746
vt 0.719841 0.190108
vt 0.721791 0.174787
vt 0.732667 0.201676
vt 0.711070 0.238050
vt 0.707397 0.270668
vt 0.719467 0.245627
vt 0.730225 0.242509
vt 0.725571 0.215475
vt 0.715484 0.281604
vt 0.689215 0.362261
vt 0.694007 0.391923
vt 0.699648 0.351538
vt 0.703459 0.306820
vt 0.710548 0.321639
vt 0.686606 0.411133
vt 0.695104 0.447887
vt 0.701924 0.425252
vt 0.704310 0.380302
vt 0.707200 0.349586
vt 0.723623 0.549465
vt 0.733206 0.546311
vt 0.717787 0.513619
vt 0.702502 0.491933
vt 0.714545 0.546520
vt 0.707256 0.469628
vt 0.718742 0.484870
vt 0.713981 0.458404
vt 0.739224 0.652942
vt 0.751534 0.653220
vt 0.752069 0.639457
vt 0.730712 0.628443
vt 0.739297 0.614552
vt 0.726180 0.584411
vt 0.732131 0.572737
vt 0.773008 0.073106
vt 0.776043 0.119869
vt 0.767525 0.123500
vt 0.781812 0.099581
vt 0.780288 0.028260
vt 0.781179 0.059529
vt 0.770879 0.026845
vt 0.761851 0.060237
vt 0.777708 0.014890
vt 0.767015 0.011377
vt 0.779095 0.281556
vt 0.785729 0.295929
vt 0.779037 0.304589
vt 0.773510 0.241240
vt 0.784981 0.267103
vt 0.780300 0.234385
vt 0.775695 0.205782
vt 0.784489 0.200012
vt 0.775507 0.160535
vt 0.768449 0.197727
vt 0.782970 0.131177
vt 0.785246 0.159034
vt 0.761862 0.028345
vt 0.787434 0.010733
vt 0.773074 0.295804
vt 0.771021 0.304366
vt 0.769953 0.269861
vt 0.787434 0.247096
vt 0.765809 0.163167
vt 0.763654 0.090593
s 1
usemtl material_0
f 1/1/1 2/2/2 3/3/3
f 4/4/4 2/2/2 1/1/1
f 5/5/5 2/2/2 4/4/4
f 6/6/6 7/7/7 5/5/5
f 5/5/5 4/4/4 6/6/6
f 8/8/8 7/7/7 6/6/6
f 9/9/9 7/7/7 8/8/8
f 10/10/10 9/9/9 8/8/8
f 11/11/11 9/9/9 10/10/10
f 11/11/11 10/10/10 12/12/12
f 13/13/13 11/11/11 12/12/12
f 14/14/14 11/11/11 13/13/13
f 15/15/15 14/14/14 13/13/13
f 16/16/16 15/15/15 13/13/13
f 16/16/16 17/17/17 15/15/15
f 18/18/18 17/17/17 16/16/16
f 18/18/18 19/19/19 17/17/17
f 20/20/20 21/21/21 22/22/22
f 23/23/23 20/20/20 24/24/24
f 25/25/25 23/23/23 24/24/24
f 20/20/20 26/26/26 21/21/21
f 24/24/24 20/20/20 22/22/22
f 23/23/23 26/26/26 20/20/20
f 27/27/27 23/23/23 25/25/25
f 28/28/28 27/27/27 25/25/25
f 28/28/28 25/25/25 29/29/29
f 30/30/30 31/31/31 28/28/28
f 32/32/32 30/30/30 28/28/28
f 33/33/33 32/32/32 34/34/34
f 35/35/35 33/33/33 34/34/34
f 29/29/29 25/25/25 24/24/24
f 28/28/28 31/31/31 27/27/27
f 32/32/32 28/28/28 36/36/36
f 34/34/34 32/32/32 36/36/36
f 35/35/35 34/34/34 37/37/37
f 38/38/38 33/33/33 35/35/35
f 39/39/39 35/35/35 37/37/37
f 39/39/39 38/38/38 35/35/35
f 40/40/40 38/38/38 39/39/39
f 41/41/41 40/40/40 39/39/39
f 33/33/33 30/30/30 32/32/32
f 42/42/42 38/38/38 40/40/40
f 43/43/43 42/42/42 40/40/40
f 44/44/44 40/40/40 41/41/41
f 44/44/44 43/43/43 40/40/40
f 45/45/45 43/43/43 44/44/44
f 45/45/45 46/46/46 43/43/43
f 47/47/47 46/46/46 45/45/45
f 48/48/48 46/46/46 47/47/47
f 49/49/49 48/48/48 47/47/47
f 50/50/50 49/49/49 51/51/51
f 41/41/41 39/39/39 37/37/37
f 52/52/52 49/49/49 47/47/47
f 52/52/52 51/51/51 49/49/49
f 53/53/53 51/51/51 54/54/54
f 55/55/55 50/50/50 51/51/51
f 54/54/54 51/51/51 52/52/52
f 53/53/53 55/55/55 51/51/51
f 55/55/55 56/56/56 50/50/50
f 57/57/57 56/56/56 55/55/55
f 57/57/57 58/58/58 56/56/56
f 58/58/58 59/59/59 56/56/56
f 58/58/58 60/60/60 59/59/59
f 61/61/61 60/60/60 58/58/58
f 62/62/62 61/61/61 58/58/58
f 63/63/63 62/62/62 58/58/58
f 64/64/64 62/62/62 63/63/63
f 65/65/65 64/64/64 63/63/63
f 66/66/66 60/60/60 61/61/61
f 67/67/67 68/68/68 64/64/64
f 68/68/68 62/62/62 64/64/64
f 69/69/69 68/68/68 67/67/67
f 70/70/70 69/69/69 67/67/67
f 70/70/70 71/71/71 69/69/69
f 72/72/5 73/73/72 74/74/73
f 75/75/74 76/76/75 74/74/73
f 77/77/7 78/78/76 72/72/5
f 75/75/74 74/74/73 73/73/72
f 78/78/76 73/73/72 72/72/5
f 79/79/77 80/80/78 77/77/7
f 81/81/79 80/80/78 79/79/77
f 82/82/80 73/73/72 78/78/76
f 80/80/78 78/78/76 77/77/7
f 83/83/81 80/80/78 81/81/79
f 82/82/80 75/75/74 73/73/72
f 84/84/82 82/82/80 78/78/76
f 85/85/83 86/86/84 81/81/79
f 87/87/85 86/86/84 85/85/83
f 84/84/82 78/78/76 80/80/78
f 86/86/84 83/83/81 81/81/79
f 88/88/86 86/86/84 87/87/85
f 89/89/87 87/87/85 90/90/17
f 91/91/88 89/89/87 90/90/17
f 89/89/87 88/88/86 87/87/85
f 92/92/89 91/91/88 90/90/17
f 92/92/89 93/93/90 94/94/91
f 95/95/92 96/96/93 91/91/88
f 97/97/94 92/92/89 94/94/91
f 97/97/94 91/91/88 92/92/89
f 97/97/94 95/95/92 91/91/88
f 98/98/95 95/95/92 97/97/94
f 99/99/96 95/95/92 98/98/95
f 100/100/97 101/101/98 102/102/99
f 103/103/6 100/100/97 102/102/99
f 104/104/100 105/105/101 103/103/6
f 106/106/10 105/105/101 107/107/102
f 108/108/103 101/101/98 109/109/104
f 102/102/99 101/101/98 108/108/103
f 103/103/6 102/102/99 110/110/105
f 107/107/102 105/105/101 104/104/100
f 104/104/100 103/103/6 111/111/106
f 112/112/107 106/106/10 107/107/102
f 113/113/108 106/106/10 112/112/107
f 114/114/109 115/115/110 113/113/108
f 111/111/106 103/103/6 110/110/105
f 116/116/111 115/115/110 114/114/109
f 116/116/111 117/117/112 115/115/110
f 114/114/109 113/113/108 112/112/107
f 118/118/113 117/117/112 116/116/111
f 119/119/114 120/120/115 117/117/112
f 119/119/114 117/117/112 118/118/113
f 121/121/116 120/120/115 119/119/114
f 122/122/117 121/121/116 119/119/114
f 122/122/117 119/119/114 123/123/118
f 123/123/118 124/124/119 122/122/117
f 124/124/119 123/123/118 125/125/120
f 126/126/121 124/124/119 125/125/120
f 127/127/122 125/125/120 128/128/123
f 126/126/121 125/125/120 127/127/122
f 127/127/122 128/128/123 129/129/124
f 130/130/125 126/126/121 127/127/122
f 130/130/125 127/127/122 131/131/126
f 131/131/126 127/127/122 129/129/124
f 131/131/126 129/129/124 132/132/127
f 133/133/128 130/130/125 131/131/126
f 133/133/128 131/131/126 132/132/127
f 134/134/129 133/133/128 132/132/127
f 134/134/129 135/135/130 133/133/128
f 136/136/131 135/135/130 134/134/129
f 136/136/131 134/134/129 137/137/132
f 136/136/131 137/137/132 138/138/133
f 138/138/133 137/137/132 139/139/134
f 140/140/135 138/138/133 139/139/134
f 141/141/136 140/140/135 139/139/134
f 142/142/137 140/140/135 141/141/136
f 142/142/137 143/143/138 140/140/135
f 142/142/137 141/141/136 144/144/139
f 144/144/139 141/141/136 145/145/140
f 146/146/141 147/147/142 148/148/143
f 149/149/144 147/147/142 146/146/141
f 150/150/145 145/145/140 149/149/144
f 151/151/146 148/148/143 152/152/147
f 150/150/145 149/149/144 146/146/141
f 146/146/141 148/148/143 151/151/146
f 153/153/148 145/145/140 150/150/145
f 144/144/139 145/145/140 153/153/148
f 152/152/147 154/154/149 155/155/150
f 151/151/146 152/152/147 155/155/150
f 155/155/150 154/154/149 156/156/151
f 157/157/152 158/158/153 159/159/23
f 160/160/154 161/161/155 157/157/152
f 158/158/153 162/162/156 159/159/23
f 163/163/157 164/164/21 162/162/156
f 161/161/155 158/158/153 157/157/152
f 158/158/153 163/163/157 162/162/156
f 165/165/158 161/161/155 160/160/154
f 166/166/159 164/164/21 163/163/157
f 167/167/160 166/166/159 163/163/157
f 167/167/160 163/163/157 158/158/153
f 168/168/161 167/167/160 158/158/153
f 161/161/155 168/168/161 158/158/153
f 165/165/158 169/169/162 161/161/155
f 170/170/163 165/165/158 171/171/164
f 170/170/163 171/171/164 172/172/165
f 169/169/162 168/168/161 161/161/155
f 173/173/166 169/169/162 165/165/158
f 170/170/163 173/173/166 165/165/158
f 174/174/167 170/170/163 172/172/165
f 175/175/168 174/174/167 172/172/165
f 175/175/168 172/172/165 176/176/169
f 177/177/170 176/176/169 178/178/171
f 177/177/170 178/178/171 179/179/172
f 180/180/173 179/179/172 181/181/174
f 175/175/168 176/176/169 177/177/170
f 180/180/173 177/177/170 179/179/172
f 182/182/175 183/183/176 184/184/177
f 185/185/178 186/186/28 187/187/179
f 188/188/180 186/186/28 185/185/178
f 189/189/37 190/190/181 191/191/182
f 191/191/182 190/190/181 188/188/180
f 192/192/183 183/183/176 182/182/175
f 193/193/184 183/183/176 192/192/183
f 193/193/184 187/187/179 183/183/176
f 185/185/178 187/187/179 193/193/184
f 194/194/185 189/189/37 191/191/182
f 195/195/44 196/196/186 197/197/187
f 191/191/182 188/188/180 198/198/188
f 196/196/186 189/189/37 199/199/189
f 200/200/190 195/195/44 201/201/191
f 202/202/52 203/203/47 204/204/192
f 198/198/188 188/188/180 185/185/178
f 199/199/189 189/189/37 194/194/185
f 197/197/187 196/196/186 199/199/189
f 205/205/193 195/195/44 197/197/187
f 201/201/191 195/195/44 205/205/193
f 204/204/192 203/203/47 200/200/190
f 206/206/194 207/207/195 202/202/52
f 208/208/196 207/207/195 206/206/194
f 209/209/197 210/210/198 207/207/195
f 211/211/199 210/210/198 212/212/200
f 204/204/192 200/200/190 213/213/201
f 206/206/194 202/202/52 214/214/202
f 212/212/200 215/215/203 211/211/199
f 200/200/190 201/201/191 213/213/201
f 202/202/52 204/204/192 214/214/202
f 209/209/197 207/207/195 208/208/196
f 212/212/200 210/210/198 209/209/197
f 216/216/204 215/215/203 212/212/200
f 217/217/205 215/215/203 216/216/204
f 201/201/191 205/205/193 218/218/206
f 219/219/207 204/204/192 213/213/201
f 214/214/202 204/204/192 219/219/207
f 218/218/206 220/220/208 201/201/191
f 213/213/201 201/201/191 220/220/208
f 218/218/206 205/205/193 221/221/209
f 222/222/210 209/209/197 208/208/196
f 217/217/205 216/216/204 223/223/211
f 224/224/212 217/217/205 223/223/211
f 218/218/206 221/221/209 225/225/213
f 225/225/213 220/220/208 218/218/206
f 226/226/214 212/212/200 209/209/197
f 226/226/214 216/216/204 212/212/200
f 227/227/215 220/220/208 225/225/213
f 228/228/216 226/226/214 209/209/197
f 223/223/211 216/216/204 226/226/214
f 223/223/211 226/226/214 229/229/217
f 225/225/213 221/221/209 230/230/218
f 231/231/219 224/224/212 223/223/211
f 232/232/220 233/233/210 234/234/221
f 235/235/222 209/209/197 222/222/210
f 228/228/216 209/209/197 235/235/222
f 229/229/217 226/226/214 228/228/216
f 231/231/219 236/236/223 224/224/212
f 237/237/224 227/227/215 225/225/213
f 237/237/224 225/225/213 238/238/225
f 239/239/226 232/232/220 234/234/221
f 240/240/227 236/236/223 231/231/219
f 231/231/219 223/223/211 229/229/217
f 241/241/228 237/237/224 238/238/225
f 242/242/229 241/241/228 238/238/225
f 243/243/230 231/231/219 229/229/217
f 228/228/216 235/235/222 244/244/231
f 245/245/232 229/229/217 228/228/216
f 246/246/233 240/240/227 231/231/219
f 244/244/231 235/235/222 247/247/234
f 246/246/233 231/231/219 243/243/230
f 245/245/232 228/228/216 244/244/231
f 245/245/232 243/243/230 229/229/217
f 244/244/231 247/247/234 248/248/235
f 245/245/232 244/244/231 249/249/236
f 250/250/237 243/243/230 245/245/232
f 251/251/238 246/246/233 243/243/230
f 249/249/236 244/244/231 248/248/235
f 251/251/238 243/243/230 250/250/237
f 252/252/239 246/246/233 251/251/238
f 253/253/240 245/245/232 249/249/236
f 250/250/237 245/245/232 253/253/240
f 249/249/236 248/248/235 254/254/241
f 251/251/238 250/250/237 255/255/242
f 253/253/240 249/249/236 256/256/243
f 252/252/239 251/251/238 255/255/242
f 255/255/242 250/250/237 257/257/244
f 257/257/244 250/250/237 253/253/240
f 249/249/236 254/254/241 256/256/243
f 257/257/244 253/253/240 256/256/243
f 258/258/245 252/252/239 255/255/242
f 256/256/243 254/254/241 259/259/246
f 260/260/247 255/255/242 257/257/244
f 258/258/245 255/255/242 260/260/247
f 257/257/244 256/256/243 261/261/248
f 260/260/247 257/257/244 261/261/248
f 262/262/249 256/256/243 259/259/246
f 258/258/245 260/260/247 263/263/250
f 261/261/248 256/256/243 262/262/249
f 260/260/247 261/261/248 264/264/251
f 265/265/252 258/258/245 263/263/250
f 266/266/253 260/260/247 264/264/251
f 263/263/250 260/260/247 266/266/253
f 267/267/254 261/261/248 262/262/249
f 264/264/251 261/261/248 267/267/254
f 265/265/252 263/263/250 268/268/255
f 263/263/250 266/266/253 268/268/255
f 267/267/254 262/262/249 269/269/256
f 270/270/257 264/264/251 267/267/254
f 266/266/253 264/264/251 270/270/257
f 271/271/258 267/267/254 269/269/256
f 271/271/258 269/269/256 272/272/259
f 270/270/257 267/267/254 271/271/258
f 273/273/260 268/268/255 266/266/253
f 273/273/260 270/270/257 274/274/261
f 266/266/253 270/270/257 273/273/260
f 270/270/257 271/271/258 275/275/262
f 276/276/263 268/268/255 273/273/260
f 274/274/261 270/270/257 275/275/262
f 277/277/264 273/273/260 274/274/261
f 278/278/265 271/271/258 272/272/259
f 275/275/262 271/271/258 278/278/265
f 277/277/264 276/276/263 273/273/260
f 275/275/262 278/278/265 279/279/266
f 278/278/265 272/272/259 280/280/267
f 274/274/261 275/275/262 281/281/268
f 277/277/264 274/274/261 282/282/269
f 282/282/269 274/274/261 281/281/268
f 283/283/270 277/277/264 282/282/269
f 284/284/271 285/285/272 286/286/273
f 287/287/274 284/284/271 286/286/273
f 288/288/275 284/284/271 287/287/274
f 289/289/276 279/279/266 278/278/265
f 281/281/268 275/275/262 279/279/266
f 290/290/277 291/291/278 292/292/279
f 293/293/280 279/279/266 289/289/276
f 281/281/268 279/279/266 293/293/280
f 292/292/279 291/291/278 294/294/281
f 295/295/282 296/296/283 290/290/277
f 297/297/284 296/296/283 295/295/282
f 298/298/285 299/299/286 300/300/287
f 286/286/273 299/299/286 298/298/285
f 301/301/288 288/288/275 287/287/274
f 302/302/289 288/288/275 303/303/290
f 280/280/267 302/302/289 303/303/290
f 278/278/265 280/280/267 289/289/276
f 304/304/291 305/305/292 306/306/293
f 306/306/293 307/307/294 304/304/291
f 308/308/295 300/300/287 307/307/294
f 298/298/285 300/300/287 308/308/295
f 309/309/296 286/286/273 298/298/285
f 280/280/267 303/303/290 289/289/276
f 295/295/282 290/290/277 292/292/279
f 310/310/297 297/297/284 295/295/282
f 310/310/297 305/305/292 297/297/284
f 309/309/296 287/287/274 286/286/273
f 303/303/290 288/288/275 301/301/288
f 292/292/279 294/294/281 311/311/298
f 306/306/293 305/305/292 310/310/297
f 308/308/295 307/307/294 306/306/293
f 312/312/299 295/295/282 292/292/279
f 310/310/297 295/295/282 312/312/299
f 313/313/300 314/314/301 315/315/302
f 316/316/303 317/317/154 318/318/30
f 319/319/304 318/318/30 320/320/33
f 321/321/171 320/320/33 322/322/38
f 323/323/48 314/314/301 313/313/300
f 324/324/50 325/325/305 326/326/306
f 319/319/304 316/316/303 318/318/30
f 321/321/171 322/322/38 327/327/42
f 328/328/307 315/315/302 314/314/301
f 329/329/308 323/323/48 326/326/306
f 330/330/169 320/320/33 321/321/171
f 327/327/42 315/315/302 328/328/307
f 325/325/305 329/329/308 326/326/306
f 331/331/309 325/325/305 324/324/50
f 331/331/309 324/324/50 332/332/56
f 333/333/158 317/317/154 316/316/303
f 330/330/169 319/319/304 320/320/33
f 334/334/172 321/321/171 327/327/42
f 335/335/310 334/334/172 327/327/42
f 335/335/310 327/327/42 328/328/307
f 331/331/309 332/332/56 336/336/311
f 329/329/308 314/314/301 323/323/48
f 331/331/309 337/337/312 325/325/305
f 328/328/307 338/338/313 335/335/310
f 329/329/308 339/339/314 314/314/301
f 340/340/315 328/328/307 314/314/301
f 325/325/305 341/341/316 329/329/308
f 342/342/317 331/331/309 336/336/311
f 343/343/318 342/342/317 336/336/311
f 343/343/318 336/336/311 344/344/60
f 340/340/315 338/338/313 328/328/307
f 345/345/319 337/337/312 331/331/309
f 339/339/314 340/340/315 314/314/301
f 341/341/316 339/339/314 329/329/308
f 345/345/319 331/331/309 342/342/317
f 346/346/320 335/335/310 338/338/313
f 337/337/312 341/341/316 325/325/305
f 347/347/321 343/343/318 344/344/60
f 348/348/322 347/347/321 344/344/60
f 349/349/323 346/346/320 338/338/313
f 349/349/323 338/338/313 340/340/315
f 350/350/324 340/340/315 339/339/314
f 351/351/325 350/350/324 339/339/314
f 351/351/325 339/339/314 341/341/316
f 352/352/326 351/351/325 341/341/316
f 352/352/326 341/341/316 353/353/327
f 353/353/327 341/341/316 337/337/312
f 354/354/328 353/353/327 337/337/312
f 354/354/328 337/337/312 345/345/319
f 342/342/317 354/354/328 345/345/319
f 348/348/322 355/355/329 347/347/321
f 356/356/330 357/357/331 358/358/332
f 359/359/333 352/352/326 353/353/327
f 360/360/334 342/342/317 343/343/318
f 361/361/335 346/346/320 349/349/323
f 362/362/336 359/359/333 353/353/327
f 363/363/337 353/353/327 354/354/328
f 364/364/338 363/363/337 354/354/328
f 364/364/338 354/354/328 342/342/317
f 363/363/337 362/362/336 353/353/327
f 360/360/334 364/364/338 342/342/317
f 365/365/339 360/360/334 343/343/318
f 363/363/337 364/364/338 360/360/334
f 366/366/340 347/347/321 355/355/329
f 367/367/341 366/366/340 355/355/329
f 368/368/342 369/369/343 370/370/344
f 357/357/331 371/371/345 358/358/332
f 372/372/346 359/359/333 362/362/336
f 373/373/347 363/363/337 360/360/334
f 373/373/347 360/360/334 365/365/339
f 357/357/331 374/374/348 371/371/345
f 368/368/342 370/370/344 375/375/349
f 376/376/350 362/362/336 363/363/337
f 367/367/341 377/377/351 366/366/340
f 378/378/352 372/372/346 362/362/336
f 379/379/353 373/373/347 365/365/339
f 376/376/350 378/378/352 362/362/336
f 376/376/350 363/363/337 373/373/347
f 380/380/354 375/375/349 370/370/344
f 371/371/345 380/380/354 370/370/344
f 381/381/355 371/371/345 374/374/348
f 382/382/356 377/377/351 367/367/341
f 380/380/354 371/371/345 381/381/355
f 379/379/353 383/383/357 373/373/347
f 384/384/358 377/377/351 382/382/356
f 383/383/357 376/376/350 373/373/347
f 385/385/359 375/375/349 380/380/354
f 381/381/355 386/386/360 380/380/354
f 387/387/361 384/384/358 382/382/356
f 386/386/360 385/385/359 380/380/354
f 388/388/362 389/389/363 378/378/352
f 388/388/362 378/378/352 376/376/350
f 390/390/364 376/376/350 383/383/357
f 391/391/365 383/383/357 379/379/353
f 390/390/364 388/388/362 376/376/350
f 392/392/366 393/393/367 385/385/359
f 392/392/366 385/385/359 386/386/360
f 394/394/368 384/384/358 387/387/361
f 395/395/369 383/383/357 391/391/365
f 394/394/368 396/396/370 384/384/358
f 395/395/369 390/390/364 383/383/357
f 397/397/371 395/395/369 391/391/365
f 398/398/372 389/389/363 388/388/362
f 399/399/373 388/388/362 390/390/364
f 400/400/374 392/392/366 386/386/360
f 399/399/373 398/398/372 388/388/362
f 400/400/374 401/401/375 392/392/366
f 402/402/376 396/396/370 394/394/368
f 403/403/377 402/402/376 394/394/368
f 404/404/378 392/392/366 401/401/375
f 395/395/369 405/405/379 390/390/364
f 406/406/380 395/395/369 397/397/371
f 407/407/381 401/401/375 400/400/374
f 406/406/380 408/408/382 395/395/369
f 409/409/383 398/398/372 399/399/373
f 408/408/382 405/405/379 395/395/369
f 410/410/384 409/409/383 399/399/373
f 405/405/379 399/399/373 390/390/364
f 411/411/385 402/402/376 403/403/377
f 405/405/379 410/410/384 399/399/373
f 411/411/385 412/412/386 402/402/376
f 413/413/387 408/408/382 406/406/380
f 404/404/378 401/401/375 414/414/388
f 407/407/381 415/415/389 401/401/375
f 416/416/390 409/409/383 410/410/384
f 415/415/389 414/414/388 401/401/375
f 417/417/391 410/410/384 405/405/379
f 417/417/391 405/405/379 408/408/382
f 418/418/392 415/415/389 407/407/381
f 418/418/392 419/419/393 415/415/389
f 417/417/391 408/408/382 413/413/387
f 420/420/394 412/412/386 411/411/385
f 419/419/393 414/414/388 415/415/389
f 421/421/395 410/410/384 417/417/391
f 422/422/396 416/416/390 410/410/384
f 413/413/387 423/423/397 417/417/391
f 424/424/398 422/422/396 410/410/384
f 425/425/399 419/419/393 418/418/392
f 423/423/397 421/421/395 417/417/391
f 424/424/398 410/410/384 421/421/395
f 426/426/400 420/420/394 411/411/385
f 425/425/399 418/418/392 427/427/401
f 428/428/402 414/414/388 429/429/403
f 429/429/403 414/414/388 419/419/393
f 425/425/399 429/429/403 419/419/393
f 430/430/404 423/423/397 413/413/387
f 431/431/405 427/427/401 418/418/392
f 432/432/406 421/421/395 423/423/397
f 424/424/398 433/433/407 422/422/396
f 426/426/400 434/434/408 420/420/394
f 435/435/409 427/427/401 431/431/405
f 436/436/410 435/435/409 431/431/405
f 430/430/404 432/432/406 423/423/397
f 428/428/402 429/429/403 437/437/411
f 438/438/412 433/433/407 424/424/398
f 439/439/413 424/424/398 421/421/395
f 432/432/406 439/439/413 421/421/395
f 440/440/414 426/426/400 441/441/415
f 442/442/416 437/437/411 429/429/403
f 436/436/410 443/443/417 435/435/409
f 438/438/412 444/444/418 433/433/407
f 439/439/413 445/445/419 444/444/418
f 439/439/413 444/444/418 438/438/412
f 439/439/413 438/438/412 424/424/398
f 432/432/406 445/445/419 439/439/413
f 446/446/420 447/447/421 448/448/422
f 449/449/423 447/447/421 446/446/420
f 450/450/424 449/449/423 446/446/420
f 450/450/424 451/451/425 449/449/423
f 433/433/407 444/444/418 452/452/426
f 440/440/414 434/434/408 426/426/400
f 447/447/421 453/453/427 448/448/422
f 454/454/428 443/443/417 436/436/410
f 455/455/429 432/432/406 430/430/404
f 451/451/425 450/450/424 452/452/426
f 455/455/429 445/445/419 432/432/406
f 456/456/430 447/447/421 449/449/423
f 444/444/418 451/451/425 452/452/426
f 457/457/431 434/434/408 440/440/414
f 458/458/432 451/451/425 444/444/418
f 459/459/433 444/444/418 445/445/419
f 460/460/434 445/445/419 455/455/429
f 457/457/431 455/455/429 434/434/408
f 461/461/435 453/453/427 447/447/421
f 462/462/436 456/456/430 449/449/423
f 462/462/436 449/449/423 451/451/425
f 458/458/432 462/462/436 451/451/425
f 463/463/437 458/458/432 444/444/418
f 463/463/437 444/444/418 459/459/433
f 460/460/434 459/459/433 445/445/419
f 461/461/435 447/447/421 456/456/430
f 464/464/438 465/465/439 466/466/440
f 467/467/441 468/468/442 464/464/438
f 469/469/443 470/470/444 471/471/445
f 469/469/443 471/471/445 461/461/435
f 457/457/431 460/460/434 455/455/429
f 472/472/446 466/466/440 465/465/439
f 468/468/442 465/465/439 464/464/438
f 473/473/447 474/474/448 475/475/449
f 456/456/430 469/469/443 461/461/435
f 476/476/450 459/459/433 460/460/434
f 477/477/451 478/478/452 475/475/449
f 474/474/448 477/477/451 475/475/449
f 479/479/453 480/480/454 481/481/455
f 482/482/456 470/470/444 469/469/443
f 483/483/457 456/456/430 462/462/436
f 478/478/452 468/468/442 467/467/441
f 479/479/453 473/473/447 480/480/454
f 470/470/444 484/484/458 481/481/455
f 485/485/459 469/469/443 456/456/430
f 486/486/460 462/462/436 458/458/432
f 487/487/461 458/458/432 463/463/437
f 487/487/461 463/463/437 459/459/433
f 488/488/462 468/468/442 478/478/452
f 489/489/463 474/474/448 473/473/447
f 489/489/463 473/473/447 479/479/453
f 484/484/458 479/479/453 481/481/455
f 485/485/459 482/482/456 469/469/443
f 485/485/459 456/456/430 483/483/457
f 486/486/460 483/483/457 462/462/436
f 487/487/461 486/486/460 458/458/432
f 474/474/448 490/490/464 477/477/451
f 482/482/456 484/484/458 470/470/444
f 491/491/465 472/472/446 465/465/439
f 488/488/462 478/478/452 477/477/451
f 490/490/464 488/488/462 477/477/451
f 492/492/183 493/493/466 494/494/22
f 495/495/159 494/494/22 496/496/467
f 492/492/183 494/494/22 495/495/159
f 497/497/468 498/498/469 499/499/470
f 500/500/471 501/501/182 502/502/472
f 492/492/183 495/495/159 503/503/160
f 492/492/183 503/503/160 504/504/473
f 492/492/183 504/504/473 499/499/470
f 499/499/470 504/504/473 497/497/468
f 505/505/166 498/498/469 497/497/468
f 498/498/469 505/505/166 506/506/188
f 501/501/182 506/506/188 502/502/472
f 506/506/188 505/505/166 507/507/163
f 502/502/472 506/506/188 507/507/163
f 500/500/471 502/502/472 508/508/168
f 509/509/189 500/500/471 508/508/168
f 509/509/189 508/508/168 510/510/170
f 511/511/474 509/509/189 510/510/170
f 512/512/475 511/511/474 510/510/170
f 512/512/475 510/510/170 513/513/173
f 514/514/476 515/515/477 516/516/478
f 517/517/479 518/518/75 519/519/74
f 520/520/480 517/517/479 519/519/74
f 520/520/480 519/519/74 521/521/80
f 522/522/481 521/521/80 523/523/482
f 523/523/482 516/516/478 524/524/483
f 522/522/481 520/520/480 521/521/80
f 524/524/483 516/516/478 515/515/477
f 525/525/484 526/526/84 527/527/485
f 524/524/483 522/522/481 523/523/482
f 525/525/484 514/514/476 526/526/84
f 528/528/486 522/522/481 524/524/483
f 529/529/487 528/528/486 524/524/483
f 529/529/487 524/524/483 515/515/477
f 515/515/477 514/514/476 525/525/484
f 530/530/488 525/525/484 527/527/485
f 531/531/489 529/529/487 515/515/477
f 531/531/489 515/515/477 525/525/484
f 532/532/490 533/533/491 534/534/492
f 531/531/489 525/525/484 530/530/488
f 535/535/493 527/527/485 533/533/491
f 535/535/493 530/530/488 527/527/485
f 532/532/490 535/535/493 533/533/491
f 536/536/99 537/537/494 538/538/480
f 537/537/494 539/539/75 540/540/495
f 537/537/494 540/540/495 538/538/480
f 541/541/105 536/536/99 538/538/480
f 541/541/105 538/538/480 542/542/496
f 543/543/106 541/541/105 542/542/496
f 544/544/497 545/545/100 543/543/106
f 543/543/106 542/542/496 544/544/497
f 544/544/497 546/546/498 545/545/100
f 546/546/498 544/544/497 547/547/499
f 548/548/500 546/546/498 547/547/499
f 548/548/500 547/547/499 549/549/501
f 550/550/109 548/548/500 549/549/501
f 550/550/109 549/549/501 551/551/502
f 552/552/503 550/550/109 551/551/502
f 552/552/503 551/551/502 553/553/504
f 554/554/505 552/552/503 553/553/504
f 554/554/505 553/553/504 555/555/506
f 556/556/507 554/554/505 555/555/506
f 557/557/508 558/558/509 559/559/510
f 560/560/511 559/559/510 561/561/512
f 560/560/511 557/557/508 559/559/510
f 562/562/513 560/560/511 561/561/512
f 557/557/508 563/563/514 558/558/509
f 557/557/508 564/564/515 563/563/514
f 564/564/515 565/565/516 566/566/517
f 564/564/515 566/566/517 563/563/514
f 567/567/518 562/562/513 561/561/512
f 565/565/516 568/568/519 566/566/517
f 569/569/520 568/568/519 565/565/516
f 569/569/520 570/570/521 568/568/519
f 569/569/520 571/571/522 570/570/521
f 571/571/522 572/572/523 570/570/521
f 573/573/524 574/574/510 575/575/525
f 575/575/525 574/574/510 576/576/509
f 577/577/209 578/578/475 579/579/173
f 580/580/526 581/581/527 582/582/517
f 583/583/528 581/581/527 580/580/526
f 583/583/528 576/576/509 581/581/527
f 584/584/529 579/579/173 585/585/174
f 577/577/209 579/579/173 584/584/529
f 586/586/530 576/576/509 583/583/528
f 575/575/525 576/576/509 586/586/530
f 587/587/117 588/588/518 573/573/524
f 589/589/531 582/582/517 590/590/532
f 584/584/529 585/585/174 591/591/320
f 589/589/531 590/590/532 592/592/533
f 580/580/526 582/582/517 589/589/531
f 593/593/91 573/573/524 575/575/525
f 587/587/117 573/573/524 593/593/91
f 594/594/534 588/588/518 587/587/117
f 592/592/533 590/590/532 595/595/535
f 588/588/518 594/594/534 596/596/536
f 593/593/91 575/575/525 597/597/537
f 592/592/533 595/595/535 598/598/523
f 597/597/537 575/575/525 586/586/530
f 584/584/529 591/591/320 599/599/335
f 600/600/538 586/586/530 583/583/528
f 597/597/537 586/586/530 600/600/538
f 577/577/209 584/584/529 601/601/539
f 602/602/94 593/593/91 597/597/537
f 603/603/540 583/583/528 580/580/526
f 597/597/537 600/600/538 604/604/541
f 592/592/533 598/598/523 605/605/542
f 606/606/543 592/592/533 605/605/542
f 607/607/544 602/602/94 597/597/537
f 605/605/542 598/598/523 608/608/545
f 596/596/536 594/594/534 609/609/546
f 601/601/539 584/584/529 610/610/547
f 600/600/538 583/583/528 603/603/540
f 611/611/548 612/612/549 601/601/539
f 604/604/541 613/613/550 614/614/551
f 615/615/552 613/613/550 604/604/541
f 616/616/553 580/580/526 589/589/531
f 604/604/541 600/600/538 615/615/552
f 607/607/544 597/597/537 617/617/554
f 607/607/544 618/618/555 619/619/556
f 620/620/557 592/592/533 606/606/543
f 615/615/552 600/600/538 603/603/540
f 607/607/544 617/617/554 618/618/555
f 617/617/554 597/597/537 604/604/541
f 617/617/554 604/604/541 614/614/551
f 621/621/558 601/601/539 610/610/547
f 616/616/553 589/589/531 592/592/533
f 611/611/548 601/601/539 621/621/558
f 615/615/552 622/622/559 623/623/560
f 615/615/552 623/623/560 613/613/550
f 618/618/555 617/617/554 614/614/551
f 603/603/540 624/624/561 622/622/559
f 615/615/552 603/603/540 622/622/559
f 620/620/557 606/606/543 625/625/228
f 616/616/553 624/624/561 603/603/540
f 603/603/540 580/580/526 616/616/553
f 616/616/553 626/626/562 624/624/561
f 616/616/553 592/592/533 620/620/557
f 627/627/563 614/614/551 613/613/550
f 616/616/553 628/628/564 626/626/562
f 616/616/553 629/629/565 628/628/564
f 616/616/553 620/620/557 629/629/565
f 630/630/566 626/626/562 628/628/564
f 624/624/561 626/626/562 630/630/566
f 629/629/565 625/625/228 628/628/564
f 629/629/565 620/620/557 625/625/228
f 611/611/548 621/621/558 631/631/567
f 632/632/568 611/611/548 631/631/567
f 630/630/566 628/628/564 633/633/567
f 631/631/567 621/621/558 610/610/547
f 634/634/569 635/635/570 636/636/571
f 637/637/572 634/634/569 636/636/571
f 634/634/569 638/638/515 635/635/570
f 639/639/573 640/640/574 638/638/515
f 639/639/573 641/641/575 640/640/574
f 634/634/569 639/639/573 638/638/515
f 642/642/576 643/643/577 644/644/518
f 641/641/575 645/645/520 640/640/574
f 637/637/572 636/636/571 643/643/577
f 646/646/578 637/637/572 643/643/577
f 647/647/579 641/641/575 639/639/573
f 642/642/576 644/644/518 648/648/536
f 642/642/576 646/646/578 643/643/577
f 641/641/575 649/649/580 645/645/520
f 649/649/580 650/650/330 645/645/520
f 651/651/581 634/634/569 637/637/572
f 652/652/582 639/639/573 634/634/569
f 646/646/578 651/651/581 637/637/572
f 649/649/580 653/653/583 650/650/330
f 652/652/582 647/647/579 639/639/573
f 648/648/536 654/654/584 642/642/576
f 651/651/581 652/652/582 634/634/569
f 654/654/584 646/646/578 642/642/576
f 655/655/585 641/641/575 647/647/579
f 656/656/348 653/653/583 649/649/580
f 657/657/586 649/649/580 641/641/575
f 658/658/587 655/655/585 647/647/579
f 659/659/588 646/646/578 654/654/584
f 656/656/348 649/649/580 657/657/586
f 658/658/587 647/647/579 652/652/582
f 660/660/589 654/654/584 648/648/536
f 655/655/585 657/657/586 641/641/575
f 659/659/588 651/651/581 646/646/578
f 661/661/590 658/658/587 652/652/582
f 662/662/591 652/652/582 651/651/581
f 663/663/592 657/657/586 655/655/585
f 658/658/587 663/663/592 655/655/585
f 662/662/591 661/661/590 652/652/582
f 664/664/593 662/662/591 651/651/581
f 659/659/588 664/664/593 651/651/581
f 657/657/586 665/665/594 656/656/348
f 666/666/595 659/659/588 654/654/584
f 667/667/596 654/654/584 660/660/589
f 666/666/595 664/664/593 659/659/588
f 666/666/595 654/654/584 667/667/596
f 668/668/597 667/667/596 660/660/589
f 669/669/598 657/657/586 663/663/592
f 669/669/598 665/665/594 657/657/586
f 661/661/590 670/670/599 658/658/587
f 671/671/600 663/663/592 658/658/587
f 672/672/601 661/661/590 662/662/591
f 670/670/599 671/671/600 658/658/587
f 671/671/600 669/669/598 663/663/592
f 672/672/601 670/670/599 661/661/590
f 666/666/595 673/673/602 664/664/593
f 674/674/603 667/667/596 668/668/597
f 675/675/604 662/662/591 664/664/593
f 676/676/605 669/669/598 671/671/600
f 677/677/606 665/665/594 669/669/598
f 675/675/604 672/672/601 662/662/591
f 675/675/604 664/664/593 673/673/602
f 678/678/607 667/667/596 674/674/603
f 678/678/607 666/666/595 667/667/596
f 679/679/608 672/672/601 675/675/604
f 680/680/609 677/677/606 669/669/598
f 680/680/609 669/669/598 676/676/605
f 681/681/610 676/676/605 671/671/600
f 670/670/599 681/681/610 671/671/600
f 682/682/611 673/673/602 666/666/595
f 678/678/607 682/682/611 666/666/595
f 683/683/612 678/678/607 674/674/603
f 684/684/613 677/677/606 680/680/609
f 685/685/614 681/681/610 670/670/599
f 672/672/601 685/685/614 670/670/599
f 686/686/615 675/675/604 673/673/602
f 687/687/616 676/676/605 681/681/610
f 686/686/615 673/673/602 682/682/611
f 687/687/616 680/680/609 676/676/605
f 686/686/615 679/679/608 675/675/604
f 688/688/617 685/685/614 672/672/601
f 679/679/608 688/688/617 672/672/601
f 689/689/618 682/682/611 678/678/607
f 689/689/618 686/686/615 682/682/611
f 687/687/616 690/690/619 680/680/609
f 685/685/614 691/691/620 681/681/610
f 690/690/619 684/684/613 680/680/609
f 691/691/620 687/687/616 681/681/610
f 692/692/621 688/688/617 679/679/608
f 690/690/619 693/693/622 684/684/613
f 688/688/617 694/694/623 685/685/614
f 695/695/624 679/679/608 686/686/615
f 696/696/625 678/678/607 683/683/612
f 697/697/626 689/689/618 678/678/607
f 697/697/626 678/678/607 696/696/625
f 692/692/621 698/698/627 688/688/617
f 694/694/623 688/688/617 698/698/627
f 689/689/618 695/695/624 686/686/615
f 691/691/620 699/699/628 687/687/616
f 700/700/629 691/691/620 685/685/614
f 699/699/628 690/690/619 687/687/616
f 700/700/629 699/699/628 691/691/620
f 700/700/629 685/685/614 694/694/623
f 692/692/621 679/679/608 695/695/624
f 697/697/626 701/701/630 689/689/618
f 702/702/631 693/693/622 690/690/619
f 702/702/631 690/690/619 699/699/628
f 701/701/630 695/695/624 689/689/618
f 695/695/624 703/703/632 692/692/621
f 701/701/630 697/697/626 696/696/625
f 703/703/632 698/698/627 692/692/621
f 698/698/627 700/700/629 694/694/623
f 702/702/631 704/704/392 693/693/622
f 705/705/633 699/699/628 700/700/629
f 705/705/633 700/700/629 698/698/627
f 696/696/625 706/706/634 701/701/630
f 707/707/635 695/695/624 701/701/630
f 708/708/636 706/706/634 696/696/625
f 706/706/634 709/709/637 701/701/630
f 710/710/638 702/702/631 699/699/628
f 705/705/633 710/710/638 699/699/628
f 707/707/635 703/703/632 695/695/624
f 709/709/637 707/707/635 701/701/630
f 711/711/639 705/705/633 698/698/627
f 712/712/640 704/704/392 702/702/631
f 710/710/638 712/712/640 702/702/631
f 703/703/632 711/711/639 698/698/627
f 707/707/635 713/713/641 703/703/632
f 714/714/642 706/706/634 708/708/636
f 715/715/643 705/705/633 711/711/639
f 716/716/644 712/712/640 710/710/638
f 717/717/645 710/710/638 705/705/633
f 718/718/646 703/703/632 713/713/641
f 716/716/644 719/719/647 712/712/640
f 717/717/645 716/716/644 710/710/638
f 718/718/646 711/711/639 703/703/632
f 717/717/645 705/705/633 715/715/643
f 720/720/648 709/709/637 706/706/634
f 715/715/643 711/711/639 718/718/646
f 720/720/648 706/706/634 714/714/642
f 720/720/648 707/707/635 709/709/637
f 721/721/649 716/716/644 717/717/645
f 722/722/650 717/717/645 715/715/643
f 723/723/651 719/719/647 716/716/644
f 722/722/650 721/721/649 717/717/645
f 724/724/652 713/713/641 707/707/635
f 721/721/649 723/723/651 716/716/644
f 725/725/653 722/722/650 715/715/643
f 725/725/653 715/715/643 718/718/646
f 714/714/642 726/726/654 720/720/648
f 721/721/649 727/727/655 723/723/651
f 728/728/656 726/726/654 714/714/642
f 724/724/652 707/707/635 720/720/648
f 729/729/657 718/718/646 713/713/641
f 721/721/649 730/730/658 727/727/655
f 730/730/658 721/721/649 722/722/650
f 730/730/658 722/722/650 725/725/653
f 729/729/657 713/713/641 724/724/652
f 725/725/653 731/731/659 730/730/658
f 732/732/660 725/725/653 718/718/646
f 726/726/654 724/724/652 720/720/648
f 732/732/660 731/731/659 725/725/653
f 732/732/660 718/718/646 729/729/657
f 733/733/661 729/729/657 724/724/652
f 726/726/654 733/733/661 724/724/652
f 729/729/657 734/734/662 732/732/660
f 733/733/661 734/734/662 729/729/657
f 735/735/663 736/736/664 737/737/665
f 738/738/666 735/735/663 737/737/665
f 739/739/196 740/740/194 741/741/667
f 742/742/202 743/743/668 740/740/194
f 744/744/669 745/745/670 737/737/665
f 746/746/671 737/737/665 745/745/670
f 738/738/666 737/737/665 746/746/671
f 741/741/667 740/740/194 743/743/668
f 747/747/672 738/738/666 746/746/671
f 748/748/673 738/738/666 747/747/672
f 741/741/667 743/743/668 749/749/674
f 750/750/675 751/751/667 752/752/676
f 753/753/677 746/746/671 745/745/670
f 754/754/678 755/755/679 756/756/680
f 757/757/681 756/756/680 755/755/679
f 758/758/682 759/759/683 755/755/679
f 760/760/684 761/761/685 750/750/675
f 759/759/683 757/757/681 755/755/679
f 762/762/686 761/761/685 760/760/684
f 763/763/687 762/762/686 760/760/684
f 764/764/688 758/758/682 755/755/679
f 765/765/689 750/750/675 752/752/676
f 766/766/690 767/767/691 763/763/687
f 766/766/690 763/763/687 760/760/684
f 760/760/684 750/750/675 768/768/692
f 769/769/693 767/767/691 766/766/690
f 770/770/694 767/767/691 769/769/693
f 768/768/692 750/750/675 765/765/689
f 771/771/695 770/770/694 769/769/693
f 772/772/696 760/760/684 768/768/692
f 773/773/697 760/760/684 772/772/696
f 774/774/698 769/769/693 766/766/690
f 774/774/698 771/771/695 769/769/693
f 766/766/690 760/760/684 773/773/697
f 775/775/699 766/766/690 773/773/697
f 774/774/698 766/766/690 776/776/700
f 777/777/701 768/768/692 765/765/689
f 772/772/696 768/768/692 777/777/701
f 776/776/700 766/766/690 778/778/702
f 779/779/703 772/772/696 780/780/704
f 779/779/703 780/780/704 781/781/705
f 773/773/697 781/781/705 780/780/704
f 772/772/696 777/777/701 780/780/704
f 782/782/706 766/766/690 775/775/699
f 778/778/702 766/766/690 782/782/706
f 783/783/707 773/773/697 784/784/708
f 773/773/697 783/783/707 775/775/699
f 785/785/709 778/778/702 782/782/706
f 784/784/708 773/773/697 786/786/710
f 776/776/700 787/787/711 774/774/698
f 788/788/712 775/775/699 783/783/707
f 789/789/713 790/790/698 791/791/714
f 792/792/715 771/771/695 774/774/698
f 783/783/707 793/793/716 788/788/712
f 792/792/715 774/774/698 794/794/717
f 780/780/704 777/777/701 795/795/718
f 796/796/719 797/797/720 798/798/721
f 783/783/707 784/784/708 799/799/722
f 800/800/723 801/801/724 802/802/725
f 803/803/726 789/789/713 791/791/714
f 804/804/727 792/792/715 794/794/717
f 805/805/728 771/771/695 792/792/715
f 784/784/708 786/786/710 806/806/729
f 780/780/704 795/795/718 786/786/710
f 799/799/722 784/784/708 807/807/730
f 799/799/722 808/808/731 783/783/707
f 809/809/732 810/810/733 811/811/734
f 812/812/735 782/782/706 775/775/699
f 813/813/736 814/814/737 815/815/738
f 816/816/739 817/817/740 818/818/741
f 794/794/717 787/787/711 819/819/739
f 804/804/727 794/794/717 820/820/742
f 821/821/743 822/822/744 792/792/715
f 823/823/745 771/771/695 805/805/728
f 806/806/729 786/786/710 795/795/718
f 824/824/746 825/825/747 826/826/748
f 819/819/739 825/825/747 824/824/746
f 827/827/749 819/819/739 824/824/746
f 828/828/750 820/820/742 794/794/717
f 828/828/750 794/794/717 819/819/739
f 823/823/745 805/805/728 822/822/744
f 806/806/729 795/795/718 807/807/730
f 788/788/712 793/793/716 829/829/751
f 830/830/752 800/800/723 802/802/725
f 831/831/753 824/824/746 826/826/748
f 832/832/754 833/833/753 834/834/739
f 828/828/750 819/819/739 831/831/753
f 835/835/755 823/823/745 822/822/744
f 836/836/756 831/831/753 826/826/748
f 828/828/750 831/831/753 836/836/756
f 837/837/757 838/838/758 839/839/759
f 821/821/743 840/840/760 841/841/761
f 822/822/744 842/842/762 843/843/763
f 844/844/764 822/822/744 843/843/763
f 844/844/764 835/835/755 822/822/744
f 845/845/765 846/846/764 847/847/766
f 841/841/759 828/828/750 836/836/756
f 848/848/767 849/849/768 850/850/756
f 842/842/762 822/822/744 821/821/743
f 795/795/718 777/777/701 851/851/769
f 793/793/716 808/808/731 829/829/751
f 775/775/699 852/852/770 812/812/735
f 821/821/743 841/841/761 853/853/771
f 842/842/762 821/821/743 853/853/771
f 854/854/772 843/843/763 842/842/762
f 855/855/773 843/843/763 854/854/772
f 856/856/772 857/857/755 858/858/774
f 835/835/755 844/844/764 855/855/775
f 859/859/776 808/808/731 799/799/722
f 860/860/777 836/836/756 861/861/778
f 860/860/777 853/853/771 836/836/756
f 862/862/779 853/853/771 860/860/777
f 863/863/780 807/807/730 795/795/718
f 829/829/751 808/808/731 859/859/776
f 864/864/781 865/865/782 866/866/778
f 853/853/771 862/862/779 842/842/762
f 799/799/722 807/807/730 863/863/780
f 867/867/783 859/859/776 799/799/722
f 852/852/770 868/868/784 869/869/785
f 869/869/785 812/812/735 852/852/770
f 851/851/769 863/863/780 795/795/718
f 870/870/786 862/862/779 871/871/787
f 862/862/779 861/861/788 871/871/787
f 870/870/786 842/842/762 862/862/779
f 859/859/776 872/872/789 829/829/751
f 863/863/780 867/867/783 799/799/722
f 863/863/780 851/851/769 873/873/790
f 812/812/735 869/869/785 874/874/791
f 875/875/792 876/876/793 842/842/762
f 877/877/794 829/829/751 872/872/789
f 869/869/785 868/868/784 878/878/795
f 842/842/762 870/870/786 879/879/796
f 877/877/794 872/872/789 880/880/797
f 842/842/762 879/879/796 881/881/798
f 881/881/798 875/875/792 842/842/762
f 882/882/799 875/875/792 881/881/798
f 879/879/796 870/870/786 883/883/800
f 870/870/786 884/884/801 885/885/802
f 883/883/800 870/870/786 885/885/802
f 883/883/800 886/886/803 879/879/796
f 874/874/791 869/869/785 887/887/804
f 887/887/804 869/869/785 878/878/795
f 888/888/805 880/880/797 889/889/806
f 877/877/794 880/880/797 888/888/805
f 890/890/807 874/874/791 887/887/804
f 887/887/804 878/878/795 891/891/808
f 892/892/205 893/893/809 894/894/203
f 895/895/810 893/893/809 892/892/205
f 896/896/811 895/895/810 892/892/205
f 897/897/812 893/893/809 895/895/810
f 898/898/813 899/899/814 900/900/667
f 901/901/815 902/902/816 893/893/809
f 901/901/815 893/893/809 897/897/812
f 903/903/683 904/904/817 905/905/818
f 906/906/819 898/898/813 900/900/667
f 906/906/819 900/900/667 907/907/820
f 908/908/821 909/909/822 910/910/823
f 911/911/824 897/897/812 895/895/810
f 912/912/825 906/906/819 907/907/820
f 913/913/812 914/914/826 915/915/815
f 916/916/827 911/911/824 895/895/810
f 917/917/828 918/918/813 919/919/819
f 911/911/829 902/902/816 901/901/815
f 920/920/830 919/919/819 921/921/825
f 922/922/669 912/912/825 907/907/820
f 920/920/830 917/917/828 919/919/819
f 923/923/831 921/921/825 902/902/816
f 923/923/831 902/902/816 911/911/829
f 924/924/832 911/911/829 925/925/833
f 923/923/831 926/926/834 921/921/825
f 927/927/835 911/911/829 924/924/832
f 926/926/834 920/920/830 921/921/825
f 927/927/835 923/923/831 911/911/829
f 928/928/836 917/917/828 920/920/830
f 927/927/835 924/924/832 929/929/837
f 930/930/838 927/927/835 929/929/837
f 927/927/835 931/931/839 923/923/831
f 932/932/840 933/933/841 934/934/836
f 931/931/839 926/926/834 923/923/831
f 935/935/842 928/928/836 920/920/830
f 936/936/843 931/931/839 927/927/835
f 937/937/844 920/920/830 926/926/834
f 935/935/842 938/938/845 928/928/836
f 939/939/846 940/940/847 941/941/848
f 942/942/842 943/943/849 944/944/850
f 945/945/851 936/936/843 927/927/835
f 946/946/852 932/932/840 934/934/836
f 947/947/850 938/938/845 935/935/842
f 948/948/850 949/949/853 950/950/844
f 930/930/838 945/945/851 927/927/835
f 938/938/845 951/951/852 928/928/836
f 950/950/844 952/952/845 948/948/850
f 937/937/844 926/926/834 953/953/854
f 954/954/855 926/926/834 931/931/839
f 955/955/856 954/954/855 931/931/839
f 955/955/856 931/931/839 956/956/857
f 950/950/844 957/957/858 952/952/845
f 954/954/855 955/955/856 958/958/859
f 959/959/860 955/955/856 956/956/857
f 960/960/861 953/953/854 926/926/834
f 954/954/855 960/960/861 926/926/834
f 961/961/862 936/936/843 945/945/851
f 962/962/863 932/932/840 946/946/852
f 963/963/858 951/951/852 938/938/845
f 964/964/864 937/937/844 953/953/854
f 965/965/865 945/945/851 930/930/838
f 965/965/865 966/966/736 945/945/851
f 964/964/864 951/951/852 963/963/858
f 967/967/866 968/968/704 969/969/867
f 967/967/866 969/969/867 970/970/864
f 971/971/729 964/964/864 953/953/854
f 972/972/868 953/953/854 960/960/861
f 960/960/861 954/954/855 973/973/869
f 961/961/862 974/974/870 936/936/843
f 975/975/736 976/976/871 977/977/872
f 976/976/871 978/978/873 977/977/872
f 965/965/865 930/930/838 979/979/874
f 980/980/875 979/979/874 930/930/838
f 981/981/719 982/982/876 983/983/877
f 958/958/859 984/984/878 954/954/855
f 959/959/860 985/985/879 955/955/856
f 961/961/862 945/945/851 986/986/880
f 975/975/736 987/987/741 976/976/871
f 973/973/869 988/988/881 960/960/861
f 984/984/878 989/989/882 954/954/855
f 990/990/736 991/991/739 992/992/883
f 966/966/736 965/965/865 993/993/884
f 994/994/885 985/985/879 959/959/860
f 995/995/754 996/996/886 974/974/870
f 995/995/754 974/974/870 961/961/862
f 997/997/887 998/998/888 999/999/736
f 1000/1000/889 965/965/865 1001/1001/890
f 1001/1001/890 965/965/865 979/979/874
f 972/972/868 960/960/861 1002/1002/731
f 997/997/887 1003/1003/891 1004/1004/892
f 1005/1005/893 997/997/887 999/999/736
f 1006/1006/893 966/966/736 993/993/884
f 1007/1007/894 1008/1008/760 1009/1009/884
f 1007/1007/894 1009/1009/884 1010/1010/895
f 964/964/864 1011/1011/896 951/951/852
f 972/972/868 1012/1012/897 953/953/854
f 1005/1005/893 1003/1003/891 997/997/887
f 1013/1013/898 1006/1006/893 993/993/884
f 1014/1014/899 1001/1001/890 979/979/874
f 1011/1011/896 964/964/864 971/971/729
f 973/973/869 1015/1015/900 989/989/882
f 1016/1016/901 1017/1017/756 1006/1006/893
f 1016/1016/901 1006/1006/893 1013/1013/898
f 1018/1018/902 1019/1019/760 1020/1020/903
f 971/971/729 1012/1012/897 1011/1011/896
f 1001/1001/890 1021/1021/904 1000/1000/889
f 962/962/863 946/946/852 1022/1022/905
f 1011/1011/896 1023/1023/905 951/951/852
f 972/972/868 1011/1011/896 1012/1012/897
f 1024/1024/906 972/972/868 1002/1002/731
f 994/994/885 1025/1025/907 985/985/879
f 973/973/869 1026/1026/784 988/988/881
f 1027/1027/908 989/989/882 984/984/878
f 1028/1028/909 1029/1029/782 1003/1003/891
f 1028/1028/909 1003/1003/891 1005/1005/893
f 1027/1027/908 973/973/869 989/989/882
f 1027/1027/908 1026/1026/784 973/973/869
f 1030/1030/910 1003/1003/891 1031/1031/911
f 1031/1031/911 1003/1003/891 1029/1029/782
f 1028/1028/909 1032/1032/779 1029/1029/782
f 1024/1024/906 1033/1033/912 972/972/868
f 1011/1011/896 972/972/868 1033/1033/912
f 1034/1034/913 1024/1024/906 988/988/881
f 1035/1035/914 1030/1030/910 1031/1031/911
f 1031/1031/911 1036/1036/915 1035/1035/914
f 1037/1037/916 1038/1038/911 1021/1021/904
f 1037/1037/916 1021/1021/904 1001/1001/890
f 1026/1026/784 1034/1034/913 988/988/881
f 1039/1039/917 1027/1027/908 984/984/878
f 1040/1040/918 1011/1011/896 1033/1033/912
f 1041/1041/919 1033/1033/912 1034/1034/913
f 1042/1042/920 1034/1034/913 1026/1026/784
f 1040/1040/918 1023/1023/905 1011/1011/896
f 1043/1043/921 1040/1040/918 1033/1033/912
f 1043/1043/921 1033/1033/912 1041/1041/919
f 1027/1027/908 1044/1044/922 1026/1026/784
f 1035/1035/914 1045/1045/923 1030/1030/910
f 1042/1042/920 1041/1041/919 1034/1034/913
f 1042/1042/920 1046/1046/924 1043/1043/921
f 1039/1039/917 1044/1044/922 1027/1027/908
f 1040/1040/918 1043/1043/921 1046/1046/924
f 1047/1047/925 1042/1042/920 1026/1026/784
f 1048/1048/926 1023/1023/905 1040/1040/918
f 1040/1040/918 1046/1046/924 1049/1049/927
f 1050/1050/928 1051/1051/929 1052/1052/212
f 1053/1053/67 1050/1050/928 1052/1052/212
f 1054/1054/930 1053/1053/67 1052/1052/212
f 1055/1055/931 1053/1053/67 1054/1054/930
f 1055/1055/931 1054/1054/930 1056/1056/932
f 1056/1056/932 1054/1054/930 1052/1052/212
f 1055/1055/931 1057/1057/933 1053/1053/67
f 1058/1058/227 1055/1055/931 1056/1056/932
f 1059/1059/934 1057/1057/933 1055/1055/931
f 1058/1058/227 1059/1059/934 1055/1055/931
f 1057/1057/933 1060/1060/935 1061/1061/936
f 1059/1059/934 1060/1060/935 1057/1057/933
f 1060/1060/935 1062/1062/937 1061/1061/936
f 1063/1063/938 1059/1059/934 1058/1058/227
f 1063/1063/938 1060/1060/935 1059/1059/934
f 1063/1063/938 1058/1058/227 1064/1064/939
f 1065/1065/940 1062/1062/937 1060/1060/935
f 1065/1065/940 1066/1066/941 1062/1062/937
f 1063/1063/938 1065/1065/940 1060/1060/935
f 1063/1063/938 1064/1064/939 1067/1067/942
f 1068/1068/943 1066/1066/941 1065/1065/940
f 1067/1067/942 1065/1065/940 1063/1063/938
f 1067/1067/942 1069/1069/944 1065/1065/940
f 1069/1069/944 1068/1068/943 1065/1065/940
f 1069/1069/944 1070/1070/945 1068/1068/943
f 1070/1070/945 1071/1071/946 1068/1068/943
f 1069/1069/944 1067/1067/942 1072/1072/947
f 1069/1069/944 1073/1073/948 1070/1070/945
f 1069/1069/944 1072/1072/947 1073/1073/948
f 1074/1074/949 1071/1071/946 1070/1070/945
f 1073/1073/948 1072/1072/947 1075/1075/950
f 1074/1074/949 1070/1070/945 1073/1073/948
f 1076/1076/951 1074/1074/949 1073/1073/948
f 1077/1077/952 1073/1073/948 1075/1075/950
f 1077/1077/952 1075/1075/950 1078/1078/953
f 1077/1077/952 1079/1079/954 1073/1073/948
f 1079/1079/954 1076/1076/951 1073/1073/948
f 1080/1080/955 1077/1077/952 1078/1078/953
f 1079/1079/954 1081/1081/956 1076/1076/951
f 1080/1080/955 1079/1079/954 1077/1077/952
f 1080/1080/955 1078/1078/953 1082/1082/957
f 1080/1080/955 1081/1081/956 1079/1079/954
f 1080/1080/955 1082/1082/957 1083/1083/958
f 1083/1083/958 1081/1081/956 1080/1080/955
f 1084/1084/959 1082/1082/957 1085/1085/264
f 1083/1083/958 1082/1082/957 1084/1084/959
f 1086/1086/960 1087/1087/961 1088/1088/506
f 1086/1086/960 1088/1088/506 1089/1089/962
f 1090/1090/963 1086/1086/960 1089/1089/962
f 1091/1091/96 1090/1090/963 1089/1089/962
f 1092/1092/120 1086/1086/960 1090/1090/963
f 1092/1092/120 1090/1090/963 1093/1093/964
f 1093/1093/964 1090/1090/963 1091/1091/96
f 1094/1094/965 1093/1093/964 1091/1091/96
f 1095/1095/966 1093/1093/964 1094/1094/965
f 1095/1095/966 1094/1094/965 1096/1096/967
f 1096/1096/967 1094/1094/965 1097/1097/968
f 1098/1098/969 1095/1095/966 1096/1096/967
f 1096/1096/967 1097/1097/968 1099/1099/970
f 1098/1098/969 1096/1096/967 1099/1099/970
f 1100/1100/971 1098/1098/969 1099/1099/970
f 1101/1101/972 1098/1098/969 1100/1100/971
f 1102/1102/973 1100/1100/971 1103/1103/974
f 1102/1102/973 1101/1101/972 1100/1100/971
f 1104/1104/975 1101/1101/972 1102/1102/973
f 1105/1105/976 1102/1102/973 1103/1103/974
f 1106/1106/977 1102/1102/973 1105/1105/976
f 1104/1104/975 1102/1102/973 1106/1106/977
f 1107/1107/978 1106/1106/977 1105/1105/976
f 1108/1108/979 1104/1104/975 1106/1106/977
f 1108/1108/979 1106/1106/977 1107/1107/978
f 1108/1108/979 1107/1107/978 1109/1109/980
f 1110/1110/981 1108/1108/979 1109/1109/980
f 1110/1110/981 1109/1109/980 1111/1111/982
f 1112/1112/325 1113/1113/202 1114/1114/983
f 1115/1115/984 1116/1116/315 1117/1117/985
f 1117/1117/985 1116/1116/315 1118/1118/324
f 1117/1117/985 1118/1118/324 1114/1114/983
f 1114/1114/983 1118/1118/324 1112/1112/325
f 1119/1119/668 1113/1113/202 1112/1112/325
f 1115/1115/984 1120/1120/986 1116/1116/315
f 1119/1119/668 1112/1112/325 1121/1121/326
f 1122/1122/674 1119/1119/668 1121/1121/326
f 1122/1122/674 1121/1121/326 1123/1123/987
f 1124/1124/988 1122/1122/674 1123/1123/987
f 1125/1125/989 1126/1126/667 1127/1127/675
f 1128/1128/816 1125/1125/989 1129/1129/686
f 1125/1125/989 1130/1130/685 1129/1129/686
f 1130/1130/685 1125/1125/989 1127/1127/675
f 1129/1129/686 1131/1131/990 1128/1128/816
f 1132/1132/339 1133/1133/318 1134/1134/321
f 1135/1135/991 1132/1132/339 1134/1134/321
f 1132/1132/339 1135/1135/991 1136/1136/353
f 1137/1137/992 1135/1135/991 1138/1138/351
f 1136/1136/353 1135/1135/991 1137/1137/992
f 1139/1139/993 1137/1137/992 1138/1138/351
f 1139/1139/993 1138/1138/351 1140/1140/994
f 1141/1141/995 1137/1137/992 1139/1139/993
f 1136/1136/353 1137/1137/992 1141/1141/995
f 1139/1139/993 1140/1140/994 1142/1142/370
f 1143/1143/371 1141/1141/995 1139/1139/993
f 1143/1143/371 1139/1139/993 1144/1144/996
f 1144/1144/996 1139/1139/993 1142/1142/370
f 1145/1145/997 1143/1143/371 1144/1144/996
f 1144/1144/996 1142/1142/370 1146/1146/376
f 1145/1145/997 1144/1144/996 1147/1147/998
f 1148/1148/386 1144/1144/996 1146/1146/376
f 1147/1147/998 1144/1144/996 1148/1148/386
f 1149/1149/999 1145/1145/997 1147/1147/998
f 1147/1147/998 1148/1148/386 1150/1150/394
f 1149/1149/999 1147/1147/998 1150/1150/394
f 1151/1151/404 1149/1149/999 1150/1150/394
f 1151/1151/404 1150/1150/394 1152/1152/1000
f 1153/1153/1001 1151/1151/404 1152/1152/1000
f 1154/1154/672 1155/1155/671 1156/1156/1002
f 1157/1157/1003 1158/1158/1004 1159/1159/1005
f 1160/1160/1006 1158/1158/1004 1157/1157/1003
f 1161/1161/1007 1162/1162/1008 1158/1158/1004
f 1160/1160/1006 1161/1161/1007 1158/1158/1004
f 1161/1161/1007 1163/1163/1009 1162/1162/1008
f 1164/1164/1010 1161/1161/1007 1160/1160/1006
f 1165/1165/1011 1163/1163/1009 1161/1161/1007
f 1166/1166/1012 1167/1167/1013 1161/1161/1007
f 1166/1166/1012 1161/1161/1007 1164/1164/1010
f 1167/1167/1013 1165/1165/1011 1161/1161/1007
f 1168/1168/1014 1165/1165/1011 1167/1167/1013
f 1169/1169/1015 1168/1168/1014 1167/1167/1013
f 1169/1169/1015 1167/1167/1013 1166/1166/1012
f 1170/1170/1016 1168/1168/1014 1169/1169/1015
f 1171/1171/1017 1169/1169/1015 1166/1166/1012
f 1172/1172/1018 1170/1170/1016 1169/1169/1015
f 1172/1172/1018 1173/1173/1019 1170/1170/1016
f 1174/1174/1020 1173/1173/1019 1172/1172/1018
f 1175/1175/1021 1176/1176/1022 1173/1173/1019
f 1175/1175/1021 1173/1173/1019 1174/1174/1020
f 1174/1174/1020 1177/1177/1023 1175/1175/1021
f 1177/1177/1023 1176/1176/1022 1175/1175/1021
f 1178/1178/1024 1177/1177/1023 1174/1174/1020
f 1177/1177/1023 1179/1179/400 1176/1176/1022
f 1178/1178/1024 1180/1180/1025 1177/1177/1023
f 1181/1181/1026 1179/1179/400 1177/1177/1023
f 1180/1180/1025 1181/1181/1026 1177/1177/1023
f 1182/1182/1027 1181/1181/1026 1180/1180/1025
f 1183/1183/414 1181/1181/1026 1182/1182/1027
f 1184/1184/1028 1182/1182/1027 1180/1180/1025
f 1185/1185/215 1186/1186/323 1187/1187/208
f 1188/1188/1029 1189/1189/344 1186/1186/323
f 1188/1188/1029 1186/1186/323 1185/1185/215
f 1190/1190/1030 1189/1189/344 1188/1188/1029
f 1191/1191/1031 1190/1190/1030 1188/1188/1029
f 1192/1192/345 1190/1190/1030 1191/1191/1031
f 1192/1192/345 1189/1189/344 1190/1190/1030
f 1193/1193/677 1194/1194/1032 1195/1195/681
f 1196/1196/824 1193/1193/677 1195/1195/681
f 1197/1197/1033 1198/1198/827 1199/1199/682
f 1200/1200/829 1198/1198/827 1197/1197/1033
f 1201/1201/1034 1197/1197/1033 1199/1199/682
f 1202/1202/1035 1201/1201/1034 1199/1199/682
f 1203/1203/1036 1202/1202/1035 1204/1204/1037
f 1203/1203/1036 1201/1201/1034 1202/1202/1035
f 1203/1203/1036 1204/1204/1037 1205/1205/694
f 1206/1206/1006 1207/1207/1038 1208/1208/1039
f 1209/1209/1040 1206/1206/1006 1208/1208/1039
f 1210/1210/1041 1208/1208/1039 1211/1211/1042
f 1212/1212/71 1210/1210/1041 1211/1211/1042
f 1209/1209/1040 1208/1208/1039 1210/1210/1041
f 1213/1213/1010 1206/1206/1006 1209/1209/1040
f 1214/1214/937 1210/1210/1041 1212/1212/71
f 1215/1215/1043 1213/1213/1010 1209/1209/1040
f 1215/1215/1043 1209/1209/1040 1210/1210/1041
f 1214/1214/937 1216/1216/1044 1210/1210/1041
f 1217/1217/1012 1213/1213/1010 1215/1215/1043
f 1218/1218/941 1216/1216/1044 1214/1214/937
f 1219/1219/1045 1210/1210/1041 1216/1216/1044
f 1219/1219/1045 1215/1215/1043 1210/1210/1041
f 1219/1219/1045 1217/1217/1012 1215/1215/1043
f 1220/1220/1017 1217/1217/1012 1219/1219/1045
f 1221/1221/1046 1216/1216/1044 1218/1218/941
f 1221/1221/1046 1219/1219/1045 1216/1216/1044
f 1222/1222/1047 1221/1221/1046 1218/1218/941
f 1223/1223/1048 1224/1224/1049 1225/1225/1050
f 1223/1223/1048 1225/1225/1050 1226/1226/1051
f 1227/1227/1052 1228/1228/907 1229/1229/1053
f 1230/1230/1054 1231/1231/1015 1220/1220/1017
f 1232/1232/1055 1226/1226/1051 1225/1225/1050
f 1233/1233/1056 1226/1226/1051 1232/1232/1055
f 1221/1221/1046 1220/1220/1017 1219/1219/1045
f 1233/1233/1056 1232/1232/1055 1234/1234/1057
f 1232/1232/1055 1225/1225/1050 1235/1235/1058
f 1225/1225/1050 1236/1236/799 1235/1235/1058
f 1221/1221/1046 1222/1222/1047 1237/1237/1059
f 1238/1238/1060 1239/1239/1061 1240/1240/1062
f 1241/1241/1063 1242/1242/246 1243/1243/1064
f 1244/1244/1065 1245/1245/1066 1226/1226/1051
f 1235/1235/1058 1246/1246/1067 1232/1232/1055
f 1247/1247/808 1248/1248/1068 1249/1249/925
f 1248/1248/1068 1240/1240/1062 1249/1249/925
f 1250/1250/1069 1228/1228/907 1227/1227/1052
f 1251/1251/1070 1252/1252/1071 1245/1245/1066
f 1253/1253/1072 1220/1220/1017 1221/1221/1046
f 1238/1238/1060 1240/1240/1062 1248/1248/1068
f 1254/1254/1073 1255/1255/1074 1256/1256/917
f 1244/1244/1065 1251/1251/1070 1245/1245/1066
f 1248/1248/1068 1257/1257/1075 1238/1238/1060
f 1253/1253/1072 1230/1230/1054 1220/1220/1017
f 1244/1244/1065 1258/1258/1076 1251/1251/1070
f 1244/1244/1065 1233/1233/1056 1246/1246/1067
f 1257/1257/1075 1259/1259/1077 1238/1238/1060
f 1235/1235/1058 1244/1244/1065 1246/1246/1067
f 1260/1260/1078 1261/1261/1079 1241/1241/1063
f 1261/1261/1079 1242/1242/246 1241/1241/1063
f 1262/1262/1080 1260/1260/1078 1241/1241/1063
f 1263/1263/1081 1255/1255/1074 1254/1254/1073
f 1264/1264/1082 1250/1250/1069 1227/1227/1052
f 1258/1258/1076 1244/1244/1065 1235/1235/1058
f 1265/1265/1075 1260/1260/1078 1262/1262/1080
f 1263/1263/1081 1248/1248/1068 1247/1247/808
f 1247/1247/808 1255/1255/1074 1263/1263/1081
f 1266/1266/1083 1267/1267/1084 1268/1268/1085
f 1269/1269/1086 1270/1270/1087 1257/1257/1075
f 1269/1269/1086 1257/1257/1075 1248/1248/1068
f 1271/1271/1088 1263/1263/1081 1254/1254/1073
f 1272/1272/1089 1269/1269/1086 1248/1248/1068
f 1273/1273/1090 1274/1274/1091 1275/1275/1092
f 1276/1276/1093 1248/1248/1068 1263/1263/1081
f 1253/1253/1072 1277/1277/1094 1230/1230/1054
f 1266/1266/1083 1278/1278/1095 1279/1279/1096
f 1267/1267/1084 1266/1266/1083 1279/1279/1096
f 1272/1272/1089 1248/1248/1068 1276/1276/1093
f 1273/1273/1090 1275/1275/1092 1280/1280/1097
f 1281/1281/1098 1282/1282/1093 1283/1283/1099
f 1284/1284/1100 1264/1264/1082 1227/1227/1052
f 1271/1271/1088 1272/1272/1089 1276/1276/1093
f 1285/1285/1101 1271/1271/1088 1254/1254/1073
f 1286/1286/1102 1284/1284/1100 1287/1287/1103
f 1288/1288/1104 1221/1221/1046 1237/1237/1059
f 1289/1289/1105 1264/1264/1082 1284/1284/1100
f 1287/1287/1103 1290/1290/1106 1286/1286/1102
f 1288/1288/1104 1253/1253/1072 1221/1221/1046
f 1285/1285/1101 1254/1254/1073 1291/1291/1107
f 1290/1290/1106 1289/1289/1105 1284/1284/1100
f 1261/1261/1079 1260/1260/1078 1292/1292/1108
f 1272/1272/1089 1271/1271/1088 1285/1285/1101
f 1293/1293/1109 1242/1242/246 1261/1261/1079
f 1294/1294/1110 1295/1295/1111 1296/1296/1112
f 1297/1297/1113 1298/1298/1114 1290/1290/1106
f 1297/1297/1113 1290/1290/1106 1287/1287/1103
f 1299/1299/1115 1251/1251/1070 1258/1258/1076
f 1300/1300/1116 1261/1261/1079 1292/1292/1108
f 1301/1301/1117 1272/1272/1089 1285/1285/1101
f 1289/1289/1105 1290/1290/1106 1298/1298/1114
f 1302/1302/1118 1293/1293/1109 1261/1261/1079
f 1303/1303/1119 1300/1300/1116 1292/1292/1108
f 1304/1304/1120 1298/1298/1114 1297/1297/1113
f 1305/1305/1121 1277/1277/1094 1253/1253/1072
f 1258/1258/1076 1306/1306/1122 1299/1299/1115
f 1307/1307/1123 1301/1301/1117 1285/1285/1101
f 1308/1308/1124 1299/1299/1115 1306/1306/1122
f 1309/1309/1125 1310/1310/1126 1237/1237/1059
f 1311/1311/1127 1293/1293/1109 1302/1302/1118
f 1303/1303/1119 1292/1292/1108 1312/1312/1128
f 1285/1285/1101 1291/1291/1107 1313/1313/1129
f 1288/1288/1104 1305/1305/1121 1253/1253/1072
f 1314/1314/1130 1315/1315/1131 1316/1316/1132
f 1314/1314/1130 1316/1316/1132 1317/1317/1133
f 1310/1310/1126 1288/1288/1104 1237/1237/1059
f 1318/1318/1128 1301/1301/1117 1307/1307/1123
f 1319/1319/1134 1308/1308/1124 1306/1306/1122
f 1320/1320/1135 1300/1300/1116 1303/1303/1119
f 1307/1307/1123 1285/1285/1101 1321/1321/1136
f 1322/1322/1137 1289/1289/1105 1298/1298/1114
f 1304/1304/1120 1297/1297/1113 1323/1323/1138
f 1324/1324/1139 1308/1308/1124 1319/1319/1134
f 1325/1325/1140 1319/1319/1134 1326/1326/1141
f 1327/1327/1142 1302/1302/1118 1320/1320/1135
f 1324/1324/1139 1328/1328/1143 1308/1308/1124
f 1327/1327/1142 1311/1311/1127 1302/1302/1118
f 1325/1325/1140 1324/1324/1139 1319/1319/1134
f 1329/1329/1144 1312/1312/1128 1330/1330/1145
f 1331/1331/1146 1304/1304/1120 1323/1323/1138
f 1324/1324/1139 1332/1332/1147 1328/1328/1143
f 1329/1329/1144 1303/1303/1119 1312/1312/1128
f 1333/1333/1148 1322/1322/1137 1298/1298/1114
f 1334/1334/1149 1311/1311/1127 1327/1327/1142
f 1334/1334/1149 1327/1327/1142 1335/1335/1150
f 1336/1336/1151 1327/1327/1142 1320/1320/1135
f 1329/1329/1144 1320/1320/1135 1303/1303/1119
f 1329/1329/1144 1330/1330/1145 1337/1337/1129
f 1338/1338/1152 1331/1331/1146 1323/1323/1138
f 1305/1305/1121 1339/1339/1024 1277/1277/1094
f 1340/1340/951 1310/1310/1126 1309/1309/1125
f 1311/1311/1127 1341/1341/256 1293/1293/1109
f 1322/1322/1137 1329/1329/1144 1337/1337/1129
f 1331/1331/1146 1322/1322/1137 1333/1333/1148
f 1329/1329/1144 1336/1336/1151 1320/1320/1135
f 1336/1336/1151 1342/1342/1153 1335/1335/1150
f 1342/1342/1153 1334/1334/1149 1335/1335/1150
f 1324/1324/1139 1331/1331/1146 1332/1332/1147
f 1341/1341/256 1311/1311/1127 1334/1334/1149
f 1343/1343/1154 1344/1344/1155 1342/1342/1153
f 1345/1345/1156 1322/1322/1137 1331/1331/1146
f 1343/1343/1154 1341/1341/256 1334/1334/1149
f 1336/1336/1151 1343/1343/1154 1342/1342/1153
f 1346/1346/1157 1305/1305/1121 1288/1288/1104
f 1347/1347/1158 1336/1336/1151 1329/1329/1144
f 1345/1345/1156 1329/1329/1144 1322/1322/1137
f 1324/1324/1139 1345/1345/1156 1331/1331/1146
f 1347/1347/1158 1343/1343/1154 1336/1336/1151
f 1340/1340/951 1346/1346/1157 1310/1310/1126
f 1346/1346/1157 1288/1288/1104 1310/1310/1126
f 1347/1347/1158 1341/1341/256 1343/1343/1154
f 1346/1346/1157 1348/1348/1159 1305/1305/1121
f 1325/1325/1140 1349/1349/1160 1324/1324/1139
f 1345/1345/1156 1347/1347/1158 1329/1329/1144
f 1348/1348/1159 1339/1339/1024 1305/1305/1121
f 1349/1349/1160 1325/1325/1140 1350/1350/1161
f 1351/1351/1162 1346/1346/1157 1340/1340/951
f 1324/1324/1139 1352/1352/1163 1345/1345/1156
f 1348/1348/1159 1353/1353/1164 1339/1339/1024
f 1349/1349/1160 1352/1352/1163 1324/1324/1139
f 1354/1354/1165 1347/1347/1158 1345/1345/1156
f 1355/1355/1166 1352/1352/1163 1349/1349/1160
f 1351/1351/1162 1348/1348/1159 1346/1346/1157
f 1356/1356/1167 1355/1355/1166 1349/1349/1160
f 1349/1349/1160 1350/1350/1161 1357/1357/1168
f 1358/1358/1169 1345/1345/1156 1352/1352/1163
f 1349/1349/1160 1357/1357/1168 1356/1356/1167
f 1359/1359/1170 1360/1360/1171 1361/1361/1166
f 1359/1359/1170 1362/1362/1172 1360/1360/1171
f 1363/1363/1173 1356/1356/1167 1357/1357/1168
f 1358/1358/1169 1354/1354/1165 1345/1345/1156
f 1364/1364/1174 1358/1358/1169 1352/1352/1163
f 1364/1364/1174 1352/1352/1163 1355/1355/1166
f 1365/1365/1175 1366/1366/1176 1341/1341/256
f 1365/1365/1175 1341/1341/256 1347/1347/1158
f 1367/1367/1177 1354/1354/1165 1358/1358/1169
f 1365/1365/1175 1347/1347/1158 1354/1354/1165
f 1367/1367/1177 1368/1368/1178 1354/1354/1165
f 1367/1367/1177 1358/1358/1169 1369/1369/1179
f 1370/1370/1180 1353/1353/1164 1348/1348/1159
f 1358/1358/1169 1364/1364/1174 1371/1371/1181
f 1372/1372/1182 1353/1353/1164 1370/1370/1180
f 1373/1373/1183 1369/1369/1179 1374/1374/1184
f 1369/1369/1179 1358/1358/1169 1374/1374/1184
f 1374/1374/1184 1358/1358/1169 1371/1371/1181
f 1375/1375/958 1370/1370/1180 1348/1348/1159
f 1375/1375/958 1348/1348/1159 1351/1351/1162
f 1376/1376/1185 1377/1377/1186 1367/1367/1187
f 1377/1377/1186 1378/1378/1188 1367/1367/1187
f 1376/1376/1185 1367/1367/1187 1373/1373/1183
f 1376/1376/1185 1373/1373/1183 1374/1374/1184
f 1379/1379/1189 1377/1377/1186 1376/1376/1185
f 1380/1380/1190 1381/1381/1181 1372/1372/1182
f 1382/1382/270 1372/1372/1182 1370/1370/1180
f 1382/1382/270 1370/1370/1180 1375/1375/958
f 1379/1379/1189 1376/1376/1185 1374/1374/1184
f 1383/1383/1191 1380/1380/1190 1382/1382/270
f 1382/1382/270 1380/1380/1190 1372/1372/1182
f 1384/1384/1192 1385/1385/117 1386/1386/1193
f 1387/1387/1194 1384/1384/1192 1386/1386/1193
f 1388/1388/546 1384/1384/1192 1387/1387/1194
f 1389/1389/1195 1390/1390/1196 1391/1391/551
f 1392/1392/1197 1393/1393/1198 1394/1394/1199
f 1395/1395/1200 1396/1396/550 1393/1393/1198
f 1397/1397/1201 1390/1390/1196 1389/1389/1195
f 1398/1398/563 1396/1396/550 1395/1395/1200
f 1399/1399/1202 1391/1391/551 1398/1398/563
f 1389/1389/1195 1391/1391/551 1399/1399/1202
f 1388/1388/546 1387/1387/1194 1400/1400/1203
f 1397/1397/1201 1389/1389/1195 1399/1399/1202
f 1400/1400/1203 1387/1387/1194 1386/1386/1193
f 1394/1394/1199 1401/1401/1204 1392/1392/1197
f 1395/1395/1200 1393/1393/1198 1392/1392/1197
f 1402/1402/1205 1392/1392/1197 1401/1401/1204
f 1399/1399/1202 1398/1398/563 1395/1395/1200
f 1395/1395/1200 1392/1392/1197 1403/1403/1206
f 1404/1404/1207 1397/1397/1201 1399/1399/1202
f 1402/1402/1205 1401/1401/1204 1405/1405/566
f 1403/1403/1206 1392/1392/1197 1406/1406/1208
f 1399/1399/1202 1395/1395/1200 1403/1403/1206
f 1400/1400/1203 1386/1386/1193 1407/1407/1209
f 1405/1405/566 1408/1408/567 1409/1409/1210
f 1410/1410/1211 1388/1388/546 1400/1400/1203
f 1411/1411/1212 1399/1399/1202 1403/1403/1206
f 1402/1402/1205 1405/1405/566 1409/1409/1210
f 1392/1392/1197 1402/1402/1205 1412/1412/1213
f 1404/1404/1207 1399/1399/1202 1413/1413/1214
f 1414/1414/1215 1397/1397/1201 1404/1404/1207
f 1402/1402/1205 1409/1409/1210 1415/1415/1216
f 1412/1412/1213 1402/1402/1205 1415/1415/1216
f 1406/1406/1208 1392/1392/1197 1412/1412/1213
f 1411/1411/1212 1403/1403/1206 1406/1406/1208
f 1413/1413/1214 1399/1399/1202 1411/1411/1212
f 1416/1416/1217 1408/1408/567 1417/1417/547
f 1409/1409/1210 1408/1408/567 1418/1418/1218
f 1419/1419/1219 1420/1420/1220 1421/1421/349
f 1418/1418/1218 1408/1408/567 1416/1416/1217
f 1406/1406/1208 1412/1412/1213 1422/1422/1221
f 1411/1411/1212 1406/1406/1208 1423/1423/1222
f 1409/1409/1210 1418/1418/1218 1424/1424/1223
f 1425/1425/1224 1412/1412/1213 1415/1415/1216
f 1423/1423/1222 1406/1406/1208 1422/1422/1221
f 1426/1426/1225 1418/1418/1218 1416/1416/1217
f 1415/1415/1216 1409/1409/1210 1424/1424/1223
f 1415/1415/1216 1424/1424/1223 1427/1427/1226
f 1424/1424/1223 1418/1418/1218 1426/1426/1225
f 1427/1427/1226 1424/1424/1223 1426/1426/1225
f 1422/1422/1221 1412/1412/1213 1425/1425/1224
f 1428/1428/1227 1414/1414/1215 1404/1404/1207
f 1429/1429/1228 1400/1400/1203 1407/1407/1209
f 1430/1430/359 1419/1419/1219 1421/1421/349
f 1431/1431/1229 1410/1410/1211 1429/1429/1228
f 1410/1410/1211 1400/1400/1203 1429/1429/1228
f 1413/1413/1214 1411/1411/1212 1432/1432/1230
f 1433/1433/1231 1415/1415/1216 1427/1427/1226
f 1428/1428/1227 1404/1404/1207 1413/1413/1214
f 1434/1434/125 1429/1429/1228 1407/1407/1209
f 1425/1425/1224 1415/1415/1216 1435/1435/1232
f 1436/1436/1233 1426/1426/1225 1416/1416/1217
f 1435/1435/1232 1415/1415/1216 1433/1433/1231
f 1436/1436/1233 1416/1416/1217 1437/1437/367
f 1438/1438/1234 1419/1419/1219 1430/1430/359
f 1427/1427/1226 1426/1426/1225 1436/1436/1233
f 1435/1435/1232 1422/1422/1221 1425/1425/1224
f 1423/1423/1222 1432/1432/1230 1411/1411/1212
f 1439/1439/1235 1427/1427/1226 1436/1436/1233
f 1433/1433/1231 1427/1427/1226 1439/1439/1235
f 1440/1440/1236 1423/1423/1222 1422/1422/1221
f 1428/1428/1227 1413/1413/1214 1432/1432/1230
f 1441/1441/1237 1439/1439/1235 1436/1436/1233
f 1442/1442/1238 1428/1428/1227 1432/1432/1230
f 1440/1440/1236 1422/1422/1221 1435/1435/1232
f 1432/1432/1230 1423/1423/1222 1443/1443/1239
f 1429/1429/1228 1434/1434/125 1444/1444/1240
f 1443/1443/1239 1423/1423/1222 1440/1440/1236
f 1436/1436/1233 1437/1437/367 1445/1445/1241
f 1445/1445/1241 1437/1437/367 1446/1446/366
f 1441/1441/1237 1436/1436/1233 1445/1445/1241
f 1447/1447/1242 1442/1442/1238 1432/1432/1230
f 1448/1448/1243 1442/1442/1238 1447/1447/1242
f 1444/1444/1240 1434/1434/125 1449/1449/128
f 1450/1450/1244 1451/1451/1227 1452/1452/1238
f 1453/1453/1245 1431/1431/1229 1429/1429/1228
f 1453/1453/1245 1429/1429/1228 1454/1454/1246
f 1455/1455/1247 1435/1435/1232 1456/1456/1248
f 1454/1454/1246 1429/1429/1228 1444/1444/1240
f 1435/1435/1232 1433/1433/1231 1456/1456/1248
f 1455/1455/1247 1440/1440/1236 1435/1435/1232
f 1457/1457/1249 1448/1448/1243 1447/1447/1242
f 1444/1444/1240 1449/1449/128 1458/1458/1250
f 1459/1459/1251 1460/1460/1252 1457/1457/1249
f 1461/1461/1253 1439/1439/1235 1441/1441/1237
f 1433/1433/1231 1439/1439/1235 1461/1461/1253
f 1447/1447/1242 1432/1432/1230 1443/1443/1239
f 1454/1454/1246 1444/1444/1240 1458/1458/1250
f 1445/1445/1241 1446/1446/366 1462/1462/378
f 1463/1463/1254 1447/1447/1242 1443/1443/1239
f 1441/1441/1237 1445/1445/1241 1462/1462/378
f 1457/1457/1249 1447/1447/1242 1463/1463/1254
f 1459/1459/1251 1457/1457/1249 1463/1463/1254
f 1464/1464/1255 1443/1443/1239 1440/1440/1236
f 1440/1440/1236 1455/1455/1247 1464/1464/1255
f 1465/1465/1256 1443/1443/1239 1464/1464/1255
f 1466/1466/1257 1441/1441/1237 1462/1462/378
f 1467/1467/1258 1433/1433/1231 1461/1461/1253
f 1456/1456/1248 1433/1433/1231 1467/1467/1258
f 1453/1453/1245 1454/1454/1246 1468/1468/1259
f 1461/1461/1253 1441/1441/1237 1466/1466/1257
f 1455/1455/1247 1456/1456/1248 1469/1469/1260
f 1470/1470/1261 1464/1464/1255 1455/1455/1247
f 1454/1454/1246 1458/1458/1250 1471/1471/1262
f 1468/1468/1259 1454/1454/1246 1471/1471/1262
f 1463/1463/1254 1443/1443/1239 1472/1472/1263
f 1465/1465/1256 1464/1464/1255 1470/1470/1261
f 1469/1469/1260 1456/1456/1248 1467/1467/1258
f 1472/1472/1263 1443/1443/1239 1465/1465/1256
f 1471/1471/1262 1458/1458/1250 1473/1473/1264
f 1474/1474/1265 1461/1461/1253 1466/1466/1257
f 1467/1467/1258 1461/1461/1253 1474/1474/1265
f 1475/1475/1266 1459/1459/1251 1463/1463/1254
f 1476/1476/1267 1466/1466/1257 1462/1462/378
f 1476/1476/1267 1462/1462/378 1477/1477/1268
f 1466/1466/1257 1476/1476/1267 1474/1474/1265
f 1478/1478/1269 1479/1479/1265 1480/1480/1267
f 1469/1469/1260 1467/1467/1258 1481/1481/1269
f 1467/1467/1258 1474/1474/1265 1481/1481/1269
f 1482/1482/1270 1469/1469/1260 1481/1481/1269
f 1470/1470/1261 1455/1455/1247 1483/1483/1271
f 1475/1475/1266 1463/1463/1254 1472/1472/1263
f 1478/1478/1269 1480/1480/1267 1484/1484/1272
f 1482/1482/1270 1481/1481/1269 1485/1485/1272
f 1483/1483/1271 1469/1469/1260 1482/1482/1270
f 1455/1455/1247 1469/1469/1260 1483/1483/1271
f 1472/1472/1263 1465/1465/1256 1486/1486/1273
f 1482/1482/1270 1485/1485/1272 1487/1487/1274
f 1483/1483/1271 1482/1482/1270 1487/1487/1274
f 1475/1475/1266 1472/1472/1263 1488/1488/1275
f 1485/1485/1272 1476/1476/1267 1489/1489/1276
f 1483/1483/1271 1487/1487/1274 1490/1490/1277
f 1491/1491/1278 1483/1483/1271 1490/1490/1277
f 1491/1491/1278 1470/1470/1261 1483/1483/1271
f 1465/1465/1256 1470/1470/1261 1491/1491/1278
f 1492/1492/1279 1476/1476/1267 1477/1477/1268
f 1489/1489/1276 1476/1476/1267 1492/1492/1279
f 1486/1486/1273 1465/1465/1256 1491/1491/1278
f 1491/1491/1278 1490/1490/1277 1493/1493/1280
f 1486/1486/1273 1491/1491/1278 1493/1493/1280
f 1488/1488/1275 1472/1472/1263 1486/1486/1273
f 1494/1494/1281 1485/1485/1272 1489/1489/1276
f 1490/1490/1277 1487/1487/1274 1495/1495/1282
f 1488/1488/1275 1486/1486/1273 1493/1493/1280
f 1496/1496/1283 1475/1475/1266 1488/1488/1275
f 1494/1494/1281 1489/1489/1276 1497/1497/1284
f 1487/1487/1274 1485/1485/1272 1494/1494/1281
f 1498/1498/1285 1494/1494/1281 1497/1497/1284
f 1468/1468/1259 1471/1471/1262 1499/1499/1286
f 1500/1500/1287 1489/1489/1276 1492/1492/1279
f 1501/1501/1288 1487/1487/1274 1494/1494/1281
f 1501/1501/1288 1495/1495/1282 1487/1487/1274
f 1502/1502/1289 1490/1490/1277 1495/1495/1282
f 1493/1493/1280 1490/1490/1277 1502/1502/1289
f 1503/1503/1290 1488/1488/1275 1493/1493/1280
f 1504/1504/1285 1505/1505/1291 1506/1506/1292
f 1503/1503/1290 1496/1496/1283 1488/1488/1275
f 1499/1499/1286 1471/1471/1262 1507/1507/1293
f 1507/1507/1293 1473/1473/1264 1508/1508/1294
f 1507/1507/1293 1471/1471/1262 1473/1473/1264
f 1509/1509/1295 1495/1495/1282 1501/1501/1288
f 1503/1503/1290 1493/1493/1280 1510/1510/1296
f 1501/1501/1288 1494/1494/1281 1498/1498/1285
f 1511/1511/1297 1504/1504/1285 1506/1506/1292
f 1502/1502/1289 1495/1495/1282 1509/1509/1295
f 1510/1510/1296 1493/1493/1280 1502/1502/1289
f 1509/1509/1295 1501/1501/1288 1512/1512/1298
f 1512/1512/1298 1501/1501/1288 1498/1498/1285
f 1513/1513/1299 1492/1492/1279 1514/1514/402
f 1492/1492/1279 1477/1477/1268 1514/1514/402
f 1515/1515/1300 1504/1504/1285 1511/1511/1297
f 1516/1516/1298 1504/1504/1285 1515/1515/1300
f 1517/1517/1301 1516/1516/1298 1515/1515/1300
f 1518/1518/1302 1510/1510/1296 1502/1502/1289
f 1518/1518/1302 1502/1502/1289 1509/1509/1295
f 1519/1519/1303 1517/1517/1301 1515/1515/1300
f 1507/1507/1293 1508/1508/1294 1520/1520/135
f 1521/1521/1304 1503/1503/1290 1510/1510/1296
f 1522/1522/1305 1517/1517/1301 1519/1519/1303
f 1523/1523/1306 1503/1503/1290 1521/1521/1304
f 1524/1524/1307 1525/1525/399 1526/1526/401
f 1527/1527/1308 1499/1499/1286 1507/1507/1293
f 1521/1521/1304 1510/1510/1296 1518/1518/1302
f 1528/1528/1309 1506/1506/1292 1524/1524/1307
f 1511/1511/1297 1506/1506/1292 1528/1528/1309
f 1519/1519/1303 1515/1515/1300 1529/1529/1310
f 1530/1530/1311 1522/1522/1305 1531/1531/1312
f 1531/1531/1312 1522/1522/1305 1519/1519/1303
f 1532/1532/1313 1530/1530/1311 1531/1531/1312
f 1533/1533/1314 1530/1530/1311 1532/1532/1313
f 1524/1524/1307 1526/1526/401 1534/1534/409
f 1531/1531/1312 1519/1519/1303 1529/1529/1310
f 1527/1527/1308 1507/1507/1293 1535/1535/138
f 1528/1528/1309 1524/1524/1307 1534/1534/409
f 1536/1536/1315 1515/1515/1300 1511/1511/1297
f 1529/1529/1310 1515/1515/1300 1536/1536/1315
f 1507/1507/1293 1520/1520/135 1535/1535/138
f 1537/1537/1316 1513/1513/1299 1514/1514/402
f 1538/1538/272 1513/1513/1299 1537/1537/1316
f 1536/1536/1315 1511/1511/1297 1528/1528/1309
f 1539/1539/417 1528/1528/1309 1534/1534/409
f 1540/1540/1317 1533/1533/1314 1532/1532/1313
f 1537/1537/1316 1514/1514/402 1541/1541/1318
f 1539/1539/417 1536/1536/1315 1528/1528/1309
f 1542/1542/1319 1531/1531/1312 1529/1529/1310
f 1540/1540/1317 1532/1532/1313 1543/1543/1320
f 1544/1544/1321 1535/1535/138 1540/1540/1317
f 1544/1544/1321 1540/1540/1317 1543/1543/1320
f 1545/1545/655 1536/1536/1315 1539/1539/417
f 1546/1546/656 1527/1527/1308 1535/1535/138
f 1547/1547/1322 1529/1529/1310 1536/1536/1315
f 1543/1543/1320 1531/1531/1312 1548/1548/1323
f 1532/1532/1313 1531/1531/1312 1543/1543/1320
f 1545/1545/655 1539/1539/417 1549/1549/428
f 1546/1546/656 1535/1535/138 1544/1544/1321
f 1537/1537/1316 1541/1541/1318 1550/1550/1324
f 1538/1538/272 1537/1537/1316 1550/1550/1324
f 1547/1547/1322 1536/1536/1315 1545/1545/655
f 1551/1551/659 1529/1529/1310 1547/1547/1322
f 1548/1548/1323 1531/1531/1312 1542/1542/1319
f 1546/1546/656 1544/1544/1321 1552/1552/1325
f 1538/1538/272 1550/1550/1324 1553/1553/1326
f 1550/1550/1324 1541/1541/1318 1554/1554/1327
f 1542/1542/1319 1529/1529/1310 1551/1551/659
f 1555/1555/658 1547/1547/1322 1545/1545/655
f 1556/1556/1328 1542/1542/1319 1551/1551/659
f 1548/1548/1323 1542/1542/1319 1556/1556/1328
f 1551/1551/659 1547/1547/1322 1555/1555/658
f 1556/1556/1328 1543/1543/1320 1548/1548/1323
f 1556/1556/1328 1551/1551/659 1557/1557/660
f 1544/1544/1321 1543/1543/1320 1558/1558/1329
f 1552/1552/1325 1544/1544/1321 1558/1558/1329
f 1558/1558/1329 1543/1543/1320 1556/1556/1328
f 1559/1559/1330 1560/1560/1331 1561/1561/1332
f 1559/1559/1330 1561/1561/1332 1562/1562/1333
f 1562/1562/832 1563/1563/691 1564/1564/1334
f 1564/1564/1334 1563/1563/691 1560/1560/1331
f 1564/1564/1334 1560/1560/1331 1559/1559/1330
f 1565/1565/1335 1566/1566/1336 1567/1567/1034
f 1566/1566/1336 1568/1568/1337 1567/1567/1034
f 1569/1569/1036 1570/1570/1334 1565/1565/1335
f 1569/1569/1036 1565/1565/1335 1567/1567/1034
f 1566/1566/1336 1570/1570/1334 1569/1569/1036
f 1571/1571/1336 1572/1572/682 1573/1573/688
f 1574/1574/1338 1575/1575/1339 1576/1576/1340
f 1574/1574/1338 1576/1576/1340 1577/1577/1341
f 1578/1578/597 1574/1574/1338 1577/1577/1341
f 1579/1579/1229 1578/1578/597 1577/1577/1341
f 1580/1580/1342 1578/1578/597 1579/1579/1229
f 1580/1580/1342 1579/1579/1229 1581/1581/1343
f 1582/1582/1344 1580/1580/1342 1581/1581/1343
f 1583/1583/1345 1582/1582/1344 1581/1581/1343
f 1584/1584/625 1582/1582/1344 1583/1583/1345
f 1585/1585/1346 1584/1584/625 1583/1583/1345
f 1585/1585/1346 1583/1583/1345 1586/1586/1286
f 1587/1587/1347 1585/1585/1346 1586/1586/1286
f 1588/1588/642 1585/1585/1346 1587/1587/1347
f 1589/1589/1348 1588/1588/642 1587/1587/1347
f 1590/1590/838 1591/1591/1036 1592/1592/1349
f 1590/1590/838 1592/1592/1349 1593/1593/695
f 1590/1590/838 1593/1593/695 1594/1594/1350
f 1595/1595/1351 1594/1594/1350 1593/1593/695
f 1595/1595/1351 1596/1596/1352 1594/1594/1350
f 1597/1597/1353 1598/1598/1354 1599/1599/1355
f 1600/1600/765 1596/1596/1352 1595/1595/1351
f 1600/1600/765 1595/1595/1351 1601/1601/1356
f 1602/1602/1048 1596/1596/1357 1603/1603/1049
f 1603/1603/1049 1596/1596/1357 1604/1604/1354
f 1605/1605/1358 1606/1606/1359 1607/1607/1360
f 1603/1603/1049 1604/1604/1354 1608/1608/1361
f 1600/1600/765 1601/1601/1356 1609/1609/1362
f 1600/1600/765 1609/1609/1362 1603/1603/1049
f 1600/1600/765 1603/1603/1049 1608/1608/1361
f 1603/1603/1049 1609/1609/1362 1610/1610/1363
f 1611/1611/96 1612/1612/555 1613/1613/1364
f 1614/1614/1201 1613/1613/1364 1612/1612/555
f 1615/1615/1365 1611/1611/96 1613/1613/1364
f 1616/1616/1215 1613/1613/1364 1614/1614/1201
f 1617/1617/1366 1615/1615/1365 1613/1613/1364
f 1616/1616/1215 1617/1617/1366 1613/1613/1364
f 1617/1617/1366 1616/1616/1215 1618/1618/1367
f 1619/1619/968 1615/1615/1365 1617/1617/1366
f 1618/1618/1367 1620/1620/1368 1617/1617/1366
f 1621/1621/1369 1619/1619/968 1617/1617/1366
f 1622/1622/1252 1620/1620/1368 1618/1618/1367
f 1623/1623/1370 1621/1621/1369 1617/1617/1366
f 1622/1622/1252 1624/1624/1371 1620/1620/1368
f 1623/1623/1370 1617/1617/1366 1620/1620/1368
f 1625/1625/1251 1624/1624/1371 1622/1622/1252
f 1623/1623/1370 1620/1620/1368 1626/1626/1249
f 1627/1627/1372 1621/1621/1369 1623/1623/1370
f 1624/1624/1371 1623/1623/1370 1626/1626/1249
f 1628/1628/1373 1623/1623/1370 1624/1624/1371
f 1625/1625/1251 1628/1628/1373 1624/1624/1371
f 1628/1628/1373 1627/1627/1372 1623/1623/1370
f 1629/1629/974 1627/1627/1372 1628/1628/1373
f 1630/1630/1266 1628/1628/1373 1625/1625/1251
f 1630/1630/1266 1629/1629/974 1628/1628/1373
f 1630/1630/1266 1631/1631/1374 1629/1629/974
f 1631/1631/1374 1632/1632/976 1629/1629/974
f 1633/1633/1375 1631/1631/1374 1630/1630/1266
f 1634/1634/1290 1631/1631/1374 1633/1633/1375
f 1635/1635/978 1632/1632/976 1631/1631/1374
f 1634/1634/1290 1635/1635/978 1631/1631/1374
f 1636/1636/853 1637/1637/1376 1638/1638/1377
f 1636/1636/853 1638/1638/1377 1639/1639/842
f 1640/1640/846 1641/1641/830 1642/1642/1378
f 1643/1643/857 1644/1644/1379 1645/1645/1380
f 1643/1643/857 1645/1645/1380 1646/1646/1381
f 1647/1647/1378 1648/1648/1376 1649/1649/1382
f 1650/1650/1383 1647/1647/1378 1649/1649/1382
f 1651/1651/1384 1652/1652/710 1653/1653/1385
f 1651/1651/1384 1654/1654/1386 1652/1652/710
f 1655/1655/1387 1656/1656/709 1657/1657/706
f 1655/1655/1387 1657/1657/706 1658/1658/1388
f 1658/1658/1388 1657/1657/706 1659/1659/1389
f 1658/1658/1388 1659/1659/1389 1660/1660/1390
f 1660/1660/1390 1659/1659/1389 1661/1661/917
f 1662/1662/861 1663/1663/716 1664/1664/707
f 1665/1665/1391 1663/1663/716 1662/1662/861
f 1663/1663/716 1665/1665/1391 1666/1666/731
f 1665/1665/1391 1667/1667/906 1666/1666/731
f 1668/1668/1392 1669/1669/1393 1670/1670/1394
f 1670/1670/1394 1671/1671/1395 1668/1668/1392
f 1672/1672/1396 1668/1668/1392 1671/1671/1395
f 1672/1672/1396 1671/1671/1395 1673/1673/1397
f 1672/1672/1396 1673/1673/1397 1674/1674/1398
f 1675/1675/851 1676/1676/1399 1677/1677/711
f 1675/1675/851 1677/1677/711 1678/1678/880
f 1679/1679/1400 1680/1680/1401 1681/1681/1402
f 1681/1681/1402 1680/1680/1401 1682/1682/1395
f 1682/1682/1395 1680/1680/1401 1683/1683/1403
f 1684/1684/725 1685/1685/1404 1686/1686/733
f 1687/1687/1405 1682/1682/1395 1683/1683/1403
f 1688/1688/1406 1686/1686/733 1685/1685/1404
f 1687/1687/1405 1683/1683/1403 1689/1689/1407
f 1690/1690/927 1691/1691/783 1692/1692/1408
f 1688/1688/1406 1685/1685/1404 1693/1693/925
f 1694/1694/1409 1692/1692/1408 1695/1695/790
f 1696/1696/1057 1697/1697/1410 1698/1698/798
f 1690/1690/927 1692/1692/1408 1694/1694/1409
f 1693/1693/925 1685/1685/1404 1699/1699/794
f 1700/1700/1411 1687/1687/1405 1689/1689/1407
f 1696/1696/1057 1698/1698/798 1701/1701/1412
f 1694/1694/1409 1695/1695/790 1702/1702/1413
f 1703/1703/1414 1693/1693/925 1699/1699/794
f 1704/1704/803 1705/1705/802 1706/1706/1415
f 1707/1707/1416 1708/1708/1417 1709/1709/1418
f 1710/1710/1085 1690/1690/927 1694/1694/1409
f 1711/1711/806 1690/1690/927 1710/1710/1085
f 1700/1700/1411 1689/1689/1407 1712/1712/1419
f 1707/1707/1416 1709/1709/1418 1713/1713/1420
f 1714/1714/1421 1704/1704/803 1706/1706/1415
f 1715/1715/1422 1716/1716/1423 1696/1696/1057
f 1717/1717/1424 1711/1711/806 1710/1710/1085
f 1718/1718/1425 1719/1719/794 1720/1720/1424
f 1701/1701/1412 1704/1704/803 1714/1714/1421
f 1721/1721/1426 1715/1715/1422 1696/1696/1057
f 1722/1722/1427 1694/1694/1409 1702/1702/1413
f 1714/1714/1421 1706/1706/1415 1723/1723/1428
f 1701/1701/1412 1721/1721/1426 1696/1696/1057
f 1724/1724/1099 1725/1725/804 1718/1718/1425
f 1724/1724/1099 1726/1726/1429 1725/1725/804
f 1714/1714/1421 1721/1721/1426 1701/1701/1412
f 1727/1727/1085 1728/1728/1430 1729/1729/1431
f 1730/1730/1432 1720/1720/1424 1731/1731/1095
f 1730/1730/1432 1718/1718/1425 1720/1720/1424
f 1724/1724/1099 1718/1718/1425 1732/1732/1433
f 1707/1707/1416 1713/1713/1420 1733/1733/1434
f 1734/1734/1435 1710/1710/1085 1694/1694/1409
f 1712/1712/1419 1735/1735/1436 1700/1700/1411
f 1732/1732/1433 1718/1718/1425 1730/1730/1432
f 1736/1736/1437 1737/1737/1090 1738/1738/1438
f 1714/1714/1421 1723/1723/1428 1739/1739/1439
f 1714/1714/1421 1739/1739/1439 1740/1740/1440
f 1741/1741/1441 1734/1734/1435 1694/1694/1409
f 1742/1742/1442 1743/1743/1095 1744/1744/1441
f 1745/1745/1443 1730/1730/1432 1731/1731/1095
f 1746/1746/1444 1747/1747/1099 1748/1748/1432
f 1735/1735/1436 1712/1712/1419 1749/1749/1445
f 1750/1750/1446 1751/1751/1447 1752/1752/1448
f 1753/1753/1449 1752/1752/1448 1751/1751/1447
f 1754/1754/1450 1733/1733/1434 1713/1713/1420
f 1741/1741/1441 1694/1694/1409 1722/1722/1427
f 1755/1755/1451 1741/1741/1441 1756/1756/1452
f 1749/1749/1445 1757/1757/1453 1735/1735/1436
f 1758/1758/1454 1751/1751/1455 1735/1735/1436
f 1759/1759/1456 1714/1714/1421 1740/1740/1440
f 1760/1760/1457 1733/1733/1434 1754/1754/1450
f 1761/1761/1458 1762/1762/1459 1763/1763/1460
f 1764/1764/1461 1765/1765/1421 1766/1766/1460
f 1767/1767/1462 1721/1721/1426 1714/1714/1421
f 1758/1758/1454 1735/1735/1436 1757/1757/1453
f 1768/1768/1463 1759/1759/1457 1769/1769/1450
f 1756/1756/1452 1741/1741/1441 1770/1770/1464
f 1770/1770/1464 1748/1748/1432 1756/1756/1452
f 1771/1771/1465 1726/1726/1429 1724/1724/1099
f 1772/1772/1466 1714/1714/1421 1768/1768/1463
f 1773/1773/1467 1741/1741/1441 1722/1722/1427
f 1774/1774/1114 1751/1751/1447 1757/1757/1453
f 1753/1753/1449 1751/1751/1447 1774/1774/1114
f 1768/1768/1463 1769/1769/1450 1772/1772/1466
f 1767/1767/1462 1714/1714/1421 1772/1772/1466
f 1775/1775/1468 1776/1776/1469 1777/1777/1465
f 1778/1778/1470 1753/1753/1449 1774/1774/1114
f 1779/1779/1471 1770/1770/1464 1741/1741/1441
f 1780/1780/1472 1746/1746/1444 1748/1748/1432
f 1781/1781/1120 1778/1778/1470 1774/1774/1114
f 1772/1772/1466 1769/1769/1450 1782/1782/1473
f 1767/1767/1462 1772/1772/1466 1783/1783/1474
f 1783/1783/1474 1784/1784/1475 1767/1767/1462
f 1785/1785/1476 1722/1722/1427 1702/1702/1413
f 1779/1779/1471 1741/1741/1441 1773/1773/1467
f 1780/1780/1472 1748/1748/1432 1770/1770/1464
f 1786/1786/1477 1787/1787/1478 1788/1788/1479
f 1789/1789/1477 1790/1790/1480 1791/1791/1481
f 1792/1792/1482 1783/1783/1474 1772/1772/1466
f 1774/1774/1114 1757/1757/1453 1749/1749/1445
f 1793/1793/1483 1772/1772/1480 1794/1794/1477
f 1795/1795/1484 1796/1796/1485 1797/1797/1486
f 1798/1798/1487 1772/1772/1480 1793/1793/1483
f 1799/1799/1488 1783/1783/1474 1792/1792/1482
f 1800/1800/1489 1801/1801/1490 1802/1802/1491
f 1803/1803/1130 1800/1800/1489 1802/1802/1491
f 1804/1804/1492 1805/1805/1475 1806/1806/1493
f 1785/1785/1476 1807/1807/1494 1722/1722/1427
f 1808/1808/1136 1746/1746/1444 1780/1780/1472
f 1788/1788/1479 1809/1809/1495 1786/1786/1477
f 1810/1810/1496 1809/1809/1495 1788/1788/1479
f 1811/1811/1497 1809/1809/1495 1810/1810/1496
f 1812/1812/1498 1772/1772/1480 1798/1798/1487
f 1795/1795/1484 1797/1797/1486 1813/1813/1498
f 1814/1814/1484 1815/1815/1499 1816/1816/1500
f 1817/1817/1501 1779/1779/1471 1773/1773/1467
f 1808/1808/1136 1775/1775/1468 1777/1777/1465
f 1818/1818/1502 1819/1819/1503 1820/1820/1504
f 1818/1818/1502 1820/1820/1504 1821/1821/1505
f 1799/1799/1488 1792/1792/1482 1812/1812/1498
f 1774/1774/1114 1749/1749/1445 1822/1822/1506
f 1823/1823/1507 1784/1784/1475 1799/1799/1488
f 1824/1824/1508 1785/1785/1476 1702/1702/1413
f 1825/1825/1509 1826/1826/1510 1827/1827/1135
f 1780/1780/1472 1779/1779/1471 1817/1817/1501
f 1812/1812/1498 1798/1798/1487 1818/1818/1502
f 1823/1823/1507 1799/1799/1488 1812/1812/1498
f 1828/1828/1511 1784/1784/1475 1823/1823/1507
f 1807/1807/1494 1785/1785/1476 1829/1829/1512
f 1774/1774/1114 1822/1822/1506 1830/1830/1148
f 1831/1831/1513 1832/1832/1514 1833/1833/1515
f 1834/1834/1516 1829/1829/1512 1785/1785/1476
f 1808/1808/1136 1835/1835/1517 1775/1775/1468
f 1832/1832/1514 1821/1821/1505 1836/1836/1152
f 1812/1812/1498 1818/1818/1502 1821/1821/1505
f 1834/1834/1516 1837/1837/1518 1829/1829/1512
f 1838/1838/1519 1807/1807/1494 1829/1829/1512
f 1838/1838/1519 1817/1817/1501 1807/1807/1494
f 1835/1835/1517 1808/1808/1136 1780/1780/1472
f 1831/1831/1513 1821/1821/1505 1832/1832/1514
f 1812/1812/1498 1821/1821/1505 1823/1823/1507
f 1839/1839/1520 1785/1785/1476 1824/1824/1508
f 1840/1840/1521 1817/1817/1501 1838/1838/1519
f 1780/1780/1472 1817/1817/1501 1840/1840/1521
f 1841/1841/1506 1775/1775/1468 1835/1835/1517
f 1837/1837/1518 1842/1842/1522 1838/1838/1519
f 1835/1835/1517 1780/1780/1472 1840/1840/1521
f 1821/1821/1505 1831/1831/1513 1841/1841/1506
f 1834/1834/1516 1785/1785/1476 1842/1842/1522
f 1840/1840/1521 1838/1838/1519 1842/1842/1522
f 1821/1821/1505 1841/1841/1506 1835/1835/1517
f 1842/1842/1522 1785/1785/1476 1839/1839/1520
f 1843/1843/1523 1834/1834/1516 1842/1842/1522
f 1839/1839/1520 1824/1824/1508 1844/1844/1524
f 1845/1845/1525 1823/1823/1507 1821/1821/1505
f 1846/1846/1526 1821/1821/1505 1835/1835/1517
f 1828/1828/1511 1823/1823/1507 1845/1845/1525
f 1845/1845/1525 1821/1821/1505 1846/1846/1526
f 1846/1846/1526 1835/1835/1517 1840/1840/1521
f 1847/1847/1161 1828/1828/1511 1845/1845/1525
f 1848/1848/1527 1842/1842/1522 1839/1839/1520
f 1840/1840/1521 1842/1842/1522 1848/1848/1527
f 1849/1849/1528 1839/1839/1520 1844/1844/1524
f 1850/1850/1529 1846/1846/1526 1840/1840/1521
f 1851/1851/1168 1847/1847/1161 1845/1845/1525
f 1849/1849/1528 1844/1844/1524 1852/1852/1530
f 1845/1845/1525 1846/1846/1526 1853/1853/1531
f 1854/1854/1172 1845/1845/1525 1853/1853/1531
f 1851/1851/1168 1845/1845/1525 1854/1854/1172
f 1848/1848/1527 1839/1839/1520 1849/1849/1528
f 1853/1853/1531 1846/1846/1526 1850/1850/1529
f 1855/1855/1532 1856/1856/1533 1857/1857/1534
f 1850/1850/1529 1840/1840/1521 1848/1848/1527
f 1858/1858/1535 1855/1855/1532 1859/1859/1536
f 1855/1855/1532 1857/1857/1534 1859/1859/1536
f 1860/1860/1537 1861/1861/1538 1862/1862/1539
f 1851/1851/1168 1854/1854/1172 1863/1863/1540
f 1864/1864/711 1865/1865/1541 1866/1866/1542
f 1864/1864/711 1866/1866/1542 1867/1867/737
f 1867/1867/737 1866/1866/1542 1868/1868/870
f 1869/1869/748 1867/1867/737 1868/1868/870
f 1870/1870/1543 1869/1869/748 1868/1868/870
f 1871/1871/756 1869/1869/748 1870/1870/1543
f 1870/1870/1543 1872/1872/1544 1873/1873/778
f 1873/1873/778 1871/1871/756 1870/1870/1543
f 1874/1874/1545 1873/1873/778 1872/1872/1544
f 1875/1875/1418 1874/1874/1545 1872/1872/1544
f 1876/1876/1546 1877/1877/1547 1878/1878/737
f 1879/1879/1548 1876/1876/1546 1878/1878/737
f 1880/1880/875 1881/1881/1549 1882/1882/715
f 1880/1880/875 1882/1882/715 1883/1883/1550
f 1884/1884/1551 1881/1881/1549 1880/1880/875
f 1885/1885/1357 1884/1884/1551 1880/1880/875
f 1886/1886/861 1887/1887/1552 1888/1888/731
f 1889/1889/743 1890/1890/1553 1891/1891/1554
f 1889/1889/743 1891/1891/1554 1892/1892/895
f 1893/1893/889 1894/1894/1555 1895/1895/1556
f 1889/1889/743 1892/1892/895 1896/1896/750
f 1892/1892/895 1897/1897/742 1896/1896/750
f 1898/1898/1551 1899/1899/874 1900/1900/1557
f 1899/1899/874 1898/1898/1551 1901/1901/1355
f 1902/1902/1543 1903/1903/1558 1904/1904/886
f 1902/1902/1543 1904/1904/886 1905/1905/1559
f 1906/1906/894 1907/1907/743 1908/1908/758
f 1906/1906/894 1908/1908/758 1909/1909/1560
f 1910/1910/1561 1911/1911/1562 1912/1912/363
f 1913/1913/1563 1910/1910/1561 1912/1912/363
f 1913/1913/1563 1912/1912/363 1914/1914/1564
f 1915/1915/1565 1913/1913/1563 1914/1914/1564
f 1915/1915/1565 1914/1914/1564 1916/1916/1566
f 1915/1915/1565 1916/1916/1566 1917/1917/390
f 1918/1918/1567 1919/1919/907 1920/1920/1568
f 1919/1919/907 1921/1921/1407 1920/1920/1568
f 1922/1922/1569 1921/1921/1407 1919/1919/907
f 1923/1923/1570 1921/1921/1407 1922/1922/1569
f 1924/1924/1571 1923/1923/1570 1922/1922/1569
f 1925/1925/1445 1923/1923/1570 1924/1924/1571
f 1925/1925/1445 1924/1924/1571 1926/1926/1572
f 1927/1927/1506 1925/1925/1445 1926/1926/1572
f 1928/1928/1573 1927/1927/1506 1926/1926/1572
f 1929/1929/1574 1930/1930/902 1931/1931/1575
f 1932/1932/904 1933/1933/771 1930/1930/902
f 1933/1933/771 1934/1934/761 1930/1930/902
f 1932/1932/904 1930/1930/902 1929/1929/1574
f 1935/1935/1576 1936/1936/1577 1937/1937/756
f 1935/1935/1576 1937/1937/756 1938/1938/771
f 1939/1939/906 1940/1940/1578 1941/1941/1579
f 1939/1939/906 1941/1941/1579 1942/1942/912
f 1942/1942/912 1941/1941/1579 1943/1943/1580
f 1944/1944/1581 1942/1942/912 1943/1943/1580
f 1943/1943/1580 1941/1941/1579 1945/1945/1582
f 1945/1945/1582 1941/1941/1579 1946/1946/927
f 1947/1947/1583 1948/1948/1584 1945/1945/1582
f 1948/1948/1584 1943/1943/1580 1945/1945/1582
f 1945/1945/1582 1946/1946/927 1949/1949/924
f 1950/1950/1585 1951/1951/1586 1952/1952/779
f 1950/1950/1585 1952/1952/779 1953/1953/1587
f 1954/1954/1588 1955/1955/1589 1956/1956/1417
f 1957/1957/1590 1954/1954/1588 1956/1956/1417
f 1957/1957/1590 1956/1956/1417 1958/1958/1591
f 1959/1959/1592 1957/1957/1590 1958/1958/1591
f 1959/1959/1592 1958/1958/1591 1960/1960/1440
f 1961/1961/1593 1962/1962/915 1963/1963/911
f 1962/1962/915 1961/1961/1593 1964/1964/1594
f 1965/1965/1595 1966/1966/1596 1967/1967/1578
f 1965/1965/1595 1967/1967/1578 1968/1968/906
f 1969/1969/919 1970/1970/1597 1971/1971/1598
f 1972/1972/1062 1970/1970/1597 1969/1969/919
f 1973/1973/1062 1974/1974/921 1975/1975/1582
f 1973/1973/1062 1975/1975/1582 1976/1976/1599
f 1977/1977/1597 1978/1978/1600 1979/1979/1601
f 1977/1977/1597 1979/1979/1601 1980/1980/806
f 1981/1981/1602 1980/1980/806 1979/1979/1601
f 1982/1982/890 1983/1983/1603 1984/1984/916
f 1985/1985/1604 1986/1986/1418 1987/1987/1605
f 1988/1988/1071 1989/1989/1606 1984/1984/916
f 1983/1983/1603 1988/1988/1071 1984/1984/916
f 1985/1985/1604 1990/1990/1420 1986/1986/1418
f 1991/1991/1070 1989/1989/1606 1988/1988/1071
f 1990/1990/1420 1985/1985/1604 1992/1992/1607
f 1993/1993/1608 1989/1989/1606 1991/1991/1070
f 1994/1994/1609 1990/1990/1420 1992/1992/1607
f 1993/1993/1608 1994/1994/1609 1992/1992/1607
f 1994/1994/1609 1995/1995/1421 1996/1996/1610
f 1997/1997/1611 1994/1994/1609 1993/1993/1608
f 1990/1990/1420 1996/1996/1610 1998/1998/1450
f 1990/1990/1420 1994/1994/1609 1996/1996/1610
f 1996/1996/1610 1995/1995/1421 1997/1997/1611
f 1991/1991/1070 1997/1997/1611 1993/1993/1608
f 1999/1999/1612 1998/1998/1450 1996/1996/1610
f 1999/1999/1612 1996/1996/1610 1997/1997/1611
f 2000/2000/1613 1999/1999/1612 1997/1997/1611
f 2000/2000/1613 1997/1997/1611 1991/1991/1070
f 2001/2001/1504 2002/2002/1614 1998/1998/1450
f 1999/1999/1612 2003/2003/1615 1998/1998/1450
f 2001/2001/1504 1998/1998/1450 2003/2003/1615
f 2004/2004/1616 2005/2005/1617 1999/1999/1612
f 2000/2000/1613 2004/2004/1616 1999/1999/1612
f 2001/2001/1504 2003/2003/1615 2006/2006/1618
f 2006/2006/1618 2003/2003/1615 2004/2004/1619
f 2007/2007/1620 2000/2000/1613 2008/2008/1621
f 2007/2007/1620 2009/2009/1622 2004/2004/1616
f 2007/2007/1620 2004/2004/1616 2000/2000/1613
f 2008/2008/1621 2010/2010/1623 2011/2011/1624
f 2012/2012/1625 2001/2001/1504 2006/2006/1618
f 2013/2013/1503 2009/2009/1622 2007/2007/1620
f 2011/2011/1624 2007/2007/1620 2008/2008/1621
f 2012/2012/1625 2014/2014/1152 2001/2001/1504
f 2012/2012/1625 2015/2015/1626 2014/2014/1152
f 2016/2016/1627 2017/2017/798 2018/2018/796
f 2016/2016/1627 2019/2019/1628 2017/2017/798
f 2020/2020/1629 2021/2021/1630 2022/2022/1631
f 2023/2023/1632 2021/2021/1630 2020/2020/1629
f 2024/2024/1633 2025/2025/1634 2026/2026/1048
f 2027/2027/1627 2024/2024/1633 2026/2026/1048
f 2024/2024/1633 2028/2028/800 2025/2025/1634
f 2029/2029/1635 2028/2028/800 2024/2024/1633
f 2030/2030/1636 2031/2031/1637 2032/2032/803
f 2033/2033/1065 2030/2030/1636 2032/2032/803
f 2033/2033/1065 2032/2032/803 2034/2034/1638
f 2035/2035/1639 2036/2036/1634 2037/2037/1640
f 2035/2035/1639 2037/2037/1640 2038/2038/1641
f 2039/2039/1642 2040/2040/1643 2041/2041/1644
f 2042/2042/1645 2041/2041/1644 2040/2040/1643
f 2043/2043/1646 2039/2039/1642 2041/2041/1644
f 2044/2044/1249 2043/2043/1646 2041/2041/1644
f 2044/2044/1249 2041/2041/1644 2042/2042/1645
f 2045/2045/1071 2046/2046/1641 2047/2047/1633
f 2048/2048/1647 2047/2047/1633 2046/2046/1641
f 2049/2049/1648 2050/2050/1412 2051/2051/1051
f 2052/2052/1649 2050/2050/1412 2049/2049/1648
f 2053/2053/1650 2054/2054/1064 2055/2055/1651
f 2056/2056/1652 2054/2054/1064 2053/2053/1650
f 2057/2057/1632 2058/2058/1653 2059/2059/1654
f 2059/2059/1654 2060/2060/799 2057/2057/1632
f 2061/2061/1060 2062/2062/1655 2063/2063/1650
f 2062/2062/1655 2061/2061/1060 2064/2064/1656
f 2065/2065/1655 2066/2066/1424 2067/2067/1657
f 2068/2068/1077 2069/2069/1424 2070/2070/1602
f 2071/2071/1658 2069/2069/1424 2068/2068/1077
f 2072/2072/1095 2069/2069/1424 2071/2071/1658
f 2073/2073/1431 2072/2072/1095 2071/2071/1658
f 2074/2074/1659 2075/2075/1660 2076/2076/1085
f 2074/2074/1659 2076/2076/1085 2077/2077/1658
f 2078/2078/1661 2079/2079/1662 2077/2077/1658
f 2078/2078/1661 2077/2077/1658 2076/2076/1085
f 2080/2080/1663 2081/2081/1073 2082/2082/1664
f 2083/2083/1107 2081/2081/1073 2080/2080/1663
f 2084/2084/1665 2083/2083/1107 2080/2080/1663
f 2085/2085/1666 2083/2083/1107 2084/2084/1665
f 2086/2086/1667 2085/2085/1666 2084/2084/1665
f 2087/2087/1137 2085/2085/1666 2086/2086/1667
f 2088/2088/1422 2089/2089/1426 2090/2090/1668
f 2090/2090/1668 2089/2089/1426 2091/2091/1669
f 2092/2092/1670 2090/2090/1668 2091/2091/1669
f 2093/2093/1133 2092/2092/1670 2091/2091/1669
f 2093/2093/1133 2091/2091/1669 2094/2094/1671
f 2095/2095/1140 2093/2093/1133 2094/2094/1671
f 2096/2096/1672 2097/2097/1433 2098/2098/1673
f 2099/2099/1099 2097/2097/1433 2096/2096/1672
f 2100/2100/1089 2101/2101/1435 2102/2102/1083
f 2103/2103/1674 2101/2101/1435 2100/2100/1089
f 2104/2104/1675 2105/2105/1411 2106/2106/1436
f 2104/2104/1675 2106/2106/1436 2107/2107/1447
f 2108/2108/1108 2109/2109/1078 2110/2110/1676
f 2108/2108/1108 2110/2110/1676 2111/2111/1443
f 2112/2112/1677 2113/2113/1455 2114/2114/1678
f 2112/2112/1677 2114/2114/1678 2115/2115/1679
f 2116/2116/1106 2117/2117/1680 2112/2112/1677
f 2117/2117/1680 2113/2113/1455 2112/2112/1677
f 2118/2118/1681 2119/2119/1682 2120/2120/1678
f 2118/2118/1681 2120/2120/1678 2121/2121/1683
f 2122/2122/1465 2123/2123/1099 2124/2124/1444
f 2125/2125/1666 2122/2122/1465 2124/2124/1444
f 2126/2126/1684 2122/2122/1465 2125/2125/1666
f 2127/2127/1113 2128/2128/1685 2129/2129/1686
f 2128/2128/1685 2130/2130/1687 2129/2129/1686
f 2131/2131/1138 2127/2127/1113 2129/2129/1686
f 2132/2132/1688 2133/2133/1427 2134/2134/1118
f 2135/2135/1494 2134/2134/1118 2133/2133/1427
f 2136/2136/1689 2134/2134/1118 2135/2135/1494
f 2136/2136/1689 2135/2135/1494 2137/2137/1690
f 2138/2138/1117 2139/2139/1464 2140/2140/1691
f 2141/2141/1128 2139/2139/1464 2138/2138/1117
f 2142/2142/1692 2139/2139/1464 2141/2141/1128
f 2143/2143/1089 2144/2144/1693 2145/2145/1471
f 2146/2146/1694 2143/2143/1089 2145/2145/1471
f 2147/2147/1692 2146/2146/1694 2145/2145/1471
f 2148/2148/1612 2149/2149/1695 2150/2150/1696
f 2148/2148/1612 2150/2150/1696 2151/2151/1615
f 2152/2152/1697 2153/2153/1698 2154/2154/1699
f 2155/2155/1700 2152/2152/1697 2154/2154/1699
f 2156/2156/1701 2157/2157/1466 2158/2158/1613
f 2156/2156/1701 2158/2158/1613 2159/2159/1124
f 2160/2160/1619 2161/2161/1483 2162/2162/1702
f 2161/2161/1483 2163/2163/1703 2162/2162/1702
f 2164/2164/1622 2165/2165/1704 2161/2161/1483
f 2164/2164/1622 2161/2161/1483 2160/2160/1619
f 2166/2166/1705 2167/2167/1706 2168/2168/1707
f 2169/2169/1708 2166/2166/1705 2170/2170/1709
f 2170/2170/1709 2166/2166/1705 2168/2168/1707
f 2171/2171/1622 2172/2172/1710 2173/2173/1711
f 2172/2172/1710 2174/2174/1703 2173/2173/1711
f 2175/2175/1147 2172/2172/1710 2176/2176/1496
f 2172/2172/1710 2171/2171/1622 2176/2176/1496
f 2175/2175/1147 2176/2176/1496 2177/2177/1712
f 2178/2178/1713 2179/2179/1505 2180/2180/1504
f 2181/2181/1714 2182/2182/1712 2183/2183/1715
f 2181/2181/1714 2184/2184/1716 2182/2182/1712
f 2185/2185/1717 2186/2186/1123 2187/2187/1136
f 2188/2188/1718 2189/2189/1470 2190/2190/1120
f 2191/2191/1146 2188/2188/1718 2190/2190/1120
f 2192/2192/1719 2193/2193/1720 2194/2194/1721
f 2195/2195/1722 2192/2192/1719 2194/2194/1721
f 2196/2196/1723 2192/2192/1719 2195/2195/1722
f 2197/2197/1724 2192/2192/1719 2196/2196/1723
f 2198/2198/1725 2199/2199/1726 2200/2200/1142
f 2198/2198/1725 2201/2201/1519 2199/2199/1726
f 2202/2202/1518 2203/2203/1727 2204/2204/1149
f 2205/2205/1728 2204/2204/1149 2203/2203/1727
f 2206/2206/1153 2207/2207/1518 2208/2208/1729
f 2209/2209/1522 2207/2207/1518 2206/2206/1153
f 2210/2210/1287 2211/2211/1291 2212/2212/1730
f 2213/2213/1731 2211/2211/1291 2210/2210/1287
f 2214/2214/1732 2210/2210/1287 2215/2215/1279
f 2216/2216/1733 2210/2210/1287 2214/2214/1732
f 2216/2216/1733 2213/2213/1731 2210/2210/1287
f 2217/2217/1734 2218/2218/1531 2219/2219/1166
f 2219/2219/1166 2218/2218/1531 2220/2220/1735
f 2216/2216/1733 2214/2214/1732 2221/2221/272
f 2222/2222/1736 2223/2223/1737 2224/2224/1738
f 2220/2220/1735 2218/2218/1531 2223/2223/1737
f 2224/2224/1738 2225/2225/1739 2226/2226/1740
f 2227/2227/1741 2224/2224/1738 2226/2226/1740
f 2227/2227/1741 2222/2222/1736 2224/2224/1738
f 2228/2228/1742 2222/2222/1736 2227/2227/1741
f 2229/2229/1743 2223/2223/1737 2222/2222/1736
f 2228/2228/1187 2230/2230/1744 2229/2229/1743
f 2220/2220/1735 2223/2223/1737 2229/2229/1743
f 2230/2230/1744 2220/2220/1735 2229/2229/1743
f 2231/2231/1745 2232/2232/1746 2233/2233/1747
f 2234/2234/1748 2232/2232/1746 2235/2235/1749
f 2236/2236/1750 2237/2237/420 2238/2238/422
f 2239/2239/1751 2237/2237/420 2236/2236/1750
f 2233/2233/1747 2237/2237/420 2239/2239/1751
f 2231/2231/1745 2233/2233/1747 2239/2239/1751
f 2235/2235/1749 2232/2232/1746 2231/2231/1745
f 2235/2235/1749 2225/2225/1739 2234/2234/1748
f 2226/2226/1740 2225/2225/1739 2235/2235/1749
f 2240/2240/1752 2236/2236/1750 2238/2238/422
f 2241/2241/1753 2242/2242/1743 2243/2243/1188
f 2244/2244/1754 2241/2241/1753 2245/2245/1755
f 2246/2246/271 2236/2236/1750 2240/2240/1752
f 2221/2221/272 2240/2240/1752 2216/2216/1733
f 2239/2239/1751 2236/2236/1750 2246/2246/271
f 2247/2247/1756 2231/2231/1745 2239/2239/1751
f 2247/2247/1756 2239/2239/1751 2248/2248/275
f 2235/2235/1749 2231/2231/1745 2247/2247/1756
f 2249/2249/1757 2241/2241/1753 2243/2243/1188
f 2250/2250/1758 2241/2241/1753 2249/2249/1757
f 2251/2251/1759 2245/2245/1755 2241/2241/1753
f 2246/2246/271 2240/2240/1752 2221/2221/272
f 2248/2248/275 2239/2239/1751 2246/2246/271
f 2251/2251/1759 2241/2241/1753 2250/2250/1758
f 2252/2252/1760 2235/2235/1749 2247/2247/1756
f 2253/2253/1314 2254/2254/978 2255/2255/1761
f 2256/2256/1762 2254/2254/978 2253/2253/1314
f 2257/2257/1317 2256/2256/1762 2253/2253/1314
f 2258/2258/980 2254/2254/978 2256/2256/1762
f 2259/2259/1763 2256/2256/1762 2257/2257/1317
f 2259/2259/1763 2258/2258/980 2256/2256/1762
f 2260/2260/1764 2259/2259/1763 2257/2257/1317
f 2260/2260/1764 2261/2261/1765 2259/2259/1763
f 2262/2262/1766 2263/2263/1767 2264/2264/1768
f 2261/2261/1765 2265/2265/1769 2259/2259/1763
f 2266/2266/1770 2267/2267/1771 2268/2268/1772
f 2269/2269/1773 2270/2270/1774 2271/2271/1775
f 2269/2269/1773 2271/2271/1775 2265/2265/1769
f 2270/2270/1774 2262/2262/1766 2271/2271/1775
f 2272/2272/1776 2267/2267/1771 2264/2264/1768
f 2270/2270/1774 2263/2263/1767 2262/2262/1766
f 2261/2261/1765 2269/2269/1773 2265/2265/1769
f 2273/2273/1777 2274/2274/1778 2275/2275/1779
f 2273/2273/1777 2275/2275/1779 2266/2266/1770
f 2272/2272/1776 2268/2268/1772 2267/2267/1771
f 2276/2276/1780 2272/2272/1776 2264/2264/1768
f 2276/2276/1780 2264/2264/1768 2263/2263/1767
f 2277/2277/1781 2263/2263/1767 2270/2270/1774
f 2277/2277/1781 2270/2270/1774 2269/2269/1773
f 2278/2278/1782 2279/2279/1783 2274/2274/1778
f 2280/2280/1784 2276/2276/1780 2263/2263/1767
f 2277/2277/1781 2280/2280/1784 2263/2263/1767
f 2273/2273/1777 2266/2266/1770 2268/2268/1772
f 2281/2281/1785 2272/2272/1776 2276/2276/1780
f 2280/2280/1784 2281/2281/1785 2276/2276/1780
f 2282/2282/1786 2273/2273/1777 2268/2268/1772
f 2272/2272/1776 2282/2282/1786 2268/2268/1772
f 2282/2282/1786 2283/2283/1787 2273/2273/1777
f 2273/2273/1777 2278/2278/1782 2274/2274/1778
f 2283/2283/1787 2278/2278/1782 2273/2273/1777
f 2284/2284/1788 2285/2285/1292 2286/2286/1789
f 2286/2286/1789 2287/2287/1790 2284/2284/1788
f 2287/2287/1790 2288/2288/1791 2284/2284/1788
f 2287/2287/1790 2289/2289/1792 2288/2288/1791
f 2290/2290/1793 2289/2289/1792 2287/2287/1790
f 2291/2291/1752 2287/2287/1790 2286/2286/1789
f 2291/2291/1752 2290/2290/1793 2287/2287/1790
f 2292/2292/1794 2293/2293/396 2294/2294/1795
f 2294/2294/1795 2295/2295/1796 2292/2292/1794
f 2296/2296/1734 2297/2297/1172 2298/2298/1797
f 2296/2296/1734 2299/2299/1540 2297/2297/1172
f 2300/2300/1798 2301/2301/259 2302/2302/1175
f 2302/2302/1175 2303/2303/1799 2300/2300/1798
f 2304/2304/1178 2303/2303/1799 2302/2302/1175
f 2304/2304/1178 2302/2302/1175 2305/2305/1165
f 2301/2301/259 2300/2300/1798 2306/2306/1800
f 2307/2307/1183 2308/2308/1801 2309/2309/1743
f 2307/2307/1183 2309/2309/1743 2310/2310/1802
f 2311/2311/1753 2312/2312/1803 2313/2313/1744
f 2314/2314/1183 2311/2311/1753 2313/2313/1744
f 2315/2315/1804 2316/2316/1764 2317/2317/1805
f 2316/2316/1764 2315/2315/1804 2318/2318/1806
f 2319/2319/1807 2316/2316/1764 2318/2318/1806
f 2319/2319/1807 2320/2320/1808 2316/2316/1764
f 2319/2319/1807 2321/2321/1809 2320/2320/1808
f 2322/2322/1810 2323/2323/1811 2324/2324/1812
f 2325/2325/149 2323/2323/1811 2322/2322/1810
f 2326/2326/1781 2327/2327/141 2328/2328/146
f 2329/2329/1813 2327/2327/141 2326/2326/1781
f 2321/2321/1809 2329/2329/1813 2330/2330/1814
f 2321/2321/1809 2330/2330/1814 2320/2320/1808
f 2331/2331/1815 2324/2324/1812 2332/2332/1816
f 2322/2322/1810 2324/2324/1812 2331/2331/1815
f 2329/2329/1813 2326/2326/1781 2330/2330/1814
f 2328/2328/146 2333/2333/150 2326/2326/1781
f 2334/2334/1817 2322/2322/1810 2331/2331/1815
f 2335/2335/1818 2325/2325/149 2322/2322/1810
f 2333/2333/150 2335/2335/1818 2336/2336/1785
f 2333/2333/150 2336/2336/1785 2337/2337/1784
f 2326/2326/1781 2333/2333/150 2337/2337/1784
f 2334/2334/1817 2331/2331/1815 2338/2338/1819
f 2331/2331/1815 2332/2332/1816 2338/2338/1819
f 2322/2322/1810 2339/2339/1786 2335/2335/1818
f 2336/2336/1785 2335/2335/1818 2340/2340/1776
f 2322/2322/1810 2334/2334/1817 2339/2339/1786
f 2335/2335/1818 2339/2339/1786 2340/2340/1776
f 2341/2341/1820 2342/2342/1821 2343/2343/140
f 2344/2344/1822 2341/2341/1820 2343/2343/140
f 2341/2341/1820 2345/2345/1823 2346/2346/1824
f 2347/2347/144 2342/2342/1821 2348/2348/1825
f 2343/2343/140 2342/2342/1821 2347/2347/144
f 2348/2348/1825 2349/2349/1826 2350/2350/1827
f 2342/2342/1821 2351/2351/1828 2348/2348/1825
f 2341/2341/1820 2352/2352/1769 2342/2342/1821
f 2353/2353/1829 2349/2349/1826 2354/2354/1768
f 2350/2350/1827 2349/2349/1826 2353/2353/1829
f 2355/2355/1830 2350/2350/1827 2353/2353/1829
f 2356/2356/1831 2350/2350/1827 2355/2355/1830
f 2348/2348/1825 2350/2350/1827 2356/2356/1831
f 2348/2348/1825 2351/2351/1828 2349/2349/1826
f 2352/2352/1769 2341/2341/1820 2346/2346/1824
f 2353/2353/1829 2357/2357/1771 2358/2358/1832
f 2359/2359/149 2353/2353/1829 2358/2358/1832
f 2354/2354/1768 2357/2357/1771 2353/2353/1829
f 2355/2355/1830 2353/2353/1829 2359/2359/149
f 2352/2352/1769 2351/2351/1828 2342/2342/1821
f 2358/2358/1832 2360/2360/1833 2361/2361/1834
f 2358/2358/1832 2357/2357/1771 2360/2360/1833
f 2359/2359/149 2358/2358/1832 2361/2361/1834
f 2362/2362/1812 2361/2361/1834 2363/2363/1835
f 2361/2361/1834 2360/2360/1833 2363/2363/1835
f 2364/2364/1836 2365/2365/1779 2366/2366/1837
f 2364/2364/1836 2366/2366/1837 2367/2367/1838
f 2362/2362/1812 2364/2364/1836 2367/2367/1838
f 2363/2363/1835 2365/2365/1779 2364/2364/1836
f 2362/2362/1812 2363/2363/1835 2364/2364/1836
f 2363/2363/1835 2360/2360/1833 2365/2365/1779
f 2368/2368/1839 2366/2366/1837 2365/2365/1779
f 2367/2367/1838 2366/2366/1837 2369/2369/1840
f 2370/2370/1841 2371/2371/1842 2372/2372/1843
f 2371/2371/1842 2370/2370/1841 2373/2373/1182
f 2374/2374/1844 2373/2373/1182 2375/2375/1181
f 2374/2374/1844 2371/2371/1842 2373/2373/1182
f 2376/2376/1191 2377/2377/268 2378/2378/1845
f 2376/2376/1191 2378/2378/1845 2379/2379/1846
f 2374/2374/1844 2380/2380/434 2371/2371/1842
f 2381/2381/280 2382/2382/276 2383/2383/1847
f 2383/2383/1847 2384/2384/1848 2385/2385/1849
f 2377/2377/268 2381/2381/280 2385/2385/1849
f 2377/2377/268 2385/2385/1849 2378/2378/1845
f 2374/2374/1844 2385/2385/1849 2380/2380/434
f 2378/2378/1845 2385/2385/1849 2374/2374/1844
f 2383/2383/1847 2386/2386/1850 2384/2384/1848
f 2382/2382/276 2386/2386/1850 2383/2383/1847
f 2385/2385/1849 2381/2381/280 2383/2383/1847
f 2387/2387/274 2388/2388/296 2389/2389/1851
f 2390/2390/1852 2389/2389/1851 2391/2391/1853
f 2390/2390/1852 2391/2391/1853 2386/2386/1850
f 2382/2382/276 2390/2390/1852 2386/2386/1850
f 2392/2392/1854 2393/2393/1855 2394/2394/456
f 2392/2392/1854 2394/2394/456 2388/2388/296
f 2388/2388/296 2394/2394/456 2395/2395/1856
f 2389/2389/1851 2388/2388/296 2395/2395/1856
f 2389/2389/1851 2395/2395/1856 2396/2396/457
f 2389/2389/1851 2396/2396/457 2391/2391/1853
f 2397/2397/1857 2398/2398/1858 2399/2399/1859
f 2400/2400/1860 2401/2401/297 2399/2399/1859
f 2402/2402/1861 2399/2399/1859 2403/2403/453
f 2402/2402/1861 2403/2403/453 2404/2404/458
f 2393/2393/1855 2400/2400/1860 2402/2402/1861
f 2394/2394/456 2402/2402/1861 2404/2404/458
f 2393/2393/1855 2402/2402/1861 2394/2394/456
f 2405/2405/1862 2406/2406/439 2407/2407/1863
f 2408/2408/279 2405/2405/1862 2409/2409/1864
f 2409/2409/1864 2405/2405/1862 2407/2407/1863
f 2410/2410/299 2408/2408/279 2409/2409/1864
f 2410/2410/299 2409/2409/1864 2411/2411/1865
f 2397/2397/1857 2410/2410/299 2411/2411/1865
f 2401/2401/297 2410/2410/299 2397/2397/1857
f 2397/2397/1857 2411/2411/1865 2398/2398/1858
f 2399/2399/1859 2401/2401/297 2397/2397/1857
f 2400/2400/1860 2399/2399/1859 2402/2402/1861
f 2412/2412/1866 2413/2413/1867 2414/2414/1868
f 2415/2415/455 2413/2413/1867 2412/2412/1866
f 2416/2416/1869 2417/2417/1870 2412/2412/1866
f 2418/2418/1871 2412/2412/1866 2419/2419/1872
f 2418/2418/1871 2416/2416/1869 2412/2412/1866
f 2420/2420/1324 2416/2416/1869 2418/2418/1871
f 2421/2421/1326 2420/2420/1324 2418/2418/1871
f 2422/2422/1873 2423/2423/438 2424/2424/440
f 2425/2425/1874 2426/2426/441 2422/2422/1873
f 2427/2427/1875 2426/2426/441 2425/2425/1874
f 2428/2428/1876 2427/2427/1875 2425/2425/1874
f 2428/2428/1876 2429/2429/1877 2427/2427/1875
f 2430/2430/1878 2429/2429/1877 2428/2428/1876
f 2431/2431/284 2430/2430/1878 2428/2428/1876
f 2430/2430/1878 2432/2432/454 2433/2433/1879
f 2413/2413/1867 2432/2432/454 2430/2430/1878
f 2413/2413/1867 2430/2430/1878 2414/2414/1868
f 2415/2415/455 2432/2432/454 2413/2413/1867
f 2434/2434/286 2418/2418/1871 2419/2419/1872
f 2420/2420/1324 2435/2435/1327 2416/2416/1869
f 2436/2436/278 2424/2424/440 2437/2437/1880
f 2422/2422/1873 2424/2424/440 2436/2436/278
f 2438/2438/277 2422/2422/1873 2436/2436/278
f 2426/2426/441 2423/2423/438 2422/2422/1873
f 2425/2425/1874 2422/2422/1873 2438/2438/277
f 2439/2439/1881 2426/2426/441 2427/2427/1875
f 2429/2429/1877 2439/2439/1881 2427/2427/1875
f 2431/2431/284 2428/2428/1876 2425/2425/1874
f 2433/2433/1879 2429/2429/1877 2430/2430/1878
f 2415/2415/455 2412/2412/1866 2417/2417/1870
f 2434/2434/286 2421/2421/1326 2418/2418/1871
f 2440/2440/292 2430/2430/1878 2431/2431/284
f 2414/2414/1868 2430/2430/1878 2440/2440/292
f 2441/2441/1882 2412/2412/1866 2414/2414/1868
f 2441/2441/1882 2419/2419/1872 2412/2412/1866
