# Blender 4.2.0
# www.blender.org
mtllib model.mtl
o texture_mapping
v -0.351296 -0.014824 0.131030
v -0.344731 -0.022527 0.092990
v -0.351395 -0.022756 0.129667
v -0.338830 -0.032678 0.109095
v -0.342639 -0.031386 0.158052
v -0.338963 -0.050364 0.133995
v -0.349808 -0.024644 0.158484
v -0.333423 -0.064004 0.103931
v -0.327872 -0.093910 0.114907
v -0.335190 -0.081809 0.154862
v -0.328040 -0.051443 0.072652
v -0.329086 -0.031235 0.064746
v -0.336705 -0.016752 0.064427
v -0.330100 -0.024728 0.038204
v -0.321343 -0.113634 0.160112
v -0.326857 -0.015776 0.023132
v -0.318622 -0.088009 0.065343
v -0.317760 -0.030821 0.030237
v -0.316675 -0.047085 0.035690
v -0.315424 -0.024391 0.005575
v -0.302566 -0.134010 0.113791
v -0.306279 -0.019036 -0.015623
v -0.307435 -0.119966 0.080178
v -0.295966 -0.143315 0.156781
v -0.295338 -0.069138 -0.003064
v -0.304453 -0.031412 0.002561
v -0.292198 -0.115987 0.029555
v -0.296012 -0.095849 0.011746
v -0.290957 -0.034364 -0.022878
v -0.278815 -0.141495 0.054768
v -0.274908 -0.014641 -0.058151
v -0.283495 -0.024307 -0.049588
v -0.280883 -0.155774 0.121534
v -0.270867 -0.112075 -0.015123
v -0.269696 -0.066797 -0.042527
v -0.281251 -0.158054 0.168480
v -0.273143 -0.156299 0.080816
v -0.266750 -0.142002 0.027070
v -0.261445 -0.131883 -0.002980
v -0.270711 -0.092161 -0.031787
v -0.271854 -0.171387 0.094085
v -0.279204 -0.168010 0.136752
v -0.264875 -0.034838 -0.056578
v -0.265833 -0.024784 -0.070401
v -0.263948 -0.170152 0.061931
v -0.259742 -0.154913 0.044098
v -0.247612 -0.018778 -0.091168
v -0.253854 -0.169386 0.034361
v -0.249207 -0.096952 -0.056252
v -0.249657 -0.117891 -0.038630
v -0.240429 -0.029756 -0.084990
v -0.235539 -0.152640 0.000330
v -0.246255 -0.168264 0.031869
v -0.240586 -0.163985 0.010355
v -0.232034 -0.170276 0.004483
v -0.235145 -0.079838 -0.078368
v -0.237539 -0.043723 -0.083722
v -0.229603 -0.143754 -0.024971
v -0.220412 -0.118129 -0.069714
v -0.224323 -0.024381 -0.108658
v -0.217789 -0.167830 -0.017920
v -0.220203 -0.016121 -0.113086
v -0.207172 -0.094093 -0.097368
v -0.208233 -0.052350 -0.107471
v -0.201228 -0.153776 -0.041775
v -0.198223 -0.139332 -0.065107
v -0.197847 -0.030224 -0.118697
v -0.194206 -0.022178 -0.132815
v -0.192575 -0.169778 -0.041886
v -0.190275 -0.116552 -0.096635
v -0.175047 -0.042210 -0.131374
v -0.173568 -0.089976 -0.121956
v -0.160526 -0.154244 -0.073950
v -0.154396 -0.120172 -0.115958
v -0.158389 -0.025518 -0.151012
v -0.165995 -0.170144 -0.065371
v -0.166338 -0.141874 -0.085770
v -0.163575 -0.017454 -0.151652
v -0.147652 -0.059721 -0.143228
v -0.143480 -0.032342 -0.149294
v -0.132474 -0.135254 -0.113281
v -0.121242 -0.167986 -0.091785
v -0.125932 -0.092100 -0.145128
v -0.129851 -0.017516 -0.166173
v -0.125204 -0.151801 -0.095169
v -0.110351 -0.123118 -0.133405
v -0.113732 -0.025506 -0.168963
v -0.109418 -0.057184 -0.158587
v -0.112231 -0.032099 -0.161387
v -0.087916 -0.143300 -0.119498
v -0.088347 -0.098483 -0.154399
v -0.095366 -0.017735 -0.176381
v -0.097064 -0.157282 -0.103792
v -0.066082 -0.059028 -0.169132
v -0.075575 -0.031515 -0.173111
v -0.072115 -0.125067 -0.143021
v -0.072586 -0.022251 -0.182168
v -0.079136 -0.168695 -0.104093
v -0.076613 -0.167856 -0.110033
v -0.059985 -0.154825 -0.114968
v -0.048786 -0.139407 -0.134367
v -0.054646 -0.106243 -0.158615
v -0.034420 -0.167949 -0.117397
v -0.034116 -0.087014 -0.168926
v -0.045213 -0.034297 -0.177030
v -0.043298 -0.007620 -0.233278
v -0.058356 -0.021710 -0.211494
v -0.052901 0.008383 -0.237876
v -0.050494 -0.025909 -0.185003
v -0.052082 -0.014569 -0.187691
v -0.049251 -0.023391 -0.199051
v -0.039169 -0.026017 -0.216870
v -0.051273 0.033490 -0.254545
v -0.046873 0.058728 -0.292712
v -0.038029 0.030503 -0.271695
v -0.046778 0.084214 -0.335107
v -0.036308 0.057879 -0.309351
v -0.048713 0.119112 -0.424103
v -0.050218 0.131726 -0.463885
v -0.035511 0.112461 -0.448444
v -0.018557 -0.050354 -0.175856
v -0.027248 -0.028398 -0.180763
v -0.034497 0.121474 -0.484955
v -0.045417 0.142041 -0.489755
v -0.024627 -0.119283 -0.154652
v -0.031622 -0.027370 -0.198461
v -0.045219 0.100379 -0.378933
v -0.029916 0.090371 -0.385005
v -0.014105 -0.156148 -0.120219
v -0.025176 0.070798 -0.343419
v -0.037126 0.153325 -0.498882
v -0.031609 0.134693 -0.496951
v -0.008260 -0.027815 -0.213488
v 0.002375 -0.145466 -0.130439
v -0.003809 -0.104985 -0.163889
v -0.009037 -0.008936 -0.235693
v -0.014780 0.026103 -0.277459
v -0.014284 0.080813 -0.374930
v -0.010064 0.123933 -0.496509
v -0.009468 0.144598 -0.501285
v -0.032490 0.165841 -0.494142
v 0.005594 -0.128921 -0.148695
v -0.010988 0.052733 -0.317439
v -0.003994 0.096393 -0.426303
v -0.017430 0.107398 -0.464799
v -0.011310 0.166056 -0.496784
v -0.002439 -0.078723 -0.173080
v -0.001921 -0.026219 -0.195006
v -0.008748 0.112347 -0.487067
v 0.008072 0.071391 -0.353890
v 0.004386 -0.029547 -0.180760
v 0.005202 0.106878 -0.468740
v 0.003502 -0.168456 -0.115378
v 0.016590 -0.167667 -0.119864
v 0.016904 -0.155761 -0.120521
v 0.028048 -0.026864 -0.200432
v 0.012439 0.035151 -0.290569
v 0.010041 0.089777 -0.402722
v 0.022708 0.140722 -0.500364
v 0.013556 0.115746 -0.489315
v 0.025549 0.003054 -0.247738
v 0.017870 0.161122 -0.499692
v 0.026934 -0.050742 -0.175326
v 0.026367 -0.023846 -0.220662
v 0.028016 0.048938 -0.303227
v 0.020655 0.103642 -0.440567
v 0.032548 -0.087180 -0.169279
v 0.029102 -0.107983 -0.161482
v 0.041878 -0.028828 -0.180232
v 0.028265 0.070428 -0.338627
v 0.031462 0.094297 -0.391979
v 0.026262 0.112991 -0.473025
v 0.048363 -0.169488 -0.110033
v 0.034482 0.134202 -0.494687
v 0.036302 0.153207 -0.500090
v 0.037273 0.163143 -0.495683
v 0.049340 -0.026442 -0.214801
v 0.050747 -0.010777 -0.227965
v 0.044452 0.022525 -0.258272
v 0.047244 -0.027917 -0.193475
v -0.336288 -0.017738 0.116049
v -0.344731 -0.022527 0.092990
v -0.351296 -0.014824 0.131030
v -0.344961 -0.016146 0.147796
v -0.351975 -0.016903 0.163954
v -0.339623 -0.017239 0.185904
v -0.347164 -0.015500 0.201741
v -0.331797 -0.017570 0.232892
v -0.343786 -0.018698 0.239117
v -0.336705 -0.016752 0.064427
v -0.330331 -0.024887 0.167495
v -0.324623 -0.017596 0.061665
v -0.326857 -0.015776 0.023132
v -0.325923 -0.015461 0.282079
v -0.313187 -0.016689 0.018540
v -0.306350 -0.018583 0.298790
v -0.306279 -0.019036 -0.015623
v -0.311124 -0.016669 0.318142
v -0.314449 -0.022331 0.052585
v -0.299785 -0.020973 0.013254
v -0.293292 -0.016807 0.340647
v -0.293915 -0.019477 0.352889
v -0.289180 -0.017693 -0.018921
v -0.272553 -0.016960 0.365314
v -0.274908 -0.014641 -0.058151
v -0.276818 -0.027152 0.333778
v -0.275930 -0.018258 0.375018
v -0.269834 -0.016988 -0.051464
v -0.255498 -0.023989 0.365323
v -0.275372 -0.025748 -0.022708
v -0.251125 -0.022219 -0.059996
v -0.247498 -0.016375 0.400389
v -0.237860 -0.019779 0.392353
v -0.229634 -0.018034 -0.091761
v -0.247612 -0.018778 -0.091168
v -0.220203 -0.016121 -0.113086
v -0.219083 -0.018096 0.417370
v -0.213261 -0.017516 0.433757
v -0.189782 -0.017803 0.437706
v -0.203408 -0.024064 0.415508
v -0.181499 -0.017296 -0.133579
v -0.194206 -0.022178 -0.132815
v -0.199498 -0.023961 -0.104980
v -0.186166 -0.015808 0.450735
v -0.168096 -0.021073 -0.128522
v -0.166718 -0.027259 0.437910
v -0.163575 -0.017454 -0.151652
v -0.157696 -0.019027 0.452005
v -0.151953 -0.016983 0.468881
v -0.139573 -0.017683 -0.155578
v -0.132840 -0.023727 -0.144655
v -0.129851 -0.017516 -0.166173
v -0.115096 -0.018426 0.471914
v -0.108447 -0.017302 0.485005
v -0.102029 -0.019030 -0.165056
v -0.095366 -0.017735 -0.176381
v -0.067727 -0.018686 0.484344
v -0.063856 -0.015975 -0.180006
v -0.070562 -0.017358 0.494155
v -0.063472 -0.022597 -0.165412
v -0.034110 -0.015176 0.497375
v -0.012533 -0.017019 0.490841
v -0.000581 -0.018027 0.499892
v 0.024123 -0.015677 0.495472
v 0.051969 -0.020133 0.483133
v 0.023177 -0.021885 0.501285
v 0.053237 -0.019452 0.497005
v 0.043999 -0.007501 -0.176856
v 0.044487 -0.017408 -0.162238
v 0.052074 -0.016303 -0.173436
v 0.050512 -0.004568 -0.186187
v 0.056150 -0.016797 -0.184081
v 0.078405 -0.017451 -0.170317
v 0.075051 -0.024538 -0.159522
v 0.084221 -0.017632 -0.180338
v 0.093440 -0.016848 0.486288
v 0.098335 -0.019381 0.476409
v 0.123362 -0.018221 -0.158462
v 0.117310 -0.017159 -0.171008
v 0.132565 -0.017427 0.468040
v 0.133502 -0.023365 -0.144270
v 0.105853 -0.025738 -0.152240
v 0.130605 -0.022375 0.478347
v 0.149057 -0.017451 -0.158916
v 0.161104 -0.016258 0.463816
v 0.168617 -0.018934 -0.133475
v 0.171481 -0.017775 0.450415
v 0.162686 -0.021174 0.444047
v 0.178807 -0.016344 -0.144991
v 0.203804 -0.017639 0.428920
v 0.209302 -0.023784 0.410645
v 0.201101 -0.016169 -0.122196
v 0.201662 -0.021629 -0.105455
v 0.199155 -0.016789 0.443017
v 0.197581 -0.023100 -0.132118
v 0.220288 -0.017837 -0.101281
v 0.230418 -0.018985 -0.107249
v 0.236527 -0.021900 -0.074682
v 0.234862 -0.018365 0.403194
v 0.237501 -0.016298 0.410748
v 0.242207 -0.022096 0.383081
v 0.253876 -0.016508 -0.075834
v 0.259856 -0.017880 0.376773
v 0.259126 -0.019848 -0.080887
v 0.268616 -0.018739 -0.047975
v 0.268299 -0.022313 0.352460
v 0.268205 -0.017164 0.383235
v 0.283283 -0.016148 -0.049004
v 0.288270 -0.018963 0.334828
v 0.284950 -0.025701 0.323508
v 0.288292 -0.018039 0.355411
v 0.295749 -0.018546 -0.009629
v 0.299147 -0.025747 0.295702
v 0.308388 -0.016471 -0.010207
v 0.313403 -0.018187 0.285489
v 0.308145 -0.016981 0.325635
v 0.315365 -0.018441 0.025489
v 0.298664 -0.023429 0.013422
v 0.311962 -0.022147 0.042557
v 0.313650 -0.025404 0.258185
v 0.328067 -0.017882 0.059462
v 0.322855 -0.016906 0.293251
v 0.331858 -0.018751 0.231391
v 0.326389 -0.015704 0.030270
v 0.345574 -0.016423 0.129887
v 0.332177 -0.019522 0.097214
v 0.331434 -0.022635 0.152861
v 0.337425 -0.015993 0.065828
v 0.334955 -0.016282 0.256130
v 0.342652 -0.017398 0.164953
v 0.333668 -0.020392 0.194086
v 0.334794 -0.021346 0.266157
v 0.344388 -0.017976 0.229245
v 0.346680 -0.018920 0.097792
v 0.345555 -0.016312 0.197759
v 0.351975 -0.018098 0.162679
v 0.351685 -0.022326 0.127786
v -0.254523 -0.146633 0.092675
v -0.271976 -0.150402 0.130259
v -0.265460 -0.150218 0.088052
v -0.256735 -0.147340 0.175730
v -0.271746 -0.152652 0.178212
v -0.266722 -0.151582 0.214786
v -0.229694 -0.146190 0.211208
v -0.245466 -0.147310 0.267948
v -0.240395 -0.146971 0.044340
v -0.249034 -0.153213 0.039645
v -0.214817 -0.146255 0.136452
v -0.235078 -0.146249 0.258070
v -0.230109 -0.149174 0.008149
v -0.220142 -0.146541 0.296972
v -0.208656 -0.145906 0.048948
v -0.224833 -0.149479 0.310341
v -0.210931 -0.146487 0.002866
v -0.170303 -0.145997 0.099814
v -0.204516 -0.146004 0.248766
v -0.182549 -0.145945 0.175381
v -0.202423 -0.149873 -0.027161
v -0.192498 -0.149574 0.347567
v -0.179997 -0.146730 -0.031752
v -0.180110 -0.145647 0.324487
v -0.151700 -0.145876 -0.002740
v -0.142813 -0.145798 0.144645
v -0.175559 -0.145620 0.277589
v -0.171564 -0.145874 0.221675
v -0.166458 -0.146321 0.356517
v -0.158762 -0.145753 0.052163
v -0.179378 -0.151955 -0.049109
v -0.160336 -0.149201 0.375210
v -0.156886 -0.148723 -0.065753
v -0.128442 -0.145592 0.195499
v -0.137235 -0.146317 -0.059690
v -0.112296 -0.145416 0.353263
v -0.114584 -0.145441 0.241448
v -0.134112 -0.145444 0.314460
v -0.136488 -0.145261 0.277932
v -0.122018 -0.146242 0.385219
v -0.114246 -0.145592 0.063839
v -0.133325 -0.152182 -0.080425
v -0.136621 -0.151206 0.389991
v -0.102973 -0.145563 0.120312
v -0.110783 -0.146446 -0.079533
v -0.101104 -0.145854 -0.038800
v -0.095941 -0.145315 0.298909
v -0.099107 -0.148436 0.407494
v -0.097344 -0.145585 0.013829
v -0.089755 -0.146816 -0.096537
v -0.079432 -0.145473 0.186597
v -0.070423 -0.145610 0.387647
v -0.059584 -0.145445 0.095323
v -0.068044 -0.145276 0.262536
v -0.066114 -0.145460 0.338282
v -0.056644 -0.146343 -0.082219
v -0.053420 -0.145598 -0.004765
v -0.065962 -0.145415 0.043795
v -0.057413 -0.145422 0.217089
v -0.049414 -0.145263 0.304153
v -0.048154 -0.146038 -0.043286
v -0.055753 -0.148081 0.419680
v -0.056374 -0.145461 0.142738
v -0.057888 -0.152697 -0.107679
v -0.025989 -0.145485 0.188283
v -0.027472 -0.145470 0.045982
v -0.021552 -0.145384 0.274322
v -0.022992 -0.145472 0.105697
v -0.019945 -0.145554 0.348701
v -0.029281 -0.145673 0.404498
v -0.021736 -0.146830 -0.110431
v -0.019010 -0.148242 0.423814
v -0.018456 -0.146151 -0.091486
v -0.004083 -0.145486 0.150833
v -0.002456 -0.145473 0.227886
v -0.001390 -0.145704 0.008832
v 0.004098 -0.145467 0.080542
v 0.012161 -0.145924 -0.052926
v 0.006217 -0.145345 0.383744
v 0.021393 -0.145459 0.321148
v 0.017885 -0.146033 0.412525
v 0.004123 -0.150665 -0.112858
v 0.029937 -0.145504 0.046841
v 0.043558 -0.145524 0.165096
v 0.032804 -0.146267 -0.100663
v 0.024692 -0.145497 0.112193
v 0.021144 -0.145343 0.282267
v 0.023779 -0.148745 0.423898
v 0.038131 -0.145722 0.005758
v 0.051615 -0.145876 -0.055328
v 0.056352 -0.145368 0.250150
v 0.048414 -0.145479 0.372060
v 0.041175 -0.147910 -0.109507
v 0.061306 -0.145262 0.287773
v 0.079546 -0.146116 0.403675
v 0.064492 -0.148725 0.417211
v 0.086831 -0.145798 -0.005872
v 0.063569 -0.145445 0.073014
v 0.079558 -0.146552 -0.083239
v 0.075407 -0.145459 0.030610
v 0.083617 -0.151873 -0.100030
v 0.088595 -0.145493 0.102700
v 0.076097 -0.145504 0.193876
v 0.074643 -0.145377 0.324203
v 0.090252 -0.145398 0.375257
v 0.115054 -0.145480 0.049923
v 0.102942 -0.145524 0.149753
v 0.109744 -0.145367 0.293358
v 0.110235 -0.145421 0.210366
v 0.100763 -0.145271 0.256426
v 0.114251 -0.145835 -0.044177
v 0.108696 -0.148711 0.402768
v 0.110535 -0.145667 0.335510
v 0.123804 -0.146339 0.381778
v 0.148290 -0.145556 0.099551
v 0.157742 -0.145536 0.257759
v 0.126110 -0.150169 -0.082672
v 0.152514 -0.146065 -0.031652
v 0.149416 -0.145609 0.180703
v 0.132000 -0.146642 -0.069092
v 0.149094 -0.145720 0.012377
v 0.154365 -0.145618 0.311234
v 0.136964 -0.148886 0.388976
v 0.153540 -0.145979 0.358193
v 0.172196 -0.145605 0.139947
v 0.163150 -0.148345 -0.058646
v 0.162945 -0.149271 0.372153
v 0.175383 -0.145466 0.049769
v 0.186988 -0.145996 0.219310
v 0.190552 -0.145903 -0.014431
v 0.187398 -0.145998 0.325188
v 0.190058 -0.147412 -0.037012
v 0.210948 -0.145536 0.018905
v 0.193934 -0.149672 0.345975
v 0.212854 -0.145628 0.116145
v 0.210253 -0.145922 0.284981
v 0.206964 -0.145470 0.076974
v 0.219343 -0.145620 0.159337
v 0.235216 -0.146189 0.244429
v 0.209848 -0.151871 -0.017056
v 0.245559 -0.146036 0.198286
v 0.232407 -0.145580 0.050831
v 0.215609 -0.148616 0.321872
v 0.232860 -0.148909 0.015942
v 0.246706 -0.145666 0.099000
v 0.233972 -0.148028 0.290376
v 0.251801 -0.148593 0.054328
v 0.257315 -0.145954 0.154215
v 0.255991 -0.149374 0.248256
v 0.263050 -0.148037 0.089673
v 0.268830 -0.147621 0.121573
v 0.269879 -0.147182 0.190775
v 0.271167 -0.147295 0.160635
v -0.262288 -0.133987 0.144825
v -0.258554 -0.133599 0.101809
v -0.277622 -0.128152 0.143960
v -0.270138 -0.131460 0.189074
v -0.239748 -0.134392 0.173167
v -0.243105 -0.134289 0.211198
v -0.253944 -0.132714 0.238993
v -0.238735 -0.134302 0.125974
v -0.215236 -0.134181 0.084574
v -0.257448 -0.129524 0.063601
v -0.224385 -0.133784 0.032046
v -0.245641 -0.128363 0.029131
v -0.233757 -0.133452 0.280024
v -0.253471 -0.128617 0.268398
v -0.245901 -0.122952 0.297883
v -0.233215 -0.123438 -0.001140
v -0.194862 -0.134409 0.259776
v -0.223645 -0.130080 0.316795
v -0.209233 -0.134320 0.305200
v -0.196257 -0.134287 0.150741
v -0.204805 -0.131372 -0.020216
v -0.186551 -0.134369 0.203185
v -0.182079 -0.134167 -0.003030
v -0.190599 -0.134218 0.043196
v -0.201868 -0.131875 0.336360
v -0.168235 -0.134563 0.306223
v -0.163755 -0.133493 0.360833
v -0.196341 -0.125073 0.358121
v -0.165396 -0.134194 0.094090
v -0.174098 -0.132322 -0.045432
v -0.157417 -0.134243 0.167600
v -0.160984 -0.127610 0.381912
v -0.140035 -0.134204 0.065041
v -0.147436 -0.134267 0.217700
v -0.143122 -0.134256 -0.016601
v -0.146097 -0.134218 0.020183
v -0.139533 -0.134157 0.121091
v -0.122997 -0.134228 -0.047693
v -0.131734 -0.134434 0.283493
v -0.140615 -0.134523 0.336035
v -0.145330 -0.131738 -0.069659
v -0.110637 -0.134133 0.195293
v -0.120952 -0.129509 0.400454
v -0.107360 -0.134529 0.379722
v -0.114823 -0.132627 -0.082911
v -0.094035 -0.134074 0.092566
v -0.105635 -0.134138 0.158022
v -0.094637 -0.134256 -0.006051
v -0.087552 -0.134164 0.046865
v -0.092726 -0.134190 0.242284
v -0.083444 -0.134446 0.337526
v -0.079742 -0.134301 -0.083064
v -0.093975 -0.134363 0.285650
v -0.070870 -0.129991 -0.105039
v -0.067030 -0.133489 0.410577
v -0.069407 -0.134262 -0.042573
v -0.058094 -0.134487 0.380997
v -0.084792 -0.126661 0.419404
v -0.058470 -0.133997 0.177158
v -0.044239 -0.133987 0.080195
v -0.063862 -0.134058 0.115169
v -0.054305 -0.134052 0.238279
v -0.050071 -0.134212 0.288752
v -0.043717 -0.134314 -0.069397
v -0.040549 -0.134218 0.007194
v -0.026718 -0.134104 0.045029
v -0.038014 -0.133366 -0.101128
v -0.013889 -0.134344 0.333198
v -0.037349 -0.122677 -0.121310
v -0.022583 -0.133426 0.416484
v -0.012442 -0.133930 0.131120
v -0.014303 -0.133949 0.193642
v -0.020027 -0.134468 0.388377
v -0.005937 -0.134253 -0.039724
v -0.022067 -0.133987 0.261150
v 0.019266 -0.134012 0.218038
v 0.000508 -0.130918 -0.111363
v 0.011178 -0.134275 -0.076979
v 0.006039 -0.133998 0.087448
v 0.013139 -0.134156 0.291048
v 0.016797 -0.134226 0.005379
v 0.040018 -0.134421 0.366234
v 0.014747 -0.133399 0.418119
v -0.009662 -0.127107 0.430545
v 0.024380 -0.133880 0.160821
v 0.029091 -0.134164 0.040886
v 0.026057 -0.134381 0.402545
v 0.035473 -0.131544 -0.107036
v 0.035192 -0.134291 -0.027156
v 0.044567 -0.133992 0.111235
v 0.050893 -0.134046 0.240597
v 0.054967 -0.134280 0.327077
v 0.053828 -0.132354 0.416498
v 0.061385 -0.134148 0.059229
v 0.061637 -0.133999 0.154647
v 0.069119 -0.134301 -0.003625
v 0.088411 -0.134216 0.224833
v 0.069253 -0.134234 0.290314
v 0.070600 -0.134471 0.392629
v 0.068702 -0.134374 -0.069821
v 0.078039 -0.130660 -0.102035
v 0.095574 -0.134085 0.130883
v 0.093930 -0.133019 0.403041
v 0.108116 -0.134317 0.025732
v 0.102449 -0.134475 0.339537
v 0.104423 -0.134395 -0.066851
v 0.111810 -0.134262 0.077893
v 0.127817 -0.134402 0.287221
v 0.115763 -0.134192 0.166112
v 0.139037 -0.134490 -0.013492
v 0.138888 -0.129405 -0.078650
v 0.091703 -0.119565 -0.112114
v 0.132917 -0.134230 0.123759
v 0.128481 -0.133371 0.384563
v 0.137530 -0.134365 0.242384
v 0.136900 -0.134294 0.204113
v 0.139594 -0.134529 0.350146
v 0.174490 -0.133880 -0.037182
v 0.180227 -0.134487 0.048671
v 0.167675 -0.134358 0.098720
v 0.167931 -0.134362 0.156661
v 0.172517 -0.128247 -0.059676
v 0.180450 -0.134463 0.227349
v 0.187486 -0.134540 0.273246
v 0.167756 -0.133016 0.362256
v 0.181706 -0.134537 0.316485
v 0.165170 -0.124552 0.383470
v 0.189909 -0.134615 0.000635
v 0.195232 -0.132698 0.341768
v 0.209959 -0.134609 0.156947
v 0.206431 -0.125065 -0.032582
v 0.226748 -0.134607 0.103429
v 0.220675 -0.134675 0.210586
v 0.216773 -0.134663 0.248451
v 0.215424 -0.133259 -0.001380
v 0.223156 -0.134609 0.287066
v 0.216253 -0.132878 0.316335
v 0.224604 -0.134618 0.047722
v 0.247436 -0.134680 0.173260
v 0.244777 -0.130434 0.033826
v 0.245658 -0.134692 0.135788
v 0.242442 -0.126145 0.297524
v 0.242202 -0.132518 0.276581
v 0.259866 -0.133726 0.207665
v 0.254298 -0.133414 0.075600
v 0.267734 -0.113419 0.274221
v 0.269476 -0.126283 0.234945
v 0.268256 -0.124628 0.069532
v 0.266709 -0.133578 0.148672
v 0.273964 -0.127839 0.104335
v 0.278431 -0.125979 0.195000
v -0.197888 -0.074858 -0.088094
v -0.234308 -0.053384 -0.064266
v -0.236225 -0.078919 -0.049445
v -0.217384 -0.103799 -0.048106
v -0.224918 -0.029963 -0.079777
v -0.198156 -0.048336 -0.097837
v -0.181077 -0.100091 -0.083783
v -0.199498 -0.023961 -0.104980
v -0.194110 -0.122480 -0.048610
v -0.204805 -0.131372 -0.020216
v -0.174098 -0.132322 -0.045432
v -0.161758 -0.039976 -0.123524
v -0.161924 -0.079073 -0.111028
v -0.157971 -0.123022 -0.076957
v -0.168096 -0.021073 -0.128522
v -0.145330 -0.131738 -0.069659
v -0.150215 -0.109838 -0.095778
v -0.118448 -0.092131 -0.124702
v -0.129833 -0.056293 -0.135853
v -0.115040 -0.121780 -0.101197
v -0.132840 -0.023727 -0.144655
v -0.114823 -0.132627 -0.082911
v -0.093989 -0.029096 -0.155186
v -0.091459 -0.110490 -0.120897
v -0.106152 -0.070101 -0.139180
v -0.105551 -0.053911 -0.143010
v -0.095487 -0.081008 -0.135592
v -0.102029 -0.019030 -0.165056
v -0.082555 -0.053079 -0.133202
v -0.088115 -0.043060 -0.148032
v -0.082020 -0.070674 -0.132842
v -0.096495 -0.065454 -0.132902
v -0.070870 -0.129991 -0.105039
v -0.079849 -0.085609 -0.139705
v -0.074816 -0.044465 -0.154314
v -0.063472 -0.022597 -0.165412
v -0.070625 -0.062377 -0.137643
v -0.071288 -0.049054 -0.144630
v -0.045713 -0.100437 -0.138805
v -0.065085 -0.076604 -0.147487
v -0.066110 -0.058731 -0.148068
v -0.063901 -0.049534 -0.156417
v -0.037349 -0.122677 -0.121310
v -0.054629 -0.063839 -0.154371
v -0.046361 -0.081683 -0.147922
v -0.020477 -0.089489 -0.148221
v -0.015417 -0.111203 -0.134046
v 0.000508 -0.130918 -0.111363
v 0.003276 -0.090592 -0.147980
v 0.024060 -0.116572 -0.128604
v 0.035473 -0.131544 -0.107036
v 0.050411 -0.089795 -0.144613
v 0.058978 -0.115447 -0.124768
v 0.078039 -0.130660 -0.102035
v -0.096495 -0.065454 -0.132902
v -0.105551 -0.053911 -0.143010
v -0.106152 -0.070101 -0.139180
v -0.082555 -0.053079 -0.133202
v -0.095487 -0.081008 -0.135592
v -0.063856 -0.015975 -0.180006
v -0.072586 -0.022251 -0.182168
v -0.095366 -0.017735 -0.176381
v -0.052082 -0.014569 -0.187691
v -0.047051 -0.010659 -0.176138
v -0.059901 0.014512 -0.218669
v -0.058356 -0.021710 -0.211494
v -0.061440 -0.006798 -0.199075
v -0.062734 0.013787 -0.195257
v -0.058540 0.002042 -0.185424
v -0.056327 0.011441 -0.173769
v -0.057860 0.025414 -0.178761
v -0.058643 0.034072 -0.202343
v -0.049251 -0.023391 -0.199051
v -0.052901 0.008383 -0.237876
v -0.051273 0.033490 -0.254545
v -0.053523 0.052330 -0.252716
v -0.051879 0.041944 -0.195502
v -0.048959 0.064904 -0.231473
v -0.053837 0.080261 -0.291890
v -0.047516 0.087819 -0.266071
v -0.051875 0.099152 -0.294856
v -0.054545 0.104960 -0.329339
v -0.053903 0.110292 -0.359934
v -0.046778 0.084214 -0.335107
v -0.051245 0.114616 -0.323342
v -0.053729 0.131233 -0.385812
v -0.053922 0.126046 -0.404500
v -0.052684 0.124796 -0.353750
v -0.053954 0.143072 -0.439159
v -0.050218 0.131726 -0.463885
v -0.048713 0.119112 -0.424103
v -0.050465 0.146496 -0.417735
v -0.052082 -0.014569 -0.187691
v -0.050494 -0.025909 -0.185003
v -0.046873 0.058728 -0.292712
v -0.045219 0.100379 -0.378933
v -0.046030 0.139245 -0.376225
v -0.051499 0.147290 -0.472314
v -0.045417 0.142041 -0.489755
v -0.046084 0.158545 -0.454846
v -0.044085 0.160222 -0.488340
v -0.037126 0.153325 -0.498882
v -0.032490 0.165841 -0.494142
v -0.046876 -0.051505 -0.151342
v -0.054629 -0.063839 -0.154371
v -0.045466 -0.065755 -0.144857
v -0.046361 -0.081683 -0.147922
v -0.041362 -0.038948 -0.159608
v -0.036970 -0.051350 -0.140755
v -0.037617 -0.043343 -0.151501
v -0.041362 -0.038948 -0.159608
v -0.063901 -0.049534 -0.156417
v -0.054629 -0.063839 -0.154371
v -0.063472 -0.022597 -0.165412
v -0.042767 -0.015990 -0.164430
v -0.015969 -0.015837 -0.163955
v -0.017396 -0.039874 -0.162729
v 0.003304 -0.025483 -0.164444
v 0.013751 -0.041967 -0.161202
v -0.006426 -0.063883 -0.158996
v 0.018917 -0.012450 -0.166100
v 0.034933 -0.027465 -0.161648
v 0.037597 -0.043307 -0.158958
v 0.044487 -0.017408 -0.162238
v 0.026868 -0.045964 -0.146593
v 0.039281 -0.060590 -0.148687
v 0.039219 -0.077185 -0.150492
v 0.046293 -0.055819 -0.157124
v 0.056208 -0.039909 -0.158775
v 0.063411 -0.067650 -0.151663
v 0.075051 -0.024538 -0.159522
v -0.047051 -0.010659 -0.176138
v -0.063856 -0.015975 -0.180006
v -0.063472 -0.022597 -0.165412
v -0.042767 -0.015990 -0.164430
v -0.050882 -0.006620 -0.188595
v -0.058540 0.002042 -0.185424
v -0.061440 -0.006798 -0.199075
v -0.038765 0.000174 -0.180633
v -0.056327 0.011441 -0.173769
v -0.043698 0.019663 -0.169440
v -0.024505 0.014038 -0.171872
v -0.013165 0.029948 -0.175422
v 0.001762 0.000930 -0.180441
v 0.010875 0.009110 -0.174491
v 0.021496 0.020833 -0.170001
v 0.033258 0.000243 -0.180238
v 0.042125 0.010618 -0.173011
v 0.048035 0.020395 -0.170196
v 0.050512 -0.004568 -0.186187
v 0.050944 -0.022958 -0.197639
v 0.028048 -0.026864 -0.200432
v 0.049340 -0.026442 -0.214801
v 0.060430 -0.022300 -0.210768
v 0.059092 0.014598 -0.173242
v 0.061636 -0.004808 -0.195177
v -0.050882 -0.006620 -0.188595
v -0.061440 -0.006798 -0.199075
v -0.052082 -0.014569 -0.187691
v -0.047051 -0.010659 -0.176138
v -0.038765 0.000174 -0.180633
v -0.043698 0.019663 -0.169440
v -0.057860 0.025414 -0.178761
v -0.056327 0.011441 -0.173769
v -0.048114 0.029404 -0.176971
v -0.041744 0.112860 -0.302570
v -0.051245 0.114616 -0.323342
v -0.051875 0.099152 -0.294856
v -0.040477 0.128454 -0.336488
v -0.052684 0.124796 -0.353750
v -0.046030 0.139245 -0.376225
v -0.051879 0.041944 -0.195502
v -0.038991 0.047872 -0.196609
v -0.048959 0.064904 -0.231473
v -0.036464 0.156514 -0.416733
v -0.050465 0.146496 -0.417735
v -0.034593 0.073788 -0.230277
v -0.047516 0.087819 -0.266071
v -0.046084 0.158545 -0.454846
v -0.013165 0.029948 -0.175422
v -0.022953 0.147936 -0.372962
v -0.033862 0.166757 -0.471512
v -0.044085 0.160222 -0.488340
v -0.027041 0.088455 -0.250740
v -0.024661 0.106084 -0.278596
v -0.030411 0.163189 -0.437378
v -0.032490 0.165841 -0.494142
v -0.013024 0.128643 -0.319526
v -0.015654 0.049747 -0.198123
v -0.016664 0.061817 -0.223083
v -0.013958 0.082563 -0.252319
v -0.014642 0.157780 -0.411171
v -0.017838 0.166883 -0.451780
v -0.022922 0.157698 -0.429813
v -0.009036 0.171387 -0.483849
v -0.004640 0.099780 -0.266845
v -0.019090 0.148328 -0.430356
v -0.017170 0.158225 -0.446115
v -0.011310 0.166056 -0.496784
v -0.007677 0.148541 -0.445988
v -0.004322 0.145194 -0.427821
v -0.013885 0.148074 -0.418483
v 0.000685 0.155696 -0.385764
v -0.000248 0.070213 -0.242603
v 0.000515 0.161367 -0.453096
v 0.007290 0.170311 -0.467180
v 0.006503 0.054379 -0.213689
v 0.002805 0.145654 -0.415197
v 0.009453 0.159580 -0.407501
v 0.020808 0.108397 -0.280719
v 0.018111 0.139532 -0.345713
v 0.021215 0.050502 -0.198527
v 0.020338 0.077489 -0.242261
v 0.024564 0.125417 -0.316259
v 0.015577 0.150208 -0.421003
v 0.012171 0.151633 -0.447473
v 0.033394 0.033417 -0.179520
v 0.018434 0.150628 -0.436217
v 0.018859 0.164964 -0.448718
v 0.027052 0.150078 -0.381239
v 0.017649 0.170286 -0.491955
v 0.017870 0.161122 -0.499692
v 0.027032 0.160719 -0.425016
v 0.021496 0.020833 -0.170001
v 0.035002 0.069260 -0.223917
v 0.038196 0.087852 -0.253732
v 0.037273 0.163143 -0.495683
v 0.041440 0.164135 -0.484192
v 0.048549 0.050808 -0.207496
v 0.038030 0.109262 -0.291702
v 0.040520 0.126909 -0.332774
v 0.042733 0.160545 -0.455647
v 0.048035 0.020395 -0.170196
v 0.048947 0.071808 -0.243871
v 0.048540 0.097621 -0.283481
v 0.050181 0.134496 -0.376047
v 0.047276 0.150859 -0.423809
v 0.054154 0.028262 -0.178296
v 0.052317 0.113779 -0.326398
v 0.059092 0.014598 -0.173242
v 0.061544 0.024185 -0.189681
v -0.036064 -0.072224 -0.140850
v -0.045466 -0.065755 -0.144857
v -0.046361 -0.081683 -0.147922
v -0.036970 -0.051350 -0.140755
v -0.020477 -0.089489 -0.148221
v -0.025294 -0.058308 -0.138177
v -0.022980 -0.074136 -0.143489
v -0.014887 -0.063515 -0.147524
v -0.006426 -0.063883 -0.158996
v 0.003276 -0.090592 -0.147980
v 0.003919 -0.064778 -0.153262
v 0.009428 -0.050434 -0.155240
v 0.016935 -0.082100 -0.148519
v -0.028886 -0.006963 -0.174640
v -0.047051 -0.010659 -0.176138
v -0.042767 -0.015990 -0.164430
v -0.038765 0.000174 -0.180633
v -0.015969 -0.015837 -0.163955
v 0.001762 0.000930 -0.180441
v 0.002676 -0.006736 -0.176188
v 0.018917 -0.012450 -0.166100
v 0.033258 0.000243 -0.180238
v 0.044487 -0.017408 -0.162238
v 0.043999 -0.007501 -0.176856
v 0.050512 -0.004568 -0.186187
v -0.025385 -0.045588 -0.147620
v -0.037617 -0.043343 -0.151501
v -0.036970 -0.051350 -0.140755
v -0.041362 -0.038948 -0.159608
v -0.025294 -0.058308 -0.138177
v -0.017396 -0.039874 -0.162729
v -0.014887 -0.063515 -0.147524
v -0.013697 -0.052528 -0.156677
v -0.006426 -0.063883 -0.158996
v -0.014642 0.157780 -0.411171
v -0.022922 0.157698 -0.429813
v -0.030411 0.163189 -0.437378
v -0.013885 0.148074 -0.418483
v -0.019090 0.148328 -0.430356
v 0.002805 0.145654 -0.415197
v 0.009453 0.159580 -0.407501
v 0.015577 0.150208 -0.421003
v 0.027032 0.160719 -0.425016
v 0.017348 -0.063658 -0.140512
v 0.003919 -0.064778 -0.153262
v 0.016935 -0.082100 -0.148519
v 0.011740 -0.052433 -0.145094
v 0.009428 -0.050434 -0.155240
v 0.013751 -0.041967 -0.161202
v -0.006426 -0.063883 -0.158996
v 0.026868 -0.045964 -0.146593
v 0.029457 -0.059335 -0.139813
v 0.037597 -0.043307 -0.158958
v 0.039281 -0.060590 -0.148687
v 0.049462 -0.136870 -0.137083
v 0.002375 -0.145466 -0.130439
v 0.005594 -0.128921 -0.148695
v 0.026934 -0.050742 -0.175326
v 0.032548 -0.087180 -0.169279
v -0.002439 -0.078723 -0.173080
v 0.016904 -0.155761 -0.120521
v 0.064048 -0.152175 -0.116317
v 0.029102 -0.107983 -0.161482
v 0.016590 -0.167667 -0.119864
v 0.067563 -0.112054 -0.152793
v 0.060598 -0.070775 -0.168732
v 0.072676 -0.037603 -0.170841
v 0.041878 -0.028828 -0.180232
v 0.047244 -0.027917 -0.193475
v 0.028048 -0.026864 -0.200432
v 0.050944 -0.022958 -0.197639
v 0.048363 -0.169488 -0.110033
v 0.057564 -0.021840 -0.185587
v 0.067971 -0.026150 -0.180067
v 0.056150 -0.016797 -0.184081
v 0.050512 -0.004568 -0.186187
v 0.084221 -0.017632 -0.180338
v 0.086342 -0.168538 -0.105963
v 0.095913 -0.133775 -0.129194
v 0.095193 -0.095621 -0.154266
v 0.096955 -0.054315 -0.162930
v 0.105168 -0.027371 -0.168980
v 0.118715 -0.152437 -0.099321
v 0.123887 -0.111539 -0.136815
v 0.124480 -0.070508 -0.151375
v 0.117310 -0.017159 -0.171008
v 0.118518 -0.170517 -0.090948
v 0.140099 -0.032292 -0.150762
v 0.144712 -0.127606 -0.114796
v 0.126888 -0.022545 -0.166544
v 0.159093 -0.140945 -0.091548
v 0.159603 -0.024606 -0.151109
v 0.160421 -0.050493 -0.138096
v 0.149057 -0.017451 -0.158916
v 0.154784 -0.155639 -0.075968
v 0.162743 -0.084299 -0.130453
v 0.151191 -0.169713 -0.074368
v 0.182818 -0.152802 -0.059682
v 0.186342 -0.100594 -0.109202
v 0.182457 -0.028741 -0.133097
v 0.174390 -0.170156 -0.057239
v 0.178807 -0.016344 -0.144991
v 0.194141 -0.122245 -0.088311
v 0.197922 -0.042570 -0.116324
v 0.197581 -0.023100 -0.132118
v 0.208277 -0.158340 -0.031127
v 0.209638 -0.135021 -0.061534
v 0.202996 -0.169576 -0.032228
v 0.214558 -0.074226 -0.097754
v 0.212043 -0.027423 -0.111940
v 0.230813 -0.148660 -0.014152
v 0.220993 -0.110243 -0.075704
v 0.225158 -0.165674 -0.002410
v 0.228248 -0.039038 -0.092269
v 0.236628 -0.120498 -0.050429
v 0.230418 -0.018985 -0.107249
v 0.242115 -0.025730 -0.088813
v 0.246861 -0.092024 -0.061069
v 0.245173 -0.055301 -0.073273
v 0.244510 -0.162873 0.033555
v 0.263525 -0.029204 -0.059537
v 0.258532 -0.149622 0.035447
v 0.260592 -0.134549 0.002412
v 0.259126 -0.019848 -0.080887
v 0.258102 -0.168775 0.055018
v 0.263516 -0.069837 -0.050059
v 0.264976 -0.155118 0.063409
v 0.270448 -0.100827 -0.025763
v 0.283433 -0.043970 -0.028600
v 0.274405 -0.024926 -0.058505
v 0.272994 -0.167649 0.102072
v 0.290390 -0.071536 -0.010230
v 0.278638 -0.166992 0.132405
v 0.277436 -0.169791 0.157832
v 0.275152 -0.151837 0.094902
v 0.283283 -0.016148 -0.049004
v 0.280281 -0.156764 0.139831
v 0.284162 -0.140283 0.067756
v 0.288948 -0.123760 0.036745
v 0.292827 -0.140645 0.109612
v 0.296188 -0.093803 0.012729
v 0.291039 -0.028622 -0.026979
v 0.301378 -0.023902 -0.024906
v 0.306023 -0.119669 0.078884
v 0.308388 -0.016471 -0.010207
v 0.308554 -0.098940 0.047574
v 0.313009 -0.050097 0.029109
v 0.306290 -0.028717 0.000739
v 0.320348 -0.104465 0.104088
v 0.319145 -0.029762 0.033949
v 0.319490 -0.024336 0.013397
v 0.328005 -0.067217 0.084277
v 0.326389 -0.015704 0.030270
v 0.333264 -0.022486 0.042246
v 0.330139 -0.030695 0.065043
v 0.340027 -0.028438 0.099735
v 0.339523 -0.024395 0.068809
v 0.337425 -0.015993 0.065828
v 0.346680 -0.018920 0.097792
v 0.351685 -0.022326 0.127786
v 0.016935 -0.082100 -0.148519
v 0.003276 -0.090592 -0.147980
v 0.050411 -0.089795 -0.144613
v 0.029457 -0.059335 -0.139813
v 0.017348 -0.063658 -0.140512
v 0.039219 -0.077185 -0.150492
v 0.039281 -0.060590 -0.148687
v 0.024060 -0.116572 -0.128604
v 0.058978 -0.115447 -0.124768
v 0.063411 -0.067650 -0.151663
v 0.046293 -0.055819 -0.157124
v 0.075217 -0.042244 -0.152418
v 0.056208 -0.039909 -0.158775
v 0.075051 -0.024538 -0.159522
v 0.091703 -0.119565 -0.112114
v 0.078039 -0.130660 -0.102035
v 0.085379 -0.098143 -0.132539
v 0.072382 -0.053117 -0.139004
v 0.069070 -0.064137 -0.143192
v 0.075832 -0.073309 -0.138203
v 0.084060 -0.084371 -0.139734
v 0.086632 -0.061115 -0.129236
v 0.089095 -0.073253 -0.133433
v 0.082742 -0.047431 -0.135067
v 0.093815 -0.044199 -0.140276
v 0.094965 -0.038394 -0.149994
v 0.105853 -0.025738 -0.152240
v 0.106408 -0.073022 -0.138653
v 0.100349 -0.067489 -0.135988
v 0.097924 -0.053299 -0.134307
v 0.105117 -0.049766 -0.143913
v 0.123362 -0.018221 -0.158462
v 0.114178 -0.093277 -0.126194
v 0.138888 -0.129405 -0.078650
v 0.132476 -0.113168 -0.101641
v 0.124441 -0.046657 -0.140340
v 0.134836 -0.071258 -0.128270
v 0.133502 -0.023365 -0.144270
v 0.158701 -0.087573 -0.107676
v 0.149954 -0.037126 -0.130790
v 0.168617 -0.018934 -0.133475
v 0.174430 -0.109498 -0.079965
v 0.177549 -0.055286 -0.110787
v 0.187669 -0.032122 -0.109516
v 0.219319 -0.040053 -0.082304
v 0.204980 -0.074405 -0.082949
v 0.031462 0.094297 -0.391979
v 0.010041 0.089777 -0.402722
v 0.020655 0.103642 -0.440567
v 0.026262 0.112991 -0.473025
v 0.040597 0.119561 -0.456064
v 0.013556 0.115746 -0.489315
v 0.034482 0.134202 -0.494687
v 0.036358 0.123206 -0.483869
v 0.046187 0.059555 -0.294345
v 0.028016 0.048938 -0.303227
v 0.028265 0.070428 -0.338627
v 0.044452 0.022525 -0.258272
v 0.048038 0.100703 -0.368500
v 0.049934 0.120479 -0.417625
v 0.041561 0.080454 -0.338802
v 0.053729 0.108553 -0.352430
v 0.047899 0.137631 -0.480074
v 0.048067 0.153721 -0.490796
v 0.036302 0.153207 -0.500090
v 0.037273 0.163143 -0.495683
v 0.050800 0.037581 -0.260243
v 0.041440 0.164135 -0.484192
v 0.050101 0.151519 -0.466242
v 0.042733 0.160545 -0.455647
v 0.053499 0.054291 -0.261361
v 0.053529 0.086035 -0.306297
v 0.048540 0.097621 -0.283481
v 0.048947 0.071808 -0.243871
v 0.053119 0.080399 -0.275350
v 0.052147 0.139735 -0.445814
v 0.050181 0.134496 -0.376047
v 0.053389 0.136890 -0.409987
v 0.047276 0.150859 -0.423809
v 0.060430 -0.022300 -0.210768
v 0.049340 -0.026442 -0.214801
v 0.050747 -0.010777 -0.227965
v 0.058753 0.011879 -0.226843
v 0.057779 0.038632 -0.218404
v 0.048549 0.050808 -0.207496
v 0.052317 0.113779 -0.326398
v 0.054221 0.122253 -0.391864
v 0.054154 0.028262 -0.178296
v 0.059092 0.014598 -0.173242
v 0.061544 0.024185 -0.189681
v 0.061636 -0.004808 -0.195177
v 0.069070 -0.064137 -0.143192
v 0.063411 -0.067650 -0.151663
v 0.075832 -0.073309 -0.138203
v 0.075217 -0.042244 -0.152418
v 0.072382 -0.053117 -0.139004
v 0.084060 -0.084371 -0.139734
v 0.082742 -0.047431 -0.135067
v -0.274666 -0.163437 0.154018
v -0.279049 -0.169651 0.179231
v -0.279204 -0.168010 0.136752
v -0.272260 -0.162991 0.117429
v -0.271854 -0.171387 0.094085
v -0.271746 -0.152652 0.178212
v -0.270438 -0.168766 0.210852
v -0.271976 -0.150402 0.130259
v -0.265460 -0.150218 0.088052
v -0.263948 -0.170152 0.061931
v -0.266853 -0.161745 0.089082
v -0.266722 -0.151582 0.214786
v -0.257441 -0.162640 0.057505
v -0.260814 -0.169118 0.243856
v -0.255776 -0.159162 0.253647
v -0.246255 -0.168264 0.031869
v -0.245466 -0.147310 0.267948
v -0.249034 -0.153213 0.039645
v -0.253854 -0.169386 0.034361
v -0.232034 -0.170276 0.004483
v -0.250407 -0.168130 0.278221
v -0.233645 -0.159226 0.297661
v -0.232989 -0.158741 0.010082
v -0.230109 -0.149174 0.008149
v -0.224833 -0.149479 0.310341
v -0.209021 -0.160726 -0.020918
v -0.217789 -0.167830 -0.017920
v -0.202423 -0.149873 -0.027161
v -0.192575 -0.169778 -0.041886
v -0.179378 -0.151955 -0.049109
v -0.165995 -0.170144 -0.065371
v -0.163533 -0.158976 -0.062709
v -0.156886 -0.148723 -0.065753
v -0.147108 -0.167650 -0.074229
v -0.121242 -0.167986 -0.091785
v -0.133325 -0.152182 -0.080425
v -0.097600 -0.157227 -0.097211
v -0.089755 -0.146816 -0.096537
v -0.079136 -0.168695 -0.104093
v -0.057888 -0.152697 -0.107679
v -0.031706 -0.160153 -0.112221
v -0.034420 -0.167949 -0.117397
v -0.021736 -0.146830 -0.110431
v -0.233645 -0.159226 0.297661
v -0.223501 -0.170862 0.315054
v -0.250407 -0.168130 0.278221
v -0.218133 -0.162006 0.320612
v -0.224833 -0.149479 0.310341
v -0.199347 -0.164099 0.342068
v -0.192498 -0.149574 0.347567
v -0.185083 -0.168563 0.362010
v -0.170123 -0.161032 0.367841
v -0.160336 -0.149201 0.375210
v -0.137833 -0.169437 0.391508
v -0.136621 -0.151206 0.389991
v -0.107323 -0.159786 0.404710
v -0.100618 -0.169483 0.410873
v -0.099107 -0.148436 0.407494
v -0.066421 -0.159262 0.418484
v -0.055753 -0.148081 0.419680
v -0.062849 -0.170072 0.421808
v -0.033890 -0.162633 0.424161
v -0.032809 -0.168025 0.429434
v -0.019010 -0.148242 0.423814
v -0.007161 -0.169582 0.427251
v 0.008869 -0.157080 0.425862
v 0.023779 -0.148745 0.423898
v 0.030221 -0.169284 0.424955
v 0.048558 -0.161234 0.421559
v 0.064492 -0.148725 0.417211
v 0.066909 -0.167383 0.423133
v 0.084434 -0.160406 0.412918
v 0.103024 -0.170765 0.410150
v 0.108696 -0.148711 0.402768
v 0.116620 -0.159709 0.400226
v 0.136165 -0.171021 0.394076
v 0.136964 -0.148886 0.388976
v 0.144319 -0.158849 0.385621
v 0.173596 -0.170400 0.368271
v 0.162945 -0.149271 0.372153
v 0.179147 -0.159324 0.359980
v 0.193934 -0.149672 0.345975
v 0.210507 -0.162291 0.328788
v 0.215609 -0.148616 0.321872
v 0.233972 -0.148028 0.290376
v 0.230840 -0.160381 0.300831
v 0.234741 -0.169101 0.303856
v 0.244700 -0.159832 0.277281
v -0.021736 -0.146830 -0.110431
v -0.031706 -0.160153 -0.112221
v 0.004123 -0.150665 -0.112858
v -0.034420 -0.167949 -0.117397
v 0.003502 -0.168456 -0.115378
v 0.034011 -0.159051 -0.112012
v 0.048363 -0.169488 -0.110033
v 0.041175 -0.147910 -0.109507
v 0.083617 -0.151873 -0.100030
v 0.098794 -0.164059 -0.096089
v 0.086342 -0.168538 -0.105963
v 0.118518 -0.170517 -0.090948
v 0.126110 -0.150169 -0.082672
v 0.135463 -0.161545 -0.078665
v 0.151191 -0.169713 -0.074368
v 0.161239 -0.157640 -0.062491
v 0.163150 -0.148345 -0.058646
v 0.174390 -0.170156 -0.057239
v 0.185183 -0.159931 -0.044112
v 0.190058 -0.147412 -0.037012
v 0.202996 -0.169576 -0.032228
v 0.209848 -0.151871 -0.017056
v 0.225158 -0.165674 -0.002410
v 0.209848 -0.151871 -0.017056
v 0.202996 -0.169576 -0.032228
v 0.232860 -0.148909 0.015942
v 0.244510 -0.162873 0.033555
v 0.244700 -0.159832 0.277281
v 0.250672 -0.169125 0.264536
v 0.234741 -0.169101 0.303856
v 0.251801 -0.148593 0.054328
v 0.233972 -0.148028 0.290376
v 0.255991 -0.149374 0.248256
v 0.257639 -0.160830 0.248027
v 0.261147 -0.161511 0.076209
v 0.258102 -0.168775 0.055018
v 0.269492 -0.168297 0.230061
v 0.268402 -0.158790 0.209401
v 0.263050 -0.148037 0.089673
v 0.272994 -0.167649 0.102072
v 0.268734 -0.157227 0.110295
v 0.275249 -0.169818 0.195758
v 0.268830 -0.147621 0.121573
v 0.269879 -0.147182 0.190775
v 0.277436 -0.169791 0.157832
v 0.273405 -0.157359 0.155974
v 0.271167 -0.147295 0.160635
v 0.210507 -0.162291 0.328788
v 0.208617 -0.168223 0.340556
v 0.173596 -0.170400 0.368271
v 0.234741 -0.169101 0.303856
v -0.351975 -0.016903 0.163954
v -0.351395 -0.022756 0.129667
v -0.349808 -0.024644 0.158484
v -0.347881 -0.024996 0.198130
v -0.351296 -0.014824 0.131030
v -0.347164 -0.015500 0.201741
v -0.343786 -0.018698 0.239117
v -0.342639 -0.031386 0.158052
v -0.338356 -0.032931 0.205287
v -0.333924 -0.028939 0.244484
v -0.337366 -0.061722 0.178559
v -0.338963 -0.050364 0.133995
v -0.335190 -0.081809 0.154862
v -0.332710 -0.047070 0.222013
v -0.326785 -0.078404 0.227331
v -0.324674 -0.025107 0.288926
v -0.325785 -0.098748 0.198820
v -0.321343 -0.113634 0.160112
v -0.320558 -0.053281 0.264123
v -0.316495 -0.031953 0.285335
v -0.325923 -0.015461 0.282079
v -0.311124 -0.016669 0.318142
v -0.308062 -0.127016 0.205109
v -0.303448 -0.117490 0.249172
v -0.305651 -0.091957 0.281044
v -0.304383 -0.059814 0.299790
v -0.300597 -0.032347 0.316977
v -0.302534 -0.025308 0.329752
v -0.295966 -0.143315 0.156781
v -0.286318 -0.142154 0.231926
v -0.292668 -0.144353 0.190661
v -0.283990 -0.116284 0.298256
v -0.293915 -0.019477 0.352889
v -0.289319 -0.085984 0.318254
v -0.284661 -0.025658 0.357397
v -0.282909 -0.056757 0.338691
v -0.277954 -0.031432 0.352754
v -0.279785 -0.153245 0.196755
v -0.277298 -0.141137 0.264908
v -0.275930 -0.018258 0.375018
v -0.281251 -0.158054 0.168480
v -0.279204 -0.168010 0.136752
v -0.279049 -0.169651 0.179231
v -0.269956 -0.161501 0.231908
v -0.280883 -0.155774 0.121534
v -0.266737 -0.093367 0.348525
v -0.270438 -0.168766 0.210852
v -0.255505 -0.054653 0.374591
v -0.253940 -0.143455 0.302239
v -0.262462 -0.024265 0.388155
v -0.260814 -0.169118 0.243856
v -0.258630 -0.153071 0.267296
v -0.245250 -0.122111 0.350749
v -0.247498 -0.016375 0.400389
v -0.250407 -0.168130 0.278221
v -0.246217 -0.137528 0.328550
v -0.241214 -0.033518 0.394062
v -0.238167 -0.096879 0.379644
v -0.235456 -0.024076 0.411334
v -0.232572 -0.162001 0.309255
v -0.223501 -0.170862 0.315054
v -0.221966 -0.142991 0.346920
v -0.222991 -0.060900 0.405594
v -0.216194 -0.119062 0.384499
v -0.213261 -0.017516 0.433757
v -0.214905 -0.153839 0.332957
v -0.210871 -0.163578 0.337562
v -0.200031 -0.089698 0.416619
v -0.204569 -0.031506 0.426208
v -0.207329 -0.024914 0.435230
v -0.196437 -0.151684 0.356706
v -0.172966 -0.127723 0.410131
v -0.192951 -0.143737 0.374676
v -0.197039 -0.060049 0.425944
v -0.185083 -0.168563 0.362010
v -0.171281 -0.027534 0.454664
v -0.186166 -0.015808 0.450735
v -0.164348 -0.153438 0.383052
v -0.173166 -0.042164 0.443639
v -0.170387 -0.064326 0.442772
v -0.155657 -0.098661 0.440894
v -0.151953 -0.016983 0.468881
v -0.159497 -0.167474 0.383212
v -0.134091 -0.046817 0.462322
v -0.137833 -0.169437 0.391508
v -0.134831 -0.119373 0.438751
v -0.130586 -0.141221 0.418748
v -0.124639 -0.085558 0.459596
v -0.133244 -0.030419 0.465868
v -0.118397 -0.024482 0.479888
v -0.122614 -0.158817 0.405230
v -0.108447 -0.017302 0.485005
v -0.095074 -0.150448 0.423193
v -0.102389 -0.124196 0.447712
v -0.100214 -0.073228 0.471008
v -0.100618 -0.169483 0.410873
v -0.096119 -0.045845 0.475386
v -0.097430 -0.030019 0.478109
v -0.065090 -0.114429 0.463626
v -0.062849 -0.170072 0.421808
v -0.077784 -0.025091 0.490386
v -0.066125 -0.137393 0.445640
v -0.061748 -0.045630 0.483143
v -0.070562 -0.017358 0.494155
v -0.048689 -0.078929 0.480472
v -0.060567 -0.030466 0.486612
v -0.059137 -0.153326 0.428551
v -0.035977 -0.024034 0.497983
v -0.023415 -0.135817 0.452681
v -0.032809 -0.168025 0.429434
v -0.034110 -0.015176 0.497375
v -0.019121 -0.153126 0.433718
v -0.022928 -0.039687 0.489333
v -0.021176 -0.112752 0.471171
v -0.010748 -0.090655 0.481567
v -0.001566 -0.064926 0.486808
v 0.004503 -0.031371 0.493737
v 0.014754 -0.167582 0.431457
v -0.007161 -0.169582 0.427251
v 0.011041 -0.122341 0.465287
v -0.000581 -0.018027 0.499892
v 0.015491 -0.143379 0.443944
v 0.030221 -0.169284 0.424955
v 0.040045 -0.157666 0.429307
v 0.029577 -0.099302 0.476348
v 0.023177 -0.021885 0.501285
v 0.040397 -0.035998 0.489187
v 0.047441 -0.062962 0.483308
v 0.056704 -0.118876 0.462058
v 0.080858 -0.141227 0.436875
v 0.066909 -0.167383 0.423133
v 0.014754 -0.167582 0.431457
v 0.030221 -0.169284 0.424955
v 0.040045 -0.157666 0.429307
v 0.053237 -0.019452 0.497005
v 0.023177 -0.021885 0.501285
v 0.040397 -0.035998 0.489187
v 0.080858 -0.141227 0.436875
v 0.074217 -0.152477 0.423278
v 0.070098 -0.085844 0.475246
v 0.029577 -0.099302 0.476348
v 0.056704 -0.118876 0.462058
v 0.047441 -0.062962 0.483308
v 0.083574 -0.055556 0.477313
v 0.082937 -0.026547 0.488432
v 0.093440 -0.016848 0.486288
v 0.091529 -0.122841 0.451422
v 0.094232 -0.102569 0.463074
v 0.103828 -0.155425 0.414303
v 0.103024 -0.170765 0.410150
v 0.118700 -0.073827 0.463568
v 0.112398 -0.036410 0.473079
v 0.138118 -0.136845 0.420736
v 0.121405 -0.118045 0.444174
v 0.147289 -0.155228 0.393558
v 0.130605 -0.022375 0.478347
v 0.142524 -0.089744 0.450145
v 0.136165 -0.171021 0.394076
v 0.150143 -0.033654 0.457426
v 0.150361 -0.112763 0.435325
v 0.170693 -0.024568 0.457662
v 0.159531 -0.061401 0.448163
v 0.161104 -0.016258 0.463816
v 0.173596 -0.170400 0.368271
v 0.182606 -0.139249 0.389741
v 0.178856 -0.119437 0.413651
v 0.180742 -0.084411 0.430761
v 0.185881 -0.045029 0.434956
v 0.187278 -0.156215 0.361748
v 0.189187 -0.030488 0.437160
v 0.203683 -0.103912 0.406238
v 0.219343 -0.128988 0.370463
v 0.199155 -0.016789 0.443017
v 0.220707 -0.025426 0.423697
v 0.215679 -0.062953 0.410842
v 0.208617 -0.168223 0.340556
v 0.222031 -0.151888 0.331305
v 0.220586 -0.031713 0.412875
v 0.234851 -0.087034 0.386888
v 0.234741 -0.169101 0.303856
v 0.241295 -0.042747 0.391209
v 0.237501 -0.016298 0.410748
v 0.239963 -0.154160 0.298799
v 0.249996 -0.112699 0.354320
v 0.245491 -0.132345 0.337240
v 0.244560 -0.029083 0.394255
v 0.249413 -0.144399 0.306239
v 0.254844 -0.165492 0.269293
v 0.250672 -0.169125 0.264536
v 0.266045 -0.066189 0.359185
v 0.256060 -0.025497 0.393406
v 0.262776 -0.151723 0.259479
v 0.272609 -0.128387 0.299659
v 0.270421 -0.031486 0.362575
v 0.269492 -0.168297 0.230061
v 0.273823 -0.153361 0.227515
v 0.276449 -0.024285 0.369187
v 0.268205 -0.017164 0.383235
v 0.281900 -0.101212 0.318943
v 0.280678 -0.154410 0.187505
v 0.291293 -0.058385 0.323493
v 0.288292 -0.018039 0.355411
v 0.275249 -0.169818 0.195758
v 0.292669 -0.130828 0.249063
v 0.277436 -0.169791 0.157832
v 0.278638 -0.166992 0.132405
v 0.280281 -0.156764 0.139831
v 0.288913 -0.146230 0.148546
v 0.292827 -0.140645 0.109612
v 0.300387 -0.105696 0.276763
v 0.295374 -0.023494 0.343586
v 0.294668 -0.138474 0.212548
v 0.298225 -0.029417 0.322654
v 0.306557 -0.131852 0.156311
v 0.307153 -0.077333 0.286949
v 0.316282 -0.109262 0.217561
v 0.314583 -0.120025 0.185113
v 0.312914 -0.041839 0.285648
v 0.308145 -0.016981 0.325635
v 0.320348 -0.104465 0.104088
v 0.314222 -0.025117 0.307412
v 0.319615 -0.085042 0.244239
v 0.314879 -0.029127 0.287500
v 0.322855 -0.016906 0.293251
v 0.322996 -0.049432 0.255934
v 0.326813 -0.102887 0.155657
v 0.331075 -0.083531 0.192853
v 0.330472 -0.031122 0.241096
v 0.330280 -0.053972 0.226374
v 0.328832 -0.026968 0.267234
v 0.334357 -0.080417 0.147663
v 0.334794 -0.021346 0.266157
v 0.337887 -0.053207 0.175456
v 0.328005 -0.067217 0.084277
v 0.337075 -0.048511 0.121967
v 0.340027 -0.028438 0.099735
v 0.340506 -0.025659 0.233244
v 0.346628 -0.028190 0.152161
v 0.341604 -0.029417 0.192892
v 0.344388 -0.017976 0.229245
v 0.334955 -0.016282 0.256130
v 0.349371 -0.023577 0.194345
v 0.351685 -0.022326 0.127786
v 0.351975 -0.018098 0.162679
v 0.345555 -0.016312 0.197759
v -0.330331 -0.024887 0.167495
v -0.344961 -0.016146 0.147796
v -0.339623 -0.017239 0.185904
v -0.326937 -0.025091 0.208820
v -0.331797 -0.017570 0.232892
v -0.327697 -0.032045 0.142938
v -0.326208 -0.024503 0.103496
v -0.336288 -0.017738 0.116049
v -0.324623 -0.017596 0.061665
v -0.318705 -0.069532 0.160716
v -0.320080 -0.056734 0.119984
v -0.321108 -0.054789 0.189776
v -0.315134 -0.028108 0.251391
v -0.309798 -0.074876 0.219960
v -0.313428 -0.048376 0.241258
v -0.316103 -0.037342 0.074827
v -0.314449 -0.022331 0.052585
v -0.303451 -0.098208 0.143128
v -0.307590 -0.066354 0.069598
v -0.306350 -0.018583 0.298790
v -0.306526 -0.091859 0.188867
v -0.306933 -0.085343 0.100855
v -0.301026 -0.066118 0.263716
v -0.296420 -0.044893 0.023911
v -0.299822 -0.025589 0.294366
v -0.287585 -0.118028 0.180216
v -0.294552 -0.093089 0.068876
v -0.292538 -0.046081 0.297277
v -0.299785 -0.020973 0.013254
v -0.279616 -0.122074 0.107638
v -0.293549 -0.101318 0.227870
v -0.287011 -0.082267 0.033083
v -0.276818 -0.027152 0.333778
v -0.279164 -0.103594 0.266804
v -0.284868 -0.074793 0.293797
v -0.275372 -0.025748 -0.022708
v -0.289180 -0.017693 -0.018921
v -0.277886 -0.113271 0.066732
v -0.276594 -0.070421 0.000605
v -0.277622 -0.128152 0.143960
v -0.277824 -0.120373 0.226477
v -0.263129 -0.060541 -0.025514
v -0.270138 -0.131460 0.189074
v -0.261793 -0.112052 0.024975
v -0.262105 -0.069134 0.335563
v -0.269834 -0.016988 -0.051464
v -0.258554 -0.133599 0.101809
v -0.257448 -0.129524 0.063601
v -0.261725 -0.098175 0.310801
v -0.253944 -0.132714 0.238993
v -0.253471 -0.128617 0.268398
v -0.245901 -0.122952 0.297883
v -0.251459 -0.097728 -0.013424
v -0.247012 -0.054294 0.362692
v -0.249903 -0.034678 -0.052418
v -0.245641 -0.128363 0.029131
v -0.255498 -0.023989 0.365323
v -0.251125 -0.022219 -0.059996
v -0.233215 -0.123438 -0.001140
v -0.238984 -0.114347 0.323233
v -0.236225 -0.078919 -0.049445
v -0.239373 -0.092819 0.348046
v -0.234308 -0.053384 -0.064266
v -0.227025 -0.038490 0.388672
v -0.224918 -0.029963 -0.079777
v -0.229634 -0.018034 -0.091761
v -0.217384 -0.103799 -0.048106
v -0.217516 -0.083747 0.378373
v -0.223645 -0.130080 0.316795
v -0.237860 -0.019779 0.392353
v -0.214446 -0.109713 0.358824
v -0.201630 -0.062040 0.403364
v -0.201868 -0.131875 0.336360
v -0.194110 -0.122480 -0.048610
v -0.204805 -0.131372 -0.020216
v -0.199498 -0.023961 -0.104980
v -0.203408 -0.024064 0.415508
v -0.196341 -0.125073 0.358121
v -0.203408 -0.024064 0.415508
v -0.227025 -0.038490 0.388672
v -0.237860 -0.019779 0.392353
v -0.217516 -0.083747 0.378373
v -0.184165 -0.100687 0.393793
v -0.214446 -0.109713 0.358824
v -0.196341 -0.125073 0.358121
v -0.186767 -0.041091 0.421094
v -0.201630 -0.062040 0.403364
v -0.203408 -0.024064 0.415508
v -0.160984 -0.127610 0.381912
v -0.169677 -0.066460 0.424884
v -0.166718 -0.027259 0.437910
v -0.157696 -0.019027 0.452005
v -0.189782 -0.017803 0.437706
v -0.156506 -0.110951 0.403810
v -0.147658 -0.086858 0.427331
v -0.134221 -0.057488 0.445658
v -0.124594 -0.028356 0.457508
v -0.120952 -0.129509 0.400454
v -0.109697 -0.106284 0.430001
v -0.115096 -0.018426 0.471914
v -0.112027 -0.081851 0.445374
v -0.090069 -0.050489 0.462820
v -0.095564 -0.022899 0.469815
v -0.084792 -0.126661 0.419404
v -0.077036 -0.089918 0.451275
v -0.067727 -0.018686 0.484344
v -0.056304 -0.119337 0.433526
v -0.061139 -0.025306 0.476486
v -0.040797 -0.073173 0.465446
v -0.046307 -0.042878 0.473255
v -0.067030 -0.133489 0.410577
v -0.022583 -0.133426 0.416484
v -0.022950 -0.103454 0.450634
v -0.016441 -0.024716 0.480716
v -0.009662 -0.127107 0.430545
v -0.012533 -0.017019 0.490841
v -0.005580 -0.068426 0.469722
v -0.005597 -0.037463 0.477412
v 0.022359 -0.088507 0.460209
v 0.025764 -0.119716 0.437181
v 0.034839 -0.060117 0.470325
v 0.051969 -0.020133 0.483133
v 0.025143 -0.031630 0.477643
v 0.014747 -0.133399 0.418119
v 0.053828 -0.132354 0.416498
v 0.053260 -0.107199 0.444171
v 0.056479 -0.035723 0.473270
v 0.070747 -0.079179 0.458157
v 0.091902 -0.121456 0.422078
v 0.089703 -0.055156 0.461596
v 0.112398 -0.095485 0.436500
v 0.093930 -0.133019 0.403041
v 0.093134 -0.028515 0.467182
v 0.098335 -0.019381 0.476409
v 0.123906 -0.026607 0.458161
v 0.120496 -0.056372 0.451713
v 0.143699 -0.113828 0.407633
v 0.132565 -0.017427 0.468040
v 0.128481 -0.133371 0.384563
v 0.160955 -0.084497 0.420111
v 0.163991 -0.036942 0.435635
v 0.162686 -0.021174 0.444047
v 0.165170 -0.124552 0.383470
v 0.192467 -0.053959 0.413234
v 0.193867 -0.093269 0.392338
v 0.197006 -0.121059 0.362002
v 0.195232 -0.132698 0.341768
v 0.167756 -0.133016 0.362256
v 0.209302 -0.023784 0.410645
v 0.231825 -0.087897 0.361026
v 0.231504 -0.062019 0.376925
v 0.225658 -0.032831 0.392257
v 0.223581 -0.118979 0.336497
v 0.216253 -0.132878 0.316335
v 0.253938 -0.103279 0.316383
v 0.242207 -0.022096 0.383081
v 0.242442 -0.126145 0.297524
v 0.252708 -0.036826 0.362486
v 0.261032 -0.061361 0.343007
v 0.267644 -0.078945 0.321213
v 0.267734 -0.113419 0.274221
v 0.268299 -0.022313 0.352460
v 0.286943 -0.086307 0.275832
v 0.277991 -0.044806 0.324439
v 0.290804 -0.051367 0.297558
v 0.284950 -0.025701 0.323508
v 0.132476 -0.113168 -0.101641
v 0.138888 -0.129405 -0.078650
v 0.174430 -0.109498 -0.079965
v 0.172517 -0.128247 -0.059676
v 0.206431 -0.125065 -0.032582
v 0.204980 -0.074405 -0.082949
v 0.158701 -0.087573 -0.107676
v 0.168617 -0.018934 -0.133475
v 0.187669 -0.032122 -0.109516
v 0.201662 -0.021629 -0.105455
v 0.204025 -0.100368 -0.065499
v 0.219319 -0.040053 -0.082304
v 0.177549 -0.055286 -0.110787
v 0.230413 -0.092990 -0.045177
v 0.236527 -0.021900 -0.074682
v 0.239881 -0.060161 -0.055831
v 0.240018 -0.122916 0.005795
v 0.215424 -0.133259 -0.001380
v 0.244777 -0.130434 0.033826
v 0.255847 -0.096595 -0.009176
v 0.253707 -0.076520 -0.030133
v 0.256119 -0.027578 -0.048980
v 0.268399 -0.107448 0.030040
v 0.265737 -0.045152 -0.029258
v 0.268616 -0.018739 -0.047975
v 0.268256 -0.124628 0.069532
v 0.272890 -0.073587 -0.003490
v 0.277291 -0.024079 -0.024708
v 0.288937 -0.107582 0.089101
v 0.273964 -0.127839 0.104335
v 0.288100 -0.096423 0.057208
v 0.289400 -0.104882 0.233553
v 0.269476 -0.126283 0.234945
v 0.267734 -0.113419 0.274221
v 0.267644 -0.078945 0.321213
v 0.290804 -0.051367 0.297558
v 0.286943 -0.086307 0.275832
v 0.285211 -0.043410 0.001331
v 0.283947 -0.122204 0.140347
v 0.266709 -0.133578 0.148672
v 0.278431 -0.125979 0.195000
v 0.287712 -0.075189 0.026573
v 0.300162 -0.102526 0.175652
v 0.295749 -0.018546 -0.009629
v 0.304903 -0.076174 0.238030
v 0.284950 -0.025701 0.323508
v 0.299147 -0.025747 0.295702
v 0.298664 -0.023429 0.013422
v 0.309050 -0.081486 0.205291
v 0.307357 -0.067656 0.073880
v 0.303862 -0.040333 0.039691
v 0.305196 -0.047552 0.265932
v 0.304327 -0.094004 0.118263
v 0.316326 -0.073726 0.147678
v 0.313650 -0.025404 0.258185
v 0.311962 -0.022147 0.042557
v 0.316898 -0.064010 0.112137
v 0.320993 -0.037082 0.099627
v 0.315927 -0.044582 0.232089
v 0.319246 -0.025508 0.072464
v 0.323687 -0.041741 0.189616
v 0.322846 -0.028653 0.214455
v 0.331858 -0.018751 0.231391
v 0.328067 -0.017882 0.059462
v 0.326075 -0.037024 0.150717
v 0.331434 -0.022635 0.152861
v 0.332177 -0.019522 0.097214
v 0.333668 -0.020392 0.194086
vn -0.4126 0.9031 -0.1190
vn -0.9668 -0.1135 -0.2290
vn -0.8482 -0.5254 -0.0671
vn -0.9312 -0.3320 -0.1504
vn -0.9271 -0.3746 0.0095
vn -0.9845 -0.1624 -0.0664
vn -0.8356 -0.5488 0.0249
vn -0.9641 -0.1948 -0.1803
vn -0.9144 -0.3837 -0.1287
vn -0.9607 -0.2776 -0.0037
vn -0.9512 -0.1652 -0.2606
vn -0.8738 -0.4215 -0.2426
vn -0.5137 0.8541 -0.0811
vn -0.8167 -0.5176 -0.2551
vn -0.8437 -0.5367 -0.0086
vn -0.5388 0.8124 -0.2229
vn -0.9105 -0.2893 -0.2954
vn -0.7872 -0.5281 -0.3184
vn -0.9146 -0.1896 -0.3572
vn -0.7108 -0.6023 -0.3633
vn -0.7642 -0.6347 -0.1145
vn -0.8079 0.3633 -0.4641
vn -0.8107 -0.5438 -0.2172
vn -0.7343 -0.6788 -0.0012
vn -0.8671 -0.2172 -0.4484
vn -0.8560 -0.3098 -0.4140
vn -0.7702 -0.5503 -0.3225
vn -0.8503 -0.3380 -0.4036
vn -0.8012 -0.3144 -0.5092
vn -0.7001 -0.6716 -0.2423
vn -0.3247 0.9099 -0.2581
vn -0.7385 -0.4264 -0.5223
vn -0.8127 -0.5756 -0.0906
vn -0.7585 -0.4567 -0.4648
vn -0.7688 -0.1855 -0.6120
vn -0.8523 -0.5225 0.0262
vn -0.8019 -0.5566 -0.2171
vn -0.6327 -0.7025 -0.3258
vn -0.6280 -0.6689 -0.3977
vn -0.7814 -0.3248 -0.5329
vn -0.6757 -0.7272 -0.1204
vn -0.7067 -0.7070 -0.0258
vn -0.7071 -0.3579 -0.6098
vn -0.6314 -0.4707 -0.6163
vn -0.5649 -0.8053 -0.1801
vn -0.8011 -0.4630 -0.3794
vn -0.6490 0.3041 -0.6973
vn -0.7848 -0.4760 -0.3968
vn -0.6950 -0.3516 -0.6272
vn -0.6291 -0.5815 -0.5158
vn -0.5926 -0.4384 -0.6758
vn -0.6668 -0.5840 -0.4631
vn 0.8250 -0.3634 0.4329
vn -0.8275 -0.1871 -0.5294
vn 0.5388 -0.7747 0.3310
vn -0.6756 -0.2409 -0.6967
vn -0.7042 -0.1687 -0.6897
vn -0.5420 -0.7006 -0.4641
vn -0.5816 -0.5506 -0.5988
vn -0.5045 -0.6092 -0.6118
vn -0.6789 -0.4613 -0.5712
vn -0.3018 0.8645 -0.4019
vn -0.5895 -0.3165 -0.7432
vn -0.5916 -0.1746 -0.7871
vn -0.5898 -0.5508 -0.5906
vn -0.4687 -0.6852 -0.5575
vn -0.5366 -0.4294 -0.7264
vn -0.5280 -0.2870 -0.7992
vn -0.2201 -0.9132 -0.3428
vn -0.4853 -0.5428 -0.6855
vn -0.5024 -0.2250 -0.8349
vn -0.4902 -0.2880 -0.8227
vn -0.4918 -0.5076 -0.7074
vn -0.4042 -0.5541 -0.7278
vn -0.3927 -0.5288 -0.7524
vn -0.0974 -0.9658 -0.2403
vn -0.3812 -0.6995 -0.6044
vn -0.3770 0.6302 -0.6788
vn -0.4214 -0.1847 -0.8878
vn -0.3586 -0.3294 -0.8734
vn -0.2924 -0.7103 -0.6402
vn -0.2728 -0.8315 -0.4839
vn -0.3597 -0.3403 -0.8688
vn -0.3001 0.5029 -0.8106
vn -0.3315 -0.6341 -0.6985
vn -0.2782 -0.5679 -0.7747
vn -0.2561 -0.5831 -0.7710
vn -0.2962 -0.1915 -0.9357
vn -0.3084 -0.3338 -0.8908
vn -0.2152 -0.7064 -0.6743
vn -0.2378 -0.3286 -0.9140
vn -0.2033 0.6840 -0.7006
vn -0.3053 -0.4013 -0.8635
vn -0.1811 -0.2070 -0.9614
vn -0.2240 -0.3735 -0.9002
vn -0.1838 -0.6041 -0.7754
vn -0.2408 -0.3155 -0.9178
vn 0.2249 -0.4105 0.8837
vn -0.2583 -0.3650 -0.8945
vn -0.1703 -0.5080 -0.8443
vn -0.0964 -0.7024 -0.7052
vn -0.1412 -0.4453 -0.8842
vn -0.0686 -0.6878 -0.7226
vn -0.1308 -0.2458 -0.9605
vn -0.1085 -0.3299 -0.9378
vn -0.2611 -0.6825 -0.6827
vn -0.8056 -0.4692 -0.3618
vn -0.7997 -0.3258 -0.5043
vn -0.2188 -0.7159 -0.6630
vn -0.9568 0.1156 -0.2667
vn -0.4436 -0.8934 0.0707
vn -0.1181 -0.8636 -0.4901
vn -0.9103 -0.2588 -0.3231
vn -0.8231 -0.4537 -0.3416
vn -0.5262 -0.6144 -0.5879
vn -0.7901 -0.5508 -0.2691
vn -0.4599 -0.7395 -0.4915
vn -0.8042 -0.5705 -0.1670
vn -0.8617 -0.4726 -0.1849
vn -0.5038 -0.8348 -0.2219
vn -0.0582 -0.1745 -0.9829
vn -0.0509 -0.8032 -0.5935
vn -0.5420 -0.7300 -0.4164
vn -0.8251 -0.2721 -0.4952
vn -0.0829 -0.5845 -0.8071
vn -0.0592 -0.9982 -0.0082
vn -0.7857 -0.5813 -0.2119
vn -0.4781 -0.8289 -0.2905
vn -0.0598 -0.5000 -0.8640
vn -0.3486 -0.8439 -0.4077
vn -0.3392 0.0813 -0.9372
vn -0.3002 -0.3444 -0.8895
vn 0.0048 -0.9479 -0.3184
vn 0.0239 -0.7235 -0.6899
vn -0.0212 -0.4189 -0.9078
vn -0.0189 -0.7472 -0.6644
vn -0.1174 -0.7770 -0.6185
vn -0.1367 -0.9313 -0.3376
vn -0.0610 -0.4407 -0.8956
vn -0.0457 0.0165 -0.9988
vn -0.2240 0.7596 -0.6106
vn 0.0115 -0.6515 -0.7586
vn -0.0805 -0.8518 -0.5176
vn -0.1361 -0.9531 -0.2702
vn -0.2705 -0.9348 -0.2303
vn -0.0683 0.5611 -0.8249
vn -0.0008 -0.1990 -0.9800
vn -0.0029 -0.9985 -0.0540
vn -0.1355 -0.8713 -0.4717
vn 0.0967 -0.9071 -0.4096
vn -0.0027 -0.6353 -0.7723
vn 0.0909 -0.9620 -0.2573
vn -0.0370 -0.4047 0.9137
vn 0.0743 -0.4032 -0.9121
vn 0.0658 -0.3944 -0.9166
vn 0.0235 -0.9953 -0.0934
vn 0.1444 -0.7863 -0.6007
vn 0.1482 -0.9387 -0.3113
vn 0.0838 -0.2342 -0.9686
vn 0.1957 -0.7084 -0.6781
vn 0.1141 -0.7355 -0.6678
vn 0.0181 0.2682 -0.9632
vn 0.0758 -0.1746 -0.9817
vn 0.0402 -0.8089 -0.5866
vn 0.3161 -0.7932 -0.5205
vn 0.3157 -0.9170 -0.2439
vn 0.1087 -0.2720 -0.9561
vn 0.0930 -0.5160 -0.8516
vn 0.1047 -0.6922 -0.7141
vn 0.4935 -0.7784 -0.3880
vn 0.5093 -0.8145 -0.2779
vn 0.3935 -0.8849 -0.2494
vn -0.0157 -0.9412 0.3374
vn 0.4872 -0.4375 -0.7558
vn 0.3181 -0.0168 -0.9479
vn 0.3645 0.6775 -0.6388
vn 0.1604 -0.9374 -0.3090
vn 0.4452 -0.5583 -0.7001
vn 0.5291 -0.6037 -0.5963
vn 0.2554 -0.9486 -0.1868
vn 0.3706 0.9283 0.0317
vn -0.4126 0.9031 -0.1189
vn 0.3235 0.9460 0.0231
vn -0.8190 0.5716 0.0503
vn 0.4047 0.9132 -0.0474
vn -0.4165 0.9070 0.0620
vn 0.3746 0.9218 -0.0997
vn -0.9463 0.2117 0.2443
vn 0.8317 0.5546 -0.0260
vn 0.3279 0.9401 0.0933
vn -0.2609 0.9602 0.1003
vn 0.2009 0.9774 0.0658
vn 0.4490 0.8749 -0.1813
vn -0.8078 0.3633 -0.4641
vn -0.6231 0.7150 0.3172
vn 0.8168 0.5107 0.2682
vn 0.7338 0.5710 0.3682
vn 0.2757 0.9459 -0.1712
vn -0.7811 0.3717 0.5017
vn 0.2425 0.9582 0.1521
vn 0.1374 0.9808 -0.1384
vn -0.3248 0.9099 -0.2580
vn 0.7549 0.4440 -0.4828
vn -0.6845 0.4416 0.5800
vn 0.3721 0.8799 0.2956
vn 0.6353 0.5574 -0.5346
vn 0.7595 0.4253 0.4922
vn 0.5667 0.6660 0.4851
vn -0.2381 0.9325 0.2715
vn 0.4437 0.7756 -0.4490
vn 0.2675 0.9207 0.2843
vn -0.6490 0.3042 -0.6973
vn -0.3019 0.8645 -0.4019
vn 0.1911 0.9568 -0.2191
vn -0.5160 0.4980 0.6970
vn 0.2169 0.9107 -0.3517
vn 0.5315 0.4999 -0.6838
vn 0.0956 0.9865 0.1327
vn -0.5281 -0.2870 -0.7992
vn 0.4936 0.5420 0.6802
vn -0.2874 0.8108 0.5098
vn 0.3562 0.7091 0.6085
vn 0.4345 0.4413 -0.7852
vn -0.3771 0.6302 -0.6787
vn 0.2128 0.8775 -0.4297
vn -0.2874 0.7064 0.6468
vn 0.1248 0.9624 0.2415
vn 0.3458 0.5164 0.7835
vn -0.3002 0.5030 -0.8105
vn 0.1240 0.9236 -0.3628
vn -0.1539 0.8286 0.5383
vn 0.1085 0.9076 0.4057
vn -0.2034 0.6839 -0.7006
vn 0.0517 0.9190 -0.3909
vn -0.1236 0.9895 0.0746
vn -0.1540 0.5903 0.7924
vn 0.0178 0.5847 0.8111
vn -0.0340 0.9407 0.3376
vn 0.0055 0.9201 -0.3916
vn -0.0231 0.2473 0.9687
vn 0.0424 0.9937 0.1033
vn -0.0586 0.7994 -0.5979
vn 0.0511 -0.3048 0.9511
vn 0.1802 0.2945 0.9385
vn 0.2715 0.7475 0.6063
vn 0.0575 0.5225 0.8507
vn 0.2758 0.8973 0.3447
vn 0.6105 -0.2770 0.7420
vn 0.4411 0.8614 -0.2518
vn -0.0264 0.9679 0.2498
vn -0.1069 0.6139 0.7821
vn 0.2100 0.6199 -0.7561
vn 0.0974 0.9075 0.4086
vn -0.1435 0.8390 -0.5249
vn -0.0974 0.9484 0.3017
vn 0.2300 0.5475 -0.8046
vn -0.1098 0.9718 -0.2086
vn -0.3256 0.5188 0.7905
vn -0.2242 0.4773 0.8496
vn 0.3330 -0.2670 0.9043
vn 0.1393 0.9323 -0.3339
vn 0.2639 0.7593 0.5949
vn -0.2900 0.8262 0.4829
vn -0.1080 0.9724 -0.2067
vn -0.3430 0.7236 -0.5990
vn 0.2773 0.8224 -0.4968
vn -0.1789 0.9488 -0.2605
vn -0.5034 0.5242 -0.6869
vn 0.0326 0.9993 -0.0164
vn -0.4732 0.6483 0.5965
vn 0.4805 0.5321 0.6971
vn 0.5375 -0.3777 -0.7539
vn -0.1402 0.9760 0.1667
vn 0.6006 0.3657 -0.7110
vn -0.5123 0.6800 0.5246
vn -0.2609 0.9234 -0.2816
vn 0.4044 0.7857 0.4681
vn -0.5434 0.6550 -0.5251
vn -0.0634 0.9971 0.0425
vn -0.1830 0.9690 -0.1660
vn 0.7199 0.0369 -0.6931
vn -0.3588 0.8864 0.2924
vn -0.6644 0.5549 -0.5007
vn 0.5868 0.6306 0.5079
vn 0.3320 0.9091 -0.2518
vn -0.3118 0.9328 -0.1807
vn -0.7922 0.4104 -0.4516
vn 0.3200 0.9218 0.2190
vn -0.3032 0.9347 0.1854
vn -0.8186 0.4470 -0.3606
vn 0.4076 0.8887 -0.2101
vn -0.3453 0.9284 -0.1371
vn 0.3508 0.9132 0.2071
vn -0.3124 0.9410 0.1298
vn -0.7556 0.5411 0.3691
vn -0.7037 0.6609 0.2606
vn -0.8305 0.4910 -0.2630
vn -0.3828 0.9165 0.1163
vn 0.5811 0.7697 0.2643
vn -0.4010 0.9100 -0.1052
vn 0.4213 0.8870 -0.1893
vn -0.0332 0.9994 -0.0113
vn -0.5275 0.8461 0.0764
vn -0.7716 0.6356 0.0269
vn 0.4012 0.9131 -0.0727
vn 0.0866 0.9961 0.0149
vn -0.2414 0.9704 -0.0103
vn -0.6836 0.7271 -0.0628
vn 0.9107 -0.2633 0.3183
vn 0.7834 0.6027 0.1518
vn 0.7869 0.6012 -0.1388
vn 0.1165 0.9930 0.0195
vn 0.8975 0.4405 0.0213
vn 0.9481 -0.3043 -0.0920
vn 0.0525 -0.9986 0.0030
vn 0.6211 -0.7834 0.0235
vn 0.7667 -0.6074 0.2080
vn 0.1068 -0.9942 -0.0160
vn 0.7977 -0.5982 -0.0759
vn 0.5355 -0.8354 -0.1238
vn 0.0448 -0.9990 -0.0017
vn 0.4446 -0.8811 -0.1613
vn 0.1684 -0.9831 0.0722
vn 0.8196 -0.4325 0.3756
vn 0.0126 -0.9999 0.0008
vn 0.0285 -0.9996 -0.0073
vn 0.5868 -0.7056 0.3972
vn 0.0561 -0.9975 -0.0433
vn 0.0118 -0.9999 0.0026
vn 0.6488 -0.6076 -0.4582
vn 0.0529 -0.9977 0.0434
vn 0.0065 -1.0000 -0.0022
vn 0.0092 -1.0000 -0.0013
vn 0.0061 -1.0000 0.0018
vn 0.4501 -0.7842 0.4272
vn 0.4576 -0.7671 -0.4496
vn 0.0747 -0.9940 0.0803
vn 0.0330 -0.9991 -0.0260
vn 0.0073 -0.9999 0.0072
vn 0.0064 -1.0000 0.0017
vn 0.0104 -0.9999 0.0019
vn 0.0063 -1.0000 0.0021
vn 0.0630 -0.9956 -0.0698
vn 0.0034 -1.0000 -0.0006
vn 0.6053 -0.4319 0.6686
vn 0.3906 -0.7407 -0.5466
vn 0.2812 -0.8646 0.4164
vn 0.0051 -1.0000 0.0014
vn 0.0348 -0.9976 0.0594
vn 0.0060 -0.9999 -0.0103
vn 0.0036 -1.0000 0.0033
vn 0.0043 -1.0000 -0.0023
vn 0.0036 -1.0000 0.0009
vn 0.0533 -0.9931 -0.1049
vn 0.0043 -1.0000 -0.0001
vn 0.3913 -0.5625 0.7284
vn 0.4641 -0.3476 -0.8147
vn 0.0042 -1.0000 0.0002
vn 0.0430 -0.9968 0.0673
vn 0.0022 -1.0000 0.0090
vn 0.0007 -1.0000 -0.0010
vn 0.1891 -0.8399 -0.5088
vn 0.0033 -1.0000 0.0033
vn 0.1153 -0.8926 0.4358
vn 0.0013 -1.0000 0.0009
vn 0.0094 -0.9994 -0.0330
vn 0.0013 -1.0000 -0.0004
vn 0.0001 -1.0000 0.0019
vn -0.0010 -1.0000 -0.0037
vn 0.0119 -0.9982 0.0580
vn -0.0015 -1.0000 0.0066
vn 0.0014 -1.0000 0.0013
vn -0.0003 -1.0000 0.0019
vn -0.0017 -1.0000 -0.0023
vn 0.0004 -1.0000 0.0069
vn 0.0981 -0.8719 -0.4797
vn 0.0006 -1.0000 -0.0001
vn 0.1582 -0.6460 0.7468
vn -0.0005 -1.0000 0.0004
vn -0.0013 -1.0000 0.0022
vn -0.0015 -1.0000 0.0004
vn -0.0005 -1.0000 -0.0002
vn 0.0005 -1.0000 -0.0019
vn 0.0087 -0.9990 -0.0428
vn 0.0691 -0.9051 0.4195
vn 0.0362 -0.7793 -0.6256
vn -0.0009 -0.9993 0.0372
vn -0.0006 -1.0000 -0.0002
vn -0.0002 -1.0000 0.0015
vn -0.0006 -1.0000 0.0056
vn -0.0006 -1.0000 -0.0000
vn 0.0013 -1.0000 0.0049
vn 0.0001 -1.0000 -0.0053
vn 0.0013 -1.0000 -0.0015
vn -0.0080 -0.9967 -0.0807
vn -0.0062 -0.6668 0.7452
vn 0.0004 -1.0000 0.0025
vn -0.0002 -1.0000 0.0001
vn 0.0010 -0.9984 0.0572
vn -0.0003 -1.0000 -0.0004
vn 0.0013 -1.0000 0.0004
vn -0.0799 -0.6118 -0.7869
vn 0.0005 -1.0000 0.0044
vn -0.0016 -1.0000 0.0072
vn 0.0013 -1.0000 0.0026
vn -0.0021 -1.0000 -0.0068
vn -0.1254 -0.8083 0.5753
vn 0.0007 -1.0000 -0.0009
vn -0.0233 -0.9966 -0.0787
vn -0.1680 -0.6820 -0.7118
vn -0.0012 -1.0000 0.0046
vn 0.0003 -1.0000 -0.0003
vn -0.0370 -0.9944 0.0991
vn -0.0001 -1.0000 0.0048
vn -0.2295 -0.5592 0.7966
vn -0.0006 -1.0000 -0.0007
vn 0.0004 -1.0000 0.0019
vn -0.0017 -1.0000 -0.0037
vn -0.0100 -0.9999 -0.0111
vn -0.0009 -1.0000 0.0024
vn -0.0009 -1.0000 0.0005
vn -0.0036 -1.0000 -0.0036
vn -0.0015 -1.0000 0.0022
vn -0.0017 -1.0000 0.0011
vn -0.0047 -0.9999 0.0118
vn -0.2689 -0.6900 -0.6720
vn -0.0056 -1.0000 -0.0059
vn -0.0436 -0.9969 -0.0658
vn -0.0005 -1.0000 -0.0012
vn -0.0070 -1.0000 0.0010
vn -0.3222 -0.6432 0.6946
vn -0.0139 -0.9996 0.0232
vn -0.0033 -1.0000 -0.0006
vn -0.0448 -0.9949 0.0906
vn 0.0004 -1.0000 0.0071
vn -0.0057 -1.0000 -0.0054
vn -0.3841 -0.6181 -0.6859
vn -0.0404 -0.9979 -0.0499
vn -0.0007 -1.0000 -0.0004
vn -0.2831 -0.8727 0.3979
vn -0.3823 -0.7758 -0.5020
vn 0.0006 -1.0000 0.0019
vn -0.0058 -1.0000 -0.0020
vn -0.0612 -0.9971 0.0443
vn -0.0552 -0.9972 -0.0510
vn -0.2786 -0.9144 0.2938
vn -0.0421 -0.9984 0.0390
vn -0.4224 -0.7928 -0.4394
vn -0.0024 -1.0000 -0.0022
vn -0.0255 -0.9996 -0.0121
vn -0.0015 -1.0000 -0.0014
vn -0.0036 -1.0000 -0.0039
vn -0.0482 -0.9987 -0.0155
vn -0.5646 -0.6810 0.4664
vn -0.0304 -0.9994 -0.0157
vn -0.0718 -0.9969 0.0332
vn -0.3525 -0.8975 -0.2651
vn -0.5570 -0.7525 0.3515
vn -0.0506 -0.9986 0.0118
vn -0.4697 -0.8396 -0.2729
vn -0.5964 -0.7650 0.2429
vn -0.0345 -0.9994 -0.0009
vn -0.5112 -0.8388 -0.1871
vn -0.6651 -0.7249 0.1792
vn -0.5096 -0.8581 0.0626
vn -0.4963 -0.8633 -0.0911
vn -0.5792 -0.8150 0.0139
vn 0.1373 0.9905 -0.0013
vn 0.2058 0.9762 0.0688
vn 0.6178 0.7854 0.0384
vn 0.3429 0.9379 -0.0518
vn 0.0210 0.9998 -0.0041
vn 0.0336 0.9994 -0.0089
vn 0.1993 0.9781 -0.0596
vn 0.0073 1.0000 0.0052
vn 0.0256 0.9996 0.0130
vn 0.3599 0.9240 0.1292
vn 0.1231 0.9905 0.0612
vn 0.4507 0.8571 0.2493
vn 0.1584 0.9844 -0.0761
vn 0.5737 0.7843 -0.2360
vn 0.6124 0.7190 -0.3286
vn 0.5291 0.7532 0.3909
vn 0.0096 1.0000 -0.0017
vn 0.3944 0.8750 -0.2808
vn 0.0488 0.9979 -0.0430
vn -0.0015 1.0000 0.0016
vn 0.2492 0.9485 0.1955
vn -0.0009 1.0000 0.0006
vn 0.0268 0.9993 0.0278
vn 0.0034 1.0000 0.0012
vn 0.2615 0.9352 -0.2387
vn 0.0151 0.9998 -0.0160
vn 0.0957 0.9876 -0.1243
vn 0.4291 0.7569 -0.4930
vn -0.0005 1.0000 -0.0000
vn 0.1314 0.9789 0.1568
vn -0.0022 1.0000 0.0011
vn 0.3589 0.7767 -0.5176
vn -0.0011 1.0000 -0.0009
vn -0.0024 1.0000 0.0017
vn 0.0115 0.9998 0.0138
vn 0.0003 1.0000 -0.0004
vn -0.0016 1.0000 0.0004
vn 0.0204 0.9995 0.0230
vn -0.0018 1.0000 0.0027
vn 0.0060 1.0000 -0.0052
vn 0.1651 0.9468 0.2763
vn -0.0026 1.0000 0.0009
vn 0.2124 0.8685 -0.4479
vn 0.0274 0.9982 -0.0533
vn 0.1112 0.9633 0.2442
vn -0.0017 1.0000 -0.0005
vn -0.0021 1.0000 -0.0000
vn -0.0001 1.0000 -0.0007
vn -0.0011 1.0000 -0.0020
vn -0.0030 1.0000 0.0031
vn -0.0016 1.0000 0.0020
vn 0.0194 0.9981 0.0589
vn -0.0028 1.0000 0.0030
vn 0.1331 0.8598 0.4930
vn 0.0555 0.9683 -0.2436
vn 0.0003 1.0000 -0.0009
vn 0.0003 0.9999 -0.0107
vn 0.1993 0.7569 -0.6224
vn -0.0020 1.0000 0.0001
vn -0.0010 1.0000 -0.0017
vn -0.0020 1.0000 0.0003
vn -0.0022 1.0000 0.0017
vn -0.0026 1.0000 0.0039
vn -0.0009 0.9999 0.0100
vn -0.0003 1.0000 -0.0017
vn -0.0001 1.0000 -0.0030
vn 0.0131 0.9841 0.1769
vn -0.0008 1.0000 0.0031
vn 0.0985 0.7506 0.6534
vn 0.0334 0.9710 -0.2369
vn -0.0009 1.0000 -0.0007
vn -0.0006 1.0000 0.0014
vn 0.0016 0.9999 -0.0114
vn 0.0002 1.0000 -0.0008
vn -0.0004 1.0000 0.0025
vn 0.0017 1.0000 0.0014
vn -0.0047 0.9124 0.4092
vn -0.0039 0.9993 0.0377
vn 0.0008 1.0000 -0.0022
vn 0.0004 1.0000 0.0035
vn 0.0005 1.0000 -0.0018
vn 0.0006 1.0000 0.0015
vn -0.0189 0.9588 -0.2833
vn 0.0314 0.7619 -0.6469
vn 0.0010 1.0000 0.0004
vn 0.0010 1.0000 -0.0025
vn -0.0042 0.9994 -0.0337
vn -0.0402 0.9528 0.3009
vn 0.0013 1.0000 -0.0010
vn 0.0021 1.0000 -0.0019
vn 0.0022 1.0000 0.0016
vn 0.0011 1.0000 0.0034
vn -0.0904 0.8846 -0.4575
vn 0.0019 1.0000 -0.0022
vn 0.0030 1.0000 0.0012
vn 0.0016 1.0000 -0.0016
vn 0.0031 1.0000 0.0013
vn 0.0027 1.0000 0.0022
vn -0.0117 0.9995 -0.0282
vn -0.0055 0.9993 0.0369
vn -0.0957 0.9379 0.3333
vn 0.0031 1.0000 -0.0010
vn -0.1771 0.9008 -0.3964
vn 0.0026 1.0000 -0.0019
vn -0.0011 1.0000 -0.0031
vn -0.0229 0.9983 0.0544
vn 0.0028 1.0000 -0.0018
vn 0.0024 1.0000 0.0016
vn 0.0032 1.0000 0.0011
vn -0.0000 1.0000 0.0024
vn -0.2167 0.8844 0.4134
vn -0.2442 0.7037 0.6671
vn 0.0033 1.0000 -0.0007
vn -0.0972 0.9756 -0.1970
vn 0.0026 1.0000 0.0015
vn 0.0029 1.0000 0.0013
vn -0.0074 0.9998 -0.0159
vn -0.0932 0.9885 0.1190
vn 0.0031 1.0000 -0.0016
vn 0.0035 1.0000 -0.0010
vn 0.0044 1.0000 0.0006
vn -0.3664 0.8082 0.4611
vn 0.0042 1.0000 0.0009
vn 0.0028 1.0000 0.0003
vn -0.1462 0.9705 -0.1917
vn -0.0151 0.9997 -0.0188
vn -0.3730 0.7388 -0.5612
vn -0.0121 0.9998 0.0130
vn -0.2616 0.9302 -0.2575
vn 0.0042 1.0000 0.0008
vn -0.5090 0.7225 0.4679
vn -0.0078 1.0000 0.0026
vn -0.0057 1.0000 -0.0032
vn -0.0241 0.9997 -0.0069
vn -0.2252 0.9590 0.1720
vn -0.0802 0.9957 -0.0473
vn -0.2650 0.9429 -0.2016
vn -0.0457 0.9987 0.0219
vn -0.0210 0.9998 -0.0043
vn -0.4328 0.8760 0.2127
vn -0.0173 0.9998 0.0062
vn -0.5451 0.7700 -0.3316
vn -0.3049 0.9436 -0.1293
vn -0.1655 0.9854 -0.0401
vn -0.1821 0.9816 0.0567
vn -0.6973 0.6474 -0.3077
vn -0.5924 0.7831 -0.1893
vn -0.6579 0.7149 0.2370
vn -0.2516 0.9678 0.0094
vn -0.5857 0.8039 0.1038
vn -0.6535 0.7532 -0.0755
vn 0.5806 0.3773 0.7215
vn 0.6878 0.2683 0.6745
vn 0.6775 0.4180 0.6053
vn 0.5869 0.5813 0.5636
vn 0.6314 0.3833 0.6741
vn 0.5896 0.2652 0.7630
vn 0.5054 0.5671 0.6504
vn 0.4936 0.5419 0.6802
vn 0.4800 0.7173 0.5050
vn 0.2492 0.9485 0.1956
vn 0.1314 0.9788 0.1569
vn 0.4950 0.2902 0.8190
vn 0.4596 0.3968 0.7945
vn 0.3836 0.7409 0.5513
vn 0.1652 0.9468 0.2764
vn 0.3866 0.5907 0.7082
vn 0.3319 0.4963 0.8022
vn 0.3715 0.3111 0.8748
vn 0.2725 0.7287 0.6283
vn 0.2381 0.4504 0.8605
vn 0.2075 0.6308 0.7477
vn 0.1355 0.3184 0.9382
vn -0.0483 0.4313 0.9009
vn 0.0832 0.0834 0.9930
vn 0.1085 0.9075 0.4057
vn 0.0199 0.5180 0.8551
vn 0.0582 0.7221 0.6893
vn 0.2943 -0.2046 0.9335
vn -0.3057 0.1062 0.9462
vn 0.1331 0.8597 0.4931
vn 0.2564 0.3843 0.8869
vn 0.4839 0.6695 0.5635
vn 0.6744 0.0611 0.7359
vn 0.5397 0.6907 0.4814
vn 0.1487 0.5575 0.8167
vn 0.4085 0.2250 0.8846
vn 0.8597 0.2952 0.4169
vn 0.2162 0.3081 0.9265
vn -0.2065 0.2857 0.9358
vn -0.0684 0.1690 0.9832
vn 0.1277 0.2993 0.9456
vn 0.0213 0.6542 0.7560
vn -0.0047 0.9124 0.4093
vn -0.0671 0.4698 0.8802
vn -0.0583 0.6723 0.7379
vn -0.0403 0.9528 0.3010
vn -0.1139 0.4939 0.8620
vn -0.1285 0.6922 0.7101
vn -0.0957 0.9379 0.3334
vn -0.3058 0.1063 0.9462
vn -0.0483 0.4314 0.9009
vn 0.1356 0.3184 0.9382
vn 0.0198 0.5180 0.8552
vn -0.2409 -0.3155 -0.9178
vn -0.2033 0.6839 -0.7006
vn -0.9568 0.1156 -0.2666
vn -0.3893 0.8073 0.4436
vn -0.9824 -0.0139 -0.1861
vn -0.9583 -0.2430 0.1501
vn -0.9961 0.0473 0.0746
vn -0.6694 -0.4806 0.5665
vn -0.4738 -0.3803 0.7943
vn -0.8167 0.3762 0.4376
vn -0.9627 0.2684 0.0337
vn -0.4435 -0.8935 0.0707
vn -0.7998 -0.3258 -0.5043
vn -0.9103 -0.2588 -0.3230
vn -0.9913 0.1312 -0.0095
vn -0.5739 0.6974 0.4292
vn -0.7885 0.5455 0.2841
vn -0.9934 -0.0979 -0.0596
vn -0.7237 0.5879 0.3614
vn -0.9012 0.3671 0.2302
vn -0.9976 -0.0649 -0.0234
vn -0.9680 -0.2357 -0.0858
vn -0.7901 -0.5508 -0.2690
vn -0.7703 0.5824 0.2595
vn -0.9600 0.2712 0.0704
vn -0.9789 -0.1917 -0.0708
vn -0.8830 0.4420 0.1581
vn -0.9987 0.0433 -0.0256
vn -0.8617 -0.4725 -0.1848
vn -0.8042 -0.5704 -0.1670
vn -0.8085 0.5719 0.1390
vn -0.2189 -0.7159 -0.6630
vn -0.8231 -0.4536 -0.3416
vn -0.7857 -0.5812 -0.2118
vn -0.5423 0.8009 0.2538
vn -0.9770 0.1665 -0.1333
vn -0.8251 -0.2720 -0.4952
vn -0.6801 0.7283 0.0845
vn -0.7917 0.5660 -0.2300
vn -0.7050 0.4369 0.5586
vn -0.6178 0.0473 0.7849
vn -0.0684 0.1691 0.9832
vn -0.0462 0.3467 0.9368
vn -0.3402 0.3681 0.8653
vn -0.3084 0.7601 0.5719
vn -0.0463 0.3468 0.9368
vn -0.2064 0.2857 0.9358
vn -0.1103 0.5101 0.8530
vn 0.0303 0.3948 0.9183
vn 0.1251 0.2681 0.9552
vn -0.0194 0.1292 0.9914
vn -0.1253 0.3473 0.9293
vn 0.1135 0.2439 0.9631
vn -0.0057 0.5665 0.8241
vn -0.0759 0.1608 0.9841
vn 0.1590 0.4456 0.8810
vn 0.0799 0.7218 0.6874
vn 0.6715 0.2626 0.6929
vn 0.1522 0.1076 0.9825
vn 0.0942 0.2438 0.9652
vn -0.1427 0.1784 0.9736
vn -0.3132 0.2460 0.9173
vn -0.3892 0.8073 0.4436
vn -0.1236 0.9895 0.0745
vn -0.1103 0.5102 0.8530
vn -0.6961 -0.0838 0.7131
vn -0.6694 -0.4806 0.5666
vn -0.1404 -0.2440 0.9596
vn -0.0887 0.2375 0.9673
vn 0.0005 -0.2906 0.9569
vn -0.0087 0.6459 0.7633
vn -0.0017 -0.1345 0.9909
vn -0.0102 -0.4797 0.8774
vn -0.0113 0.1665 0.9860
vn 0.0595 0.1521 0.9866
vn 0.0456 -0.4786 0.8769
vn 0.1094 0.3288 0.9380
vn 0.6592 -0.7334 0.1661
vn 0.0236 -0.9954 -0.0934
vn 0.1604 -0.9375 -0.3089
vn 0.9163 -0.3479 -0.1983
vn 0.7179 -0.2400 0.6535
vn 0.9721 -0.1644 0.1675
vn -0.6961 -0.0838 0.7130
vn -0.9584 -0.2430 0.1500
vn -0.1404 -0.2439 0.9596
vn -0.8167 0.3763 0.4376
vn -0.4738 -0.3804 0.7942
vn -0.1461 0.7049 0.6941
vn -0.3901 0.8230 0.4130
vn -0.7703 0.5825 0.2595
vn -0.9012 0.3672 0.2302
vn -0.3798 0.8592 0.3427
vn -0.8830 0.4420 0.1582
vn -0.5422 0.8010 0.2538
vn -0.5738 0.6975 0.4293
vn -0.1673 0.7775 0.6063
vn -0.3711 0.8986 0.2339
vn -0.0864 0.8261 0.5568
vn -0.6800 0.7284 0.0845
vn -0.0088 0.6460 0.7633
vn -0.1850 0.9288 0.3211
vn -0.2991 0.9527 0.0532
vn -0.7916 0.5660 -0.2301
vn -0.1128 0.8089 0.5770
vn -0.1606 0.8614 0.4819
vn -0.1877 0.9660 0.1776
vn -0.0854 0.9067 0.4130
vn 0.0514 0.8369 0.5450
vn 0.2308 0.8395 0.4919
vn 0.2615 0.7033 0.6611
vn -0.0064 1.0000 -0.0069
vn 0.0445 0.9586 0.2813
vn 0.8241 0.5655 0.0319
vn -0.0855 0.9956 -0.0387
vn -0.0107 0.7529 0.6580
vn 0.5845 0.7930 0.1716
vn 0.6111 0.4713 0.6360
vn 0.1784 0.8147 0.5517
vn -0.0693 0.9939 0.0856
vn 0.5162 0.7517 -0.4104
vn -0.0166 0.9571 0.2893
vn -0.0524 0.7687 0.6374
vn 0.0301 0.6135 0.7891
vn 0.1218 0.9779 0.1697
vn -0.0977 0.8865 0.4522
vn -0.0555 0.7891 -0.6117
vn -0.0296 0.9950 -0.0951
vn 0.0929 0.8686 0.4867
vn 0.0727 0.9265 0.3692
vn -0.0138 0.8087 0.5881
vn -0.1899 0.7772 0.6000
vn 0.1459 0.8960 0.4194
vn -0.5070 0.8163 -0.2769
vn -0.2658 0.7831 0.5622
vn 0.0805 0.7236 0.6855
vn -0.5810 0.7919 0.1881
vn -0.1809 0.9056 0.3836
vn 0.3451 0.8989 0.2698
vn 0.1131 0.9631 -0.2442
vn 0.1084 0.9812 0.1597
vn 0.1761 0.8125 0.5557
vn 0.2131 0.8076 0.5499
vn 0.3645 0.6776 -0.6388
vn 0.4294 0.9025 0.0324
vn 0.5136 0.7142 0.4755
vn 0.3657 0.8245 0.4317
vn 0.4678 0.8221 0.3246
vn 0.4070 0.9049 0.1247
vn 0.1095 0.3288 0.9380
vn 0.8447 0.4629 0.2687
vn 0.7230 0.6065 0.3307
vn 0.7692 0.6087 0.1945
vn 0.6604 0.7309 0.1723
vn 0.4451 0.6976 0.5615
vn 0.9131 0.3724 0.1661
vn 0.7178 -0.2401 0.6535
vn 0.9761 0.2087 0.0603
vn -0.1549 -0.2473 0.9565
vn -0.6177 0.0473 0.7850
vn 0.1277 0.2992 0.9456
vn 0.3213 0.1170 0.9397
vn 0.5267 -0.2225 0.8204
vn 0.7453 0.1765 0.6430
vn -0.5330 0.0902 0.8413
vn -0.5858 0.6153 0.5275
vn -0.0904 -0.0607 0.9941
vn -0.0392 0.6996 0.7135
vn -0.1405 -0.2440 0.9595
vn -0.0239 0.7274 0.6858
vn -0.0057 0.5665 0.8240
vn 0.0595 0.1520 0.9866
vn 0.6106 -0.2769 0.7420
vn 0.3964 0.6964 0.5982
vn -0.3083 0.7602 0.5719
vn -0.3403 0.3681 0.8653
vn -0.0462 0.3468 0.9368
vn 0.7301 0.4228 0.5369
vn -0.0064 1.0000 -0.0070
vn 0.8241 0.5655 0.0318
vn 0.5163 0.7517 -0.4104
vn 0.5845 0.7930 0.1717
vn -0.5070 0.8162 -0.2770
vn 0.1085 0.9812 0.1597
vn -0.3727 -0.0469 0.9268
vn -0.0904 -0.0606 0.9941
vn -0.5640 0.4403 0.6986
vn 0.0799 0.7218 0.6875
vn 0.2873 -0.1372 0.9480
vn 0.6715 0.2627 0.6929
vn 0.1100 -0.6795 -0.7254
vn 0.0240 -0.7235 -0.6899
vn 0.0116 -0.6515 -0.7586
vn 0.0759 -0.1746 -0.9817
vn 0.1087 -0.2719 -0.9562
vn 0.1632 -0.5992 -0.7838
vn 0.0930 -0.5160 -0.8515
vn 0.1833 -0.4696 -0.8636
vn 0.1784 -0.2160 -0.9600
vn 0.1658 -0.2691 -0.9487
vn 0.2555 -0.9486 -0.1869
vn 0.0235 -0.9954 -0.0934
vn -0.0157 -0.9412 0.3375
vn 0.4202 -0.5907 -0.6889
vn 0.1757 -0.5641 -0.8068
vn 0.6105 -0.2769 0.7420
vn 0.1910 -0.7348 -0.6508
vn 0.2264 -0.6510 -0.7245
vn 0.2523 -0.3563 -0.8997
vn 0.2753 -0.2050 -0.9392
vn 0.2658 -0.4245 -0.8655
vn 0.3129 -0.6158 -0.7231
vn 0.3442 -0.4449 -0.8268
vn 0.3626 -0.2215 -0.9052
vn 0.2300 0.5474 -0.8046
vn 0.3443 -0.7074 -0.6173
vn 0.3697 -0.3247 -0.8706
vn 0.3782 -0.5895 -0.7137
vn 0.2856 -0.5669 -0.7727
vn 0.3879 -0.7029 -0.5962
vn 0.3486 -0.6042 -0.7166
vn 0.4588 -0.1933 -0.8673
vn 0.4368 -0.5128 -0.7391
vn 0.4721 -0.2865 -0.8337
vn 0.2865 -0.8482 -0.4455
vn 0.5182 -0.6049 -0.6046
vn 0.5090 -0.4111 -0.7563
vn 0.4483 -0.4675 -0.7619
vn 0.3551 -0.8676 -0.3481
vn 0.2772 0.8224 -0.4967
vn 0.4668 -0.5971 -0.6524
vn 0.5631 -0.2121 -0.7987
vn 0.6715 -0.3989 -0.6244
vn 0.4957 -0.6917 -0.5253
vn -0.4913 -0.7010 0.5169
vn 0.6148 -0.2266 -0.7554
vn 0.5340 -0.5372 -0.6529
vn 0.5932 -0.6769 -0.4359
vn 0.5992 -0.4389 -0.6696
vn -0.1069 -0.9868 0.1219
vn 0.6536 -0.2340 -0.7198
vn 0.6254 -0.5959 -0.5038
vn 0.6007 0.3657 -0.7109
vn 0.5332 -0.6341 -0.5601
vn 0.6905 -0.3171 -0.6501
vn 0.7174 -0.1604 -0.6780
vn -0.1940 -0.9807 -0.0227
vn 0.6983 -0.3779 -0.6079
vn 0.6438 -0.6901 -0.3306
vn 0.6621 -0.6321 -0.4027
vn 0.5778 -0.7678 -0.2767
vn 0.7779 -0.1934 -0.5978
vn 0.8204 -0.5126 -0.2534
vn 0.7488 -0.4334 -0.5015
vn 0.8157 -0.1975 -0.5437
vn 0.5804 -0.6542 -0.4849
vn 0.5972 -0.7853 -0.1634
vn 0.8480 -0.1930 -0.4935
vn 0.9411 -0.3265 -0.0875
vn -0.0066 -0.9967 0.0813
vn 0.7691 -0.6172 -0.1657
vn 0.3320 0.9091 -0.2517
vn 0.8805 -0.4688 -0.0703
vn 0.6652 -0.7168 -0.2093
vn 0.7245 -0.6079 -0.3248
vn 0.7244 -0.6812 -0.1063
vn 0.8243 -0.3883 -0.4119
vn 0.6494 -0.6066 -0.4586
vn 0.7617 -0.4410 -0.4747
vn 0.7880 -0.5845 -0.1935
vn 0.4076 0.8887 -0.2100
vn 0.8968 -0.3300 -0.2949
vn 0.9043 -0.2055 -0.3742
vn 0.7865 -0.4745 -0.3954
vn 0.8794 -0.4537 -0.1442
vn 0.8051 -0.5055 -0.3105
vn 0.8065 -0.4641 -0.3663
vn 0.9446 -0.2390 -0.2249
vn 0.4212 0.8870 -0.1893
vn 0.8414 -0.4508 -0.2981
vn 0.8920 -0.3504 -0.2856
vn 0.9062 -0.3932 -0.1557
vn 0.8568 -0.4806 -0.1868
vn 0.4012 0.9131 -0.0726
vn 0.7870 0.6012 -0.1388
vn 0.9481 -0.3043 -0.0921
vn -0.1139 0.4938 0.8620
vn 0.2873 -0.1373 0.9480
vn -0.3727 -0.0469 0.9267
vn -0.0583 0.6723 0.7380
vn -0.1285 0.6922 0.7102
vn 0.0941 0.2438 0.9653
vn -0.4356 0.5116 0.7406
vn -0.2442 0.7037 0.6672
vn -0.2169 0.5503 0.8063
vn -0.7159 0.2277 0.6600
vn -0.8874 0.1771 0.4255
vn -0.5844 -0.2888 0.7583
vn -0.2261 0.1714 0.9589
vn -0.1539 -0.0060 0.9881
vn 0.0158 -0.4129 0.9107
vn -0.2043 0.6686 0.7150
vn 0.1056 0.8325 0.5438
vn -0.1358 0.4910 0.8605
vn -0.2242 0.4773 0.8497
vn -0.2361 0.3164 0.9188
vn 0.4670 -0.1524 0.8710
vn 0.4340 0.3264 0.8397
vn 0.0671 0.3491 0.9347
vn -0.0974 0.9484 0.3018
vn -0.3279 0.5330 0.7800
vn -0.2168 0.8843 0.4135
vn -0.3484 0.6450 0.6801
vn -0.3338 0.2768 0.9011
vn -0.4134 0.3312 0.8482
vn -0.3257 0.5187 0.7905
vn -0.4564 0.4743 0.7528
vn -0.4423 0.3265 0.8353
vn -0.2900 0.8262 0.4830
vn -0.4584 0.6167 0.6400
vn -0.5259 0.2799 0.8032
vn -0.5383 0.3532 0.7652
vn -0.6384 0.2700 0.7208
vn -0.5859 0.3882 0.7113
vn 0.1483 -0.9387 -0.3113
vn 0.3935 -0.8848 -0.2494
vn 0.7068 -0.6816 -0.1894
vn 0.1958 -0.7084 -0.6781
vn 0.6044 -0.6862 -0.4048
vn 0.7718 -0.5076 -0.3830
vn 0.3162 -0.7931 -0.5205
vn 0.5292 -0.6037 -0.5963
vn 0.7550 -0.6140 -0.2300
vn 0.8372 -0.5167 -0.1791
vn 0.7920 -0.5423 -0.2805
vn 0.9845 -0.1625 -0.0659
vn 0.9004 -0.3657 -0.2358
vn 0.8945 0.0483 -0.4444
vn 0.3182 -0.0168 -0.9479
vn 0.8843 -0.2876 -0.3677
vn 0.4294 0.9025 0.0325
vn 0.9447 0.3279 -0.0060
vn 0.9951 -0.0159 -0.0971
vn 0.9820 -0.1602 -0.0999
vn 0.7231 0.6064 0.3307
vn 0.8447 0.4629 0.2686
vn 0.9795 0.1684 0.1103
vn 0.9868 -0.1391 -0.0829
vn 0.7693 0.6086 0.1945
vn 0.9881 0.1538 0.0058
vn 0.6604 0.7308 0.1723
vn 0.4453 -0.5583 -0.7001
vn 0.9661 -0.0833 -0.2445
vn 0.9724 0.2323 0.0215
vn 0.5136 0.7142 0.4754
vn 0.9926 -0.1145 -0.0404
vn 0.4452 0.6976 0.5615
vn -0.8875 0.1771 0.4255
vn -0.5845 -0.2888 0.7583
vn -0.4357 0.5116 0.7406
vn -0.2262 0.1714 0.9589
vn -0.2043 0.6687 0.7149
vn 0.9264 -0.3756 0.0254
vn -0.4749 -0.8746 0.0976
vn -0.7068 -0.7070 -0.0259
vn 0.9450 -0.2988 0.1329
vn -0.6758 -0.7272 -0.1205
vn 0.8365 -0.5214 -0.1687
vn 0.6210 -0.7834 0.0235
vn -0.5649 -0.8052 -0.1801
vn 0.9304 -0.2898 0.2247
vn 0.5356 -0.8354 -0.1238
vn 0.9068 -0.2407 0.3462
vn 0.7818 -0.5771 -0.2361
vn 0.8771 -0.3268 -0.3521
vn 0.4445 -0.8811 -0.1613
vn 0.8197 -0.4325 0.3757
vn -0.7849 -0.4760 -0.3967
vn 0.5388 -0.7747 0.3309
vn -0.4995 -0.8383 0.2185
vn 0.8334 -0.2610 -0.4871
vn 0.8297 -0.1500 0.5377
vn 0.5868 -0.7056 0.3971
vn 0.7366 -0.2350 0.6341
vn -0.6789 -0.4612 -0.5713
vn 0.4501 -0.7841 0.4272
vn -0.2201 -0.9132 -0.3429
vn 0.6054 -0.4319 0.6686
vn 0.5276 -0.1816 0.8298
vn 0.2813 -0.8646 0.4164
vn 0.5134 -0.2446 0.8225
vn -0.2728 -0.8315 -0.4840
vn 0.3912 -0.5625 0.7284
vn 0.3109 -0.2435 0.9187
vn 0.1154 -0.8926 0.4358
vn 0.2249 -0.4104 0.8838
vn 0.1582 -0.6460 0.7467
vn 0.1071 -0.2580 0.9602
vn -0.0686 -0.6878 -0.7227
vn 0.2478 -0.9469 -0.2048
vn -0.4995 -0.8383 0.2186
vn 0.7715 -0.0944 -0.6292
vn 0.7098 -0.2062 -0.6735
vn -0.4471 -0.7612 0.4697
vn 0.5974 -0.1686 -0.7840
vn 0.3024 -0.8486 -0.4342
vn 0.3881 -0.1511 -0.9092
vn -0.1693 -0.9286 0.3303
vn 0.2535 -0.1660 -0.9530
vn -0.1497 -0.7656 0.6257
vn 0.1005 -0.2274 -0.9686
vn -0.1035 -0.4909 0.8650
vn 0.0362 -0.7794 -0.6255
vn -0.0145 -0.5601 -0.8283
vn -0.0253 -0.1137 -0.9932
vn -0.0799 -0.6119 -0.7869
vn -0.0570 -0.5169 -0.8541
vn -0.1480 -0.2018 -0.9682
vn -0.1680 -0.6821 -0.7117
vn 0.1909 -0.6152 0.7649
vn -0.3011 -0.2653 -0.9159
vn 0.2638 -0.7581 0.5965
vn -0.4120 -0.1973 -0.8896
vn 0.0021 -0.9986 -0.0525
vn -0.5379 -0.1654 -0.8266
vn 0.1048 -0.9797 0.1711
vn -0.6505 -0.1075 -0.7518
vn -0.7283 -0.2896 -0.6211
vn -0.7675 -0.3650 -0.5269
vn 0.4794 -0.8246 0.3004
vn -0.8781 -0.2074 -0.4313
vn -0.0062 -0.6669 0.7452
vn -0.0369 -0.4046 0.9138
vn -0.1474 -0.0958 0.9844
vn -0.4091 -0.2627 0.8739
vn 0.1911 -0.7347 -0.6509
vn 0.3442 -0.7074 -0.6173
vn -0.4393 -0.2585 0.8604
vn -0.5436 -0.2612 0.7977
vn -0.6390 -0.2460 0.7288
vn -0.4912 -0.7010 0.5169
vn -0.1069 -0.9868 0.1220
vn -0.4913 -0.7011 0.5169
vn -0.8781 -0.2074 -0.4312
vn -0.6912 -0.6477 -0.3205
vn 0.4795 -0.8245 0.3005
vn -0.5964 -0.7651 0.2429
vn -0.4697 -0.8396 -0.2728
vn -0.5112 -0.8388 -0.1872
vn -0.9014 -0.2489 -0.3543
vn -0.9076 -0.2905 0.3029
vn 0.5778 -0.7679 -0.2767
vn 0.6141 -0.7785 0.1296
vn -0.9351 -0.3063 -0.1783
vn -0.6651 -0.7250 0.1792
vn 0.5971 -0.7853 -0.1633
vn -0.9469 -0.2898 0.1392
vn -0.3162 -0.9486 -0.0150
vn -0.4964 -0.8633 -0.0911
vn -0.0067 -0.9967 0.0812
vn -0.9695 -0.2448 -0.0099
vn -0.5792 -0.8151 0.0140
vn -0.7282 -0.2897 -0.6211
vn 0.5796 -0.5846 0.5677
vn 0.1047 -0.9797 0.1711
vn 0.4794 -0.8245 0.3006
vn -0.8482 -0.5254 -0.0670
vn -0.8485 -0.5189 0.1038
vn -0.4126 0.9031 -0.1188
vn -0.9463 0.2117 0.2444
vn -0.9272 -0.3746 0.0095
vn -0.9388 -0.3239 0.1173
vn -0.8548 -0.4646 0.2311
vn -0.9798 -0.1758 0.0953
vn -0.9610 -0.1987 0.1924
vn -0.9351 -0.2675 0.2323
vn -0.8091 -0.4825 0.3355
vn -0.9133 -0.3806 0.1451
vn -0.8437 -0.5368 -0.0086
vn -0.9248 -0.2088 0.3180
vn -0.8630 -0.3400 0.3737
vn -0.2609 0.9601 0.1003
vn -0.6230 0.7150 0.3173
vn -0.7802 -0.6135 0.1224
vn -0.8194 -0.5125 0.2569
vn -0.8824 -0.3223 0.3428
vn -0.8833 -0.1818 0.4321
vn -0.8122 -0.3570 0.4615
vn -0.6799 -0.6237 0.3857
vn -0.7343 -0.6788 -0.0011
vn -0.6948 -0.6918 0.1964
vn -0.6790 -0.7265 0.1055
vn -0.7335 -0.5500 0.3993
vn -0.7811 0.3718 0.5017
vn -0.8307 -0.2924 0.4738
vn -0.5844 -0.6895 0.4279
vn -0.8175 -0.1755 0.5486
vn -0.7252 -0.4138 0.5503
vn -0.8184 -0.5590 0.1332
vn -0.6642 -0.6895 0.2887
vn -0.6845 0.4417 0.5800
vn -0.8523 -0.5224 0.0262
vn -0.7067 -0.7071 -0.0258
vn -0.8310 -0.4979 0.2481
vn -0.8127 -0.5756 -0.0905
vn -0.7548 -0.3431 0.5591
vn 0.8365 -0.5213 -0.1688
vn -0.7374 -0.1823 0.6503
vn -0.6067 -0.7034 0.3703
vn -0.5786 -0.6049 0.5471
vn 0.7818 -0.5772 -0.2360
vn -0.7307 -0.5931 0.3380
vn -0.6491 -0.5605 0.5143
vn -0.6118 -0.6778 0.4078
vn -0.6531 -0.3636 0.6642
vn -0.6729 -0.3276 0.6633
vn -0.5541 -0.5370 0.6360
vn -0.7504 -0.4325 0.4999
vn 0.2479 -0.9469 -0.2047
vn -0.4952 -0.7400 0.4551
vn -0.6576 -0.1864 0.7299
vn -0.5420 -0.5759 0.6120
vn -0.5160 0.4980 0.6969
vn -0.6207 -0.5781 0.5297
vn -0.7321 -0.2914 0.6158
vn -0.5575 -0.3528 0.7515
vn -0.5660 -0.3698 0.7368
vn -0.4594 -0.6256 0.6305
vn -0.5897 -0.5397 0.6009
vn -0.4445 -0.6049 0.6607
vn -0.4575 -0.7178 0.5248
vn -0.5648 -0.1632 0.8089
vn -0.4115 -0.4675 0.7823
vn -0.2875 0.8109 0.5098
vn -0.4555 -0.5902 0.6665
vn -0.4993 -0.2517 0.8291
vn -0.4692 -0.1887 0.8627
vn -0.4551 -0.3838 0.8035
vn -0.2875 0.7064 0.6468
vn -0.4899 -0.4036 0.7727
vn -0.3746 -0.1861 0.9083
vn -0.3472 -0.5470 0.7618
vn -0.3268 -0.6899 0.6460
vn -0.3317 -0.3154 0.8891
vn -0.2927 -0.3984 0.8693
vn -0.2742 -0.5930 0.7571
vn -0.3972 -0.5445 0.7387
vn -0.2444 -0.6157 0.7491
vn -0.2557 -0.5765 0.7761
vn -0.2475 -0.2295 0.9413
vn -0.1694 -0.9286 0.3303
vn -0.2790 -0.1464 0.9491
vn -0.2322 -0.4628 0.8555
vn -0.1869 -0.4559 0.8702
vn -0.1496 -0.7656 0.6257
vn -0.1772 -0.5857 0.7910
vn -0.1485 -0.6803 0.7178
vn -0.1822 -0.1573 0.9706
vn -0.1541 0.5903 0.7923
vn -0.1486 -0.2489 0.9570
vn -0.1713 -0.4928 0.8531
vn -0.1321 -0.5919 0.7951
vn -0.0843 -0.4120 0.9073
vn -0.0600 -0.6828 0.7282
vn -0.0341 0.9407 0.3376
vn -0.0277 -0.5236 0.8515
vn -0.1081 -0.2507 0.9620
vn -0.0927 -0.4807 0.8720
vn -0.0171 -0.3300 0.9438
vn 0.0168 -0.1998 0.9797
vn 0.0026 -0.3555 0.9347
vn 0.0545 -0.3589 0.9318
vn -0.0146 -0.5601 -0.8283
vn 0.0436 -0.5804 0.8132
vn -0.0231 0.2472 0.9687
vn 0.0652 -0.6949 0.7161
vn 0.1130 -0.4984 0.8596
vn 0.0918 -0.3355 0.9376
vn 0.0511 -0.3048 0.9510
vn 0.1107 -0.3233 0.9398
vn 0.1202 -0.1988 0.9727
vn 0.1333 -0.5795 0.8040
vn 0.1761 -0.6909 0.7012
vn 0.1910 -0.6153 0.7648
vn -0.0570 -0.5169 -0.8542
vn 0.1130 -0.4983 0.8596
vn 0.1801 0.2945 0.9385
vn 0.2106 -0.5403 0.8147
vn 0.1990 -0.2828 0.9383
vn 0.0914 -0.3353 0.9377
vn 0.2264 -0.2318 0.9461
vn 0.2026 -0.3596 0.9108
vn 0.2206 -0.5983 0.7703
vn 0.2732 -0.3952 0.8771
vn 0.2888 -0.5728 0.7671
vn 0.2638 -0.7581 0.5964
vn 0.3347 -0.2322 0.9133
vn 0.3270 -0.3383 0.8824
vn 0.3231 -0.6767 0.6616
vn 0.3058 -0.5194 0.7979
vn 0.4328 -0.5617 0.7051
vn 0.3874 -0.3101 0.8682
vn 0.0022 -0.9986 -0.0525
vn 0.4121 -0.3372 0.8464
vn 0.4144 -0.4809 0.7727
vn 0.4132 -0.5606 0.7177
vn 0.4529 -0.1684 0.8755
vn 0.2639 0.7593 0.5948
vn 0.4482 -0.6755 0.5855
vn 0.4615 -0.5466 0.6987
vn 0.5203 -0.2779 0.8075
vn 0.5385 -0.1654 0.8262
vn 0.5365 -0.5876 0.6056
vn 0.4485 -0.5677 0.6903
vn 0.5741 -0.4340 0.6943
vn 0.5470 -0.6190 0.5635
vn 0.4805 0.5321 0.6972
vn 0.4986 -0.5797 0.6445
vn 0.6125 -0.1951 0.7660
vn 0.5796 -0.5845 0.5678
vn 0.6165 -0.6051 0.5038
vn 0.5912 -0.3166 0.7418
vn 0.6731 -0.3165 0.6684
vn 0.6988 -0.1863 0.6907
vn 0.4044 0.7857 0.4680
vn 0.7371 -0.5444 0.4004
vn 0.7000 -0.4489 0.5554
vn 0.5901 -0.6777 0.4388
vn 0.5415 -0.6340 0.5521
vn 0.5642 -0.7503 0.3446
vn 0.8531 -0.3351 0.3998
vn -0.6912 -0.6476 -0.3205
vn 0.7652 -0.2358 0.5991
vn 0.5755 -0.5700 0.5865
vn 0.6782 -0.6644 0.3141
vn 0.6748 -0.6460 0.3569
vn 0.7427 -0.3634 0.5625
vn 0.7740 -0.5878 0.2354
vn 0.6673 -0.5526 0.4994
vn 0.5867 0.6307 0.5079
vn 0.7921 -0.3654 0.4890
vn 0.8184 -0.5702 0.0713
vn 0.8433 -0.1924 0.5019
vn 0.7148 -0.6522 0.2523
vn 0.9412 -0.3264 -0.0875
vn 0.8805 -0.4688 -0.0702
vn 0.6941 -0.7196 -0.0189
vn 0.7244 -0.6811 -0.1063
vn 0.8243 -0.4649 0.3231
vn 0.6484 -0.6434 0.4069
vn 0.7206 -0.6816 0.1275
vn 0.7968 -0.4033 0.4499
vn 0.7508 -0.6599 -0.0298
vn 0.8871 -0.2315 0.3994
vn 0.8520 -0.4855 0.1960
vn 0.8352 -0.5416 0.0949
vn 0.9125 -0.1627 0.3752
vn 0.3508 0.9133 0.2071
vn 0.6986 -0.6302 0.3388
vn 0.9269 -0.2617 0.2691
vn 0.7501 -0.5836 0.3110
vn 0.5811 0.7697 0.2644
vn 0.9357 -0.1704 0.3090
vn 0.8868 -0.4621 -0.0105
vn 0.9495 -0.2851 0.1314
vn 0.8938 -0.3672 0.2574
vn 0.9631 -0.1843 0.1964
vn 0.5509 -0.8088 0.2059
vn 0.9702 -0.2324 -0.0680
vn 0.9107 -0.2632 0.3184
vn 0.9762 -0.2081 0.0616
vn 0.9446 -0.2391 -0.2248
vn 0.9692 -0.2309 -0.0860
vn 0.7072 -0.6898 0.1551
vn 0.9022 -0.4310 -0.0158
vn 0.9072 -0.3951 0.1443
vn 0.0866 0.9961 0.0148
vn 0.9093 -0.4055 0.0937
vn 0.3235 0.9459 0.0231
vn 0.4048 0.9132 -0.0474
vn 0.9000 0.4087 -0.1514
vn 0.9486 0.3149 0.0323
vn 0.8833 0.4378 0.1679
vn 0.3280 0.9401 0.0933
vn 0.9367 0.3500 0.0062
vn 0.9429 0.3114 0.1183
vn 0.9519 0.2953 -0.0821
vn 0.8650 0.4017 -0.3007
vn 0.9117 0.3640 -0.1904
vn 0.9330 0.2679 -0.2402
vn 0.9326 0.2595 0.2509
vn 0.8169 0.5107 0.2682
vn 0.8364 0.5458 0.0506
vn 0.9116 0.3090 0.2711
vn 0.4491 0.8749 -0.1813
vn 0.8670 0.4909 -0.0854
vn 0.8619 0.4881 0.1374
vn 0.8783 0.3626 -0.3115
vn 0.8711 0.2784 0.4046
vn 0.8162 0.4312 -0.3846
vn 0.7448 0.6645 -0.0614
vn 0.8094 0.5392 0.2325
vn 0.8638 0.2588 -0.4323
vn 0.7338 0.5709 0.3682
vn 0.7078 0.6940 0.1315
vn 0.8167 0.5393 -0.2054
vn 0.8108 0.4573 0.3654
vn 0.7583 0.5748 -0.3074
vn 0.8198 0.3964 -0.4134
vn 0.7595 0.4254 0.4921
vn 0.2426 0.9581 0.1521
vn 0.7166 0.6480 0.2580
vn 0.8092 0.3609 0.4636
vn 0.6179 0.7854 0.0384
vn 0.6539 0.7360 -0.1755
vn 0.7840 0.2920 0.5478
vn 0.3430 0.9379 -0.0518
vn 0.6948 0.6322 0.3429
vn 0.7855 0.3319 -0.5224
vn 0.3721 0.8798 0.2956
vn 0.2059 0.9761 0.0689
vn 0.3600 0.9240 0.1293
vn 0.7320 0.5269 -0.4319
vn 0.1994 0.9781 -0.0596
vn 0.6125 0.7189 -0.3287
vn 0.7034 0.5286 0.4752
vn 0.7230 0.3028 -0.6210
vn 0.7416 0.2697 0.6143
vn 0.4508 0.8571 0.2493
vn 0.6352 0.5573 -0.5346
vn 0.5667 0.6659 0.4852
vn 0.5922 0.6610 -0.4609
vn 0.6775 0.4180 0.6052
vn 0.6841 0.4702 -0.5576
vn 0.6879 0.2682 0.6745
vn 0.6565 0.3242 -0.6811
vn 0.6314 0.3834 0.6740
vn 0.2676 0.9206 0.2844
vn 0.5869 0.5813 0.5635
vn 0.6324 0.4020 -0.6622
vn 0.3945 0.8749 -0.2808
vn 0.4438 0.7755 -0.4490
vn 0.5659 0.6228 -0.5403
vn 0.5933 0.3376 -0.7308
vn 0.4801 0.7173 0.5050
vn 0.2493 0.9485 0.1955
vn 0.4935 0.5420 0.6802
vn 0.5316 0.4999 -0.6838
vn 0.5116 0.5324 -0.6744
vn 0.4291 0.7568 -0.4930
vn 0.5094 0.2535 -0.8223
vn 0.3590 0.7766 -0.5176
vn 0.5031 0.3489 -0.7907
vn 0.4344 0.4413 -0.7852
vn 0.2128 0.8775 -0.4298
vn 0.2169 0.9106 -0.3517
vn 0.3673 0.6420 -0.6730
vn 0.4081 0.4744 -0.7800
vn 0.3954 0.2791 -0.8751
vn 0.3374 0.4104 -0.8472
vn 0.2125 0.8684 -0.4480
vn 0.2770 0.6175 -0.7362
vn 0.1240 0.9235 -0.3629
vn 0.3010 0.4031 -0.8643
vn 0.2400 0.3025 -0.9224
vn 0.2271 0.5142 -0.8271
vn 0.1869 0.4837 -0.8550
vn 0.1301 0.6980 -0.7042
vn 0.1484 0.4220 -0.8944
vn 0.1319 0.3713 -0.9191
vn 0.1124 0.2710 -0.9560
vn 0.0555 0.9683 -0.2437
vn 0.0334 0.9709 -0.2370
vn 0.0540 0.5594 -0.8272
vn 0.0277 0.5418 -0.8401
vn 0.0314 0.7619 -0.6470
vn 0.0055 0.9201 -0.3917
vn 0.0233 0.3450 -0.9383
vn 0.0053 0.2457 -0.9693
vn -0.0572 0.4911 -0.8692
vn -0.0544 0.6863 -0.7252
vn -0.1039 0.2867 -0.9524
vn -0.0586 0.7994 -0.5980
vn -0.0484 0.3143 -0.9481
vn -0.0189 0.9588 -0.2834
vn -0.0904 0.8846 -0.4576
vn -0.1589 0.6138 -0.7733
vn -0.1634 0.3154 -0.9348
vn -0.1937 0.4254 -0.8840
vn -0.2174 0.7104 -0.6694
vn -0.2440 0.2972 -0.9231
vn -0.2981 0.5019 -0.8119
vn -0.1771 0.9008 -0.3965
vn -0.2237 0.4419 -0.8688
vn -0.1435 0.8389 -0.5250
vn -0.3352 0.4357 -0.8354
vn -0.3778 0.3270 -0.8662
vn -0.3432 0.6746 -0.6536
vn -0.0972 0.9756 -0.1971
vn -0.4423 0.4086 -0.7984
vn -0.4637 0.2959 -0.8351
vn -0.3430 0.7235 -0.5991
vn -0.3731 0.7388 -0.5613
vn -0.5620 0.3112 -0.7664
vn -0.5355 0.4980 -0.6821
vn -0.5015 0.6761 -0.5398
vn -0.1462 0.9705 -0.1918
vn -0.6450 0.5014 -0.5767
vn -0.6567 0.3191 -0.6833
vn -0.6523 0.2850 -0.7024
vn -0.5660 0.6793 -0.4672
vn -0.2651 0.9429 -0.2017
vn -0.6935 0.5702 -0.4403
vn -0.5434 0.6549 -0.5251
vn -0.7308 0.2853 -0.6201
vn -0.7536 0.3114 -0.5789
vn -0.7816 0.4064 -0.4733
vn -0.6973 0.6474 -0.3078
vn -0.6644 0.5548 -0.5008
vn -0.8220 0.4463 -0.3537
vn -0.8083 0.2865 -0.5144
vn -0.8573 0.3040 -0.4155
vn -0.7922 0.4103 -0.4517
vn -0.3485 0.6450 0.6801
vn -0.4584 0.6167 0.6399
vn -0.5091 0.7225 0.4679
vn -0.2901 0.8262 0.4829
vn -0.5382 0.3532 0.7652
vn -0.4732 0.6482 0.5966
vn -0.5459 0.5828 0.6019
vn -0.6366 0.5176 0.5717
vn -0.5123 0.6799 0.5246
vn -0.6997 0.2985 0.6491
vn -0.5848 0.7114 0.3897
vn -0.2253 0.9590 0.1721
vn -0.6710 0.5776 0.4649
vn -0.7401 0.3719 0.5603
vn -0.7016 0.3503 0.6206
vn -0.7221 0.5975 0.3488
vn -0.7840 0.2788 0.5547
vn -0.3589 0.8864 0.2925
vn -0.6579 0.7148 0.2370
vn -0.8023 0.3804 0.4600
vn -0.7345 0.4879 0.4717
vn -0.7956 0.5798 0.1757
vn -0.5858 0.8038 0.1038
vn -0.8063 0.5249 0.2728
vn -0.7918 0.5778 -0.1979
vn -0.7816 0.4064 -0.4732
vn -0.8220 0.4462 -0.3537
vn -0.8473 0.2854 0.4480
vn -0.7217 0.6911 0.0389
vn -0.6535 0.7531 -0.0755
vn -0.8522 0.3704 0.3696
vn -0.8224 0.5670 -0.0471
vn -0.3033 0.9347 0.1855
vn -0.8905 0.3786 -0.2523
vn -0.8187 0.4469 -0.3606
vn -0.7557 0.5410 0.3691
vn -0.9125 0.3910 -0.1202
vn -0.8998 0.3598 0.2467
vn -0.8906 0.2944 0.3467
vn -0.9000 0.2870 -0.3281
vn -0.8492 0.5173 0.1063
vn -0.9312 0.3643 -0.0111
vn -0.8306 0.4909 -0.2630
vn -0.7038 0.6609 0.2606
vn -0.9461 0.2982 0.1266
vn -0.9319 0.3357 0.1372
vn -0.9432 0.2646 -0.2006
vn -0.8652 0.4367 0.2463
vn -0.9435 0.3196 -0.0872
vn -0.8529 0.4861 -0.1905
vn -0.4010 0.9100 -0.1053
vn -0.3829 0.9164 0.1164
vn -0.9641 0.2622 0.0410
vn -0.7716 0.6355 0.0269
vn -0.5275 0.8461 0.0765
vn -0.6837 0.7271 -0.0628
vt 0.293265 0.897784
vt 0.283166 0.873092
vt 0.288647 0.898340
vt 0.277680 0.885540
vt 0.284214 0.919452
vt 0.270560 0.905399
vt 0.289887 0.918655
vt 0.259039 0.886583
vt 0.243271 0.898081
vt 0.254845 0.923993
vt 0.261517 0.862964
vt 0.271734 0.854120
vt 0.282103 0.851933
vt 0.273630 0.835132
vt 0.235440 0.931366
vt 0.276005 0.823060
vt 0.239693 0.863538
vt 0.265765 0.829559
vt 0.257545 0.836252
vt 0.266938 0.811764
vt 0.216414 0.901632
vt 0.264932 0.795483
vt 0.222238 0.877294
vt 0.212784 0.932412
vt 0.237418 0.812510
vt 0.259549 0.809415
vt 0.216150 0.841863
vt 0.225584 0.827500
vt 0.252186 0.791105
vt 0.201151 0.860968
vt 0.255821 0.760260
vt 0.253432 0.770599
vt 0.199252 0.909149
vt 0.209017 0.809328
vt 0.228501 0.782098
vt 0.201485 0.942319
vt 0.193678 0.880528
vt 0.195513 0.841009
vt 0.197354 0.818880
vt 0.217271 0.794952
vt 0.186571 0.891920
vt 0.193746 0.921209
vt 0.241871 0.763989
vt 0.246809 0.753753
vt 0.182260 0.869228
vt 0.187491 0.853552
vt 0.242710 0.734761
vt 0.177273 0.849478
vt 0.207245 0.776491
vt 0.198651 0.791652
vt 0.234996 0.738782
vt 0.178264 0.819733
vt 0.172909 0.847441
vt 0.174540 0.830064
vt 0.168519 0.825680
vt 0.209642 0.755588
vt 0.227394 0.742740
vt 0.180026 0.800527
vt 0.187941 0.765943
vt 0.231996 0.718744
vt 0.164186 0.807723
vt 0.234450 0.712275
vt 0.193464 0.740611
vt 0.212581 0.722826
vt 0.164762 0.784996
vt 0.170518 0.767051
vt 0.219130 0.705979
vt 0.221862 0.694819
vt 0.154320 0.786544
vt 0.177966 0.741590
vt 0.205235 0.694940
vt 0.183368 0.715269
vt 0.149517 0.753504
vt 0.163673 0.720195
vt 0.206801 0.673448
vt 0.144269 0.765076
vt 0.157797 0.745871
vt 0.212252 0.672423
vt 0.187240 0.684959
vt 0.197767 0.670168
vt 0.148968 0.717545
vt 0.128965 0.733993
vt 0.165527 0.687026
vt 0.199801 0.651865
vt 0.137555 0.728410
vt 0.146622 0.695884
vt 0.190339 0.646638
vt 0.174313 0.661420
vt 0.186202 0.651531
vt 0.128137 0.699055
vt 0.149192 0.669728
vt 0.186666 0.632606
vt 0.124698 0.714450
vt 0.157263 0.638855
vt 0.172521 0.630467
vt 0.131643 0.676423
vt 0.176018 0.622234
vt 0.111643 0.711882
vt 0.112354 0.707491
vt 0.111497 0.692520
vt 0.115667 0.674419
vt 0.133420 0.656283
vt 0.096019 0.685789
vt 0.133568 0.636081
vt 0.159474 0.615965
vt 0.183175 0.581958
vt 0.179303 0.601285
vt 0.193474 0.580763
vt 0.166122 0.612362
vt 0.171550 0.607648
vt 0.170974 0.604452
vt 0.172384 0.591166
vt 0.205560 0.567919
vt 0.219019 0.543473
vt 0.201838 0.554359
vt 0.235703 0.519798
vt 0.217889 0.530924
vt 0.266693 0.474846
vt 0.279411 0.455157
vt 0.265684 0.457893
vt 0.142322 0.610731
vt 0.154670 0.603987
vt 0.274969 0.440341
vt 0.285872 0.440403
vt 0.116170 0.648927
vt 0.163007 0.597047
vt 0.249686 0.496164
vt 0.242794 0.487688
vt 0.092647 0.669917
vt 0.225497 0.508162
vt 0.289020 0.430652
vt 0.280084 0.433369
vt 0.159172 0.579371
vt 0.091444 0.654643
vt 0.114234 0.630837
vt 0.170225 0.565958
vt 0.192780 0.542613
vt 0.232054 0.487428
vt 0.270733 0.427297
vt 0.278136 0.419925
vt 0.293265 0.423743
vt 0.099395 0.640519
vt 0.208612 0.517413
vt 0.245163 0.457805
vt 0.262169 0.444268
vt 0.287126 0.413182
vt 0.124580 0.616562
vt 0.149785 0.585342
vt 0.265631 0.431831
vt 0.215390 0.489496
vt 0.141653 0.589414
vt 0.255173 0.434425
vt 0.079241 0.669368
vt 0.075451 0.661000
vt 0.079952 0.654955
vt 0.140349 0.568876
vt 0.187807 0.522888
vt 0.232029 0.463914
vt 0.266965 0.406982
vt 0.259545 0.421456
vt 0.162990 0.542350
vt 0.276139 0.401428
vt 0.124228 0.589147
vt 0.148619 0.560092
vt 0.188200 0.507317
vt 0.240525 0.441039
vt 0.106690 0.604465
vt 0.099364 0.617137
vt 0.127106 0.571531
vt 0.202309 0.487543
vt 0.220409 0.458673
vt 0.249284 0.423443
vt 0.058260 0.651472
vt 0.260154 0.404412
vt 0.267246 0.396003
vt 0.270955 0.391213
vt 0.137476 0.552627
vt 0.144319 0.542338
vt 0.162731 0.523495
vt 0.130330 0.562868
vt 0.260735 0.542234
vt 0.251247 0.556346
vt 0.255318 0.528069
vt 0.262509 0.518257
vt 0.262065 0.505329
vt 0.273805 0.493530
vt 0.272929 0.480585
vt 0.288539 0.463299
vt 0.283147 0.455729
vt 0.252063 0.578335
vt 0.276158 0.508963
vt 0.258578 0.582656
vt 0.250983 0.609104
vt 0.303019 0.431123
vt 0.258080 0.615045
vt 0.318042 0.425279
vt 0.256358 0.640273
vt 0.319677 0.410581
vt 0.263805 0.590968
vt 0.265394 0.621334
vt 0.334827 0.399903
vt 0.336971 0.390974
vt 0.265624 0.645953
vt 0.351867 0.387937
vt 0.267507 0.676076
vt 0.343772 0.410682
vt 0.351884 0.380270
vt 0.271618 0.672300
vt 0.362196 0.393341
vt 0.274178 0.650626
vt 0.281718 0.681244
vt 0.373359 0.369617
vt 0.377425 0.377875
vt 0.288230 0.707721
vt 0.278065 0.704108
vt 0.290510 0.724199
vt 0.393135 0.364618
vt 0.399633 0.354430
vt 0.413953 0.356948
vt 0.402156 0.370652
vt 0.309656 0.745136
vt 0.301772 0.743438
vt 0.304322 0.721378
vt 0.418400 0.348437
vt 0.318264 0.743611
vt 0.427877 0.364299
vt 0.317570 0.760563
vt 0.435148 0.354010
vt 0.441414 0.343242
vt 0.330714 0.767234
vt 0.336521 0.760030
vt 0.334791 0.776190
vt 0.463257 0.348895
vt 0.469292 0.341004
vt 0.350777 0.780056
vt 0.352954 0.789065
vt 0.492683 0.349622
vt 0.370316 0.797071
vt 0.492595 0.342147
vt 0.372858 0.786097
vt 0.514013 0.346404
vt 0.525359 0.355033
vt 0.533518 0.350945
vt 0.546633 0.358750
vt 0.560300 0.372737
vt 0.547621 0.352850
vt 0.563191 0.363487
vt 0.514112 0.791392
vt 0.516880 0.783325
vt 0.519180 0.789738
vt 0.514972 0.797071
vt 0.520328 0.795450
vt 0.530511 0.790496
vt 0.530050 0.783668
vt 0.532138 0.796105
vt 0.584134 0.378257
vt 0.585275 0.386086
vt 0.550204 0.788978
vt 0.546625 0.794789
vt 0.603329 0.397391
vt 0.555560 0.781887
vt 0.543024 0.782947
vt 0.604181 0.389394
vt 0.561096 0.791876
vt 0.618144 0.405843
vt 0.571633 0.780619
vt 0.621552 0.416761
vt 0.615551 0.419544
vt 0.575067 0.787837
vt 0.635707 0.436973
vt 0.635259 0.450647
vt 0.586824 0.778230
vt 0.588265 0.768822
vt 0.635366 0.426846
vt 0.585249 0.784793
vt 0.597004 0.768816
vt 0.601012 0.773066
vt 0.606160 0.755622
vt 0.648565 0.459532
vt 0.651196 0.454950
vt 0.649377 0.474209
vt 0.614077 0.758472
vt 0.658459 0.480914
vt 0.616145 0.762121
vt 0.622974 0.744657
vt 0.659277 0.498374
vt 0.663808 0.478072
vt 0.629617 0.746895
vt 0.668137 0.512719
vt 0.663758 0.520023
vt 0.670794 0.499353
vt 0.638731 0.726220
vt 0.667919 0.540048
vt 0.644600 0.728006
vt 0.675791 0.548258
vt 0.677691 0.521556
vt 0.651116 0.708383
vt 0.641699 0.712947
vt 0.650872 0.697959
vt 0.671646 0.566127
vt 0.660501 0.690373
vt 0.681715 0.544535
vt 0.679675 0.585497
vt 0.656938 0.707083
vt 0.676257 0.650119
vt 0.666246 0.668333
vt 0.670850 0.634243
vt 0.665771 0.687862
vt 0.684095 0.570005
vt 0.678328 0.628342
vt 0.676465 0.609153
vt 0.686578 0.563277
vt 0.685989 0.588486
vt 0.673496 0.669748
vt 0.683282 0.608435
vt 0.682818 0.630918
vt 0.680218 0.652609
vt 0.930638 0.464448
vt 0.914471 0.444668
vt 0.935143 0.458621
vt 0.887923 0.443685
vt 0.889521 0.433630
vt 0.869557 0.428273
vt 0.864302 0.452477
vt 0.837858 0.429293
vt 0.953034 0.484633
vt 0.957138 0.480271
vt 0.900278 0.479296
vt 0.840994 0.438153
vt 0.969861 0.499560
vt 0.817921 0.438506
vt 0.944547 0.503587
vt 0.811880 0.432426
vt 0.968921 0.512896
vt 0.910765 0.515928
vt 0.839960 0.459607
vt 0.873863 0.490580
vt 0.982889 0.525264
vt 0.786338 0.444150
vt 0.980966 0.540488
vt 0.795944 0.457352
vt 0.960464 0.551580
vt 0.882201 0.522822
vt 0.819430 0.471160
vt 0.847708 0.486718
vt 0.776687 0.458498
vt 0.933301 0.534322
vt 0.989869 0.544921
vt 0.765805 0.458000
vt 0.994193 0.562998
vt 0.853027 0.520032
vt 0.987269 0.573987
vt 0.767980 0.493434
vt 0.826499 0.518063
vt 0.792323 0.488716
vt 0.811753 0.495734
vt 0.753248 0.479848
vt 0.918691 0.559690
vt 0.997296 0.581283
vt 0.753578 0.469516
vt 0.887193 0.553635
vt 0.992500 0.595305
vt 0.969483 0.591915
vt 0.793074 0.516429
vt 0.737283 0.489109
vt 0.941423 0.582016
vt 0.997296 0.612538
vt 0.848244 0.553034
vt 0.742083 0.511840
vt 0.891845 0.586841
vt 0.806613 0.542514
vt 0.766897 0.526069
vt 0.983503 0.630094
vt 0.942651 0.614069
vt 0.919835 0.594832
vt 0.828179 0.559819
vt 0.781420 0.544565
vt 0.961650 0.626373
vt 0.722631 0.513625
vt 0.866600 0.577811
vt 0.996974 0.635240
vt 0.837110 0.586365
vt 0.911311 0.618609
vt 0.791567 0.569102
vt 0.879433 0.607513
vt 0.752624 0.552773
vt 0.725433 0.533871
vt 0.991458 0.658699
vt 0.713432 0.535846
vt 0.980987 0.656352
vt 0.852359 0.608920
vt 0.812022 0.591980
vt 0.925602 0.643730
vt 0.887300 0.630473
vt 0.955080 0.666681
vt 0.729400 0.561111
vt 0.759001 0.585283
vt 0.712211 0.561762
vt 0.987760 0.675579
vt 0.899846 0.654635
vt 0.835806 0.635656
vt 0.975915 0.690838
vt 0.866906 0.636087
vt 0.779245 0.594192
vt 0.705176 0.562827
vt 0.919613 0.669385
vt 0.948755 0.692137
vt 0.789170 0.623897
vt 0.727370 0.590463
vt 0.978904 0.698181
vt 0.768676 0.618251
vt 0.704973 0.602735
vt 0.700834 0.590077
vt 0.916307 0.702827
vt 0.879795 0.669755
vt 0.957891 0.716277
vt 0.899549 0.687113
vt 0.965840 0.722749
vt 0.859572 0.678625
vt 0.814611 0.649478
vt 0.747194 0.618173
vt 0.717679 0.616118
vt 0.881907 0.707627
vt 0.832377 0.676707
vt 0.756478 0.647514
vt 0.799493 0.667175
vt 0.777386 0.650458
vt 0.930941 0.729062
vt 0.699853 0.621338
vt 0.734431 0.638184
vt 0.707853 0.635768
vt 0.849750 0.717028
vt 0.765757 0.686102
vt 0.948665 0.745517
vt 0.917091 0.750286
vt 0.807381 0.698816
vt 0.940476 0.746070
vt 0.894877 0.737861
vt 0.738629 0.671502
vt 0.701591 0.642392
vt 0.714396 0.660032
vt 0.824179 0.722693
vt 0.929074 0.763289
vt 0.705343 0.662708
vt 0.870408 0.745732
vt 0.780116 0.713522
vt 0.900845 0.770273
vt 0.725041 0.689092
vt 0.912671 0.775226
vt 0.879614 0.775370
vt 0.712993 0.688367
vt 0.828738 0.753900
vt 0.741539 0.712890
vt 0.850215 0.759316
vt 0.805057 0.747923
vt 0.757812 0.738098
vt 0.898512 0.783056
vt 0.779794 0.755383
vt 0.858911 0.781467
vt 0.721351 0.707665
vt 0.876951 0.789885
vt 0.831146 0.779258
vt 0.734186 0.726597
vt 0.853376 0.792887
vt 0.800430 0.773078
vt 0.751840 0.750312
vt 0.832857 0.791744
vt 0.815177 0.787954
vt 0.779029 0.772480
vt 0.794438 0.780321
vt 0.405408 0.786678
vt 0.382583 0.777956
vt 0.403104 0.796641
vt 0.428407 0.798287
vt 0.423438 0.775969
vt 0.443612 0.783717
vt 0.457351 0.794897
vt 0.398029 0.768430
vt 0.378444 0.746933
vt 0.362044 0.771661
vt 0.348931 0.745306
vt 0.344809 0.758869
vt 0.481965 0.787585
vt 0.473315 0.798864
vt 0.490172 0.798170
vt 0.329919 0.746277
vt 0.475666 0.759035
vt 0.503068 0.786281
vt 0.498521 0.775109
vt 0.416511 0.744076
vt 0.323000 0.724806
vt 0.446045 0.745324
vt 0.335018 0.712352
vt 0.359006 0.724691
vt 0.516259 0.774797
vt 0.503981 0.748272
vt 0.534061 0.753274
vt 0.528693 0.774321
vt 0.389557 0.715512
vt 0.313033 0.700922
vt 0.430281 0.720965
vt 0.545796 0.754514
vt 0.376876 0.694588
vt 0.458579 0.721690
vt 0.332339 0.684732
vt 0.351883 0.692046
vt 0.407259 0.702420
vt 0.317926 0.666957
vt 0.496052 0.720935
vt 0.523415 0.734432
vt 0.303369 0.678457
vt 0.450861 0.694204
vt 0.560618 0.730865
vt 0.551029 0.718904
vt 0.299851 0.656447
vt 0.397273 0.668318
vt 0.431296 0.685485
vt 0.343849 0.654353
vt 0.373324 0.657395
vt 0.478427 0.689257
vt 0.531064 0.697017
vt 0.303967 0.633335
vt 0.501738 0.696395
vt 0.293140 0.624291
vt 0.572548 0.696849
vt 0.327110 0.632427
vt 0.557616 0.686661
vt 0.575197 0.709820
vt 0.447293 0.657225
vt 0.396539 0.633738
vt 0.413112 0.651748
vt 0.480858 0.663384
vt 0.508671 0.667947
vt 0.315673 0.611611
vt 0.357488 0.620679
vt 0.379611 0.617084
vt 0.299189 0.603236
vt 0.537047 0.650602
vt 0.288348 0.599850
vt 0.581064 0.668452
vt 0.427896 0.620224
vt 0.461497 0.630553
vt 0.566164 0.662678
vt 0.336247 0.591063
vt 0.497090 0.645493
vt 0.478713 0.612008
vt 0.298261 0.576387
vt 0.318141 0.574373
vt 0.406481 0.601699
vt 0.517478 0.626674
vt 0.363369 0.582667
vt 0.561371 0.619929
vt 0.586416 0.644118
vt 0.590216 0.661989
vt 0.448371 0.600310
vt 0.384050 0.579745
vt 0.579344 0.634407
vt 0.304787 0.554001
vt 0.347969 0.565821
vt 0.423961 0.579802
vt 0.494703 0.594476
vt 0.541976 0.604387
vt 0.590216 0.618156
vt 0.397838 0.561159
vt 0.449490 0.574887
vt 0.364760 0.546916
vt 0.490664 0.567484
vt 0.523797 0.589630
vt 0.579311 0.603643
vt 0.328898 0.537551
vt 0.312587 0.526710
vt 0.440695 0.549088
vt 0.587736 0.589800
vt 0.385309 0.525521
vt 0.554400 0.574947
vt 0.334780 0.514470
vt 0.413971 0.530685
vt 0.529133 0.550631
vt 0.462170 0.540929
vt 0.367790 0.499456
vt 0.332520 0.490061
vt 0.308768 0.516239
vt 0.441310 0.523470
vt 0.581874 0.564367
vt 0.506038 0.537708
vt 0.485258 0.532549
vt 0.564585 0.552041
vt 0.359217 0.472669
vt 0.406349 0.481395
vt 0.431924 0.496945
vt 0.463301 0.505214
vt 0.346810 0.470687
vt 0.503041 0.507267
vt 0.528713 0.509319
vt 0.574507 0.535266
vt 0.551414 0.519420
vt 0.585672 0.540050
vt 0.381521 0.468027
vt 0.566711 0.514196
vt 0.468486 0.477591
vt 0.365526 0.452306
vt 0.441541 0.458746
vt 0.498786 0.478348
vt 0.518805 0.486430
vt 0.383484 0.450937
vt 0.540459 0.487852
vt 0.555467 0.496657
vt 0.411147 0.452046
vt 0.481796 0.455297
vt 0.406043 0.436740
vt 0.461311 0.451012
vt 0.548424 0.476673
vt 0.537066 0.473786
vt 0.501897 0.452124
vt 0.429783 0.436559
vt 0.538842 0.456620
vt 0.517804 0.449765
vt 0.428169 0.426479
vt 0.470801 0.439030
vt 0.447681 0.427793
vt 0.497265 0.438054
vt 0.862034 0.139605
vt 0.888052 0.130679
vt 0.891101 0.150674
vt 0.880499 0.167816
vt 0.881157 0.112159
vt 0.861566 0.120561
vt 0.853379 0.157284
vt 0.862091 0.103266
vt 0.867748 0.181277
vt 0.880218 0.196952
vt 0.858153 0.191533
vt 0.837727 0.110672
vt 0.838586 0.138169
vt 0.842444 0.175400
vt 0.840619 0.097210
vt 0.837401 0.185291
vt 0.834789 0.161938
vt 0.813332 0.145216
vt 0.818238 0.119573
vt 0.815337 0.170515
vt 0.819078 0.097120
vt 0.818485 0.184511
vt 0.797065 0.100246
vt 0.799771 0.159439
vt 0.804785 0.128488
vt 0.804577 0.116987
vt 0.799392 0.137391
vt 0.799796 0.089958
vt 0.794431 0.121875
vt 0.795141 0.111353
vt 0.793611 0.130776
vt 0.800159 0.128658
vt 0.791112 0.178746
vt 0.791017 0.139983
vt 0.787179 0.111386
vt 0.779426 0.096080
vt 0.788667 0.125680
vt 0.788191 0.117789
vt 0.772982 0.151521
vt 0.782472 0.133386
vt 0.784012 0.122084
vt 0.781129 0.114832
vt 0.770645 0.171570
vt 0.776246 0.124314
vt 0.772276 0.137296
vt 0.757866 0.143727
vt 0.756822 0.162038
vt 0.750115 0.184484
vt 0.744374 0.146443
vt 0.734820 0.170898
vt 0.730103 0.190559
vt 0.717434 0.151514
vt 0.714506 0.175685
vt 0.705261 0.196952
vt 0.765639 0.187390
vt 0.756391 0.183200
vt 0.760798 0.193425
vt 0.769174 0.175433
vt 0.769174 0.196952
vt 0.736882 0.961876
vt 0.734316 0.968769
vt 0.739676 0.984160
vt 0.732793 0.953368
vt 0.739676 0.949492
vt 0.940052 0.047268
vt 0.955506 0.030784
vt 0.944630 0.028571
vt 0.933740 0.033532
vt 0.936310 0.023395
vt 0.928170 0.020058
vt 0.923112 0.028166
vt 0.925998 0.044713
vt 0.954023 0.020462
vt 0.948925 0.056830
vt 0.941453 0.075047
vt 0.931690 0.080393
vt 0.919086 0.043881
vt 0.919090 0.072722
vt 0.929783 0.112941
vt 0.918142 0.100631
vt 0.921490 0.121233
vt 0.928681 0.143186
vt 0.934702 0.162800
vt 0.941088 0.139314
vt 0.922059 0.143034
vt 0.931901 0.184911
vt 0.939636 0.194041
vt 0.925922 0.164135
vt 0.941276 0.219744
vt 0.953648 0.230391
vt 0.949037 0.202973
vt 0.933268 0.208704
vt 0.946172 0.017472
vt 0.950678 0.011656
vt 0.941101 0.105999
vt 0.946080 0.170202
vt 0.923949 0.182519
vt 0.948195 0.240135
vt 0.955506 0.249302
vt 0.937316 0.234577
vt 0.946195 0.254415
vt 0.952749 0.260056
vt 0.945487 0.263897
vt 0.286144 0.818536
vt 0.294185 0.822176
vt 0.293862 0.812755
vt 0.302606 0.813097
vt 0.278024 0.822176
vt 0.284591 0.808428
vt 0.279997 0.815576
vt 0.076174 0.559398
vt 0.087553 0.569078
vt 0.081235 0.577705
vt 0.089725 0.550138
vt 0.078837 0.543911
vt 0.064182 0.541239
vt 0.062903 0.557398
vt 0.052817 0.545620
vt 0.045680 0.555718
vt 0.054858 0.572437
vt 0.045399 0.535266
vt 0.035274 0.543956
vt 0.032464 0.554377
vt 0.030869 0.536298
vt 0.040017 0.560704
vt 0.031114 0.567859
vt 0.026665 0.577705
vt 0.026657 0.561909
vt 0.022567 0.550260
vt 0.016066 0.568496
vt 0.013520 0.538141
vt 0.569729 0.503577
vt 0.579892 0.504782
vt 0.579892 0.493425
vt 0.567601 0.494358
vt 0.496303 0.413933
vt 0.501674 0.409169
vt 0.502704 0.420267
vt 0.490776 0.405469
vt 0.501695 0.398940
vt 0.495766 0.391227
vt 0.484602 0.392736
vt 0.479933 0.380478
vt 0.468701 0.400252
vt 0.464613 0.392513
vt 0.459917 0.382960
vt 0.451432 0.397202
vt 0.447738 0.387819
vt 0.445331 0.380454
vt 0.441245 0.400181
vt 0.439914 0.414758
vt 0.449602 0.425284
vt 0.435362 0.425284
vt 0.431416 0.418323
vt 0.438705 0.383778
vt 0.433581 0.402663
vt 0.096032 0.890441
vt 0.098083 0.900478
vt 0.091804 0.892085
vt 0.090708 0.883627
vt 0.098083 0.879558
vt 0.068125 0.935201
vt 0.076749 0.927037
vt 0.077434 0.938135
vt 0.070372 0.926139
vt 0.062358 0.819023
vt 0.068443 0.804929
vt 0.070488 0.827614
vt 0.060240 0.793523
vt 0.068404 0.782624
vt 0.062224 0.765213
vt 0.072585 0.909941
vt 0.064448 0.906985
vt 0.070607 0.879153
vt 0.054086 0.736582
vt 0.063530 0.736449
vt 0.060826 0.876913
vt 0.068149 0.849499
vt 0.057985 0.711246
vt 0.049668 0.927470
vt 0.048448 0.766789
vt 0.049674 0.701206
vt 0.055254 0.689811
vt 0.055721 0.859445
vt 0.053071 0.836647
vt 0.049667 0.722866
vt 0.048083 0.686849
vt 0.044964 0.805248
vt 0.050607 0.905875
vt 0.050342 0.886389
vt 0.047827 0.861929
vt 0.042402 0.741092
vt 0.042274 0.714675
vt 0.046366 0.728684
vt 0.035976 0.694860
vt 0.042084 0.846720
vt 0.042093 0.731425
vt 0.041209 0.720820
vt 0.036641 0.685830
vt 0.036222 0.724336
vt 0.035494 0.733732
vt 0.040246 0.738402
vt 0.034902 0.758291
vt 0.040519 0.872710
vt 0.032441 0.716575
vt 0.028352 0.706372
vt 0.037349 0.895171
vt 0.032497 0.740701
vt 0.029354 0.744305
vt 0.027262 0.836219
vt 0.026830 0.787462
vt 0.028909 0.906161
vt 0.028486 0.870211
vt 0.024127 0.809554
vt 0.026257 0.737278
vt 0.028288 0.723701
vt 0.022229 0.924554
vt 0.025809 0.729070
vt 0.022698 0.718871
vt 0.020714 0.763280
vt 0.021937 0.691476
vt 0.020817 0.684100
vt 0.019060 0.733893
vt 0.029393 0.935605
vt 0.020310 0.884342
vt 0.017942 0.859993
vt 0.011116 0.689577
vt 0.009552 0.697311
vt 0.012481 0.901712
vt 0.017025 0.829813
vt 0.014321 0.799441
vt 0.009672 0.715566
vt 0.013754 0.936048
vt 0.010378 0.872113
vt 0.010310 0.838953
vt 0.006325 0.770578
vt 0.007291 0.736814
vt 0.010011 0.928067
vt 0.006043 0.807428
vt 0.006368 0.938135
vt 0.002704 0.923247
vt 0.193207 0.990100
vt 0.197271 0.996217
vt 0.187753 0.996713
vt 0.205752 0.990434
vt 0.182682 0.978248
vt 0.201374 0.982509
vt 0.191890 0.980413
vt 0.198185 0.973925
vt 0.197953 0.966384
vt 0.181662 0.961276
vt 0.197203 0.959727
vt 0.205752 0.955298
vt 0.186562 0.951285
vt 0.953931 0.429559
vt 0.943707 0.428920
vt 0.946002 0.420206
vt 0.948432 0.436043
vt 0.961094 0.419746
vt 0.971261 0.435862
vt 0.971725 0.430175
vt 0.980771 0.422045
vt 0.989001 0.435131
vt 0.995132 0.417513
vt 0.995010 0.429779
vt 0.998771 0.436043
vt 0.664781 0.944438
vt 0.670546 0.940506
vt 0.671337 0.949954
vt 0.671337 0.933951
vt 0.664736 0.955469
vt 0.658136 0.934465
vt 0.656304 0.953926
vt 0.655458 0.943975
vt 0.649213 0.948807
vt 0.376047 0.412732
vt 0.365719 0.418609
vt 0.359145 0.417242
vt 0.375191 0.421116
vt 0.368566 0.424686
vt 0.384590 0.423307
vt 0.389645 0.413131
vt 0.392723 0.424686
vt 0.401426 0.422155
vt 0.076568 0.472615
vt 0.069136 0.481180
vt 0.080875 0.485127
vt 0.069875 0.470721
vt 0.064543 0.472066
vt 0.060226 0.465916
vt 0.062663 0.488045
vt 0.070653 0.460175
vt 0.078646 0.464067
vt 0.065529 0.450389
vt 0.080875 0.455015
vt 0.334419 0.249712
vt 0.312894 0.269274
vt 0.308965 0.253097
vt 0.304424 0.193801
vt 0.313380 0.216560
vt 0.293265 0.217687
vt 0.323526 0.274171
vt 0.347954 0.261367
vt 0.315772 0.231598
vt 0.325515 0.281829
vt 0.337302 0.226874
vt 0.325619 0.200524
vt 0.326844 0.176808
vt 0.308554 0.176402
vt 0.306880 0.167655
vt 0.297279 0.167094
vt 0.307889 0.163569
vt 0.343609 0.276982
vt 0.314446 0.166867
vt 0.321349 0.168750
vt 0.314467 0.163750
vt 0.315056 0.156870
vt 0.328627 0.160370
vt 0.363518 0.268162
vt 0.358721 0.238469
vt 0.348741 0.210726
vt 0.342905 0.183443
vt 0.342625 0.163934
vt 0.379237 0.251976
vt 0.368098 0.217170
vt 0.360875 0.189821
vt 0.346962 0.154410
vt 0.383094 0.264767
vt 0.364717 0.162570
vt 0.385019 0.226542
vt 0.353302 0.156171
vt 0.399502 0.236650
vt 0.373162 0.152819
vt 0.379565 0.171896
vt 0.365341 0.149374
vt 0.403509 0.250597
vt 0.385492 0.193883
vt 0.403324 0.260559
vt 0.421457 0.245654
vt 0.403447 0.202469
vt 0.389606 0.154374
vt 0.419464 0.258751
vt 0.383218 0.144594
vt 0.414693 0.217610
vt 0.402990 0.162731
vt 0.396292 0.146918
vt 0.443030 0.249008
vt 0.431081 0.227297
vt 0.440627 0.257000
vt 0.418032 0.182691
vt 0.409924 0.151021
vt 0.458515 0.241262
vt 0.429653 0.207067
vt 0.461452 0.255422
vt 0.424486 0.158228
vt 0.445446 0.214625
vt 0.419003 0.142232
vt 0.431105 0.147471
vt 0.444817 0.193540
vt 0.438993 0.168761
vt 0.484381 0.257087
vt 0.451541 0.150721
vt 0.490297 0.245891
vt 0.476025 0.228338
vt 0.440828 0.140941
vt 0.498459 0.261899
vt 0.455305 0.178529
vt 0.505632 0.253685
vt 0.467505 0.200357
vt 0.471925 0.161656
vt 0.456022 0.144813
vt 0.525810 0.268249
vt 0.481490 0.181276
vt 0.542761 0.273299
vt 0.555433 0.281829
vt 0.524413 0.256311
vt 0.463419 0.138972
vt 0.548409 0.267850
vt 0.513537 0.239871
vt 0.500603 0.221972
vt 0.536793 0.247092
vt 0.492745 0.197937
vt 0.475532 0.150802
vt 0.479925 0.145211
vt 0.525637 0.223941
vt 0.489263 0.141049
vt 0.512222 0.204889
vt 0.507709 0.170098
vt 0.493334 0.152730
vt 0.542893 0.216511
vt 0.513050 0.156866
vt 0.503367 0.148429
vt 0.537636 0.187979
vt 0.514148 0.143909
vt 0.521060 0.149934
vt 0.531252 0.160772
vt 0.551558 0.163473
vt 0.535595 0.154533
vt 0.534684 0.148320
vt 0.552688 0.155370
vt 0.569567 0.162199
vt 0.300713 0.273546
vt 0.306539 0.283219
vt 0.280004 0.269782
vt 0.300475 0.253207
vt 0.305951 0.260051
vt 0.289386 0.263617
vt 0.292456 0.251803
vt 0.285808 0.297370
vt 0.267416 0.287446
vt 0.278150 0.250828
vt 0.290415 0.246775
vt 0.276018 0.231981
vt 0.286956 0.233832
vt 0.279545 0.220357
vt 0.247651 0.283790
vt 0.250398 0.297370
vt 0.258411 0.267917
vt 0.272653 0.244647
vt 0.272797 0.251182
vt 0.267812 0.253865
vt 0.262330 0.258504
vt 0.264741 0.245097
vt 0.261897 0.250521
vt 0.268985 0.239356
vt 0.265172 0.233615
vt 0.266362 0.226533
vt 0.262982 0.216066
vt 0.253144 0.246832
vt 0.257475 0.245078
vt 0.261769 0.238652
vt 0.258396 0.232242
vt 0.256413 0.205748
vt 0.243843 0.259046
vt 0.215059 0.285183
vt 0.226332 0.271272
vt 0.248442 0.226185
vt 0.237331 0.240494
vt 0.248167 0.209126
vt 0.218614 0.247967
vt 0.234989 0.215322
vt 0.229456 0.198745
vt 0.200952 0.262859
vt 0.214267 0.223004
vt 0.211755 0.205875
vt 0.187561 0.206223
vt 0.191243 0.232423
vt 0.740549 0.072446
vt 0.737074 0.087714
vt 0.715151 0.083506
vt 0.697022 0.082459
vt 0.703775 0.070228
vt 0.688008 0.089958
vt 0.682624 0.073061
vt 0.690228 0.075144
vt 0.798967 0.060826
vt 0.796204 0.076509
vt 0.772912 0.073574
vt 0.827319 0.072524
vt 0.750620 0.057031
vt 0.721959 0.058122
vt 0.770596 0.062516
vt 0.756825 0.046759
vt 0.689341 0.064356
vt 0.681803 0.059161
vt 0.675849 0.063514
vt 0.675270 0.056325
vt 0.822752 0.062336
vt 0.680499 0.051396
vt 0.692265 0.053438
vt 0.694206 0.043909
vt 0.817640 0.051934
vt 0.785930 0.046848
vt 0.794532 0.031978
vt 0.821466 0.034656
vt 0.803239 0.040486
vt 0.704310 0.054346
vt 0.738902 0.037440
vt 0.721937 0.046214
vt 0.711791 0.041104
vt 0.865579 0.081941
vt 0.862497 0.089958
vt 0.852325 0.082422
vt 0.847637 0.066340
vt 0.844263 0.046744
vt 0.845779 0.033521
vt 0.768697 0.035808
vt 0.734076 0.049593
vt 0.868339 0.037890
vt 0.874385 0.046023
vt 0.863163 0.045793
vt 0.868576 0.065713
vt 0.076647 0.376277
vt 0.081858 0.381127
vt 0.069860 0.380981
vt 0.081858 0.360132
vt 0.075652 0.366951
vt 0.064651 0.387627
vt 0.070579 0.360133
vt 0.629203 0.336278
vt 0.615337 0.340371
vt 0.638496 0.339592
vt 0.649519 0.336313
vt 0.662047 0.342417
vt 0.615760 0.328526
vt 0.597505 0.339564
vt 0.642587 0.327366
vt 0.666320 0.327678
vt 0.680003 0.341918
vt 0.665467 0.335746
vt 0.595056 0.327507
vt 0.683600 0.336752
vt 0.578396 0.339623
vt 0.572348 0.332603
vt 0.698903 0.341045
vt 0.562724 0.324268
vt 0.694547 0.330382
vt 0.695821 0.341730
vt 0.715737 0.342850
vt 0.558515 0.338739
vt 0.544590 0.332498
vt 0.713005 0.334693
vt 0.714861 0.328025
vt 0.535880 0.325639
vt 0.734562 0.336614
vt 0.730161 0.341482
vt 0.739673 0.329121
vt 0.749029 0.343328
vt 0.757255 0.331020
vt 0.768384 0.344074
vt 0.768714 0.336237
vt 0.772792 0.329136
vt 0.779692 0.342601
vt 0.796802 0.343265
vt 0.788162 0.331943
vt 0.810044 0.336010
vt 0.814124 0.328778
vt 0.820865 0.344315
vt 0.832968 0.333341
vt 0.847753 0.338890
vt 0.846567 0.344381
vt 0.853333 0.329627
vt 0.533221 0.340622
vt 0.528922 0.334414
vt 0.512754 0.335896
vt 0.507794 0.325726
vt 0.499070 0.339008
vt 0.490527 0.333833
vt 0.483478 0.325568
vt 0.467628 0.339873
vt 0.467421 0.327102
vt 0.448532 0.333312
vt 0.443638 0.340137
vt 0.443470 0.325409
vt 0.423533 0.333266
vt 0.417268 0.325523
vt 0.421125 0.340863
vt 0.404378 0.335936
vt 0.403387 0.339685
vt 0.395646 0.325999
vt 0.388805 0.341077
vt 0.379372 0.332488
vt 0.370521 0.326817
vt 0.367025 0.341296
vt 0.356071 0.335876
vt 0.346282 0.327307
vt 0.345921 0.340377
vt 0.334481 0.335763
vt 0.323907 0.343262
vt 0.318964 0.327909
vt 0.314253 0.335739
vt 0.302680 0.343947
vt 0.300539 0.328465
vt 0.295968 0.335569
vt 0.276452 0.344153
vt 0.282447 0.329171
vt 0.270762 0.336514
vt 0.258797 0.330027
vt 0.245091 0.339222
vt 0.239955 0.329741
vt 0.218746 0.329815
vt 0.225046 0.338356
vt 0.225449 0.344492
vt 0.209266 0.338337
vt 0.867917 0.332612
vt 0.867418 0.345117
vt 0.884633 0.338805
vt 0.892680 0.346264
vt 0.888886 0.331037
vt 0.913392 0.334179
vt 0.922125 0.342857
vt 0.913771 0.345959
vt 0.933385 0.347551
vt 0.939315 0.333272
vt 0.944985 0.341320
vt 0.953751 0.347180
vt 0.962137 0.338703
vt 0.964303 0.332163
vt 0.969767 0.347579
vt 0.979119 0.340396
vt 0.983865 0.331595
vt 0.990892 0.347246
vt 0.999754 0.334751
vt 0.042065 0.344801
vt 0.030248 0.335084
vt 0.021386 0.347579
vt 0.053030 0.332946
vt 0.065001 0.342711
vt 0.201253 0.345041
vt 0.077381 0.332573
vt 0.191185 0.331384
vt 0.190868 0.339445
vt 0.090964 0.341540
vt 0.079200 0.346801
vt 0.179234 0.344979
vt 0.167832 0.338484
vt 0.098564 0.331978
vt 0.106827 0.345738
vt 0.110831 0.338301
vt 0.159677 0.346423
vt 0.117148 0.331455
vt 0.157027 0.330522
vt 0.138263 0.346776
vt 0.137080 0.338024
vt 0.139662 0.330892
vt 0.251018 0.343258
vt 0.956067 0.893252
vt 0.970719 0.910652
vt 0.955940 0.900114
vt 0.937328 0.884463
vt 0.972714 0.905426
vt 0.938556 0.877604
vt 0.919598 0.865546
vt 0.952690 0.905739
vt 0.929746 0.888082
vt 0.912044 0.870708
vt 0.933040 0.915017
vt 0.957526 0.926352
vt 0.937343 0.935908
vt 0.916904 0.889920
vt 0.904408 0.906011
vt 0.891699 0.851434
vt 0.911035 0.928313
vt 0.923020 0.952843
vt 0.893712 0.878257
vt 0.888835 0.858228
vt 0.897637 0.847731
vt 0.877538 0.836684
vt 0.896688 0.943273
vt 0.879301 0.921172
vt 0.872900 0.894877
vt 0.872522 0.869852
vt 0.870710 0.847595
vt 0.868107 0.837936
vt 0.910372 0.975081
vt 0.875507 0.944298
vt 0.894435 0.961695
vt 0.854001 0.903578
vt 0.857433 0.826421
vt 0.854528 0.879148
vt 0.851043 0.829012
vt 0.850734 0.855276
vt 0.848816 0.835353
vt 0.885940 0.966936
vt 0.859469 0.931241
vt 0.842757 0.818789
vt 0.897593 0.980997
vt 0.908968 0.999701
vt 0.888622 0.983299
vt 0.865948 0.957558
vt 0.920204 0.998919
vt 0.834057 0.873884
vt 0.873109 0.970422
vt 0.827815 0.842740
vt 0.836209 0.920743
vt 0.831814 0.818442
vt 0.856303 0.958233
vt 0.849375 0.940314
vt 0.819933 0.890334
vt 0.822811 0.809661
vt 0.838628 0.945577
vt 0.825075 0.907235
vt 0.819104 0.823562
vt 0.811896 0.866493
vt 0.812791 0.811636
vt 0.821728 0.930819
vt 0.814275 0.934461
vt 0.807947 0.905545
vt 0.803128 0.837193
vt 0.797777 0.878256
vt 0.796959 0.800742
vt 0.807582 0.918424
vt 0.802457 0.922994
vt 0.785626 0.851394
vt 0.793020 0.812664
vt 0.792830 0.804861
vt 0.792144 0.909509
vt 0.770094 0.876178
vt 0.786611 0.897559
vt 0.785665 0.830637
vt 0.782550 0.918282
vt 0.769883 0.801536
vt 0.779507 0.795256
vt 0.769404 0.901969
vt 0.771862 0.813988
vt 0.768169 0.828508
vt 0.757807 0.849941
vt 0.758105 0.790679
vt 0.765204 0.910486
vt 0.747388 0.811814
vt 0.752358 0.909448
vt 0.746028 0.863046
vt 0.745735 0.883093
vt 0.739845 0.837007
vt 0.747488 0.800340
vt 0.737865 0.791791
vt 0.742682 0.898753
vt 0.732265 0.785809
vt 0.725384 0.888286
vt 0.727546 0.863622
vt 0.726266 0.826386
vt 0.729069 0.903789
vt 0.725133 0.807628
vt 0.726375 0.796751
vt 0.706421 0.853445
vt 0.706847 0.901451
vt 0.714483 0.789493
vt 0.707680 0.872869
vt 0.705534 0.805453
vt 0.710372 0.783687
vt 0.697486 0.827414
vt 0.705151 0.794864
vt 0.704671 0.889036
vt 0.690812 0.787571
vt 0.683845 0.870041
vt 0.689430 0.898417
vt 0.689845 0.781530
vt 0.681778 0.887590
vt 0.683735 0.799948
vt 0.682332 0.850411
vt 0.676668 0.834369
vt 0.671664 0.816900
vt 0.668207 0.793746
vt 0.662710 0.897604
vt 0.675021 0.900703
vt 0.664904 0.857880
vt 0.671049 0.783717
vt 0.662230 0.877943
vt 0.653839 0.901592
vt 0.648151 0.891575
vt 0.654853 0.841027
vt 0.657752 0.785471
vt 0.648029 0.797952
vt 0.644574 0.816728
vt 0.639957 0.856737
vt 0.625615 0.878354
vt 0.633150 0.900197
vt 0.640780 0.785588
vt 0.628336 0.890583
vt 0.632574 0.833318
vt 0.623988 0.813724
vt 0.624004 0.792617
vt 0.617562 0.786697
vt 0.620567 0.862200
vt 0.619403 0.846768
vt 0.611078 0.894545
vt 0.611935 0.905422
vt 0.604755 0.829349
vt 0.606563 0.803081
vt 0.592673 0.879781
vt 0.603708 0.861286
vt 0.584256 0.900458
vt 0.596711 0.792422
vt 0.591696 0.842867
vt 0.591689 0.910090
vt 0.583758 0.806061
vt 0.587144 0.860627
vt 0.572389 0.799718
vt 0.580025 0.826225
vt 0.577612 0.792631
vt 0.567011 0.917480
vt 0.564202 0.890444
vt 0.569457 0.870765
vt 0.568556 0.845280
vt 0.562164 0.819908
vt 0.556782 0.910845
vt 0.559282 0.810297
vt 0.554374 0.863804
vt 0.540934 0.889418
vt 0.554090 0.799376
vt 0.540025 0.810470
vt 0.544522 0.838314
vt 0.542952 0.924799
vt 0.531353 0.917742
vt 0.538191 0.818590
vt 0.533001 0.859755
vt 0.519994 0.937342
vt 0.524288 0.831988
vt 0.527358 0.808631
vt 0.512916 0.930156
vt 0.520785 0.884383
vt 0.520255 0.901659
vt 0.521633 0.822901
vt 0.510225 0.920265
vt 0.499071 0.946453
vt 0.499500 0.951328
vt 0.508018 0.855971
vt 0.515618 0.819602
vt 0.489476 0.941637
vt 0.496396 0.911085
vt 0.500877 0.834184
vt 0.479466 0.961447
vt 0.473354 0.953779
vt 0.499314 0.826631
vt 0.505961 0.817873
vt 0.494863 0.888637
vt 0.454662 0.969726
vt 0.484470 0.862643
vt 0.488753 0.827261
vt 0.463844 0.975178
vt 0.471149 0.929561
vt 0.446988 0.990580
vt 0.434856 0.999701
vt 0.434517 0.991079
vt 0.433706 0.980231
vt 0.414217 0.992440
vt 0.474125 0.904867
vt 0.482969 0.834200
vt 0.457619 0.947950
vt 0.475523 0.845870
vt 0.429388 0.965149
vt 0.469724 0.885487
vt 0.447059 0.927494
vt 0.436730 0.945973
vt 0.458957 0.865591
vt 0.470427 0.836069
vt 0.396513 0.970550
vt 0.463032 0.846808
vt 0.451056 0.904357
vt 0.456044 0.857575
vt 0.452774 0.846663
vt 0.445812 0.880298
vt 0.417319 0.947172
vt 0.426774 0.922184
vt 0.432706 0.875137
vt 0.432799 0.893511
vt 0.442707 0.861791
vt 0.406103 0.938175
vt 0.439150 0.858266
vt 0.409045 0.912452
vt 0.374838 0.958927
vt 0.384149 0.932247
vt 0.367502 0.931071
vt 0.425107 0.873281
vt 0.389783 0.907689
vt 0.408992 0.892409
vt 0.420395 0.870404
vt 0.432922 0.858620
vt 0.406082 0.886867
vt 0.376252 0.913101
vt 0.390465 0.897200
vt 0.405171 0.881012
vt 0.097334 0.143320
vt 0.082768 0.144996
vt 0.099639 0.128613
vt 0.114592 0.124182
vt 0.120177 0.107928
vt 0.090475 0.158775
vt 0.072334 0.175057
vt 0.073166 0.163242
vt 0.053211 0.192101
vt 0.112494 0.168681
vt 0.091861 0.182068
vt 0.118343 0.148073
vt 0.135398 0.107007
vt 0.139062 0.145157
vt 0.138206 0.122210
vt 0.067446 0.196641
vt 0.053156 0.201891
vt 0.118089 0.192198
vt 0.077853 0.212711
vt 0.153313 0.081298
vt 0.133118 0.167621
vt 0.096775 0.205738
vt 0.155439 0.122351
vt 0.053113 0.229317
vt 0.155874 0.087796
vt 0.142301 0.186878
vt 0.089035 0.226826
vt 0.164912 0.097913
vt 0.039039 0.224550
vt 0.116574 0.224698
vt 0.154032 0.156136
vt 0.072308 0.241515
vt 0.178502 0.072975
vt 0.173352 0.141559
vt 0.173797 0.114930
vt 0.029021 0.251493
vt 0.025866 0.241067
vt 0.097699 0.240607
vt 0.056467 0.255564
vt 0.133533 0.210870
vt 0.163314 0.168147
vt 0.043570 0.268930
vt 0.154552 0.192856
vt 0.083065 0.264516
vt 0.194831 0.095628
vt 0.014848 0.262885
vt 0.122602 0.239658
vt 0.105470 0.255527
vt 0.193510 0.121164
vt 0.179260 0.173227
vt 0.188968 0.156630
vt 0.200837 0.141034
vt 0.063892 0.280294
vt 0.206021 0.076877
vt 0.022886 0.277596
vt 0.092728 0.274915
vt 0.196547 0.058765
vt 0.014831 0.276149
vt 0.080141 0.291413
vt 0.210004 0.125747
vt 0.043810 0.296077
vt 0.212962 0.103837
vt 0.027380 0.295128
vt 0.218821 0.057615
vt 0.011150 0.298501
vt 0.001533 0.296585
vt 0.055624 0.311567
vt 0.229189 0.087181
vt 0.217792 0.138232
vt 0.211338 0.045643
vt 0.230170 0.109201
vt 0.238869 0.065459
vt 0.233692 0.132057
vt 0.064675 0.328452
vt 0.078328 0.315038
vt 0.000246 0.319125
vt 0.234154 0.038878
vt 0.241154 0.118486
vt 0.251368 0.090486
vt 0.246473 0.046404
vt 0.264410 0.110544
vt 0.259719 0.059595
vt 0.257817 0.031564
vt 0.263739 0.021053
vt 0.244492 0.026356
vt 0.268549 0.092174
vt 0.274002 0.069750
vt 0.280099 0.045924
vt 0.283300 0.023789
vt 0.288900 0.104033
vt 0.296355 0.078884
vt 0.289094 0.012034
vt 0.294466 0.059546
vt 0.304991 0.034200
vt 0.300063 0.015318
vt 0.310595 0.094148
vt 0.314455 0.060914
vt 0.316078 0.005942
vt 0.326760 0.083487
vt 0.319871 0.012959
vt 0.333829 0.045000
vt 0.329209 0.024205
vt 0.320707 0.101961
vt 0.345939 0.098253
vt 0.344857 0.066891
vt 0.345211 0.009183
vt 0.353211 0.087516
vt 0.347041 0.000299
vt 0.353025 0.039352
vt 0.351835 0.017742
vt 0.369157 0.053016
vt 0.372603 0.078872
vt 0.375133 0.032354
vt 0.383692 0.002806
vt 0.369001 0.012636
vt 0.367786 0.095581
vt 0.389886 0.092986
vt 0.387164 0.067806
vt 0.386924 0.015261
vt 0.395602 0.046124
vt 0.410290 0.081821
vt 0.406041 0.029804
vt 0.420027 0.060737
vt 0.413734 0.096466
vt 0.408097 0.011261
vt 0.410043 0.001965
vt 0.426336 0.011867
vt 0.423835 0.032484
vt 0.440299 0.079609
vt 0.429803 0.001719
vt 0.435451 0.101881
vt 0.448608 0.057556
vt 0.450875 0.023960
vt 0.449740 0.011841
vt 0.455621 0.093357
vt 0.468551 0.040429
vt 0.470292 0.070156
vt 0.477011 0.096588
vt 0.480731 0.111891
vt 0.461704 0.107342
vt 0.480754 0.022256
vt 0.497006 0.075486
vt 0.495644 0.055289
vt 0.492579 0.032982
vt 0.496848 0.102527
vt 0.498204 0.119820
vt 0.518463 0.098416
vt 0.504336 0.028852
vt 0.516780 0.119805
vt 0.513339 0.044067
vt 0.519102 0.064835
vt 0.526186 0.081983
vt 0.537349 0.118806
vt 0.525683 0.038211
vt 0.548571 0.101053
vt 0.535437 0.060706
vt 0.548826 0.073360
vt 0.542220 0.049520
vt 0.696992 0.328452
vt 0.681721 0.323323
vt 0.689936 0.298002
vt 0.674760 0.298951
vt 0.665199 0.272310
vt 0.704452 0.272239
vt 0.709600 0.307941
vt 0.748525 0.287750
vt 0.733278 0.275383
vt 0.735254 0.263612
vt 0.687540 0.275464
vt 0.718139 0.253737
vt 0.724435 0.288205
vt 0.682300 0.253947
vt 0.722112 0.236923
vt 0.699049 0.242090
vt 0.651201 0.243055
vt 0.649195 0.261238
vt 0.636795 0.234305
vt 0.667088 0.231736
vt 0.682662 0.232806
vt 0.709630 0.221005
vt 0.647791 0.216797
vt 0.694660 0.216037
vt 0.712699 0.211425
vt 0.625134 0.209105
vt 0.673489 0.214363
vt 0.701184 0.201591
vt 0.624304 0.186964
vt 0.609444 0.194730
vt 0.641383 0.194951
vt 0.562392 0.126911
vt 0.551309 0.141227
vt 0.683281 0.196120
vt 0.596946 0.174443
vt 0.586445 0.182176
vt 0.570882 0.155498
vt 0.661268 0.198257
vt 0.590106 0.146762
vt 0.697857 0.185591
vt 0.571420 0.107959
vt 0.558045 0.058842
vt 0.686166 0.178441
vt 0.584837 0.122832
vt 0.645466 0.170159
vt 0.669296 0.173234
vt 0.566898 0.081821
vt 0.617889 0.164805
vt 0.613078 0.140741
vt 0.577999 0.071653
vt 0.675038 0.161753
vt 0.631363 0.150476
vt 0.646255 0.141961
vt 0.584745 0.092053
vt 0.661733 0.148669
vt 0.605639 0.106357
vt 0.598291 0.089505
vt 0.596255 0.075053
vt 0.671229 0.146593
vt 0.624539 0.119576
vt 0.628824 0.110556
vt 0.654268 0.131740
vt 0.611771 0.091905
s 1
usemtl material_0
f 1/1/1 2/2/2 3/3/3
f 4/4/4 3/3/3 2/2/2
f 5/5/5 4/4/4 6/6/6
f 5/5/5 7/7/7 3/3/3
f 5/5/5 3/3/3 4/4/4
f 6/6/6 4/4/4 8/8/8
f 6/6/6 9/9/9 10/10/10
f 6/6/6 8/8/8 9/9/9
f 4/4/4 11/11/11 8/8/8
f 4/4/4 12/12/12 11/11/11
f 2/2/2 12/12/12 4/4/4
f 2/2/2 13/13/13 14/14/14
f 10/10/10 9/9/9 15/15/15
f 2/2/2 14/14/14 12/12/12
f 13/13/13 16/16/16 14/14/14
f 8/8/8 17/17/17 9/9/9
f 8/8/8 11/11/11 17/17/17
f 12/12/12 18/18/18 19/19/19
f 12/12/12 19/19/19 11/11/11
f 12/12/12 14/14/14 18/18/18
f 16/16/16 20/20/20 14/14/14
f 15/15/15 9/9/9 21/21/21
f 22/22/22 20/20/20 16/16/16
f 9/9/9 23/23/23 21/21/21
f 9/9/9 17/17/17 23/23/23
f 11/11/11 19/19/19 17/17/17
f 18/18/18 14/14/14 20/20/20
f 15/15/15 21/21/21 24/24/24
f 19/19/19 25/25/25 17/17/17
f 18/18/18 26/26/26 19/19/19
f 18/18/18 20/20/20 26/26/26
f 23/23/23 17/17/17 27/27/27
f 17/17/17 28/28/28 27/27/27
f 17/17/17 25/25/25 28/28/28
f 26/26/26 25/25/25 19/19/19
f 26/26/26 29/29/29 25/25/25
f 26/26/26 20/20/20 22/22/22
f 21/21/21 23/23/23 30/30/30
f 23/23/23 27/27/27 30/30/30
f 26/26/26 22/22/22 29/29/29
f 22/22/22 31/31/31 32/32/32
f 33/33/33 24/24/24 21/21/21
f 28/28/28 34/34/34 27/27/27
f 28/28/28 25/25/25 34/34/34
f 29/29/29 35/35/35 25/25/25
f 29/29/29 22/22/22 32/32/32
f 36/36/36 24/24/24 33/33/33
f 21/21/21 30/30/30 37/37/37
f 30/30/30 27/27/27 38/38/38
f 27/27/27 34/34/34 39/39/39
f 25/25/25 40/40/40 34/34/34
f 25/25/25 35/35/35 40/40/40
f 33/33/33 41/41/41 42/42/42
f 33/33/33 37/37/37 41/41/41
f 33/33/33 21/21/21 37/37/37
f 29/29/29 43/43/43 35/35/35
f 29/29/29 32/32/32 43/43/43
f 31/31/31 44/44/44 32/32/32
f 27/27/27 39/39/39 38/38/38
f 43/43/43 32/32/32 44/44/44
f 37/37/37 45/45/45 41/41/41
f 30/30/30 46/46/46 37/37/37
f 37/37/37 46/46/46 45/45/45
f 30/30/30 38/38/38 46/46/46
f 31/31/31 47/47/47 44/44/44
f 46/46/46 48/48/48 45/45/45
f 35/35/35 49/49/49 40/40/40
f 34/34/34 40/40/40 50/50/50
f 40/40/40 49/49/49 50/50/50
f 43/43/43 44/44/44 51/51/51
f 47/47/47 51/51/51 44/44/44
f 52/52/52 38/38/38 39/39/39
f 38/38/38 52/52/52 46/46/46
f 34/34/34 50/50/50 39/39/39
f 45/45/45 48/48/48 53/53/53
f 48/48/48 54/54/54 55/55/55
f 46/46/46 54/54/54 48/48/48
f 35/35/35 56/56/56 49/49/49
f 43/43/43 57/57/57 35/35/35
f 51/51/51 57/57/57 43/43/43
f 46/46/46 52/52/52 54/54/54
f 39/39/39 50/50/50 58/58/58
f 49/49/49 59/59/59 50/50/50
f 57/57/57 56/56/56 35/35/35
f 52/52/52 39/39/39 58/58/58
f 49/49/49 56/56/56 59/59/59
f 60/60/60 51/51/51 47/47/47
f 58/58/58 50/50/50 59/59/59
f 54/54/54 61/61/61 55/55/55
f 62/62/62 60/60/60 47/47/47
f 52/52/52 61/61/61 54/54/54
f 59/59/59 56/56/56 63/63/63
f 57/57/57 64/64/64 56/56/56
f 51/51/51 64/64/64 57/57/57
f 52/52/52 65/65/65 61/61/61
f 52/52/52 58/58/58 65/65/65
f 66/66/66 58/58/58 59/59/59
f 64/64/64 63/63/63 56/56/56
f 67/67/67 51/51/51 60/60/60
f 67/67/67 64/64/64 51/51/51
f 68/68/68 60/60/60 62/62/62
f 69/69/69 61/61/61 65/65/65
f 58/58/58 66/66/66 65/65/65
f 59/59/59 70/70/70 66/66/66
f 70/70/70 59/59/59 63/63/63
f 67/67/67 60/60/60 68/68/68
f 67/67/67 71/71/71 64/64/64
f 72/72/72 70/70/70 63/63/63
f 72/72/72 63/63/63 64/64/64
f 73/73/73 65/65/65 66/66/66
f 73/73/73 69/69/69 65/65/65
f 72/72/72 74/74/74 70/70/70
f 71/71/71 72/72/72 64/64/64
f 67/67/67 68/68/68 75/75/75
f 76/76/76 69/69/69 73/73/73
f 77/77/77 66/66/66 74/74/74
f 74/74/74 66/66/66 70/70/70
f 71/71/71 67/67/67 75/75/75
f 78/78/78 75/75/75 68/68/68
f 73/73/73 66/66/66 77/77/77
f 79/79/79 72/72/72 71/71/71
f 80/80/80 79/79/79 71/71/71
f 75/75/75 80/80/80 71/71/71
f 74/74/74 81/81/81 77/77/77
f 82/82/82 76/76/76 73/73/73
f 79/79/79 83/83/83 72/72/72
f 83/83/83 74/74/74 72/72/72
f 84/84/84 75/75/75 78/78/78
f 73/73/73 77/77/77 85/85/85
f 85/85/85 77/77/77 81/81/81
f 85/85/85 82/82/82 73/73/73
f 83/83/83 86/86/86 74/74/74
f 80/80/80 75/75/75 87/87/87
f 84/84/84 87/87/87 75/75/75
f 86/86/86 81/81/81 74/74/74
f 88/88/88 79/79/79 80/80/80
f 89/89/89 88/88/88 80/80/80
f 89/89/89 80/80/80 87/87/87
f 90/90/90 85/85/85 81/81/81
f 86/86/86 90/90/90 81/81/81
f 91/91/91 86/86/86 83/83/83
f 88/88/88 83/83/83 79/79/79
f 88/88/88 91/91/91 83/83/83
f 92/92/92 87/87/87 84/84/84
f 93/93/93 82/82/82 85/85/85
f 93/93/93 85/85/85 90/90/90
f 94/94/94 91/91/91 88/88/88
f 95/95/95 88/88/88 89/89/89
f 89/89/89 87/87/87 95/95/95
f 96/96/96 90/90/90 86/86/86
f 91/91/91 96/96/96 86/86/86
f 97/97/97 95/95/95 87/87/87
f 97/97/97 87/87/87 92/92/92
f 98/98/98 82/82/82 99/99/99
f 93/93/93 99/99/99 82/82/82
f 100/100/100 99/99/99 93/93/93
f 100/100/100 93/93/93 90/90/90
f 95/95/95 94/94/94 88/88/88
f 96/96/96 101/101/101 90/90/90
f 102/102/102 96/96/96 91/91/91
f 98/98/98 99/99/99 103/103/103
f 100/100/100 90/90/90 101/101/101
f 103/103/103 99/99/99 100/100/100
f 104/104/104 102/102/102 91/91/91
f 94/94/94 104/104/104 91/91/91
f 105/105/105 94/94/94 95/95/95
f 106/106/106 107/107/107 108/108/108
f 109/109/109 95/95/95 97/97/97
f 110/110/110 109/109/109 97/97/97
f 111/111/111 107/107/107 112/112/112
f 105/105/105 95/95/95 109/109/109
f 106/106/106 112/112/112 107/107/107
f 113/113/113 114/114/114 115/115/115
f 116/116/116 117/117/117 114/114/114
f 118/118/118 119/119/119 120/120/120
f 121/121/121 104/104/104 94/94/94
f 105/105/105 121/121/121 94/94/94
f 105/105/105 109/109/109 122/122/122
f 111/111/111 122/122/122 109/109/109
f 113/113/113 115/115/115 108/108/108
f 119/119/119 123/123/123 120/120/120
f 119/119/119 124/124/124 123/123/123
f 125/125/125 101/101/101 96/96/96
f 125/125/125 96/96/96 102/102/102
f 122/122/122 111/111/111 126/126/126
f 115/115/115 106/106/106 108/108/108
f 127/127/127 128/128/128 116/116/116
f 128/128/128 127/127/127 118/118/118
f 129/129/129 103/103/103 100/100/100
f 101/101/101 129/129/129 100/100/100
f 126/126/126 111/111/111 112/112/112
f 115/115/115 114/114/114 117/117/117
f 117/117/117 116/116/116 130/130/130
f 128/128/128 118/118/118 120/120/120
f 131/131/131 132/132/132 124/124/124
f 126/126/126 112/112/112 133/133/133
f 121/121/121 105/105/105 122/122/122
f 130/130/130 116/116/116 128/128/128
f 124/124/124 132/132/132 123/123/123
f 129/129/129 101/101/101 134/134/134
f 135/135/135 125/125/125 102/102/102
f 104/104/104 135/135/135 102/102/102
f 136/136/136 112/112/112 106/106/106
f 137/137/137 115/115/115 117/117/117
f 130/130/130 128/128/128 138/138/138
f 139/139/139 123/123/123 132/132/132
f 140/140/140 132/132/132 131/131/131
f 141/141/141 140/140/140 131/131/131
f 125/125/125 142/142/142 101/101/101
f 106/106/106 115/115/115 137/137/137
f 137/137/137 117/117/117 143/143/143
f 143/143/143 117/117/117 130/130/130
f 128/128/128 120/120/120 144/144/144
f 120/120/120 123/123/123 145/145/145
f 146/146/146 140/140/140 141/141/141
f 134/134/134 101/101/101 142/142/142
f 147/147/147 135/135/135 104/104/104
f 147/147/147 104/104/104 121/121/121
f 122/122/122 126/126/126 148/148/148
f 136/136/136 106/106/106 137/137/137
f 144/144/144 120/120/120 145/145/145
f 145/145/145 123/123/123 149/149/149
f 139/139/139 149/149/149 123/123/123
f 140/140/140 139/139/139 132/132/132
f 136/136/136 133/133/133 112/112/112
f 150/150/150 130/130/130 138/138/138
f 135/135/135 142/142/142 125/125/125
f 151/151/151 121/121/121 122/122/122
f 148/148/148 126/126/126 133/133/133
f 143/143/143 130/130/130 150/150/150
f 152/152/152 145/145/145 149/149/149
f 138/138/138 128/128/128 144/144/144
f 151/151/151 122/122/122 148/148/148
f 144/144/144 145/145/145 152/152/152
f 153/153/153 103/103/103 154/154/154
f 129/129/129 154/154/154 103/103/103
f 155/155/155 129/129/129 134/134/134
f 148/148/148 133/133/133 156/156/156
f 157/157/157 137/137/137 143/143/143
f 158/158/158 138/138/138 144/144/144
f 159/159/159 139/139/139 140/140/140
f 155/155/155 154/154/154 129/129/129
f 150/150/150 138/138/138 158/158/158
f 160/160/160 149/149/149 139/139/139
f 161/161/161 136/136/136 137/137/137
f 152/152/152 149/149/149 160/160/160
f 159/159/159 160/160/160 139/139/139
f 162/162/162 140/140/140 146/146/146
f 151/151/151 163/163/163 121/121/121
f 156/156/156 133/133/133 164/164/164
f 151/151/151 148/148/148 156/156/156
f 136/136/136 164/164/164 133/133/133
f 161/161/161 137/137/137 157/157/157
f 165/165/165 143/143/143 150/150/150
f 166/166/166 144/144/144 152/152/152
f 167/167/167 135/135/135 147/147/147
f 163/163/163 147/147/147 121/121/121
f 161/161/161 164/164/164 136/136/136
f 157/157/157 143/143/143 165/165/165
f 158/158/158 144/144/144 166/166/166
f 162/162/162 159/159/159 140/140/140
f 168/168/168 142/142/142 135/135/135
f 169/169/169 163/163/163 151/151/151
f 165/165/165 150/150/150 170/170/170
f 150/150/150 158/158/158 171/171/171
f 166/166/166 152/152/152 172/172/172
f 172/172/172 152/152/152 160/160/160
f 173/173/173 153/153/153 154/154/154
f 167/167/167 168/168/168 135/135/135
f 169/169/169 151/151/151 156/156/156
f 174/174/174 160/160/160 159/159/159
f 170/170/170 150/150/150 171/171/171
f 175/175/175 159/159/159 162/162/162
f 176/176/176 175/175/175 162/162/162
f 177/177/177 156/156/156 164/164/164
f 164/164/164 161/161/161 178/178/178
f 179/179/179 161/161/161 157/157/157
f 179/179/179 157/157/157 165/165/165
f 175/175/175 174/174/174 159/159/159
f 169/169/169 156/156/156 180/180/180
f 177/177/177 164/164/164 178/178/178
f 179/179/179 178/178/178 161/161/161
f 181/181/181 182/182/2 183/183/182
f 184/184/183 181/181/181 183/183/182
f 184/184/183 183/183/182 185/185/184
f 186/186/185 184/184/183 185/185/184
f 186/186/185 185/185/184 187/187/186
f 188/188/187 187/187/186 189/189/188
f 181/181/181 190/190/13 182/182/2
f 188/188/187 186/186/185 187/187/186
f 191/191/189 181/181/181 184/184/183
f 192/192/190 190/190/13 181/181/181
f 192/192/190 193/193/16 190/190/13
f 194/194/191 188/188/187 189/189/188
f 192/192/190 195/195/192 193/193/16
f 196/196/193 188/188/187 194/194/191
f 195/195/192 197/197/194 193/193/16
f 196/196/193 194/194/191 198/198/195
f 199/199/196 195/195/192 192/192/190
f 199/199/196 200/200/197 195/195/192
f 201/201/198 198/198/195 202/202/199
f 196/196/193 198/198/195 201/201/198
f 195/195/192 203/203/200 197/197/194
f 200/200/197 203/203/200 195/195/192
f 204/204/201 201/201/198 202/202/199
f 203/203/200 205/205/202 197/197/194
f 206/206/203 196/196/193 201/201/198
f 204/204/201 202/202/199 207/207/204
f 203/203/200 208/208/205 205/205/202
f 209/209/206 206/206/203 201/201/198
f 209/209/206 201/201/198 204/204/201
f 210/210/207 211/211/208 208/208/205
f 204/204/201 207/207/204 212/212/209
f 213/213/210 204/204/201 212/212/209
f 211/211/208 214/214/211 208/208/205
f 213/213/210 209/209/206 204/204/201
f 214/214/211 205/205/202 208/208/205
f 214/214/211 215/215/212 205/205/202
f 214/214/211 216/216/213 215/215/212
f 217/217/214 213/213/210 212/212/209
f 217/217/214 212/212/209 218/218/215
f 219/219/216 217/217/214 218/218/215
f 220/220/217 213/213/210 217/217/214
f 219/219/216 220/220/217 217/217/214
f 221/221/218 222/222/219 216/216/213
f 221/221/218 216/216/213 214/214/211
f 223/223/220 221/221/218 214/214/211
f 224/224/221 219/219/216 218/218/215
f 225/225/222 221/221/218 223/223/220
f 226/226/223 220/220/217 219/219/216
f 221/221/218 227/227/224 222/222/219
f 228/228/225 219/219/216 224/224/221
f 229/229/226 228/228/225 224/224/221
f 230/230/227 221/221/218 225/225/222
f 230/230/227 227/227/224 221/221/218
f 231/231/228 230/230/227 225/225/222
f 232/232/229 227/227/224 230/230/227
f 233/233/230 228/228/225 229/229/226
f 234/234/231 233/233/230 229/229/226
f 235/235/232 230/230/227 231/231/228
f 235/235/232 232/232/229 230/230/227
f 235/235/232 236/236/233 232/232/229
f 237/237/234 233/233/230 234/234/231
f 238/238/235 236/236/233 235/235/232
f 239/239/236 237/237/234 234/234/231
f 238/238/235 235/235/232 240/240/237
f 241/241/238 237/237/234 239/239/236
f 242/242/239 237/237/234 241/241/238
f 243/243/240 242/242/239 241/241/238
f 244/244/241 242/242/239 243/243/240
f 244/244/241 245/245/242 242/242/239
f 244/244/241 243/243/240 246/246/243
f 244/244/241 246/246/243 247/247/244
f 247/247/244 245/245/242 244/244/241
f 248/248/245 249/249/246 250/250/247
f 248/248/245 250/250/247 251/251/248
f 252/252/249 251/251/248 250/250/247
f 253/253/250 250/250/247 254/254/251
f 250/250/247 249/249/246 254/254/251
f 253/253/250 252/252/249 250/250/247
f 253/253/250 255/255/252 252/252/249
f 256/256/253 245/245/242 247/247/244
f 256/256/253 257/257/254 245/245/242
f 254/254/251 258/258/255 253/253/250
f 258/258/255 255/255/252 253/253/250
f 259/259/256 255/255/252 258/258/255
f 256/256/253 260/260/257 257/257/254
f 261/261/258 258/258/255 262/262/259
f 263/263/260 260/260/257 256/256/253
f 264/264/261 259/259/256 258/258/255
f 265/265/262 260/260/257 263/263/260
f 266/266/263 258/258/255 261/261/258
f 267/267/264 268/268/265 260/260/257
f 266/266/263 264/264/261 258/258/255
f 265/265/262 267/267/264 260/260/257
f 269/269/266 264/264/261 266/266/263
f 267/267/264 270/270/267 268/268/265
f 270/270/267 271/271/268 268/268/265
f 272/272/269 269/269/266 266/266/263
f 273/273/270 272/272/269 266/266/263
f 274/274/271 267/267/264 265/265/262
f 272/272/269 275/275/272 269/269/266
f 274/274/271 270/270/267 267/267/264
f 276/276/273 272/272/269 273/273/270
f 272/272/269 277/277/274 275/275/272
f 276/276/273 273/273/270 278/278/275
f 279/279/276 271/271/268 270/270/267
f 276/276/273 277/277/274 272/272/269
f 280/280/277 270/270/267 274/274/271
f 279/279/276 281/281/278 271/271/268
f 278/278/275 282/282/279 276/276/273
f 280/280/277 279/279/276 270/270/267
f 282/282/279 277/277/274 276/276/273
f 279/279/276 283/283/280 281/281/278
f 284/284/281 277/277/274 282/282/279
f 285/285/282 282/282/279 278/278/275
f 280/280/277 283/283/280 279/279/276
f 283/283/280 286/286/283 281/281/278
f 280/280/277 287/287/284 283/283/280
f 282/282/279 288/288/285 284/284/281
f 289/289/286 286/286/283 283/283/280
f 289/289/286 290/290/287 286/286/283
f 291/291/288 289/289/286 283/283/280
f 287/287/284 291/291/288 283/283/280
f 288/288/285 282/282/279 285/285/282
f 288/288/285 285/285/282 292/292/289
f 289/289/286 293/293/290 290/290/287
f 294/294/291 288/288/285 292/292/289
f 295/295/292 293/293/290 289/289/286
f 291/291/288 296/296/293 289/289/286
f 297/297/294 292/292/289 298/298/295
f 297/297/294 298/298/295 299/299/296
f 295/295/292 300/300/297 293/293/290
f 296/296/293 295/295/292 289/289/286
f 301/301/298 297/297/294 299/299/296
f 294/294/291 292/292/289 297/297/294
f 302/302/299 295/295/292 296/296/293
f 295/295/292 303/303/300 300/300/297
f 304/304/301 294/294/291 297/297/294
f 304/304/301 297/297/294 301/301/298
f 305/305/302 306/306/303 307/307/304
f 308/308/305 304/304/301 301/301/298
f 302/302/299 309/309/306 295/295/292
f 310/310/307 307/307/304 311/311/308
f 312/312/309 309/309/306 302/302/299
f 309/309/306 303/303/300 295/295/292
f 310/310/307 305/305/302 307/307/304
f 308/308/305 301/301/298 306/306/303
f 313/313/310 303/303/300 309/309/306
f 314/314/311 308/308/305 306/306/303
f 305/305/302 314/314/311 306/306/303
f 315/315/312 311/311/308 303/303/300
f 315/315/312 316/316/313 310/310/307
f 315/315/312 310/310/307 311/311/308
f 315/315/312 303/303/300 313/313/310
f 305/305/302 317/317/314 314/314/311
f 316/316/313 305/305/302 310/310/307
f 316/316/313 317/317/314 305/305/302
f 318/318/315 319/319/316 320/320/317
f 321/321/318 319/319/316 318/318/315
f 321/321/318 322/322/319 319/319/316
f 323/323/320 322/322/319 321/321/318
f 324/324/321 323/323/320 321/321/318
f 325/325/322 323/323/320 324/324/321
f 326/326/323 320/320/317 327/327/324
f 326/326/323 318/318/315 320/320/317
f 321/321/318 318/318/315 328/328/325
f 329/329/326 325/325/322 324/324/321
f 326/326/323 327/327/324 330/330/327
f 324/324/321 321/321/318 328/328/325
f 331/331/328 325/325/322 329/329/326
f 318/318/315 326/326/323 332/332/329
f 333/333/330 325/325/322 331/331/328
f 334/334/331 326/326/323 330/330/327
f 335/335/332 328/328/325 318/318/315
f 336/336/333 329/329/326 324/324/321
f 324/324/321 328/328/325 337/337/334
f 332/332/329 326/326/323 334/334/331
f 335/335/332 318/318/315 332/332/329
f 331/331/328 329/329/326 336/336/333
f 334/334/331 330/330/327 338/338/335
f 339/339/336 333/333/330 331/331/328
f 334/334/331 338/338/335 340/340/337
f 341/341/338 339/339/336 331/331/328
f 332/332/329 334/334/331 342/342/339
f 337/337/334 328/328/325 343/343/340
f 342/342/339 334/334/331 340/340/337
f 344/344/341 331/331/328 336/336/333
f 341/341/338 331/331/328 344/344/341
f 345/345/342 324/324/321 337/337/334
f 345/345/342 336/336/333 324/324/321
f 339/339/336 341/341/338 346/346/343
f 332/332/329 342/342/339 347/347/344
f 343/343/340 328/328/325 335/335/332
f 345/345/342 344/344/341 336/336/333
f 340/340/337 338/338/335 348/348/345
f 349/349/346 339/339/336 346/346/343
f 347/347/344 335/335/332 332/332/329
f 340/340/337 348/348/345 350/350/347
f 345/345/342 337/337/334 351/351/348
f 352/352/349 340/340/337 350/350/347
f 353/353/350 346/346/343 341/341/338
f 344/344/341 345/345/342 354/354/351
f 355/355/352 344/344/341 356/356/353
f 354/354/351 345/345/342 351/351/348
f 356/356/353 344/344/341 354/354/351
f 341/341/338 344/344/341 355/355/352
f 342/342/339 340/340/337 352/352/349
f 349/349/346 346/346/343 357/357/354
f 347/347/344 342/342/339 358/358/355
f 351/351/348 337/337/334 343/343/340
f 353/353/350 341/341/338 355/355/352
f 352/352/349 350/350/347 359/359/356
f 357/357/354 346/346/343 353/353/350
f 360/360/357 349/349/346 357/357/354
f 335/335/332 347/347/344 358/358/355
f 343/343/340 335/335/332 361/361/358
f 361/361/358 335/335/332 358/358/355
f 362/362/359 352/352/349 359/359/356
f 363/363/360 342/342/339 352/352/349
f 364/364/361 355/355/352 356/356/353
f 365/365/362 360/360/357 357/357/354
f 366/366/363 342/342/339 363/363/360
f 358/358/355 342/342/339 366/366/363
f 363/363/360 352/352/349 362/362/359
f 351/351/348 343/343/340 361/361/358
f 353/353/350 355/355/352 364/364/361
f 364/364/361 356/356/353 354/354/351
f 362/362/359 359/359/356 367/367/364
f 368/368/365 351/351/348 361/361/358
f 369/369/366 357/357/354 353/353/350
f 369/369/366 365/365/362 357/357/354
f 361/361/358 358/358/355 370/370/367
f 354/354/351 351/351/348 368/368/365
f 371/371/368 364/364/361 354/354/351
f 372/372/369 353/353/350 364/364/361
f 373/373/370 362/362/359 367/367/364
f 363/363/360 362/362/359 373/373/370
f 369/369/366 353/353/350 372/372/369
f 366/366/363 363/363/360 374/374/371
f 375/375/372 358/358/355 366/366/363
f 376/376/373 354/354/351 368/368/365
f 377/377/374 364/364/361 371/371/368
f 372/372/369 364/364/361 377/377/374
f 378/378/375 363/363/360 373/373/370
f 370/370/367 358/358/355 375/375/372
f 371/371/368 354/354/351 376/376/373
f 379/379/376 365/365/362 369/369/366
f 374/374/371 363/363/360 378/378/375
f 380/380/377 361/361/358 370/370/367
f 380/380/377 368/368/365 361/361/358
f 373/373/370 367/367/364 381/381/378
f 382/382/379 368/368/365 380/380/377
f 375/375/372 366/366/363 374/374/371
f 383/383/380 370/370/367 375/375/372
f 384/384/381 371/371/368 376/376/373
f 376/376/373 368/368/365 382/382/379
f 380/380/377 370/370/367 385/385/382
f 377/377/374 371/371/368 384/384/381
f 369/369/366 372/372/369 386/386/383
f 385/385/382 370/370/367 383/383/380
f 387/387/384 379/379/376 369/369/366
f 383/383/380 375/375/372 374/374/371
f 373/373/370 381/381/378 388/388/385
f 389/389/386 379/379/376 387/387/384
f 386/386/383 372/372/369 377/377/374
f 378/378/375 373/373/370 390/390/387
f 387/387/384 369/369/366 386/386/383
f 391/391/388 380/380/377 385/385/382
f 382/382/379 380/380/377 391/391/388
f 384/384/381 376/376/373 392/392/389
f 390/390/387 373/373/370 388/388/385
f 383/383/380 374/374/371 393/393/390
f 392/392/389 376/376/373 382/382/379
f 393/393/390 374/374/371 378/378/375
f 394/394/391 385/385/382 383/383/380
f 386/386/383 377/377/374 384/384/381
f 378/378/375 390/390/387 395/395/392
f 396/396/393 387/387/384 386/386/383
f 397/397/394 386/386/383 384/384/381
f 398/398/395 387/387/384 396/396/393
f 389/389/386 387/387/384 398/398/395
f 390/390/387 388/388/385 399/399/396
f 394/394/391 383/383/380 400/400/397
f 401/401/398 382/382/379 391/391/388
f 402/402/399 390/390/387 399/399/396
f 393/393/390 378/378/375 395/395/392
f 403/403/400 391/391/388 385/385/382
f 397/397/394 384/384/381 404/404/401
f 400/400/397 383/383/380 393/393/390
f 403/403/400 385/385/382 394/394/391
f 392/392/389 382/382/379 401/401/398
f 404/404/401 384/384/381 392/392/389
f 396/396/393 386/386/383 397/397/394
f 395/395/392 390/390/387 402/402/399
f 405/405/402 389/389/386 398/398/395
f 406/406/403 393/393/390 395/395/392
f 400/400/397 393/393/390 406/406/403
f 403/403/400 394/394/391 400/400/397
f 407/407/404 395/395/392 402/402/399
f 401/401/398 391/391/388 403/403/400
f 404/404/401 392/392/389 408/408/405
f 396/396/393 397/397/394 409/409/406
f 402/402/399 399/399/396 410/410/407
f 398/398/395 396/396/393 409/409/406
f 406/406/403 395/395/392 407/407/404
f 411/411/408 404/404/401 408/408/405
f 398/398/395 409/409/406 412/412/409
f 413/413/410 405/405/402 398/398/395
f 397/397/394 404/404/401 411/411/408
f 414/414/411 406/406/403 407/407/404
f 415/415/412 403/403/400 400/400/397
f 416/416/413 402/402/399 410/410/407
f 400/400/397 406/406/403 417/417/414
f 416/416/413 410/410/407 418/418/415
f 416/416/413 407/407/404 402/402/399
f 413/413/410 398/398/395 412/412/409
f 415/415/412 400/400/397 417/417/414
f 401/401/398 403/403/400 419/419/416
f 420/420/417 392/392/389 401/401/398
f 408/408/405 392/392/389 420/420/417
f 417/417/414 406/406/403 414/414/411
f 419/419/416 403/403/400 415/415/412
f 409/409/406 397/397/394 421/421/418
f 397/397/394 411/411/408 421/421/418
f 412/412/409 409/409/406 422/422/419
f 423/423/420 415/415/412 417/417/414
f 424/424/421 401/401/398 419/419/416
f 421/421/418 411/411/408 425/425/422
f 408/408/405 420/420/417 426/426/423
f 427/427/424 408/408/405 426/426/423
f 411/411/408 408/408/405 427/427/424
f 428/428/425 407/407/404 416/416/413
f 429/429/426 413/413/410 412/412/409
f 414/414/411 407/407/404 428/428/425
f 423/423/420 419/419/416 415/415/412
f 420/420/417 401/401/398 424/424/421
f 425/425/422 411/411/408 427/427/424
f 430/430/427 409/409/406 421/421/418
f 422/422/419 409/409/406 430/430/427
f 423/423/420 417/417/414 414/414/411
f 421/421/418 425/425/422 430/430/427
f 426/426/423 420/420/417 424/424/421
f 422/422/419 431/431/428 412/412/409
f 424/424/421 419/419/416 432/432/429
f 427/427/424 426/426/423 433/433/430
f 416/416/413 418/418/415 434/434/431
f 429/429/426 412/412/409 431/431/428
f 435/435/432 414/414/411 428/428/425
f 426/426/423 424/424/421 436/436/433
f 437/437/434 416/416/413 434/434/431
f 428/428/425 416/416/413 437/437/434
f 431/431/428 422/422/419 430/430/427
f 423/423/420 414/414/411 438/438/435
f 425/425/422 427/427/424 433/433/430
f 439/439/436 430/430/427 425/425/422
f 438/438/435 414/414/411 435/435/432
f 436/436/433 424/424/421 432/432/429
f 432/432/429 419/419/416 423/423/420
f 440/440/437 429/429/426 431/431/428
f 431/431/428 430/430/427 441/441/438
f 435/435/432 428/428/425 437/437/434
f 442/442/439 436/436/433 432/432/429
f 439/439/436 425/425/422 433/433/430
f 441/441/438 430/430/427 439/439/436
f 433/433/430 426/426/423 436/436/433
f 443/443/440 437/437/434 434/434/431
f 444/444/441 431/431/428 441/441/438
f 440/440/437 431/431/428 444/444/441
f 432/432/429 423/423/420 445/445/442
f 435/435/432 437/437/434 443/443/440
f 445/445/442 423/423/420 438/438/435
f 433/433/430 436/436/433 446/446/443
f 447/447/444 438/438/435 435/435/432
f 441/441/438 439/439/436 448/448/445
f 449/449/446 435/435/432 443/443/440
f 450/450/447 438/438/435 447/447/444
f 451/451/448 441/441/438 448/448/445
f 444/444/441 441/441/438 451/451/448
f 452/452/449 442/442/439 432/432/429
f 439/439/436 433/433/430 453/453/450
f 445/445/442 438/438/435 450/450/447
f 432/432/429 445/445/442 454/454/451
f 436/436/433 442/442/439 455/455/452
f 453/453/450 433/433/430 446/446/443
f 447/447/444 435/435/432 449/449/446
f 448/448/445 439/439/436 453/453/450
f 452/452/449 432/432/429 454/454/451
f 453/453/450 446/446/443 456/456/453
f 446/446/443 436/436/433 455/455/452
f 454/454/451 445/445/442 450/450/447
f 452/452/449 455/455/452 442/442/439
f 447/447/444 449/449/446 457/457/454
f 456/456/453 446/446/443 458/458/455
f 454/454/451 450/450/447 459/459/456
f 460/460/457 448/448/445 453/453/450
f 460/460/457 451/451/448 448/448/445
f 458/458/455 446/446/443 455/455/452
f 450/450/447 447/447/444 457/457/454
f 461/461/458 450/450/447 457/457/454
f 462/462/459 454/454/451 459/459/456
f 460/460/457 453/453/450 463/463/460
f 452/452/449 454/454/451 462/462/459
f 459/459/456 450/450/447 461/461/458
f 464/464/461 459/459/456 461/461/458
f 463/463/460 453/453/450 456/456/453
f 465/465/462 452/452/449 462/462/459
f 465/465/462 455/455/452 452/452/449
f 458/458/455 455/455/452 465/465/462
f 463/463/460 456/456/453 466/466/463
f 462/462/459 459/459/456 464/464/461
f 466/466/463 456/456/453 458/458/455
f 467/467/464 462/462/459 464/464/461
f 468/468/465 462/462/459 467/467/464
f 465/465/462 462/462/459 468/468/465
f 466/466/463 458/458/455 469/469/466
f 470/470/467 465/465/462 468/468/465
f 469/469/466 465/465/462 470/470/467
f 469/469/466 458/458/455 465/465/462
f 471/471/468 472/472/469 473/473/470
f 474/474/471 471/471/468 473/473/470
f 475/475/472 471/471/468 474/474/471
f 476/476/473 474/474/471 477/477/474
f 478/478/475 472/472/469 471/471/468
f 476/476/473 475/475/472 474/474/471
f 478/478/475 471/471/468 475/475/472
f 479/479/476 480/480/477 472/472/469
f 478/478/475 479/479/476 472/472/469
f 479/479/476 481/481/478 480/480/477
f 481/481/478 482/482/479 480/480/477
f 483/483/480 477/477/474 484/484/481
f 483/483/480 484/484/481 485/485/482
f 481/481/478 486/486/483 482/482/479
f 487/487/484 476/476/473 477/477/474
f 483/483/480 487/487/484 477/477/474
f 488/488/485 483/483/480 485/485/482
f 489/489/486 487/487/484 483/483/480
f 489/489/486 483/483/480 488/488/485
f 490/490/487 478/478/475 475/475/472
f 491/491/488 486/486/483 481/481/478
f 492/492/489 475/475/472 476/476/473
f 492/492/489 490/490/487 475/475/472
f 493/493/490 491/491/488 481/481/478
f 494/494/491 493/493/490 481/481/478
f 494/494/491 481/481/478 479/479/476
f 490/490/487 479/479/476 478/478/475
f 495/495/492 489/489/486 488/488/485
f 487/487/484 492/492/489 476/476/473
f 496/496/493 489/489/486 495/495/492
f 497/497/494 495/495/492 498/498/495
f 499/499/496 494/494/491 479/479/476
f 496/496/493 487/487/484 489/489/486
f 497/497/494 496/496/493 495/495/492
f 500/500/497 491/491/488 493/493/490
f 490/490/487 499/499/496 479/479/476
f 492/492/489 501/501/498 490/490/487
f 502/502/499 497/497/494 498/498/495
f 499/499/496 503/503/500 494/494/491
f 504/504/501 492/492/489 487/487/484
f 505/505/502 500/500/497 493/493/490
f 506/506/503 493/493/490 494/494/491
f 507/507/504 499/499/496 490/490/487
f 505/505/502 508/508/505 500/500/497
f 501/501/498 507/507/504 490/490/487
f 496/496/493 509/509/506 487/487/484
f 503/503/500 506/506/503 494/494/491
f 504/504/501 501/501/498 492/492/489
f 509/509/506 504/504/501 487/487/484
f 510/510/507 496/496/493 497/497/494
f 508/508/505 511/511/508 500/500/497
f 506/506/503 505/505/502 493/493/490
f 512/512/509 501/501/498 504/504/501
f 507/507/504 503/503/500 499/499/496
f 509/509/506 496/496/493 510/510/507
f 513/513/510 497/497/494 502/502/499
f 514/514/511 510/510/507 497/497/494
f 513/513/510 514/514/511 497/497/494
f 508/508/505 515/515/512 511/511/508
f 516/516/513 503/503/500 507/507/504
f 512/512/509 517/517/514 501/501/498
f 518/518/515 505/505/502 506/506/503
f 519/519/516 506/506/503 503/503/500
f 517/517/514 507/507/504 501/501/498
f 520/520/517 512/512/509 504/504/501
f 509/509/506 520/520/517 504/504/501
f 514/514/511 521/521/518 510/510/507
f 516/516/513 519/519/516 503/503/500
f 518/518/515 508/508/505 505/505/502
f 519/519/516 518/518/515 506/506/503
f 521/521/518 509/509/506 510/510/507
f 508/508/505 522/522/519 515/515/512
f 523/523/520 520/520/517 509/509/506
f 524/524/521 515/515/512 522/522/519
f 521/521/518 523/523/520 509/509/506
f 525/525/522 514/514/511 513/513/510
f 526/526/523 508/508/505 518/518/515
f 527/527/524 521/521/518 514/514/511
f 525/525/522 527/527/524 514/514/511
f 525/525/522 513/513/510 528/528/525
f 526/526/523 522/522/519 508/508/505
f 529/529/526 517/517/514 512/512/509
f 530/530/527 519/519/516 516/516/513
f 531/531/528 516/516/513 507/507/504
f 531/531/528 507/507/504 517/517/514
f 532/532/529 529/529/526 512/512/509
f 532/532/529 512/512/509 520/520/517
f 533/533/530 520/520/517 523/523/520
f 529/529/526 531/531/528 517/517/514
f 533/533/530 523/523/520 521/521/518
f 534/534/531 522/522/519 526/526/523
f 531/531/528 530/530/527 516/516/513
f 533/533/530 532/532/529 520/520/517
f 519/519/516 535/535/532 518/518/515
f 535/535/532 526/526/523 518/518/515
f 530/530/527 536/536/533 519/519/516
f 537/537/534 524/524/521 522/522/519
f 534/534/531 537/537/534 522/522/519
f 538/538/535 533/533/530 521/521/518
f 536/536/533 535/535/532 519/519/516
f 527/527/524 538/538/535 521/521/518
f 537/537/534 539/539/536 524/524/521
f 540/540/537 527/527/524 525/525/522
f 541/541/538 531/531/528 529/529/526
f 532/532/529 542/542/539 529/529/526
f 540/540/537 543/543/540 527/527/524
f 544/544/541 534/534/531 526/526/523
f 544/544/541 526/526/523 535/535/532
f 541/541/538 530/530/527 531/531/528
f 545/545/542 532/532/529 533/533/530
f 543/543/540 538/538/535 527/527/524
f 545/545/542 546/546/543 532/532/529
f 547/547/544 539/539/536 537/537/534
f 548/548/545 537/537/534 534/534/531
f 546/546/543 542/542/539 532/532/529
f 547/547/544 537/537/534 548/548/545
f 549/549/546 536/536/533 530/530/527
f 541/541/538 549/549/546 530/530/527
f 542/542/539 541/541/538 529/529/526
f 550/550/547 545/545/542 533/533/530
f 544/544/541 548/548/545 534/534/531
f 551/551/548 544/544/541 535/535/532
f 538/538/535 550/550/547 533/533/530
f 551/551/548 535/535/532 536/536/533
f 550/550/547 546/546/543 545/545/542
f 552/552/549 538/538/535 543/543/540
f 553/553/550 540/540/537 554/554/551
f 553/553/550 543/543/540 540/540/537
f 555/555/552 541/541/538 542/542/539
f 556/556/553 551/551/548 536/536/533
f 552/552/549 543/543/540 557/557/554
f 553/553/550 557/557/554 543/543/540
f 558/558/555 547/547/544 548/548/545
f 559/559/556 544/544/541 551/551/548
f 549/549/546 556/556/553 536/536/533
f 560/560/557 549/549/546 541/541/538
f 546/546/543 555/555/552 542/542/539
f 560/560/557 541/541/538 555/555/552
f 561/561/558 546/546/543 550/550/547
f 562/562/559 550/550/547 538/538/535
f 563/563/560 557/557/554 553/553/550
f 548/548/545 544/544/541 559/559/556
f 552/552/549 562/562/559 538/538/535
f 564/564/561 556/556/553 549/549/546
f 564/564/561 549/549/546 560/560/557
f 565/565/562 555/555/552 546/546/543
f 566/566/563 559/559/556 551/551/548
f 566/566/563 551/551/548 556/556/553
f 565/565/562 560/560/557 555/555/552
f 564/564/561 566/566/563 556/556/553
f 567/567/564 546/546/543 561/561/558
f 562/562/559 568/568/565 550/550/547
f 569/569/566 552/552/549 557/557/554
f 569/569/566 557/557/554 563/563/560
f 570/570/567 548/548/545 559/559/556
f 567/567/564 565/565/562 546/546/543
f 570/570/567 558/558/555 548/548/545
f 570/570/567 571/571/568 558/558/555
f 566/566/563 570/570/567 559/559/556
f 568/568/565 561/561/558 550/550/547
f 572/572/569 560/560/557 565/565/562
f 573/573/570 569/569/566 563/563/560
f 574/574/571 566/566/563 564/564/561
f 567/567/564 561/561/558 568/568/565
f 575/575/572 562/562/559 552/552/549
f 569/569/566 575/575/572 552/552/549
f 576/576/573 571/571/568 570/570/567
f 577/577/574 564/564/561 560/560/557
f 578/578/575 567/567/564 568/568/565
f 566/566/563 576/576/573 570/570/567
f 577/577/574 574/574/571 564/564/561
f 572/572/569 577/577/574 560/560/557
f 579/579/576 565/565/562 567/567/564
f 575/575/572 568/568/565 562/562/559
f 580/580/577 576/576/573 566/566/563
f 579/579/576 572/572/569 565/565/562
f 581/581/578 571/571/568 576/576/573
f 574/574/571 580/580/577 566/566/563
f 575/575/572 578/578/575 568/568/565
f 581/581/578 582/582/579 571/571/568
f 583/583/580 577/577/574 572/572/569
f 573/573/570 584/584/581 569/569/566
f 584/584/581 575/575/572 569/569/566
f 585/585/582 586/586/583 567/567/564
f 585/585/582 567/567/564 578/578/575
f 584/584/581 587/587/584 575/575/572
f 583/583/580 572/572/569 579/579/576
f 586/586/583 579/579/576 567/567/564
f 588/588/585 581/581/578 576/576/573
f 589/589/586 574/574/571 577/577/574
f 580/580/577 574/574/571 589/589/586
f 590/590/587 577/577/574 583/583/580
f 587/587/584 578/578/575 575/575/572
f 580/580/577 588/588/585 576/576/573
f 589/589/586 577/577/574 590/590/587
f 591/591/588 583/583/580 579/579/576
f 591/591/588 579/579/576 586/586/583
f 592/592/589 581/581/578 588/588/585
f 585/585/582 593/593/590 586/586/583
f 594/594/591 585/585/582 578/578/575
f 595/595/592 587/587/584 584/584/581
f 591/591/588 590/590/587 583/583/580
f 596/596/593 578/578/575 587/587/584
f 595/595/592 596/596/593 587/587/584
f 597/597/594 595/595/592 584/584/581
f 598/598/595 588/588/585 580/580/577
f 594/594/591 593/593/590 585/585/582
f 598/598/595 580/580/577 589/589/586
f 596/596/593 594/594/591 578/578/575
f 591/591/588 586/586/583 593/593/590
f 599/599/596 596/596/593 595/595/592
f 593/593/590 600/600/597 591/591/588
f 601/601/598 592/592/589 588/588/585
f 602/602/599 590/590/587 591/591/588
f 603/603/600 600/600/597 593/593/590
f 594/594/591 604/604/601 593/593/590
f 605/605/602 601/601/598 588/588/585
f 605/605/602 588/588/585 598/598/595
f 602/602/599 589/589/586 590/590/587
f 600/600/597 602/602/599 591/591/588
f 606/606/603 594/594/591 596/596/593
f 603/603/600 593/593/590 604/604/601
f 607/607/604 606/606/603 596/596/593
f 607/607/604 596/596/593 599/599/596
f 608/608/605 598/598/595 589/589/586
f 602/602/599 608/608/605 589/589/586
f 608/608/605 605/605/602 598/598/595
f 609/609/606 600/600/597 603/603/600
f 606/606/603 604/604/601 594/594/591
f 610/610/607 605/605/602 608/608/605
f 611/611/608 602/602/599 600/600/597
f 612/612/609 613/613/610 606/606/603
f 612/612/609 606/606/603 607/607/604
f 614/614/611 609/609/606 603/603/600
f 606/606/603 613/613/610 604/604/601
f 615/615/612 610/610/607 608/608/605
f 609/609/606 611/611/608 600/600/597
f 615/615/612 608/608/605 602/602/599
f 614/614/611 603/603/600 604/604/601
f 613/613/610 614/614/611 604/604/601
f 612/612/609 616/616/613 613/613/610
f 617/617/614 614/614/611 613/613/610
f 618/618/615 610/610/607 615/615/612
f 617/617/614 613/613/610 616/616/613
f 619/619/616 615/615/612 602/602/599
f 619/619/616 602/602/599 611/611/608
f 609/609/606 619/619/616 611/611/608
f 620/620/617 615/615/612 619/619/616
f 614/614/611 619/619/616 609/609/606
f 621/621/618 619/619/616 614/614/611
f 620/620/617 618/618/615 615/615/612
f 621/621/618 614/614/611 617/617/614
f 622/622/619 623/623/620 624/624/621
f 624/624/621 625/625/622 622/622/619
f 626/626/623 623/623/620 627/627/624
f 622/622/619 627/627/624 623/623/620
f 622/622/619 625/625/622 628/628/625
f 629/629/626 626/626/623 627/627/624
f 630/630/627 628/628/625 625/625/622
f 631/631/628 632/632/629 630/630/627
f 629/629/626 627/627/624 633/633/630
f 633/633/630 627/627/624 622/622/619
f 633/633/630 622/622/619 634/634/631
f 630/630/627 635/635/632 628/628/625
f 636/636/222 629/629/626 633/633/630
f 634/634/631 622/622/619 628/628/625
f 632/632/629 635/635/632 630/630/627
f 637/637/633 635/635/632 632/632/629
f 628/628/625 635/635/632 638/638/634
f 638/638/634 634/634/631 628/628/625
f 639/639/635 634/634/631 638/638/634
f 640/640/636 633/633/630 634/634/631
f 637/637/633 641/641/637 635/635/632
f 641/641/637 638/638/634 635/635/632
f 640/640/636 634/634/631 639/639/635
f 642/642/228 636/636/222 633/633/630
f 641/641/637 639/639/635 638/638/634
f 642/642/228 633/633/630 640/640/636
f 643/643/512 641/641/637 637/637/633
f 644/644/638 642/642/228 640/640/636
f 639/639/635 641/641/637 645/645/639
f 646/646/640 640/640/636 639/639/635
f 647/647/641 640/640/636 646/646/640
f 644/644/638 640/640/636 647/647/641
f 646/646/640 639/639/635 648/648/642
f 644/644/638 649/649/643 642/642/228
f 650/650/644 651/651/645 647/647/641
f 644/644/638 647/647/641 651/651/645
f 652/652/646 653/653/647 648/648/642
f 650/650/644 653/653/647 652/652/646
f 654/654/648 641/641/637 643/643/512
f 655/655/649 639/639/635 645/645/639
f 655/655/649 648/648/642 639/639/635
f 652/652/646 648/648/642 655/655/649
f 644/644/638 651/651/645 656/656/650
f 657/657/237 649/649/643 644/644/638
f 654/654/648 645/645/639 641/641/637
f 650/650/644 652/652/646 658/658/651
f 650/650/644 659/659/652 651/651/645
f 660/660/653 655/655/649 645/645/639
f 661/661/654 655/655/649 660/660/653
f 661/661/654 652/652/646 655/655/649
f 659/659/652 656/656/650 651/651/645
f 652/652/646 661/661/654 658/658/651
f 658/658/651 662/662/655 659/659/652
f 658/658/651 659/659/652 650/650/644
f 659/659/652 662/662/655 656/656/650
f 644/644/638 656/656/650 663/663/656
f 657/657/237 644/644/638 663/663/656
f 664/664/536 645/645/639 654/654/648
f 662/662/655 661/661/654 663/663/656
f 658/658/651 661/661/654 662/662/655
f 663/663/656 656/656/650 662/662/655
f 660/660/653 645/645/639 664/664/536
f 665/665/657 663/663/656 661/661/654
f 666/666/658 661/661/654 660/660/653
f 665/665/657 661/661/654 666/666/658
f 667/667/659 666/666/658 660/660/653
f 668/668/660 660/660/653 664/664/536
f 667/667/659 660/660/653 668/668/660
f 669/669/661 668/668/660 664/664/536
f 670/670/662 667/667/659 668/668/660
f 671/671/663 668/668/660 669/669/661
f 670/670/662 668/668/660 671/671/663
f 671/671/663 669/669/661 672/672/664
f 673/673/665 670/670/662 671/671/663
f 674/674/666 671/671/663 672/672/664
f 674/674/666 672/672/664 675/675/667
f 676/676/668 677/677/669 678/678/670
f 679/679/671 677/677/669 676/676/668
f 676/676/668 678/678/670 680/680/642
f 681/681/235 682/682/672 683/683/673
f 681/681/235 684/684/674 682/682/672
f 685/685/675 684/684/674 681/681/235
f 686/686/676 687/687/107 688/688/677
f 689/689/678 688/688/677 690/690/679
f 689/689/678 686/686/676 688/688/677
f 691/691/680 689/689/678 690/690/679
f 692/692/681 689/689/678 691/691/680
f 692/692/681 693/693/682 689/689/678
f 693/693/682 686/686/676 689/689/678
f 688/688/677 687/687/107 694/694/683
f 686/686/676 695/695/684 687/687/107
f 686/686/676 696/696/685 695/695/684
f 697/697/686 696/696/685 686/686/676
f 693/693/682 697/697/686 686/686/676
f 692/692/681 698/698/687 693/693/682
f 698/698/687 699/699/688 693/693/682
f 699/699/688 697/697/686 693/693/682
f 697/697/686 700/700/689 696/696/685
f 701/701/690 700/700/689 697/697/686
f 701/701/690 702/702/691 700/700/689
f 703/703/692 704/704/693 705/705/694
f 703/703/692 705/705/694 700/700/689
f 702/702/691 703/703/692 700/700/689
f 702/702/691 706/706/695 703/703/692
f 707/707/696 708/708/697 704/704/693
f 709/709/698 704/704/693 703/703/692
f 706/706/695 709/709/698 703/703/692
f 709/709/698 707/707/696 704/704/693
f 710/710/699 711/711/700 712/712/701
f 710/710/699 712/712/701 708/708/697
f 713/713/702 710/710/699 708/708/697
f 707/707/696 713/713/702 708/708/697
f 714/714/110 694/694/683 715/715/703
f 714/714/110 688/688/677 694/694/683
f 700/700/689 716/716/704 696/696/685
f 700/700/689 705/705/694 716/716/704
f 699/699/688 701/701/690 697/697/686
f 704/704/693 717/717/705 705/705/694
f 708/708/697 717/717/705 704/704/693
f 708/708/697 712/712/701 717/717/705
f 718/718/706 707/707/696 709/709/698
f 719/719/707 720/720/708 711/711/700
f 710/710/699 719/719/707 711/711/700
f 718/718/706 713/713/702 707/707/696
f 713/713/702 721/721/709 710/710/699
f 721/721/709 719/719/707 710/710/699
f 722/722/710 720/720/708 719/719/707
f 721/721/709 722/722/710 719/719/707
f 723/723/131 720/720/708 722/722/710
f 724/724/141 723/723/131 722/722/710
f 725/725/711 726/726/657 727/727/712
f 727/727/712 726/726/657 728/728/713
f 729/729/714 726/726/657 725/725/711
f 730/730/715 725/725/711 727/727/712
f 731/731/716 729/729/714 725/725/711
f 730/730/715 731/731/716 725/725/711
f 732/732/717 733/733/656 734/734/718
f 735/735/237 733/733/656 732/732/717
f 736/736/719 735/735/237 732/732/717
f 737/737/720 736/736/719 732/732/717
f 737/737/720 732/732/717 738/738/721
f 739/739/722 737/737/720 738/738/721
f 740/740/723 738/738/721 741/741/724
f 739/739/722 738/738/721 740/740/723
f 742/742/725 737/737/720 739/739/722
f 743/743/726 739/739/722 740/740/723
f 742/742/725 739/739/722 743/743/726
f 743/743/726 740/740/723 744/744/727
f 742/742/725 743/743/726 745/745/246
f 746/746/728 747/747/729 744/744/727
f 747/747/729 748/748/730 749/749/731
f 747/747/729 749/749/731 744/744/727
f 750/750/732 744/744/727 749/749/731
f 743/743/726 744/744/727 750/750/732
f 745/745/246 743/743/726 750/750/732
f 750/750/732 749/749/731 751/751/733
f 752/752/251 745/745/246 750/750/732
f 753/753/734 754/754/735 755/755/237
f 756/756/736 753/753/734 755/755/237
f 757/757/737 758/758/738 759/759/677
f 760/760/739 758/758/738 757/757/737
f 761/761/680 758/758/738 760/760/739
f 762/762/740 761/761/680 763/763/741
f 763/763/741 761/761/680 760/760/739
f 764/764/742 762/762/740 763/763/741
f 763/763/741 760/760/739 765/765/743
f 766/766/744 763/763/741 765/765/743
f 764/764/742 763/763/741 767/767/745
f 767/767/745 763/763/741 766/766/744
f 766/766/744 765/765/743 768/768/746
f 769/769/747 766/766/744 768/768/746
f 767/767/745 766/766/744 769/769/747
f 770/770/748 767/767/745 769/769/747
f 769/769/747 768/768/746 771/771/248
f 772/772/749 773/773/750 774/774/751
f 772/772/749 774/774/751 775/775/752
f 776/776/753 769/769/747 771/771/248
f 770/770/748 769/769/747 776/776/753
f 777/777/754 772/772/749 775/775/752
f 771/771/248 772/772/749 777/777/754
f 776/776/753 771/771/248 777/777/754
f 778/778/755 779/779/756 780/780/110
f 781/781/734 778/778/755 780/780/110
f 782/782/757 778/778/755 781/781/734
f 783/783/740 784/784/758 785/785/759
f 786/786/760 784/784/758 783/783/740
f 787/787/761 788/788/762 789/789/763
f 790/790/764 791/791/765 788/788/762
f 790/790/764 792/792/766 791/791/765
f 786/786/760 793/793/767 784/784/758
f 786/786/760 794/794/768 793/793/767
f 793/793/767 794/794/768 795/795/688
f 796/796/769 797/797/702 792/792/766
f 798/798/770 799/799/690 795/795/688
f 799/799/690 787/787/761 789/789/763
f 790/790/764 788/788/762 787/787/761
f 796/796/769 800/800/771 797/797/702
f 801/801/772 786/786/760 783/783/740
f 801/801/772 794/794/768 786/786/760
f 798/798/770 795/795/688 794/794/768
f 802/802/773 796/796/769 792/792/766
f 803/803/774 804/804/775 800/800/771
f 798/798/770 805/805/776 799/799/690
f 806/806/777 787/787/761 799/799/690
f 802/802/773 792/792/766 790/790/764
f 807/807/778 803/803/774 800/800/771
f 807/807/778 800/800/771 796/796/769
f 803/803/774 808/808/141 804/804/775
f 805/805/776 806/806/777 799/799/690
f 787/787/761 809/809/779 790/790/764
f 810/810/780 798/798/770 794/794/768
f 806/806/777 809/809/779 787/787/761
f 809/809/779 802/802/773 790/790/764
f 798/798/770 811/811/781 812/812/782
f 798/798/770 812/812/782 805/805/776
f 802/802/773 813/813/783 796/796/769
f 813/813/783 807/807/778 796/796/769
f 814/814/784 803/803/774 807/807/778
f 815/815/785 814/814/784 807/807/778
f 816/816/786 808/808/141 803/803/774
f 801/801/772 810/810/780 794/794/768
f 810/810/780 811/811/781 798/798/770
f 817/817/787 806/806/777 805/805/776
f 815/815/785 818/818/788 819/819/789
f 815/815/785 819/819/789 814/814/784
f 816/816/786 820/820/146 808/808/141
f 812/812/782 817/817/787 805/805/776
f 818/818/788 821/821/790 819/819/789
f 814/814/784 816/816/786 803/803/774
f 822/822/791 821/821/790 818/818/788
f 823/823/792 822/822/791 818/818/788
f 824/824/793 813/813/783 802/802/773
f 825/825/794 812/812/782 811/811/781
f 826/826/795 819/819/789 821/821/790
f 814/814/784 819/819/789 826/826/795
f 827/827/796 816/816/786 814/814/784
f 810/810/780 828/828/797 811/811/781
f 828/828/797 825/825/794 811/811/781
f 822/822/791 823/823/792 829/829/798
f 830/830/799 813/813/783 824/824/793
f 826/826/795 827/827/796 814/814/784
f 817/817/787 831/831/800 806/806/777
f 832/832/801 802/802/773 809/809/779
f 833/833/802 810/810/780 801/801/772
f 833/833/802 828/828/797 810/810/780
f 812/812/782 825/825/794 817/817/787
f 831/831/800 809/809/779 806/806/777
f 832/832/801 824/824/793 802/802/773
f 834/834/803 825/825/794 828/828/797
f 834/834/803 817/817/787 825/825/794
f 835/835/804 832/832/801 809/809/779
f 836/836/805 822/822/791 829/829/798
f 822/822/791 837/837/806 821/821/790
f 837/837/806 826/826/795 821/821/790
f 838/838/807 833/833/802 801/801/772
f 839/839/808 837/837/806 822/822/791
f 836/836/805 839/839/808 822/822/791
f 840/840/809 826/826/795 837/837/806
f 841/841/810 830/830/799 824/824/793
f 842/842/811 843/843/162 820/820/146
f 816/816/786 842/842/811 820/820/146
f 831/831/800 835/835/804 809/809/779
f 841/841/810 824/824/793 832/832/801
f 839/839/808 840/840/809 837/837/806
f 844/844/812 839/839/808 836/836/805
f 827/827/796 842/842/811 816/816/786
f 840/840/809 827/827/796 826/826/795
f 833/833/802 834/834/803 828/828/797
f 841/841/810 844/844/812 830/830/799
f 844/844/812 840/840/809 839/839/808
f 838/838/807 801/801/772 845/845/745
f 846/846/813 834/834/803 833/833/802
f 834/834/803 847/847/814 817/817/787
f 847/847/814 831/831/800 817/817/787
f 848/848/815 843/843/162 842/842/811
f 849/849/816 842/842/811 827/827/796
f 838/838/807 850/850/817 833/833/802
f 850/850/817 846/846/813 833/833/802
f 851/851/818 835/835/804 831/831/800
f 852/852/819 832/832/801 835/835/804
f 853/853/820 827/827/796 840/840/809
f 853/853/820 840/840/809 844/844/812
f 838/838/807 845/845/745 854/854/821
f 852/852/819 841/841/810 832/832/801
f 849/849/816 848/848/815 842/842/811
f 853/853/820 849/849/816 827/827/796
f 846/846/813 847/847/814 834/834/803
f 850/850/817 855/855/822 846/846/813
f 855/855/822 847/847/814 846/846/813
f 847/847/814 855/855/822 856/856/823
f 847/847/814 856/856/823 831/831/800
f 856/856/823 851/851/818 831/831/800
f 851/851/818 852/852/819 835/835/804
f 852/852/819 857/857/824 841/841/810
f 841/841/810 858/858/825 844/844/812
f 858/858/825 853/853/820 844/844/812
f 859/859/826 838/838/807 854/854/821
f 859/859/826 850/850/817 838/838/807
f 860/860/827 857/857/824 852/852/819
f 856/856/823 860/860/827 852/852/819
f 856/856/823 852/852/819 851/851/818
f 857/857/824 858/858/825 841/841/810
f 861/861/828 859/859/826 854/854/821
f 859/859/826 862/862/829 850/850/817
f 863/863/830 864/864/831 865/865/658
f 866/866/715 864/864/831 863/863/830
f 867/867/832 863/863/830 865/865/658
f 866/866/715 863/863/830 868/868/833
f 863/863/830 867/867/832 869/869/834
f 868/868/833 863/863/830 869/869/834
f 870/870/835 868/868/833 869/869/834
f 870/870/835 869/869/834 871/871/724
f 871/871/724 869/869/834 867/867/832
f 872/872/662 871/871/724 867/867/832
f 873/873/836 871/871/724 872/872/662
f 874/874/837 871/871/724 873/873/836
f 873/873/836 872/872/662 875/875/838
f 876/876/839 877/877/734 878/878/736
f 876/876/839 879/879/840 877/877/734
f 880/880/720 876/876/839 878/878/736
f 881/881/743 879/879/840 876/876/839
f 880/880/720 882/882/841 876/876/839
f 882/882/841 881/881/743 876/876/839
f 883/883/842 882/882/841 880/880/720
f 884/884/843 881/881/743 882/882/841
f 884/884/843 882/882/841 883/883/842
f 885/885/246 886/886/245 883/883/842
f 886/886/245 884/884/843 883/883/842
f 884/884/843 886/886/245 887/887/844
f 888/888/845 889/889/846 890/890/847
f 888/888/845 891/891/848 889/889/846
f 888/888/845 890/890/847 892/892/833
f 888/888/845 893/893/721 891/891/848
f 888/888/845 892/892/833 894/894/835
f 895/895/849 893/893/721 888/888/845
f 895/895/849 888/888/845 894/894/835
f 894/894/835 896/896/724 895/895/849
f 893/893/721 895/895/849 896/896/724
f 897/897/850 898/898/851 899/899/778
f 898/898/851 900/900/852 901/901/853
f 897/897/850 900/900/852 898/898/851
f 897/897/850 902/902/798 900/900/852
f 903/903/799 902/902/798 897/897/850
f 904/904/854 902/902/798 903/903/799
f 905/905/855 904/904/854 903/903/799
f 906/906/856 907/907/836 908/908/857
f 909/909/858 907/907/836 906/906/856
f 909/909/858 910/910/837 907/907/836
f 911/911/723 912/912/724 910/910/837
f 910/910/837 909/909/858 913/913/859
f 913/913/859 909/909/858 906/906/856
f 913/913/859 911/911/723 910/910/837
f 914/914/860 913/913/859 906/906/856
f 913/913/859 915/915/727 911/911/723
f 913/913/859 914/914/860 916/916/861
f 917/917/862 918/918/863 919/919/864
f 920/920/865 921/921/866 922/922/147
f 923/923/155 918/918/863 924/924/867
f 924/924/867 918/918/863 917/917/862
f 925/925/868 917/917/862 919/919/864
f 924/924/867 926/926/154 923/923/155
f 921/921/866 927/927/869 925/925/868
f 928/928/870 921/921/866 920/920/865
f 927/927/869 917/917/862 925/925/868
f 928/928/870 927/927/869 921/921/866
f 929/929/871 920/920/865 930/930/169
f 931/931/872 932/932/873 933/933/749
f 924/924/867 934/934/874 926/926/154
f 929/929/871 928/928/870 920/920/865
f 935/935/875 931/931/872 933/933/749
f 936/936/876 930/930/169 935/935/875
f 930/930/169 931/931/872 935/935/875
f 937/937/249 935/935/875 933/933/749
f 937/937/249 933/933/749 938/938/877
f 936/936/876 929/929/871 930/930/169
f 936/936/876 935/935/875 939/939/252
f 939/939/252 935/935/875 937/937/249
f 924/924/867 940/940/878 934/934/874
f 924/924/867 917/917/862 941/941/879
f 942/942/880 927/927/869 928/928/870
f 943/943/881 942/942/880 928/928/870
f 941/941/879 917/917/862 927/927/869
f 941/941/879 927/927/869 942/942/880
f 943/943/881 928/928/870 929/929/871
f 929/929/871 936/936/876 944/944/882
f 944/944/882 936/936/876 939/939/252
f 945/945/883 940/940/878 924/924/867
f 946/946/884 941/941/879 942/942/880
f 945/945/883 924/924/867 941/941/879
f 947/947/885 942/942/880 943/943/881
f 944/944/882 943/943/881 929/929/871
f 948/948/886 944/944/882 939/939/252
f 945/945/883 949/949/887 940/940/878
f 950/950/888 943/943/881 944/944/882
f 945/945/883 941/941/879 951/951/889
f 951/951/889 941/941/879 946/946/884
f 952/952/890 944/944/882 948/948/886
f 947/947/885 946/946/884 942/942/880
f 950/950/888 944/944/882 952/952/890
f 950/950/888 947/947/885 943/943/881
f 953/953/891 945/945/883 951/951/889
f 950/950/888 952/952/890 954/954/892
f 955/955/893 947/947/885 950/950/888
f 956/956/261 952/952/890 948/948/886
f 957/957/894 949/949/887 945/945/883
f 958/958/895 946/946/884 947/947/885
f 959/959/896 949/949/887 957/957/894
f 958/958/895 951/951/889 946/946/884
f 956/956/261 954/954/892 952/952/890
f 957/957/894 945/945/883 953/953/891
f 958/958/895 947/947/885 955/955/893
f 957/957/894 953/953/891 960/960/897
f 960/960/897 959/959/896 957/957/894
f 961/961/898 951/951/889 958/958/895
f 962/962/899 955/955/893 950/950/888
f 962/962/899 950/950/888 954/954/892
f 963/963/900 959/959/896 960/960/897
f 964/964/901 954/954/892 956/956/261
f 953/953/891 951/951/889 965/965/902
f 961/961/898 965/965/902 951/951/889
f 966/966/903 958/958/895 955/955/893
f 966/966/903 955/955/893 962/962/899
f 967/967/272 954/954/892 964/964/901
f 968/968/904 963/963/900 960/960/897
f 960/960/897 953/953/891 969/969/905
f 969/969/905 953/953/891 965/965/902
f 967/967/272 962/962/899 954/954/892
f 968/968/904 970/970/906 963/963/900
f 971/971/907 961/961/898 958/958/895
f 972/972/908 966/966/903 962/962/899
f 971/971/907 958/958/895 966/966/903
f 972/972/908 962/962/899 967/967/272
f 973/973/909 968/968/904 960/960/897
f 974/974/910 969/969/905 965/965/902
f 974/974/910 965/965/902 961/961/898
f 973/973/909 960/960/897 969/969/905
f 975/975/911 970/970/906 968/968/904
f 976/976/912 971/971/907 966/966/903
f 976/976/912 966/966/903 972/972/908
f 977/977/913 969/969/905 974/974/910
f 974/974/910 961/961/898 971/971/907
f 972/972/908 967/967/272 978/978/914
f 973/973/909 975/975/911 968/968/904
f 979/979/915 976/976/912 972/972/908
f 973/973/909 969/969/905 977/977/913
f 980/980/916 974/974/910 971/971/907
f 976/976/912 981/981/917 971/971/907
f 978/978/914 979/979/915 972/972/908
f 977/977/913 974/974/910 980/980/916
f 981/981/917 980/980/916 971/971/907
f 982/982/918 975/975/911 973/973/909
f 983/983/919 976/976/912 979/979/915
f 984/984/920 982/982/918 973/973/909
f 984/984/920 973/973/909 985/985/921
f 983/983/919 981/981/917 976/976/912
f 985/985/921 973/973/909 977/977/913
f 986/986/281 979/979/915 978/978/914
f 984/984/920 987/987/922 982/982/918
f 988/988/923 980/980/916 981/981/917
f 989/989/924 987/987/922 984/984/920
f 985/985/921 977/977/913 990/990/925
f 990/990/925 977/977/913 980/980/916
f 990/990/925 980/980/916 988/988/923
f 991/991/926 988/988/923 981/981/917
f 991/991/926 981/981/917 983/983/919
f 983/983/919 979/979/915 992/992/927
f 986/986/281 992/992/927 979/979/915
f 993/993/928 987/987/922 989/989/924
f 994/994/929 990/990/925 988/988/923
f 995/995/930 996/996/931 993/993/928
f 997/997/932 993/993/928 989/989/924
f 991/991/926 994/994/929 988/988/923
f 998/998/933 992/992/927 986/986/281
f 995/995/930 993/993/928 999/999/934
f 999/999/934 993/993/928 997/997/932
f 1000/1000/935 989/989/924 984/984/920
f 1001/1001/936 984/984/920 985/985/921
f 999/999/934 997/997/932 1002/1002/937
f 997/997/932 989/989/924 1000/1000/935
f 1000/1000/935 984/984/920 1001/1001/936
f 1003/1003/938 985/985/921 990/990/925
f 994/994/929 1003/1003/938 990/990/925
f 1004/1004/939 991/991/926 983/983/919
f 1002/1002/937 997/997/932 1000/1000/935
f 1003/1003/938 1001/1001/936 985/985/921
f 1004/1004/939 983/983/919 992/992/927
f 1005/1005/940 1004/1004/939 992/992/927
f 998/998/933 1005/1005/940 992/992/927
f 1002/1002/937 1000/1000/935 1006/1006/941
f 1006/1006/941 1000/1000/935 1001/1001/936
f 1007/1007/942 1005/1005/940 998/998/933
f 1008/1008/943 1001/1001/936 1003/1003/938
f 1009/1009/944 994/994/929 991/991/926
f 1010/1010/945 991/991/926 1004/1004/939
f 1006/1006/941 1001/1001/936 1008/1008/943
f 1010/1010/945 1009/1009/944 991/991/926
f 1011/1011/946 1002/1002/937 1006/1006/941
f 1009/1009/944 1003/1003/938 994/994/929
f 1010/1010/945 1004/1004/939 1005/1005/940
f 1009/1009/944 1008/1008/943 1003/1003/938
f 1012/1012/947 1009/1009/944 1010/1010/945
f 1011/1011/946 1006/1006/941 1008/1008/943
f 1013/1013/948 1010/1010/945 1005/1005/940
f 1013/1013/948 1005/1005/940 1007/1007/942
f 1011/1011/946 1008/1008/943 1014/1014/949
f 1014/1014/949 1008/1008/943 1009/1009/944
f 1012/1012/947 1010/1010/945 1013/1013/948
f 1015/1015/950 1013/1013/948 1007/1007/942
f 1012/1012/947 1013/1013/948 1016/1016/951
f 1017/1017/952 1009/1009/944 1012/1012/947
f 1015/1015/950 1016/1016/951 1013/1013/948
f 1014/1014/949 1009/1009/944 1017/1017/952
f 1018/1018/953 1014/1014/949 1017/1017/952
f 1017/1017/952 1012/1012/947 1016/1016/951
f 1019/1019/954 1017/1017/952 1016/1016/951
f 1020/1020/955 1016/1016/951 1015/1015/950
f 1018/1018/953 1017/1017/952 1019/1019/954
f 1020/1020/955 1019/1019/954 1016/1016/951
f 1018/1018/953 1019/1019/954 1021/1021/956
f 1021/1021/956 1019/1019/954 1020/1020/955
f 1022/1022/957 1018/1018/953 1021/1021/956
f 1023/1023/838 1024/1024/662 1025/1025/958
f 1026/1026/959 1027/1027/960 1023/1023/838
f 1026/1026/959 1023/1023/838 1028/1028/730
f 1028/1028/730 1023/1023/838 1025/1025/958
f 1026/1026/959 1028/1028/730 1029/1029/729
f 1025/1025/958 1030/1030/961 1031/1031/962
f 1032/1032/733 1033/1033/963 1028/1028/730
f 1032/1032/733 1028/1028/730 1025/1025/958
f 1034/1034/964 1035/1035/732 1032/1032/733
f 1036/1036/251 1035/1035/732 1034/1034/964
f 1037/1037/965 1031/1031/962 1038/1038/667
f 1025/1025/958 1031/1031/962 1039/1039/966
f 1040/1040/967 1041/1041/968 1042/1042/969
f 1043/1043/970 1025/1025/958 1039/1039/966
f 1032/1032/733 1025/1025/958 1043/1043/970
f 1039/1039/966 1031/1031/962 1037/1037/965
f 1044/1044/971 1040/1040/967 1042/1042/969
f 1045/1045/972 1042/1042/969 1043/1043/970
f 1044/1044/971 1042/1042/969 1045/1045/972
f 1046/1046/973 1040/1040/967 1044/1044/971
f 1047/1047/974 1034/1034/964 1046/1046/973
f 1048/1048/975 1036/1036/251 1034/1034/964
f 1049/1049/976 1036/1036/251 1048/1048/975
f 1050/1050/977 1043/1043/970 1039/1039/966
f 1051/1051/978 1043/1043/970 1050/1050/977
f 1045/1045/972 1043/1043/970 1051/1051/978
f 1051/1051/978 1044/1044/971 1045/1045/972
f 1052/1052/979 1044/1044/971 1051/1051/978
f 1046/1046/973 1044/1044/971 1052/1052/979
f 1047/1047/974 1048/1048/975 1034/1034/964
f 1052/1052/979 1047/1047/974 1046/1046/973
f 1053/1053/980 1048/1048/975 1047/1047/974
f 1047/1047/974 1052/1052/979 1053/1053/980
f 1049/1049/976 1054/1054/981 1036/1036/251
f 1039/1039/966 1037/1037/965 1055/1055/982
f 1050/1050/977 1039/1039/966 1055/1055/982
f 1052/1052/979 1051/1051/978 1053/1053/980
f 1049/1049/976 1048/1048/975 1053/1053/980
f 1056/1056/983 1057/1057/984 1037/1037/965
f 1051/1051/978 1050/1050/977 1053/1053/980
f 1058/1058/985 1049/1049/976 1053/1053/980
f 1055/1055/982 1037/1037/965 1057/1057/984
f 1050/1050/977 1055/1055/982 1059/1059/986
f 1058/1058/985 1053/1053/980 1050/1050/977
f 1058/1058/985 1050/1050/977 1059/1059/986
f 1060/1060/987 1049/1049/976 1058/1058/985
f 1055/1055/982 1057/1057/984 1061/1061/988
f 1059/1059/986 1055/1055/982 1061/1061/988
f 1060/1060/987 1058/1058/985 1062/1062/989
f 1062/1062/989 1058/1058/985 1059/1059/986
f 1062/1062/989 1063/1063/990 1060/1060/987
f 1064/1064/991 1061/1061/988 1057/1057/984
f 1062/1062/989 1059/1059/986 1065/1065/992
f 1065/1065/992 1059/1059/986 1061/1061/988
f 1066/1066/993 1062/1062/989 1065/1065/992
f 1063/1063/990 1062/1062/989 1066/1066/993
f 1066/1066/993 1065/1065/992 1067/1067/994
f 1065/1065/992 1061/1061/988 1068/1068/995
f 1069/1069/171 1070/1070/996 1071/1071/166
f 1071/1071/166 1072/1072/997 1073/1073/998
f 1074/1074/999 1075/1075/174 1076/1076/1000
f 1076/1076/1000 1072/1072/997 1074/1074/999
f 1077/1077/1001 1078/1078/1002 1079/1079/170
f 1069/1069/171 1071/1071/166 1073/1073/998
f 1080/1080/1003 1078/1078/1002 1077/1077/1001
f 1081/1081/1004 1079/1079/170 1069/1069/171
f 1082/1082/1005 1069/1069/171 1073/1073/998
f 1073/1073/998 1072/1072/997 1076/1076/1000
f 1077/1077/1001 1079/1079/170 1083/1083/1006
f 1083/1083/1006 1079/1079/170 1081/1081/1004
f 1084/1084/1007 1083/1083/1006 1081/1081/1004
f 1073/1073/998 1076/1076/1000 1085/1085/1008
f 1085/1085/1008 1076/1076/1000 1075/1075/174
f 1086/1086/1009 1075/1075/174 1087/1087/1010
f 1088/1088/176 1086/1086/1009 1087/1087/1010
f 1089/1089/1011 1080/1080/1003 1077/1077/1001
f 1081/1081/1004 1069/1069/171 1082/1082/1005
f 1086/1086/1009 1085/1085/1008 1075/1075/174
f 1086/1086/1009 1088/1088/176 1090/1090/1012
f 1090/1090/1012 1091/1091/1013 1086/1086/1009
f 1092/1092/820 1091/1091/1013 1090/1090/1012
f 1093/1093/1014 1089/1089/1011 1077/1077/1001
f 1094/1094/1015 1077/1077/1001 1083/1083/1006
f 1094/1094/1015 1083/1083/1006 1084/1084/1007
f 1095/1095/1016 1096/1096/1017 1097/1097/1018
f 1082/1082/1005 1073/1073/998 1098/1098/1019
f 1098/1098/1019 1073/1073/998 1085/1085/1008
f 1098/1098/1019 1085/1085/1008 1091/1091/1013
f 1099/1099/1020 1100/1100/1021 1101/1101/1022
f 1091/1091/1013 1085/1085/1008 1086/1086/1009
f 1101/1101/1022 1091/1091/1013 1092/1092/820
f 1102/1102/752 1103/1103/751 1104/1104/1023
f 1105/1105/1024 1104/1104/1023 1080/1080/1003
f 1105/1105/1024 1080/1080/1003 1089/1089/1011
f 1105/1105/1024 1089/1089/1011 1093/1093/1014
f 1106/1106/1025 1105/1105/1024 1093/1093/1014
f 1107/1107/1026 1106/1106/1025 1096/1096/1017
f 1096/1096/1017 1106/1106/1025 1093/1093/1014
f 1093/1093/1014 1077/1077/1001 1094/1094/1015
f 1096/1096/1017 1093/1093/1014 1097/1097/1018
f 1097/1097/1018 1093/1093/1014 1094/1094/1015
f 1095/1095/1016 1097/1097/1018 1094/1094/1015
f 1094/1094/1015 1084/1084/1007 1108/1108/827
f 1095/1095/1016 1094/1094/1015 1108/1108/827
f 1109/1109/1027 1081/1081/1004 1082/1082/1005
f 1084/1084/1007 1081/1081/1004 1109/1109/1027
f 1099/1099/1020 1084/1084/1007 1109/1109/1027
f 1108/1108/827 1084/1084/1007 1099/1099/1020
f 1109/1109/1027 1082/1082/1005 1100/1100/1021
f 1099/1099/1020 1109/1109/1027 1100/1100/1021
f 1100/1100/1021 1082/1082/1005 1098/1098/1019
f 1101/1101/1022 1098/1098/1019 1091/1091/1013
f 1101/1101/1022 1100/1100/1021 1098/1098/1019
f 1105/1105/1024 1102/1102/752 1104/1104/1023
f 1110/1110/1028 1111/1111/753 1112/1112/829
f 1112/1112/829 1106/1106/1025 1107/1107/1026
f 1113/1113/754 1102/1102/752 1105/1105/1024
f 1112/1112/829 1113/1113/754 1105/1105/1024
f 1111/1111/753 1113/1113/754 1112/1112/829
f 1112/1112/829 1105/1105/1024 1106/1106/1025
f 1114/1114/1029 1115/1115/733 1116/1116/1030
f 1117/1117/1031 1115/1115/733 1114/1114/1029
f 1118/1118/967 1117/1117/1031 1114/1114/1029
f 1116/1116/1030 1115/1115/733 1119/1119/1032
f 1120/1120/1033 1117/1117/1031 1118/1118/967
f 1121/1121/1034 1122/1122/1035 1123/1123/1036
f 1124/1124/1037 1123/1123/1036 1125/1125/1038
f 1126/1126/319 1127/1127/1039 1122/1122/1035
f 1121/1121/1034 1123/1123/1036 1124/1124/1037
f 1126/1126/319 1122/1122/1035 1121/1121/1034
f 1128/1128/1040 1124/1124/1037 1129/1129/317
f 1128/1128/1040 1121/1121/1034 1124/1124/1037
f 1126/1126/319 1121/1121/1034 1128/1128/1040
f 1125/1125/1038 1130/1130/1041 1131/1131/1042
f 1124/1124/1037 1125/1125/1038 1131/1131/1042
f 1132/1132/1043 1127/1127/1039 1126/1126/319
f 1129/1129/317 1124/1124/1037 1131/1131/1042
f 1131/1131/1042 1130/1130/1041 1133/1133/1044
f 1134/1134/1045 1127/1127/1039 1132/1132/1043
f 1129/1129/317 1131/1131/1042 1133/1133/1044
f 1135/1135/1046 1134/1134/1045 1132/1132/1043
f 1130/1130/1041 1136/1136/53 1133/1133/1044
f 1137/1137/1047 1135/1135/1046 1132/1132/1043
f 1129/1129/317 1133/1133/1044 1138/1138/1048
f 1136/1136/53 1139/1139/1049 1140/1140/1050
f 1135/1135/1046 1141/1141/1051 1134/1134/1045
f 1133/1133/1044 1136/1136/53 1138/1138/1048
f 1142/1142/1052 1141/1141/1051 1135/1135/1046
f 1142/1142/1052 1135/1135/1046 1137/1137/1047
f 1138/1138/1048 1136/1136/53 1143/1143/1053
f 1144/1144/1054 1138/1138/1048 1143/1143/1053
f 1143/1143/1053 1136/1136/53 1140/1140/1050
f 1145/1145/330 1142/1142/1052 1137/1137/1047
f 1143/1143/1053 1140/1140/1050 1146/1146/1055
f 1140/1140/1050 1147/1147/1056 1146/1146/1055
f 1144/1144/1054 1143/1143/1053 1146/1146/1055
f 1144/1144/1054 1146/1146/1055 1148/1148/1057
f 1146/1146/1055 1147/1147/1056 1149/1149/1058
f 1148/1148/1057 1146/1146/1055 1150/1150/1059
f 1150/1150/1059 1146/1146/1055 1149/1149/1058
f 1150/1150/1059 1149/1149/1058 1151/1151/76
f 1152/1152/1060 1150/1150/1059 1151/1151/76
f 1153/1153/1061 1150/1150/1059 1152/1152/1060
f 1152/1152/1060 1151/1151/76 1154/1154/1062
f 1154/1154/1062 1151/1151/76 1155/1155/1063
f 1156/1156/1064 1152/1152/1060 1154/1154/1062
f 1156/1156/1064 1153/1153/1061 1152/1152/1060
f 1156/1156/1064 1154/1154/1062 1155/1155/1063
f 1157/1157/1065 1156/1156/1064 1155/1155/1063
f 1158/1158/1066 1156/1156/1064 1157/1157/1065
f 1157/1157/1065 1155/1155/1063 1159/1159/1067
f 1158/1158/1066 1157/1157/1065 1160/1160/1068
f 1157/1157/1065 1159/1159/1067 1160/1160/1068
f 1161/1161/1069 1159/1159/1067 1162/1162/1070
f 1160/1160/1068 1159/1159/1067 1161/1161/1069
f 1163/1163/385 1160/1160/1068 1161/1161/1069
f 1164/1142/1052 1165/1164/1071 1166/1141/1072
f 1167/1165/1073 1165/1164/1071 1164/1142/1052
f 1168/1145/330 1167/1165/1073 1164/1142/1052
f 1167/1165/1073 1169/1166/1074 1165/1164/1071
f 1170/1167/336 1167/1165/1073 1168/1145/330
f 1171/1168/1075 1165/1164/1071 1169/1166/1074
f 1169/1166/1074 1167/1165/1073 1170/1167/336
f 1170/1167/336 1172/1169/1076 1169/1166/1074
f 1171/1168/1075 1169/1166/1074 1172/1169/1076
f 1173/1170/346 1172/1169/1076 1170/1167/336
f 1174/1171/1077 1171/1168/1075 1172/1169/1076
f 1175/1172/357 1174/1171/1077 1172/1169/1076
f 1173/1170/346 1175/1172/357 1172/1169/1076
f 1176/1173/1078 1174/1171/1077 1175/1172/357
f 1177/1174/1079 1174/1171/1077 1176/1173/1078
f 1178/1175/362 1176/1173/1078 1175/1172/357
f 1179/1176/1080 1177/1174/1079 1176/1173/1078
f 1178/1175/362 1179/1176/1080 1176/1173/1078
f 1180/1177/376 1179/1176/1080 1178/1175/362
f 1179/1176/1080 1181/1178/1081 1177/1174/1079
f 1181/1178/1081 1179/1176/1080 1182/1179/1082
f 1180/1177/376 1182/1179/1082 1179/1176/1080
f 1183/1180/1083 1181/1178/1081 1182/1179/1082
f 1184/1181/1084 1182/1179/1082 1180/1177/376
f 1185/1182/1085 1183/1180/1083 1182/1179/1082
f 1186/1183/1086 1185/1182/1085 1182/1179/1082
f 1186/1183/1086 1182/1179/1082 1184/1181/1084
f 1187/1184/1087 1186/1183/1086 1184/1181/1084
f 1186/1183/1086 1188/1185/1088 1185/1182/1085
f 1189/1186/1089 1188/1185/1088 1186/1183/1086
f 1189/1186/1089 1186/1183/1086 1187/1184/1087
f 1190/1187/1090 1189/1186/1089 1187/1184/1087
f 1191/1188/1091 1188/1185/1088 1189/1186/1089
f 1192/1189/1092 1189/1186/1089 1190/1187/1090
f 1192/1189/1092 1191/1188/1091 1189/1186/1089
f 1193/1190/1093 1191/1188/1091 1192/1189/1092
f 1194/1191/426 1192/1189/1092 1190/1187/1090
f 1195/1192/1094 1193/1190/1093 1192/1189/1092
f 1194/1191/426 1195/1192/1094 1192/1189/1092
f 1195/1192/1094 1196/1193/1095 1193/1190/1093
f 1197/1194/437 1195/1192/1094 1194/1191/426
f 1198/1195/1096 1195/1192/1094 1197/1194/437
f 1198/1195/1096 1196/1193/1095 1195/1192/1094
f 1198/1195/1096 1199/1196/1097 1196/1193/1095
f 1197/1194/437 1200/1197/441 1198/1195/1096
f 1201/1198/1098 1199/1196/1097 1198/1195/1096
f 1201/1198/1098 1198/1195/1096 1200/1197/441
f 1202/1199/448 1201/1198/1098 1200/1197/441
f 1199/1196/1097 1201/1198/1098 1203/1200/1099
f 1202/1199/448 1203/1200/1099 1201/1198/1098
f 1202/1199/448 1204/1201/457 1203/1200/1099
f 1204/1201/457 1205/1202/460 1203/1200/1099
f 1205/1202/460 1206/1203/1100 1203/1200/1099
f 1206/1203/1100 1207/1204/1101 1203/1200/1099
f 1206/1203/1100 1208/1205/1102 1207/1204/1101
f 1205/1202/460 1208/1205/1102 1206/1203/1100
f 1209/1163/385 1210/1161/1069 1211/1206/1103
f 1210/1161/1069 1212/1162/103 1213/1207/1104
f 1211/1206/1103 1210/1161/1069 1213/1207/1104
f 1214/1208/1105 1211/1206/1103 1213/1207/1104
f 1214/1208/1105 1213/1207/1104 1215/1209/874
f 1216/1210/407 1211/1206/1103 1214/1208/1105
f 1217/1211/415 1216/1210/407 1214/1208/1105
f 1217/1211/415 1214/1208/1105 1215/1209/874
f 1218/1212/1106 1217/1211/415 1219/1213/1107
f 1217/1211/415 1215/1209/874 1219/1213/1107
f 1218/1212/1106 1219/1213/1107 1220/1214/1108
f 1221/1215/431 1217/1211/415 1218/1212/1106
f 1222/1216/1109 1218/1212/1106 1220/1214/1108
f 1221/1215/431 1218/1212/1106 1222/1216/1109
f 1222/1216/1109 1220/1214/1108 1223/1217/896
f 1224/1218/1110 1222/1216/1109 1223/1217/896
f 1224/1218/1110 1221/1215/431 1222/1216/1109
f 1225/1219/440 1221/1215/431 1224/1218/1110
f 1224/1218/1110 1223/1217/896 1226/1220/900
f 1227/1221/1111 1224/1218/1110 1226/1220/900
f 1225/1219/440 1224/1218/1110 1227/1221/1111
f 1228/1222/446 1225/1219/440 1227/1221/1111
f 1227/1221/1111 1226/1220/900 1229/1223/1112
f 1230/1224/454 1227/1221/1111 1229/1223/1112
f 1228/1222/446 1227/1221/1111 1230/1224/454
f 1231/1225/1113 1232/1226/454 1233/1227/1114
f 1234/1228/458 1232/1226/454 1231/1225/1113
f 1234/1228/458 1231/1225/1113 1235/1229/918
f 1236/1205/1115 1237/1230/1116 1238/1204/1117
f 1239/1231/1118 1234/1228/458 1235/1229/918
f 1240/1202/1119 1241/1232/1120 1236/1205/1115
f 1236/1205/1115 1242/1233/1121 1237/1230/1116
f 1241/1232/1120 1242/1233/1121 1236/1205/1115
f 1243/1234/1122 1235/1229/918 1244/1235/1123
f 1239/1231/1118 1235/1229/918 1243/1234/1122
f 1242/1233/1121 1245/1236/1124 1237/1230/1116
f 1242/1233/1121 1246/1237/1125 1245/1236/1124
f 1247/1238/1126 1239/1231/1118 1243/1234/1122
f 1241/1232/1120 1246/1237/1125 1242/1233/1121
f 1243/1234/1122 1244/1235/1123 1248/1239/1127
f 1249/1240/1128 1243/1234/1122 1248/1239/1127
f 1247/1238/1126 1243/1234/1122 1249/1240/1128
f 1245/1236/1124 1246/1237/1125 1250/1241/1129
f 1251/1242/465 1247/1238/1126 1249/1240/1128
f 1241/1232/1120 1252/1243/1130 1246/1237/1125
f 1253/1244/1131 1249/1240/1128 1248/1239/1127
f 1254/1245/1132 1249/1240/1128 1253/1244/1131
f 1246/1237/1125 1254/1245/1132 1250/1241/1129
f 1254/1245/1132 1253/1244/1131 1250/1241/1129
f 1251/1242/465 1249/1240/1128 1254/1245/1132
f 1255/1246/1133 1251/1242/465 1254/1245/1132
f 1252/1243/1130 1255/1246/1133 1254/1245/1132
f 1252/1243/1130 1254/1245/1132 1246/1237/1125
f 1256/1200/1134 1257/1247/1135 1258/1196/1136
f 1257/1247/1135 1256/1200/1134 1259/1204/1137
f 1260/1248/184 1261/1249/1138 1262/1250/7
f 1260/1248/184 1262/1250/7 1263/1251/1139
f 1260/1248/184 1264/1252/1140 1261/1249/1138
f 1265/1253/186 1260/1248/184 1263/1251/1139
f 1266/1254/1141 1265/1253/186 1263/1251/1139
f 1263/1251/1139 1262/1250/7 1267/1255/1142
f 1263/1251/1139 1267/1255/1142 1268/1256/1143
f 1266/1254/1141 1263/1251/1139 1269/1257/1144
f 1270/1258/1145 1271/1259/6 1272/1260/10
f 1273/1261/1146 1270/1258/1145 1274/1262/1147
f 1268/1256/1143 1270/1258/1145 1273/1261/1146
f 1267/1255/1142 1271/1259/6 1270/1258/1145
f 1268/1256/1143 1267/1255/1142 1270/1258/1145
f 1275/1263/1148 1266/1254/1141 1269/1257/1144
f 1270/1258/1145 1272/1260/10 1276/1264/1149
f 1274/1262/1147 1270/1258/1145 1276/1264/1149
f 1269/1257/1144 1268/1256/1143 1273/1261/1146
f 1269/1257/1144 1263/1251/1139 1268/1256/1143
f 1276/1264/1149 1272/1260/10 1277/1265/1150
f 1269/1257/1144 1273/1261/1146 1278/1266/1151
f 1279/1267/1152 1269/1257/1144 1278/1266/1151
f 1279/1267/1152 1275/1263/1148 1269/1257/1144
f 1280/1268/1153 1266/1254/1141 1275/1263/1148
f 1273/1261/1146 1274/1262/1147 1278/1266/1151
f 1281/1269/1154 1280/1268/1153 1275/1263/1148
f 1276/1264/1149 1277/1265/1150 1282/1270/1155
f 1274/1262/1147 1276/1264/1149 1283/1271/1156
f 1284/1272/1157 1274/1262/1147 1283/1271/1156
f 1278/1266/1151 1274/1262/1147 1284/1272/1157
f 1279/1267/1152 1278/1266/1151 1285/1273/1158
f 1276/1264/1149 1282/1270/1155 1283/1271/1156
f 1278/1266/1151 1284/1272/1157 1285/1273/1158
f 1286/1274/1159 1275/1263/1148 1279/1267/1152
f 1275/1263/1148 1286/1274/1159 1287/1275/1160
f 1281/1269/1154 1275/1263/1148 1287/1275/1160
f 1277/1265/1150 1288/1276/1161 1282/1270/1155
f 1283/1271/1156 1282/1270/1155 1289/1277/1162
f 1279/1267/1152 1285/1273/1158 1286/1274/1159
f 1290/1278/1163 1282/1270/1155 1288/1276/1161
f 1284/1272/1157 1283/1271/1156 1291/1279/1164
f 1292/1280/1165 1281/1269/1154 1287/1275/1160
f 1284/1272/1157 1291/1279/1164 1293/1281/1166
f 1285/1273/1158 1284/1272/1157 1293/1281/1166
f 1292/1280/1165 1287/1275/1160 1294/1282/1167
f 1289/1277/1162 1282/1270/1155 1290/1278/1163
f 1295/1283/1168 1285/1273/1158 1293/1281/1166
f 1296/1284/1169 1286/1274/1159 1295/1283/1168
f 1286/1274/1159 1285/1273/1158 1295/1283/1168
f 1287/1275/1160 1286/1274/1159 1296/1284/1169
f 1294/1282/1167 1287/1275/1160 1296/1284/1169
f 1289/1277/1162 1290/1278/1163 1297/1285/1170
f 1298/1286/1171 1283/1271/1156 1289/1277/1162
f 1299/1287/1172 1292/1280/1165 1294/1282/1167
f 1300/1288/1173 1301/1289/1174 1302/1290/1035
f 1297/1285/1170 1300/1288/1173 1302/1290/1035
f 1297/1285/1170 1302/1290/1035 1303/1291/1175
f 1300/1288/1173 1304/1292/1176 1301/1289/1174
f 1297/1285/1170 1290/1278/1163 1300/1288/1173
f 1290/1278/1163 1288/1276/1161 1300/1288/1173
f 1291/1279/1164 1283/1271/1156 1298/1286/1171
f 1295/1283/1168 1293/1281/1166 1305/1293/1177
f 1303/1291/1175 1302/1290/1035 1306/1294/1178
f 1305/1293/1177 1293/1281/1166 1291/1279/1164
f 1307/1295/1179 1296/1284/1169 1295/1283/1168
f 1289/1277/1162 1297/1285/1170 1303/1291/1175
f 1291/1279/1164 1298/1286/1171 1308/1296/1180
f 1307/1295/1179 1295/1283/1168 1305/1293/1177
f 1299/1287/1172 1294/1282/1167 1309/1297/1181
f 1303/1291/1175 1306/1294/1178 1310/1298/1182
f 1289/1277/1162 1303/1291/1175 1311/1299/1183
f 1308/1296/1180 1298/1286/1171 1311/1299/1183
f 1305/1293/1177 1291/1279/1164 1312/1300/1184
f 1298/1286/1171 1289/1277/1162 1311/1299/1183
f 1309/1297/1181 1294/1282/1167 1296/1284/1169
f 1299/1287/1172 1309/1297/1181 1313/1301/209
f 1314/1302/1051 1303/1291/1175 1310/1298/1182
f 1314/1302/1051 1311/1299/1183 1303/1291/1175
f 1315/1303/1185 1291/1279/1164 1308/1296/1180
f 1291/1279/1164 1315/1303/1185 1312/1300/1184
f 1316/1304/1186 1296/1284/1169 1307/1295/1179
f 1309/1297/1181 1296/1284/1169 1316/1304/1186
f 1305/1293/1177 1312/1300/1184 1317/1305/1187
f 1307/1295/1179 1305/1293/1177 1317/1305/1187
f 1313/1301/209 1309/1297/1181 1318/1306/1188
f 1318/1306/1188 1309/1297/1181 1316/1304/1186
f 1311/1299/1183 1314/1302/1051 1319/1307/1189
f 1319/1307/1189 1314/1302/1051 1320/1308/1190
f 1308/1296/1180 1311/1299/1183 1319/1307/1189
f 1321/1309/1191 1315/1303/1185 1308/1296/1180
f 1312/1300/1184 1315/1303/1185 1321/1309/1191
f 1322/1310/1192 1307/1295/1179 1317/1305/1187
f 1316/1304/1186 1307/1295/1179 1322/1310/1192
f 1317/1305/1187 1312/1300/1184 1323/1311/1193
f 1313/1301/209 1318/1306/1188 1324/1312/1194
f 1325/1313/1195 1308/1296/1180 1319/1307/1189
f 1321/1309/1191 1308/1296/1180 1325/1313/1195
f 1323/1311/1193 1312/1300/1184 1321/1309/1191
f 1319/1307/1189 1320/1308/1190 1326/1314/1196
f 1325/1313/1195 1319/1307/1189 1326/1314/1196
f 1327/1315/1197 1322/1310/1192 1317/1305/1187
f 1318/1306/1188 1316/1304/1186 1328/1316/1198
f 1329/1317/1199 1318/1306/1188 1328/1316/1198
f 1324/1312/1194 1318/1306/1188 1329/1317/1199
f 1327/1315/1197 1317/1305/1187 1323/1311/1193
f 1328/1316/1198 1316/1304/1186 1322/1310/1192
f 1330/1318/1200 1321/1309/1191 1325/1313/1195
f 1327/1315/1197 1323/1311/1193 1331/1319/1201
f 1330/1318/1200 1325/1313/1195 1326/1314/1196
f 1323/1311/1193 1321/1309/1191 1332/1320/1202
f 1333/1321/1203 1322/1310/1192 1327/1315/1197
f 1328/1316/1198 1322/1310/1192 1333/1321/1203
f 1334/1322/1075 1326/1314/1196 1320/1308/1190
f 1332/1320/1202 1321/1309/1191 1330/1318/1200
f 1330/1318/1200 1326/1314/1196 1334/1322/1075
f 1335/1323/1204 1329/1317/1199 1328/1316/1198
f 1331/1319/1201 1323/1311/1193 1332/1320/1202
f 1336/1324/1205 1324/1312/1194 1335/1323/1204
f 1324/1312/1194 1329/1317/1199 1335/1323/1204
f 1330/1318/1200 1334/1322/1075 1337/1325/1206
f 1328/1316/1198 1333/1321/1203 1338/1326/1207
f 1337/1325/1206 1332/1320/1202 1330/1318/1200
f 1339/1327/1208 1333/1321/1203 1327/1315/1197
f 1338/1326/1207 1333/1321/1203 1339/1327/1208
f 1327/1315/1197 1331/1319/1201 1340/1328/1209
f 1335/1323/1204 1328/1316/1198 1338/1326/1207
f 1341/1329/1210 1336/1324/1205 1335/1323/1204
f 1337/1325/1206 1334/1322/1075 1342/1330/1211
f 1331/1319/1201 1332/1320/1202 1337/1325/1206
f 1339/1327/1208 1327/1315/1197 1340/1328/1209
f 1343/1331/1212 1338/1326/1207 1339/1327/1208
f 1335/1323/1204 1338/1326/1207 1343/1331/1212
f 1344/1332/1077 1342/1330/1211 1334/1322/1075
f 1340/1328/1209 1331/1319/1201 1345/1333/1213
f 1345/1333/1213 1331/1319/1201 1346/1334/1214
f 1339/1327/1208 1340/1328/1209 1347/1335/1215
f 1343/1331/1212 1339/1327/1208 1347/1335/1215
f 1348/1336/1216 1335/1323/1204 1343/1331/1212
f 1331/1319/1201 1337/1325/1206 1346/1334/1214
f 1337/1325/1206 1342/1330/1211 1344/1332/1077
f 1341/1329/1210 1335/1323/1204 1349/1337/1217
f 1350/1338/1218 1337/1325/1206 1344/1332/1077
f 1346/1334/1214 1337/1325/1206 1350/1338/1218
f 1349/1337/1217 1335/1323/1204 1348/1336/1216
f 1351/1339/231 1341/1329/1210 1349/1337/1217
f 1347/1335/1215 1340/1328/1209 1345/1333/1213
f 1352/1340/1219 1346/1334/1214 1350/1338/1218
f 1353/1341/1220 1345/1333/1213 1346/1334/1214
f 1343/1331/1212 1347/1335/1215 1354/1342/1221
f 1350/1338/1218 1344/1332/1077 1355/1343/1222
f 1356/1344/1223 1343/1331/1212 1354/1342/1221
f 1348/1336/1216 1343/1331/1212 1356/1344/1223
f 1357/1345/1224 1348/1336/1216 1356/1344/1223
f 1349/1337/1217 1348/1336/1216 1357/1345/1224
f 1353/1341/1220 1347/1335/1215 1345/1333/1213
f 1352/1340/1219 1350/1338/1218 1355/1343/1222
f 1352/1340/1219 1353/1341/1220 1346/1334/1214
f 1358/1346/1225 1347/1335/1215 1353/1341/1220
f 1354/1342/1221 1347/1335/1215 1358/1346/1225
f 1352/1340/1219 1355/1343/1222 1359/1347/1226
f 1360/1348/1227 1349/1337/1217 1357/1345/1224
f 1351/1339/231 1349/1337/1217 1360/1348/1227
f 1361/1349/1228 1353/1341/1220 1352/1340/1219
f 1357/1345/1224 1356/1344/1223 1362/1350/1229
f 1363/1351/1230 1351/1339/231 1360/1348/1227
f 1358/1346/1225 1353/1341/1220 1361/1349/1228
f 1354/1342/1221 1358/1346/1225 1364/1352/1231
f 1362/1350/1229 1356/1344/1223 1354/1342/1221
f 1365/1353/1232 1360/1348/1227 1357/1345/1224
f 1366/1354/1233 1352/1340/1219 1359/1347/1226
f 1361/1349/1228 1352/1340/1219 1366/1354/1233
f 1362/1350/1229 1354/1342/1221 1364/1352/1231
f 1365/1353/1232 1357/1345/1224 1362/1350/1229
f 1367/1355/1234 1363/1351/1230 1360/1348/1227
f 1367/1355/1234 1360/1348/1227 1365/1353/1232
f 1368/1356/1235 1361/1349/1228 1366/1354/1233
f 1366/1354/1233 1359/1347/1226 1369/1357/1083
f 1368/1356/1235 1358/1346/1225 1361/1349/1228
f 1370/1358/1236 1363/1351/1230 1367/1355/1234
f 1368/1356/1235 1366/1354/1233 1371/1359/1237
f 1372/1360/1238 1365/1353/1232 1362/1350/1229
f 1362/1350/1229 1364/1352/1231 1372/1360/1238
f 1367/1355/1234 1365/1353/1232 1372/1360/1238
f 1373/1361/1239 1358/1346/1225 1368/1356/1235
f 1364/1352/1231 1358/1346/1225 1373/1361/1239
f 1366/1354/1233 1369/1357/1083 1371/1359/1237
f 1374/1362/1240 1364/1352/1231 1373/1361/1239
f 1375/1363/1241 1364/1352/1231 1374/1362/1240
f 1375/1363/1241 1372/1360/1238 1364/1352/1231
f 1376/1364/1242 1367/1355/1234 1372/1360/1238
f 1377/1365/1243 1369/1357/1083 1378/1366/1244
f 1371/1359/1237 1369/1357/1083 1377/1365/1243
f 1379/1367/1245 1373/1361/1239 1368/1356/1235
f 1380/1368/1246 1367/1355/1234 1376/1364/1242
f 1380/1368/1246 1370/1358/1236 1367/1355/1234
f 1368/1356/1235 1371/1359/1237 1381/1369/1247
f 1374/1362/1240 1373/1361/1239 1379/1367/1245
f 1379/1367/1245 1368/1356/1235 1381/1369/1247
f 1375/1363/1241 1376/1364/1242 1372/1360/1238
f 1377/1365/1243 1378/1366/1244 1382/1370/1088
f 1381/1369/1247 1371/1359/1237 1383/1371/1248
f 1384/1372/1249 1375/1363/1241 1374/1362/1240
f 1380/1368/1246 1376/1364/1242 1385/1373/1250
f 1374/1362/1240 1379/1367/1245 1384/1372/1249
f 1386/1374/1251 1376/1364/1242 1375/1363/1241
f 1383/1371/1248 1371/1359/1237 1377/1365/1243
f 1385/1373/1250 1376/1364/1242 1386/1374/1251
f 1387/1375/1252 1375/1363/1241 1384/1372/1249
f 1379/1367/1245 1381/1369/1247 1388/1376/1253
f 1386/1374/1251 1375/1363/1241 1387/1375/1252
f 1388/1376/1253 1384/1372/1249 1379/1367/1245
f 1389/1377/1254 1381/1369/1247 1383/1371/1248
f 1388/1376/1253 1381/1369/1247 1389/1377/1254
f 1390/1378/1255 1391/1365/1243 1392/1370/1256
f 1393/1371/1257 1391/1365/1243 1390/1378/1255
f 1394/1379/1258 1395/1373/1250 1396/1374/1251
f 1397/1377/1254 1393/1371/1257 1398/1380/1259
f 1399/1381/1260 1400/1372/1261 1401/1376/1253
f 1399/1381/1260 1402/1375/1252 1400/1372/1261
f 1396/1374/1251 1402/1375/1252 1403/1382/1262
f 1394/1379/1258 1396/1374/1251 1404/1383/1263
f 1398/1380/1259 1393/1371/1257 1390/1378/1255
f 1403/1382/1262 1402/1375/1252 1399/1381/1260
f 1404/1383/1263 1396/1374/1251 1403/1382/1262
f 1404/1383/1263 1405/1384/253 1394/1379/1258
f 1401/1376/1253 1397/1377/1254 1406/1385/1264
f 1407/1386/1265 1401/1376/1253 1406/1385/1264
f 1399/1381/1260 1401/1376/1253 1407/1386/1265
f 1408/1387/1266 1390/1378/1255 1409/1388/1267
f 1398/1380/1259 1390/1378/1255 1408/1387/1266
f 1397/1377/1254 1398/1380/1259 1408/1387/1266
f 1410/1389/1268 1399/1381/1260 1407/1386/1265
f 1403/1382/1262 1399/1381/1260 1410/1389/1268
f 1404/1383/1263 1403/1382/1262 1411/1390/1269
f 1412/1391/1270 1397/1377/1254 1408/1387/1266
f 1407/1386/1265 1406/1385/1264 1413/1392/1271
f 1410/1389/1268 1407/1386/1265 1413/1392/1271
f 1411/1390/1269 1403/1382/1262 1410/1389/1268
f 1414/1393/1272 1408/1387/1266 1409/1388/1267
f 1413/1392/1271 1397/1377/1254 1412/1391/1270
f 1413/1392/1271 1406/1385/1264 1397/1377/1254
f 1415/1394/260 1404/1383/1263 1411/1390/1269
f 1405/1384/253 1404/1383/1263 1415/1394/260
f 1410/1389/1268 1413/1392/1271 1416/1395/1273
f 1417/1396/1274 1414/1393/1272 1409/1388/1267
f 1414/1393/1272 1412/1391/1270 1408/1387/1266
f 1418/1397/1275 1411/1390/1269 1410/1389/1268
f 1415/1394/260 1411/1390/1269 1418/1397/1275
f 1419/1398/1276 1413/1392/1271 1412/1391/1270
f 1413/1392/1271 1419/1398/1276 1416/1395/1273
f 1415/1394/260 1418/1397/1275 1420/1399/1277
f 1418/1397/1275 1410/1389/1268 1421/1400/1278
f 1421/1400/1278 1410/1389/1268 1416/1395/1273
f 1422/1401/1279 1415/1394/260 1420/1399/1277
f 1414/1393/1272 1417/1396/1274 1423/1402/1097
f 1424/1403/1280 1412/1391/1270 1414/1393/1272
f 1425/1404/1281 1412/1391/1270 1424/1403/1280
f 1419/1398/1276 1412/1391/1270 1425/1404/1281
f 1426/1405/1282 1416/1395/1273 1419/1398/1276
f 1421/1400/1278 1416/1395/1273 1426/1405/1282
f 1426/1405/1282 1419/1398/1276 1425/1404/1281
f 1418/1397/1275 1421/1400/1278 1427/1406/1283
f 1428/1407/1284 1414/1393/1272 1423/1402/1097
f 1424/1403/1280 1414/1393/1272 1428/1407/1284
f 1427/1406/1283 1421/1400/1278 1426/1405/1282
f 1420/1399/1277 1418/1397/1275 1429/1408/1285
f 1429/1408/1285 1418/1397/1275 1427/1406/1283
f 1426/1405/1282 1425/1404/1281 1430/1409/1286
f 1431/1410/1287 1424/1403/1280 1428/1407/1284
f 1432/1411/1288 1422/1401/1279 1420/1399/1277
f 1420/1399/1277 1429/1408/1285 1433/1412/1289
f 1432/1411/1288 1420/1399/1277 1433/1412/1289
f 1430/1409/1286 1425/1404/1281 1424/1403/1280
f 1434/1413/1290 1427/1406/1283 1426/1405/1282
f 1428/1407/1284 1423/1402/1097 1435/1414/1291
f 1428/1407/1284 1435/1414/1291 1436/1415/1292
f 1431/1410/1287 1428/1407/1284 1436/1415/1292
f 1430/1409/1286 1424/1403/1280 1431/1410/1287
f 1429/1408/1285 1427/1406/1283 1437/1416/1293
f 1433/1412/1289 1429/1408/1285 1437/1416/1293
f 1434/1413/1290 1426/1405/1282 1430/1409/1286
f 1437/1416/1293 1427/1406/1283 1434/1413/1290
f 1438/1417/1294 1430/1409/1286 1431/1410/1287
f 1435/1414/1291 1439/1418/1101 1436/1415/1292
f 1440/1419/1295 1437/1416/1293 1434/1413/1290
f 1441/1420/1296 1432/1411/1288 1433/1412/1289
f 1434/1413/1290 1430/1409/1286 1438/1417/1294
f 1436/1415/1292 1439/1418/1101 1442/1421/1297
f 1438/1417/1294 1431/1410/1287 1443/1422/1298
f 1444/1423/1299 1431/1410/1287 1436/1415/1292
f 1443/1422/1298 1431/1410/1287 1444/1423/1299
f 1440/1419/1295 1434/1413/1290 1438/1417/1294
f 1437/1416/1293 1440/1419/1295 1445/1424/1300
f 1436/1415/1292 1442/1421/1297 1446/1425/1301
f 1433/1412/1289 1437/1416/1293 1445/1424/1300
f 1442/1421/1297 1439/1418/1101 1447/1426/1302
f 1444/1423/1299 1436/1415/1292 1446/1425/1301
f 1439/1418/1101 1448/1427/1303 1447/1426/1302
f 1440/1419/1295 1438/1417/1294 1449/1428/1304
f 1450/1429/1305 1433/1412/1289 1445/1424/1300
f 1441/1420/1296 1433/1412/1289 1450/1429/1305
f 1442/1421/1297 1447/1426/1302 1451/1430/1306
f 1444/1423/1299 1446/1425/1301 1452/1431/1307
f 1453/1432/1308 1445/1424/1300 1440/1419/1295
f 1452/1431/1307 1442/1421/1297 1451/1430/1306
f 1452/1431/1307 1446/1425/1301 1442/1421/1297
f 1445/1424/1300 1453/1432/1308 1450/1429/1305
f 1447/1426/1302 1448/1427/1303 1454/1433/1124
f 1443/1422/1298 1444/1423/1299 1452/1431/1307
f 1449/1428/1304 1438/1417/1294 1443/1422/1298
f 1440/1419/1295 1449/1428/1304 1453/1432/1308
f 1447/1426/1302 1454/1433/1124 1455/1434/1309
f 1451/1430/1306 1447/1426/1302 1455/1434/1309
f 1456/1435/1310 1450/1429/1305 1453/1432/1308
f 1441/1420/1296 1450/1429/1305 1457/1436/1311
f 1443/1422/1298 1452/1431/1307 1458/1437/1312
f 1443/1422/1298 1458/1437/1312 1449/1428/1304
f 1450/1429/1305 1456/1435/1310 1457/1436/1311
f 1455/1434/1309 1454/1433/1124 1459/1438/1313
f 1449/1428/1304 1460/1439/1314 1453/1432/1308
f 1457/1436/1311 1456/1435/1310 1461/1440/288
f 1454/1433/1124 1462/1441/1129 1459/1438/1313
f 1452/1431/1307 1451/1430/1306 1463/1442/1315
f 1464/1443/1131 1465/1444/1316 1466/1445/1317
f 1459/1438/1313 1464/1443/1131 1466/1445/1317
f 1459/1438/1313 1462/1441/1129 1464/1443/1131
f 1467/1446/1318 1466/1445/1317 1468/1447/1319
f 1459/1438/1313 1466/1445/1317 1467/1446/1318
f 1463/1442/1315 1451/1430/1306 1455/1434/1309
f 1458/1437/1312 1452/1431/1307 1469/1448/1320
f 1449/1428/1304 1458/1437/1312 1460/1439/1314
f 1456/1435/1310 1453/1432/1308 1470/1449/1321
f 1471/1450/1322 1455/1434/1309 1459/1438/1313
f 1463/1442/1315 1455/1434/1309 1471/1450/1322
f 1453/1432/1308 1460/1439/1314 1472/1451/1323
f 1456/1435/1310 1470/1449/1321 1461/1440/288
f 1459/1438/1313 1467/1446/1318 1473/1452/1324
f 1471/1450/1322 1459/1438/1313 1473/1452/1324
f 1452/1431/1307 1463/1442/1315 1469/1448/1320
f 1458/1437/1312 1469/1448/1320 1474/1453/1325
f 1458/1437/1312 1474/1453/1325 1460/1439/1314
f 1470/1449/1321 1453/1432/1308 1472/1451/1323
f 1463/1442/1315 1471/1450/1322 1475/1454/1326
f 1467/1446/1318 1468/1447/1319 1473/1452/1324
f 1476/1455/1327 1471/1450/1322 1473/1452/1324
f 1472/1451/1323 1460/1439/1314 1477/1456/1328
f 1461/1440/288 1470/1449/1321 1478/1457/1329
f 1479/1458/946 1473/1452/1324 1468/1447/1319
f 1475/1454/1326 1471/1450/1322 1476/1455/1327
f 1469/1448/1320 1463/1442/1315 1475/1454/1326
f 1460/1439/1314 1474/1453/1325 1477/1456/1328
f 1470/1449/1321 1472/1451/1323 1480/1459/1330
f 1470/1449/1321 1480/1459/1330 1478/1457/1329
f 1469/1448/1320 1475/1454/1326 1481/1460/1331
f 1472/1451/1323 1477/1456/1328 1482/1461/1332
f 1474/1453/1325 1469/1448/1320 1481/1460/1331
f 1480/1459/1330 1472/1451/1323 1482/1461/1332
f 1478/1457/1329 1480/1459/1330 1483/1462/1333
f 1477/1456/1328 1474/1453/1325 1481/1460/1331
f 1477/1456/1328 1481/1460/1331 1484/1463/1334
f 1485/1464/1335 1473/1452/1324 1479/1458/946
f 1476/1455/1327 1473/1452/1324 1485/1464/1335
f 1475/1454/1326 1476/1455/1327 1486/1465/1336
f 1487/1466/1337 1477/1456/1328 1484/1463/1334
f 1482/1461/1332 1477/1456/1328 1487/1466/1337
f 1476/1455/1327 1485/1464/1335 1486/1465/1336
f 1481/1460/1331 1475/1454/1326 1486/1465/1336
f 1484/1463/1334 1481/1460/1331 1488/1467/1338
f 1484/1463/1334 1488/1467/1338 1487/1466/1337
f 1489/1468/1339 1482/1461/1332 1487/1466/1337
f 1480/1459/1330 1482/1461/1332 1489/1468/1339
f 1490/1469/1340 1485/1464/1335 1479/1458/946
f 1486/1465/1336 1485/1464/1335 1490/1469/1340
f 1488/1467/1338 1481/1460/1331 1486/1465/1336
f 1480/1459/1330 1489/1468/1339 1491/1470/1341
f 1483/1462/1333 1480/1459/1330 1491/1470/1341
f 1486/1465/1336 1490/1469/1340 1492/1471/1342
f 1490/1469/1340 1479/1458/946 1493/1472/1343
f 1490/1469/1340 1493/1472/1343 1494/1473/1344
f 1488/1467/1338 1486/1465/1336 1492/1471/1342
f 1494/1473/1344 1493/1472/1343 1495/1474/953
f 1489/1468/1339 1487/1466/1337 1496/1475/1345
f 1492/1471/1342 1490/1469/1340 1494/1473/1344
f 1492/1471/1342 1494/1473/1344 1497/1476/1346
f 1488/1467/1338 1492/1471/1342 1498/1477/1347
f 1487/1466/1337 1488/1467/1338 1498/1477/1347
f 1496/1475/1345 1487/1466/1337 1498/1477/1347
f 1491/1470/1341 1489/1468/1339 1496/1475/1345
f 1497/1476/1346 1494/1473/1344 1495/1474/953
f 1498/1477/1347 1492/1471/1342 1497/1476/1346
f 1491/1470/1341 1496/1475/1345 1499/1478/310
f 1500/1479/1348 1491/1470/1341 1499/1478/310
f 1501/1480/1349 1498/1477/1347 1497/1476/1346
f 1496/1475/1345 1498/1477/1347 1501/1480/1349
f 1497/1476/1346 1495/1474/953 1502/1481/314
f 1501/1480/1349 1497/1476/1346 1503/1482/313
f 1499/1478/310 1496/1475/1345 1501/1480/1349
f 1504/1483/312 1501/1480/1349 1503/1482/313
f 1501/1480/1349 1504/1483/312 1499/1478/310
f 1503/1482/313 1497/1476/1346 1502/1481/314
f 1505/1484/189 1506/1485/1350 1507/1486/1351
f 1508/1487/1352 1505/1484/189 1507/1486/1351
f 1508/1487/1352 1507/1486/1351 1509/1488/187
f 1510/1489/1353 1511/1490/1354 1512/1491/181
f 1505/1484/189 1510/1489/1353 1512/1491/181
f 1511/1490/1354 1513/1492/1355 1512/1491/181
f 1510/1489/1353 1514/1493/1356 1515/1494/1357
f 1516/1495/1358 1514/1493/1356 1510/1489/1353
f 1505/1484/189 1516/1495/1358 1510/1489/1353
f 1510/1489/1353 1515/1494/1357 1511/1490/1354
f 1508/1487/1352 1516/1495/1358 1505/1484/189
f 1509/1488/187 1517/1496/1359 1508/1487/1352
f 1508/1487/1352 1518/1497/1360 1516/1495/1358
f 1519/1498/1361 1518/1497/1360 1508/1487/1352
f 1515/1494/1357 1520/1499/1362 1511/1490/1354
f 1517/1496/1359 1519/1498/1361 1508/1487/1352
f 1511/1490/1354 1520/1499/1362 1521/1500/1363
f 1513/1492/1355 1511/1490/1354 1521/1500/1363
f 1514/1493/1356 1522/1501/1364 1515/1494/1357
f 1515/1494/1357 1523/1502/1365 1520/1499/1362
f 1517/1496/1359 1509/1488/187 1524/1503/1366
f 1525/1504/1367 1522/1501/1364 1514/1493/1356
f 1515/1494/1357 1522/1501/1364 1526/1505/1368
f 1516/1495/1358 1525/1504/1367 1514/1493/1356
f 1518/1497/1360 1525/1504/1367 1516/1495/1358
f 1515/1494/1357 1526/1505/1368 1523/1502/1365
f 1527/1506/1369 1518/1497/1360 1519/1498/1361
f 1517/1496/1359 1527/1506/1369 1519/1498/1361
f 1520/1499/1362 1528/1507/1370 1521/1500/1363
f 1524/1503/1366 1529/1508/1371 1517/1496/1359
f 1530/1509/1372 1522/1501/1364 1525/1504/1367
f 1526/1505/1368 1531/1510/1373 1523/1502/1365
f 1520/1499/1362 1523/1502/1365 1528/1507/1370
f 1532/1511/1374 1527/1506/1369 1517/1496/1359
f 1529/1508/1371 1532/1511/1374 1517/1496/1359
f 1521/1500/1363 1528/1507/1370 1533/1512/1375
f 1522/1501/1364 1534/1513/1376 1526/1505/1368
f 1518/1497/1360 1535/1514/1377 1525/1504/1367
f 1526/1505/1368 1534/1513/1376 1531/1510/1373
f 1527/1506/1369 1535/1514/1377 1518/1497/1360
f 1523/1502/1365 1531/1510/1373 1536/1515/1378
f 1523/1502/1365 1536/1515/1378 1528/1507/1370
f 1537/1516/203 1529/1508/1371 1524/1503/1366
f 1535/1514/1377 1530/1509/1372 1525/1504/1367
f 1527/1506/1369 1538/1517/1379 1535/1514/1377
f 1539/1518/1380 1538/1517/1379 1527/1506/1369
f 1532/1511/1374 1539/1518/1380 1527/1506/1369
f 1533/1512/1375 1528/1507/1370 1540/1519/1381
f 1532/1511/1374 1529/1508/1371 1537/1516/203
f 1533/1512/1375 1540/1519/1381 1541/1520/1382
f 1534/1513/1376 1542/1521/1383 1531/1510/1373
f 1528/1507/1370 1536/1515/1378 1543/1522/1384
f 1530/1509/1372 1544/1523/1385 1522/1501/1364
f 1535/1514/1377 1545/1524/1386 1530/1509/1372
f 1538/1517/1379 1545/1524/1386 1535/1514/1377
f 1531/1510/1373 1542/1521/1383 1536/1515/1378
f 1528/1507/1370 1543/1522/1384 1546/1525/1387
f 1540/1519/1381 1528/1507/1370 1546/1525/1387
f 1544/1523/1385 1534/1513/1376 1522/1501/1364
f 1547/1526/1388 1544/1523/1385 1530/1509/1372
f 1547/1526/1388 1530/1509/1372 1545/1524/1386
f 1536/1515/1378 1542/1521/1383 1548/1527/1389
f 1549/1528/1390 1539/1518/1380 1532/1511/1374
f 1537/1516/203 1549/1528/1390 1532/1511/1374
f 1540/1519/1381 1550/1529/1391 1541/1520/1382
f 1551/1530/1392 1534/1513/1376 1544/1523/1385
f 1534/1513/1376 1552/1531/1393 1542/1521/1383
f 1553/1532/1394 1538/1517/1379 1539/1518/1380
f 1554/1533/1395 1547/1526/1388 1545/1524/1386
f 1538/1517/1379 1555/1534/481 1545/1524/1386
f 1542/1521/1383 1552/1531/1393 1548/1527/1389
f 1555/1534/481 1554/1533/1395 1545/1524/1386
f 1556/1535/1396 1538/1517/1379 1553/1532/1394
f 1536/1515/1378 1557/1536/1397 1543/1522/1384
f 1553/1532/1394 1539/1518/1380 1549/1528/1390
f 1543/1522/1384 1557/1536/1397 1546/1525/1387
f 1558/1537/1398 1549/1528/1390 1537/1516/203
f 1540/1519/1381 1546/1525/1387 1559/1538/1399
f 1551/1530/1392 1552/1531/1393 1534/1513/1376
f 1552/1531/1393 1560/1539/1400 1548/1527/1389
f 1555/1534/481 1538/1517/1379 1556/1535/1396
f 1536/1515/1378 1548/1527/1389 1557/1536/1397
f 1558/1537/1398 1537/1516/203 1561/1540/1401
f 1540/1519/1381 1559/1538/1399 1562/1541/1402
f 1548/1527/1389 1563/1542/483 1557/1536/1397
f 1560/1539/1400 1563/1542/483 1548/1527/1389
f 1553/1532/1394 1564/1543/1403 1556/1535/1396
f 1557/1536/1397 1565/1544/1404 1546/1525/1387
f 1558/1537/1398 1566/1545/1405 1549/1528/1390
f 1546/1525/1387 1565/1544/1404 1567/1546/1406
f 1559/1538/1399 1546/1525/1387 1567/1546/1406
f 1566/1545/1405 1553/1532/1394 1549/1528/1390
f 1568/1547/1407 1558/1537/1398 1561/1540/1401
f 1562/1541/1402 1569/1548/1408 1570/1549/1409
f 1564/1543/1403 1553/1532/1394 1566/1545/1405
f 1557/1536/1397 1563/1542/483 1571/1550/1410
f 1572/1551/1411 1566/1545/1405 1558/1537/1398
f 1569/1548/1408 1559/1538/1399 1567/1546/1406
f 1569/1548/1408 1562/1541/1402 1559/1538/1399
f 1573/1552/1412 1556/1535/1396 1564/1543/1403
f 1571/1550/1410 1565/1544/1404 1557/1536/1397
f 1568/1547/1407 1572/1551/1411 1558/1537/1398
f 1574/1553/1413 1568/1547/1407 1561/1540/1401
f 1572/1551/1411 1575/1554/1414 1566/1545/1405
f 1576/1555/1415 1572/1551/1411 1568/1547/1407
f 1577/1556/492 1573/1552/1412 1564/1543/1403
f 1575/1554/1414 1577/1556/492 1564/1543/1403
f 1575/1554/1414 1564/1543/1403 1566/1545/1405
f 1578/1557/1416 1571/1550/1410 1563/1542/483
f 1578/1557/1416 1563/1542/483 1579/1558/1417
f 1580/1559/1418 1570/1549/1409 1569/1548/1408
f 1581/1560/1419 1576/1555/1415 1568/1547/1407
f 1577/1556/492 1575/1554/1414 1582/1561/495
f 1583/1560/217 1584/1547/1407 1585/1553/1413
f 1586/1551/1411 1587/1562/1420 1588/1554/1414
f 1587/1562/1420 1589/1561/1421 1588/1554/1414
f 1590/1563/1422 1591/1555/1415 1592/1560/217
f 1591/1555/1415 1587/1562/1420 1586/1551/1411
f 1593/1564/1423 1589/1561/1421 1587/1562/1420
f 1590/1563/1422 1594/1565/1424 1591/1555/1415
f 1595/1566/1425 1590/1563/1422 1592/1560/217
f 1594/1565/1424 1587/1562/1420 1591/1555/1415
f 1596/1567/1426 1595/1566/1425 1597/1568/1427
f 1598/1569/1428 1593/1564/1423 1587/1562/1420
f 1594/1565/1424 1599/1570/1429 1587/1562/1420
f 1600/1571/1430 1594/1565/1424 1590/1563/1422
f 1600/1571/1430 1590/1563/1422 1595/1566/1425
f 1598/1569/1428 1587/1562/1420 1599/1570/1429
f 1600/1571/1430 1599/1570/1429 1594/1565/1424
f 1601/1572/1431 1595/1566/1425 1596/1567/1426
f 1602/1573/1432 1593/1564/1423 1598/1569/1428
f 1599/1570/1429 1603/1574/1433 1598/1569/1428
f 1604/1575/1434 1601/1572/1431 1596/1567/1426
f 1601/1572/1431 1600/1571/1430 1595/1566/1425
f 1603/1574/1433 1602/1573/1432 1598/1569/1428
f 1605/1576/1435 1603/1574/1433 1599/1570/1429
f 1605/1576/1435 1599/1570/1429 1600/1571/1430
f 1606/1577/1436 1605/1576/1435 1600/1571/1430
f 1607/1578/1437 1601/1572/1431 1604/1575/1434
f 1608/1579/525 1602/1573/1432 1603/1574/1433
f 1606/1577/1436 1600/1571/1430 1601/1572/1431
f 1606/1577/1436 1609/1580/1438 1605/1576/1435
f 1606/1577/1436 1601/1572/1431 1607/1578/1437
f 1609/1580/1438 1603/1574/1433 1605/1576/1435
f 1610/1581/234 1607/1578/1437 1604/1575/1434
f 1611/1582/1439 1608/1579/525 1603/1574/1433
f 1609/1580/1438 1611/1582/1439 1603/1574/1433
f 1612/1583/1440 1606/1577/1436 1607/1578/1437
f 1610/1581/234 1612/1583/1440 1607/1578/1437
f 1613/1584/1441 1609/1580/1438 1606/1577/1436
f 1612/1583/1440 1614/1585/1442 1606/1577/1436
f 1611/1582/1439 1615/1586/1443 1608/1579/525
f 1613/1584/1441 1606/1577/1436 1614/1585/1442
f 1616/1587/1444 1615/1586/1443 1611/1582/1439
f 1617/1588/1445 1611/1582/1439 1609/1580/1438
f 1613/1584/1441 1617/1588/1445 1609/1580/1438
f 1618/1589/1446 1614/1585/1442 1612/1583/1440
f 1618/1589/1446 1612/1583/1440 1610/1581/234
f 1619/1590/1447 1616/1587/1444 1611/1582/1439
f 1617/1588/1445 1619/1590/1447 1611/1582/1439
f 1620/1591/1448 1618/1589/1446 1610/1581/234
f 1621/1592/1449 1613/1584/1441 1614/1585/1442
f 1618/1589/1446 1622/1593/1450 1614/1585/1442
f 1621/1592/1449 1617/1588/1445 1613/1584/1441
f 1621/1592/1449 1614/1585/1442 1622/1593/1450
f 1621/1592/1449 1623/1594/1451 1617/1588/1445
f 1623/1594/1451 1624/1595/1452 1617/1588/1445
f 1624/1595/1452 1619/1590/1447 1617/1588/1445
f 1625/1596/1453 1623/1594/1451 1621/1592/1449
f 1622/1593/1450 1625/1596/1453 1621/1592/1449
f 1626/1597/1454 1627/1598/1455 1618/1589/1446
f 1627/1598/1455 1622/1593/1450 1618/1589/1446
f 1626/1597/1454 1618/1589/1446 1620/1591/1448
f 1624/1595/1452 1628/1599/1456 1619/1590/1447
f 1627/1598/1455 1625/1596/1453 1622/1593/1450
f 1624/1595/1452 1629/1600/1457 1628/1599/1456
f 1630/1601/1458 1624/1595/1452 1623/1594/1451
f 1627/1598/1455 1631/1602/1459 1625/1596/1453
f 1625/1596/1453 1632/1603/1460 1623/1594/1451
f 1630/1601/1458 1629/1600/1457 1624/1595/1452
f 1632/1603/1460 1630/1601/1458 1623/1594/1451
f 1631/1602/1459 1627/1598/1455 1626/1597/1454
f 1633/1604/1461 1629/1600/1457 1630/1601/1458
f 1634/1605/1462 1625/1596/1453 1631/1602/1459
f 1634/1605/1462 1632/1603/1460 1625/1596/1453
f 1635/1606/1463 1630/1601/1458 1632/1603/1460
f 1633/1604/1461 1636/1607/1464 1629/1600/1457
f 1637/1608/1465 1634/1605/1462 1631/1602/1459
f 1637/1608/1465 1631/1602/1459 1626/1597/1454
f 1635/1606/1463 1633/1604/1461 1630/1601/1458
f 1637/1608/1465 1626/1597/1454 1638/1609/1466
f 1634/1605/1462 1635/1606/1463 1632/1603/1460
f 1639/1610/1467 1634/1605/1462 1637/1608/1465
f 1638/1609/1466 1639/1610/1467 1637/1608/1465
f 1640/1611/1468 1635/1606/1463 1634/1605/1462
f 1639/1610/1467 1640/1611/1468 1634/1605/1462
f 1635/1606/1463 1641/1612/1469 1633/1604/1461
f 1641/1612/1469 1636/1607/1464 1633/1604/1461
f 1642/1613/257 1639/1610/1467 1638/1609/1466
f 1641/1612/1469 1643/1614/1470 1636/1607/1464
f 1644/1615/1471 1635/1606/1463 1640/1611/1468
f 1645/1616/1472 1640/1611/1468 1639/1610/1467
f 1644/1615/1471 1640/1611/1468 1645/1616/1472
f 1644/1615/1471 1641/1612/1469 1635/1606/1463
f 1646/1617/1473 1639/1610/1467 1642/1613/257
f 1641/1612/1469 1647/1618/1474 1643/1614/1470
f 1646/1617/1473 1645/1616/1472 1639/1610/1467
f 1645/1616/1472 1648/1619/1475 1644/1615/1471
f 1649/1620/1476 1647/1618/1474 1641/1612/1469
f 1644/1615/1471 1649/1620/1476 1641/1612/1469
f 1649/1620/1476 1650/1621/1477 1647/1618/1474
f 1650/1621/1477 1651/1622/596 1652/1623/1478
f 1650/1621/1477 1652/1623/1478 1647/1618/1474
f 1653/1624/268 1645/1616/1472 1646/1617/1473
f 1649/1620/1476 1644/1615/1471 1648/1619/1475
f 1653/1624/268 1648/1619/1475 1645/1616/1472
f 1654/1625/1479 1650/1621/1477 1649/1620/1476
f 1655/1626/1480 1649/1620/1476 1648/1619/1475
f 1656/1627/1481 1648/1619/1475 1653/1624/268
f 1655/1626/1480 1654/1625/1479 1649/1620/1476
f 1657/1628/1482 1658/1629/1483 1651/1622/596
f 1657/1628/1482 1651/1622/596 1650/1621/1477
f 1654/1625/1479 1657/1628/1482 1650/1621/1477
f 1655/1626/1480 1648/1619/1475 1656/1627/1481
f 1659/1630/1484 1657/1628/1482 1654/1625/1479
f 1660/1631/1485 1656/1627/1481 1653/1624/268
f 1657/1628/1482 1661/1632/609 1658/1629/1483
f 1659/1630/1484 1661/1632/609 1657/1628/1482
f 1662/1633/1486 1655/1626/1480 1656/1627/1481
f 1660/1631/1485 1662/1633/1486 1656/1627/1481
f 1655/1626/1480 1663/1634/1487 1654/1625/1479
f 1662/1633/1486 1663/1634/1487 1655/1626/1480
f 1654/1625/1479 1664/1635/1488 1659/1630/1484
f 1663/1634/1487 1664/1635/1488 1654/1625/1479
f 1659/1630/1484 1665/1636/1489 1661/1632/609
f 1660/1631/1485 1666/1637/1490 1662/1633/1486
f 1667/1638/1491 1665/1636/1489 1659/1630/1484
f 1664/1635/1488 1667/1638/1491 1659/1630/1484
f 1668/1639/1492 1663/1634/1487 1662/1633/1486
f 1666/1637/1490 1668/1639/1492 1662/1633/1486
f 1663/1634/1487 1668/1639/1492 1664/1635/1488
f 1668/1639/1492 1669/1640/1493 1664/1635/1488
f 1666/1637/1490 1670/1641/1494 1668/1639/1492
f 1670/1641/1494 1669/1640/1493 1668/1639/1492
f 1671/1642/1495 1672/1643/983 1673/1644/1496
f 1673/1644/1496 1672/1643/983 1674/1645/589
f 1673/1644/1496 1674/1645/589 1675/1646/1497
f 1676/1647/995 1677/1648/988 1673/1644/1496
f 1678/1649/1498 1679/1650/1499 1680/1651/1500
f 1675/1646/1497 1681/1652/1501 1673/1644/1496
f 1676/1647/995 1673/1644/1496 1681/1652/1501
f 1682/1653/994 1683/1654/992 1676/1647/995
f 1680/1651/1500 1679/1650/1499 1682/1653/994
f 1684/1655/1502 1681/1652/1501 1675/1646/1497
f 1676/1647/995 1681/1652/1501 1684/1655/1502
f 1685/1656/1503 1680/1651/1500 1682/1653/994
f 1686/1657/1504 1676/1647/995 1684/1655/1502
f 1687/1658/1505 1675/1646/1497 1688/1659/1506
f 1682/1653/994 1676/1647/995 1686/1657/1504
f 1687/1658/1505 1688/1659/1506 1689/1660/607
f 1690/1661/1507 1675/1646/1497 1687/1658/1505
f 1690/1661/1507 1684/1655/1502 1675/1646/1497
f 1691/1662/1508 1684/1655/1502 1690/1661/1507
f 1692/1663/1509 1682/1653/994 1686/1657/1504
f 1685/1656/1503 1682/1653/994 1692/1663/1509
f 1686/1657/1504 1684/1655/1502 1691/1662/1508
f 1693/1664/1510 1687/1658/1505 1689/1660/607
f 1692/1663/1509 1686/1657/1504 1694/1665/1511
f 1693/1664/1510 1690/1661/1507 1687/1658/1505
f 1694/1665/1511 1686/1657/1504 1691/1662/1508
f 1695/1666/1512 1685/1656/1503 1692/1663/1509
f 1693/1664/1510 1689/1660/607 1696/1667/1513
f 1697/1668/1514 1691/1662/1508 1690/1661/1507
f 1694/1665/1511 1691/1662/1508 1697/1668/1514
f 1693/1664/1510 1697/1668/1514 1690/1661/1507
f 1698/1669/1515 1692/1663/1509 1694/1665/1511
f 1699/1670/1516 1696/1667/1513 1700/1671/1517
f 1701/1672/1518 1693/1664/1510 1696/1667/1513
f 1702/1673/1519 1703/1674/614 1704/1636/613
f 1705/1635/1520 1706/1640/1493 1707/1638/1521
f 1708/1675/1522 1694/1665/1511 1697/1668/1514
f 1698/1669/1515 1694/1665/1511 1708/1675/1522
f 1698/1669/1515 1695/1666/1512 1692/1663/1509
f 1709/1676/1523 1700/1671/1517 1710/1677/616
f 1711/1678/1524 1709/1676/1523 1710/1677/616
f 1702/1673/1519 1711/1678/1524 1703/1674/614
f 1701/1672/1518 1696/1667/1513 1699/1670/1516
f 1707/1638/1521 1702/1673/1519 1704/1636/613
f 1712/1679/1525 1697/1668/1514 1693/1664/1510
f 1709/1676/1523 1699/1670/1516 1700/1671/1517
f 1701/1672/1518 1712/1679/1525 1693/1664/1510
f 1712/1679/1525 1708/1675/1522 1697/1668/1514
f 1713/1680/1526 1709/1676/1523 1711/1678/1524
f 1713/1680/1526 1711/1678/1524 1702/1673/1519
f 1714/1681/1527 1695/1666/1512 1698/1669/1515
f 1715/1682/1528 1702/1673/1519 1707/1638/1521
f 1716/1641/1494 1717/1683/1529 1706/1640/1493
f 1718/1684/1530 1714/1681/1527 1698/1669/1515
f 1698/1669/1515 1708/1675/1522 1718/1684/1530
f 1719/1685/1531 1713/1680/1526 1702/1673/1519
f 1720/1686/1532 1712/1679/1525 1701/1672/1518
f 1720/1686/1532 1721/1687/1533 1712/1679/1525
f 1721/1687/1533 1708/1675/1522 1712/1679/1525
f 1721/1687/1533 1718/1684/1530 1708/1675/1522
f 1717/1683/1529 1722/1688/1534 1706/1640/1493
f 1723/1689/1535 1699/1670/1516 1709/1676/1523
f 1723/1689/1535 1709/1676/1523 1713/1680/1526
f 1715/1682/1528 1719/1685/1531 1702/1673/1519
f 1720/1686/1532 1701/1672/1518 1699/1670/1516
f 1722/1688/1534 1715/1682/1528 1707/1638/1521
f 1722/1688/1534 1707/1638/1521 1706/1640/1493
f 1723/1689/1535 1720/1686/1532 1699/1670/1516
f 1724/1690/1536 1723/1689/1535 1713/1680/1526
f 1717/1683/1529 1725/1691/1537 1722/1688/1534
f 1726/1692/1538 1718/1684/1530 1721/1687/1533
f 1727/1693/1539 1723/1689/1535 1724/1690/1536
f 1719/1685/1531 1724/1690/1536 1713/1680/1526
f 1727/1693/1539 1720/1686/1532 1723/1689/1535
f 1727/1693/1539 1728/1694/1540 1720/1686/1532
f 1715/1682/1528 1729/1695/1541 1719/1685/1531
f 1729/1695/1541 1715/1682/1528 1722/1688/1534
f 1730/1696/1542 1721/1687/1533 1720/1686/1532
f 1722/1688/1534 1725/1691/1537 1729/1695/1541
f 1731/1697/1543 1724/1690/1536 1719/1685/1531
f 1730/1696/1542 1720/1686/1532 1728/1694/1540
f 1730/1696/1542 1726/1692/1538 1721/1687/1533
f 1729/1695/1541 1731/1697/1543 1719/1685/1531
f 1729/1695/1541 1732/1698/1544 1731/1697/1543
f 1725/1691/1537 1732/1698/1544 1729/1695/1541
f 1733/1699/1545 1732/1698/1544 1725/1691/1537
f 1734/1700/1546 1726/1692/1538 1730/1696/1542
f 1735/1701/1547 1727/1693/1539 1724/1690/1536
f 1735/1701/1547 1724/1690/1536 1731/1697/1543
f 1735/1701/1547 1728/1694/1540 1727/1693/1539
f 1736/1702/1548 1735/1701/1547 1731/1697/1543
f 1737/1703/1549 1730/1696/1542 1728/1694/1540
f 1736/1702/1548 1737/1703/1549 1728/1694/1540
f 1736/1702/1548 1728/1694/1540 1735/1701/1547
f 1738/1704/1550 1736/1702/1548 1731/1697/1543
f 1738/1704/1550 1731/1697/1543 1732/1698/1544
f 1737/1703/1549 1734/1700/1546 1730/1696/1542
f 1733/1699/1545 1738/1704/1550 1732/1698/1544
