# Blender 4.2.0
# www.blender.org
mtllib model.mtl
o texture_mapping
v -0.496056 0.150883 -0.082414
v -0.489982 0.138651 -0.121756
v -0.489297 0.137540 -0.068176
v -0.496084 0.147713 -0.282078
v -0.490175 0.138792 -0.260429
v -0.495719 0.149537 -0.232070
v -0.495661 0.146449 -0.035155
v -0.495821 0.148255 0.038267
v -0.490359 0.138410 0.045686
v -0.495543 0.146406 0.078386
v -0.493155 0.138484 -0.290867
v -0.495188 0.146506 -0.162645
v -0.494630 0.141940 -0.207489
v -0.486247 0.138053 -0.171763
v -0.492278 0.138320 0.008121
v -0.486262 0.138311 0.090942
v -0.494135 0.141130 0.123828
v -0.495945 0.146849 0.299837
v -0.493628 0.140629 0.279208
v -0.486791 0.139151 0.300823
v -0.481755 0.139401 -0.228688
v -0.490175 0.138792 -0.260429
v -0.493519 0.140587 0.241525
v -0.493617 0.140476 0.189240
v -0.485486 0.138343 0.217031
v -0.474466 0.140295 -0.283501
v -0.493155 0.138484 -0.290867
v -0.476488 0.140268 -0.303843
v -0.491931 0.141921 -0.303717
v -0.489982 0.138651 -0.121756
v -0.485146 0.137088 -0.017338
v -0.492278 0.138320 0.008121
v -0.481873 0.139397 0.142935
v -0.494135 0.141130 0.123828
v -0.486262 0.138311 0.090942
v -0.481790 0.139834 0.183203
v -0.485523 0.138195 0.258611
v -0.471025 0.143957 0.226721
v -0.469205 0.143051 0.277189
v -0.471695 0.143349 -0.197167
v -0.471949 0.143113 -0.148458
v -0.467858 0.143402 -0.085801
v -0.489297 0.137540 -0.068176
v -0.465430 0.144314 -0.014478
v -0.485146 0.137088 -0.017338
v -0.492278 0.138320 0.008121
v -0.490359 0.138410 0.045686
v -0.472421 0.144125 0.039374
v -0.472953 0.144756 0.097871
v -0.454643 0.138795 0.292332
v -0.470155 0.146241 0.142753
v -0.442554 0.138582 -0.300817
v -0.455202 0.141619 0.303482
v -0.464309 0.145958 -0.242419
v -0.464839 0.145681 0.174511
v -0.443832 0.145970 0.067305
v -0.441171 0.146905 0.113140
v -0.421607 0.143375 -0.283300
v -0.438656 0.142962 0.255771
v -0.455761 0.143641 0.230207
v -0.448354 0.142001 -0.127316
v -0.449953 0.145092 0.146624
v -0.452346 0.143972 -0.228697
v -0.456530 0.144129 -0.154901
v -0.452031 0.142719 0.204436
v -0.450161 0.143147 -0.189592
v -0.443388 0.145582 -0.258209
v -0.445783 0.134951 -0.167268
v -0.456530 0.144129 -0.154901
v -0.450161 0.143147 -0.189592
v -0.447279 0.134815 -0.139361
v -0.447437 0.135860 0.177596
v -0.464839 0.145681 0.174511
v -0.449953 0.145092 0.146624
v -0.452031 0.142719 0.204436
v -0.417216 0.146624 0.018976
v -0.448354 0.142001 -0.127316
v -0.440050 0.133758 0.150168
v -0.441186 0.137838 -0.223820
v -0.452346 0.143972 -0.228697
v -0.443397 0.138966 -0.241121
v -0.443418 0.137595 0.227196
v -0.455761 0.143641 0.230207
v -0.444002 0.134782 0.243496
v -0.439171 0.132766 0.211174
v -0.402447 0.146499 -0.264613
v -0.443388 0.145582 -0.258209
v -0.436647 0.132715 -0.205232
v -0.419008 0.143939 0.274446
v -0.422015 0.145250 -0.112854
v -0.428762 0.146089 -0.037303
v -0.438942 0.146021 0.087844
v -0.435269 0.130893 -0.133385
v -0.433619 0.135435 0.197524
v -0.431827 0.126200 0.218537
v -0.430879 0.135764 0.068645
v -0.436076 0.137321 0.082619
v -0.438942 0.146021 0.087844
v -0.443832 0.145970 0.067305
v -0.436076 0.137321 0.082619
v -0.432956 0.133975 -0.165627
v -0.435626 0.132982 0.167599
v -0.432820 0.131952 -0.216577
v -0.430577 0.141210 -0.256793
v -0.430577 0.141210 -0.256793
v -0.423193 0.145546 0.055715
v -0.417629 0.146696 0.137004
v -0.421823 0.137549 0.218905
v -0.401683 0.138883 0.299358
v -0.426271 0.143984 0.096070
v -0.428015 0.140121 -0.131542
v -0.428273 0.144763 0.150738
v -0.424401 0.144358 0.201489
v -0.432100 0.144612 0.175509
v -0.412526 0.146744 0.169769
v -0.417948 0.135874 0.088836
v -0.390814 0.147785 -0.161567
v -0.428125 0.145009 -0.158934
v -0.423568 0.144118 -0.194767
v -0.409825 0.145895 -0.131611
v -0.409856 0.144425 0.073169
v -0.406452 0.143340 -0.252022
v -0.386716 0.146666 -0.018604
v -0.410202 0.145719 0.093737
v -0.410889 0.139965 0.252904
v -0.393337 0.139079 -0.301206
v -0.396990 0.146582 -0.210420
v -0.418430 0.143083 -0.217501
v -0.421823 0.137549 0.218905
v -0.399014 0.141916 0.208061
v -0.376790 0.146538 -0.077463
v -0.392628 0.144414 0.182045
v -0.404021 0.142217 -0.233931
v -0.385865 0.147090 0.102751
v -0.394893 0.146231 -0.188189
v -0.373906 0.147250 0.062965
v -0.387205 0.146040 -0.230740
v -0.402990 0.139666 0.236375
v -0.391669 0.142925 0.248680
v -0.349256 0.138944 -0.293292
v -0.380837 0.136961 0.217133
v -0.369695 0.143183 0.230047
v -0.385458 0.139549 -0.185851
v -0.385458 0.139549 -0.185851
v -0.396990 0.146582 -0.210420
v -0.368770 0.144938 -0.187924
v -0.380108 0.145399 0.275095
v -0.347612 0.147056 -0.122212
v -0.376692 0.146743 0.151586
v -0.370743 0.140402 -0.215367
v -0.372083 0.147636 -0.169164
v -0.394893 0.146231 -0.188189
v -0.372083 0.147636 -0.169164
v -0.366185 0.145315 -0.206602
v -0.370743 0.140402 -0.215367
v -0.369277 0.140171 0.195679
v -0.382398 0.133326 0.186911
v -0.381813 0.147709 -0.244497
v -0.391669 0.142925 0.248680
v -0.370919 0.133889 0.242951
v -0.371418 0.141365 0.254921
v -0.381813 0.147709 -0.244497
v -0.371725 0.144723 -0.253155
v -0.375205 0.139647 -0.242895
v -0.346387 0.147060 0.018873
v -0.355253 0.139171 0.293577
v -0.353640 0.148081 -0.271945
v -0.371725 0.144723 -0.253155
v -0.368485 0.138382 -0.173703
v -0.371418 0.141365 0.254921
v -0.353919 0.136969 -0.246921
v -0.357971 0.146400 -0.232651
v -0.356922 0.148619 -0.222391
v -0.350094 0.142243 -0.303917
v -0.346910 0.147073 -0.254592
v -0.338279 0.147132 0.127068
v -0.359537 0.146212 0.268350
v -0.351500 0.133518 0.211070
v -0.351690 0.135719 0.251258
v -0.346910 0.147073 -0.254592
v -0.351307 0.143398 -0.189237
v -0.357553 0.142748 0.166268
v -0.392628 0.144414 0.182045
v -0.376692 0.146743 0.151586
v -0.345545 0.137569 -0.229683
v -0.376573 0.135920 0.173061
v -0.355346 0.133816 0.172711
v -0.348148 0.137253 -0.204509
v -0.351078 0.136833 -0.173139
v -0.349493 0.145776 -0.161258
v -0.359537 0.146212 0.268350
v -0.322422 0.146256 0.265307
v -0.349493 0.145776 -0.161258
v -0.336843 0.145937 0.242767
v -0.347608 0.132328 0.233939
v -0.343713 0.145180 -0.220132
v -0.348148 0.137253 -0.204509
v -0.323411 0.147016 -0.036528
v -0.340744 0.134935 -0.187229
v -0.342831 0.132144 0.188849
v -0.319048 0.147991 -0.151163
v -0.339779 0.143000 0.166312
v -0.349917 0.140830 0.228670
v -0.336843 0.145937 0.242767
v -0.328985 0.145605 -0.177144
v -0.339779 0.143000 0.166312
v -0.342831 0.132144 0.188849
v -0.355346 0.133816 0.172711
v -0.306818 0.147142 -0.076659
v -0.339779 0.143000 0.166312
v -0.334587 0.138609 -0.236375
v -0.334048 0.136055 -0.210072
v -0.347608 0.132328 0.233939
v -0.337278 0.135151 0.224613
v -0.337278 0.135151 0.224613
v -0.306078 0.142791 -0.303553
v -0.305111 0.147077 0.079173
v -0.329004 0.144258 0.193146
v -0.328985 0.145605 -0.177144
v -0.314816 0.148451 -0.228870
v -0.330350 0.147847 -0.232381
v -0.329777 0.145411 -0.202685
v -0.314700 0.146898 0.222324
v -0.329004 0.144258 0.193146
v -0.294167 0.138338 0.296485
v -0.289990 0.145450 -0.278587
v -0.282415 0.147436 -0.128674
v -0.301145 0.147137 0.164156
v -0.292153 0.138485 -0.293132
v -0.289173 0.147199 0.125273
v -0.263789 0.147272 0.018276
v -0.272986 0.146880 0.220061
v -0.276185 0.144686 0.273819
v -0.275109 0.147190 -0.235103
v -0.271652 0.147776 -0.184356
v -0.282728 0.147220 -0.029555
v -0.267249 0.138679 -0.300584
v -0.244063 0.147028 0.156856
v -0.250857 0.146907 0.091249
v -0.249265 0.147296 -0.076361
v -0.249148 0.138724 -0.292184
v -0.251444 0.138533 0.293032
v -0.228797 0.145413 -0.271876
v -0.236070 0.143579 0.282188
v -0.225607 0.147185 -0.157264
v -0.241056 0.141719 0.303576
v -0.220020 0.146850 -0.217265
v -0.222140 0.147284 -0.109356
v -0.213126 0.147283 0.058481
v -0.230101 0.146691 0.219121
v -0.224480 0.139098 -0.302185
v -0.208302 0.138150 -0.292592
v -0.206155 0.138249 0.296686
v -0.195623 0.147041 0.131647
v -0.209295 0.147346 -0.017188
v -0.177529 0.138541 -0.301059
v -0.180790 0.147291 -0.076698
v -0.176621 0.146839 0.200614
v -0.193272 0.146516 0.250695
v -0.174601 0.146781 -0.208889
v -0.188078 0.144752 -0.279523
v -0.150494 0.147081 -0.160137
v -0.160992 0.143360 0.277865
v -0.160444 0.145978 -0.257272
v -0.172351 0.147368 0.009371
v -0.163745 0.147249 0.063715
v -0.157969 0.139692 0.301668
v -0.139103 0.147300 -0.050745
v -0.151527 0.141445 -0.284894
v -0.139526 0.147049 0.133441
v -0.142447 0.138735 -0.301864
v -0.111777 0.147354 0.004843
v -0.105945 0.146845 0.188817
v -0.110496 0.146531 -0.211434
v -0.106258 0.147268 0.064709
v -0.121341 0.138514 0.297995
v -0.109332 0.147216 -0.104255
v -0.109123 0.137390 -0.294478
v -0.102052 0.144959 -0.275995
v -0.094110 0.141857 0.285731
v -0.086270 0.147003 -0.146986
v -0.073904 0.146283 -0.238841
v -0.077588 0.146447 0.239319
v -0.080958 0.147313 -0.056662
v -0.069588 0.139088 0.300408
v -0.071378 0.147011 0.122856
v -0.068668 0.139729 -0.288451
v -0.063222 0.140000 -0.302529
v -0.125702 0.148705 -0.303940
v -0.058793 0.146820 -0.184230
v -0.044509 0.147336 -0.026544
v -0.037117 0.145240 -0.272351
v -0.051512 0.147332 0.042357
v -0.044641 0.147091 -0.133412
v -0.041098 0.147257 -0.077567
v -0.036149 0.146917 0.183582
v -0.035097 0.142785 0.280705
v -0.024241 0.146619 0.232095
v -0.014891 0.138417 -0.291913
v -0.004542 0.147032 0.082209
v 0.012542 0.147195 -0.107159
v -0.010543 0.147142 0.129985
v -0.005058 0.146816 -0.171710
v -0.006542 0.147352 0.000618
v -0.012871 0.141228 -0.302873
v -0.000697 0.146243 -0.239440
v -0.013894 0.139191 0.300757
v 0.019998 0.146900 0.192704
v 0.014362 0.139095 0.291502
v 0.034567 0.140224 0.301438
v 0.012547 0.144629 -0.281016
v 0.027526 0.141116 -0.302979
v 0.028469 0.145932 0.270589
v 0.046538 0.147284 -0.047632
v 0.042761 0.147344 0.023175
v 0.043771 0.138821 -0.292238
v 0.050698 0.146763 -0.190373
v 0.045926 0.146967 0.114742
v 0.052350 0.145154 -0.279193
v 0.068721 0.147066 -0.126078
v 0.065326 0.139575 0.291133
v 0.064707 0.146497 -0.236496
v 0.065190 0.146697 0.246959
v 0.067130 0.146998 0.185479
v 0.078144 0.147127 0.070696
v 0.091714 0.141348 -0.303093
v 0.093100 0.146978 0.119317
v 0.083817 0.138477 -0.293800
v 0.105073 0.146341 -0.256160
v 0.101412 0.141006 0.301679
v 0.104578 0.145411 0.280674
v 0.098126 0.144146 -0.282018
v 0.106787 0.146826 -0.193314
v 0.111684 0.146879 0.214496
v 0.122976 0.147298 0.004384
v 0.124809 0.147240 -0.068376
v 0.123864 0.139075 0.291524
v 0.130449 0.146503 0.252350
v 0.122630 0.138913 -0.291497
v 0.121979 0.146995 0.167813
v 0.118353 0.147068 -0.139555
v 0.160470 0.146876 -0.193895
v 0.140558 0.146983 0.101179
v 0.159847 0.138606 -0.297394
v 0.169993 0.144384 -0.280402
v 0.151354 0.147306 -0.028509
v 0.165929 0.141071 0.302489
v 0.164854 0.147163 -0.108002
v 0.162255 0.147008 0.155390
v 0.168153 0.146830 0.204157
v 0.186275 0.147188 0.054413
v 0.189345 0.146398 -0.256956
v 0.179338 0.145115 0.277836
v 0.167455 0.138381 0.292831
v 0.200184 0.147261 -0.058434
v 0.183065 0.146833 0.102056
v 0.196352 0.147279 -0.002292
v 0.205956 0.146442 0.230863
v 0.204852 0.147145 -0.128296
v 0.210625 0.146837 0.179931
v 0.207578 0.138603 0.292896
v 0.223038 0.138202 -0.292598
v 0.197000 0.141091 -0.303229
v 0.211351 0.147017 0.132573
v 0.228845 0.144849 -0.279160
v 0.220665 0.142038 0.303393
v 0.231821 0.146770 -0.233397
v 0.228963 0.147042 -0.179925
v 0.234713 0.147248 0.018606
v 0.242546 0.143825 0.274241
v 0.253431 0.146973 0.140040
v 0.272344 0.147222 -0.107753
v 0.255407 0.147231 -0.030108
v 0.262875 0.141166 -0.303626
v 0.270566 0.146956 0.073937
v 0.257843 0.146643 0.212992
v 0.258318 0.138932 0.301044
v 0.255967 0.147192 -0.145504
v 0.266291 0.147095 -0.198727
v 0.285268 0.141096 -0.288239
v 0.285015 0.146886 -0.248268
v 0.299463 0.147074 -0.053218
v 0.287681 0.147127 0.005315
v 0.304095 0.147385 -0.159890
v 0.296785 0.146508 0.245363
v 0.298134 0.138719 0.295832
v 0.292262 0.144924 0.277594
v 0.302629 0.147100 0.191305
v 0.319297 0.147040 0.130775
v 0.325660 0.140146 -0.302911
v 0.324302 0.147036 0.027759
v 0.322540 0.147123 -0.087332
v 0.346679 0.146148 -0.278564
v 0.337997 0.138786 -0.291549
v 0.326064 0.146919 -0.193892
v 0.325818 0.147475 -0.241800
v 0.342859 0.147112 -0.121750
v 0.344601 0.146794 0.088825
v 0.346557 0.146746 -0.013228
v 0.354747 0.139540 0.290054
v 0.333637 0.146201 0.244271
v 0.328183 0.144205 0.215612
v 0.349042 0.146336 0.272410
v 0.333487 0.142466 0.172251
v 0.328183 0.144205 0.215612
v 0.333487 0.142466 0.172251
v 0.337368 0.133157 0.201211
v 0.338839 0.133808 0.234540
v 0.348477 0.141748 0.303456
v 0.332549 0.140411 -0.214049
v 0.332121 0.146456 -0.229729
v 0.337925 0.136981 -0.236248
v 0.326064 0.146919 -0.193892
v 0.340447 0.136700 -0.187129
v 0.333637 0.146201 0.244271
v 0.332121 0.146456 -0.229729
v 0.343242 0.145117 -0.161508
v 0.344272 0.136118 -0.212862
v 0.363795 0.146783 -0.061018
v 0.364106 0.139332 -0.301802
v 0.343242 0.145117 -0.161508
v 0.343926 0.146439 -0.255178
v 0.356443 0.137605 -0.250968
v 0.355720 0.137004 0.250584
v 0.343926 0.146439 -0.255178
v 0.347313 0.137815 -0.232514
v 0.347777 0.135333 0.188066
v 0.344189 0.134346 0.221607
v 0.346829 0.143597 0.162723
v 0.354077 0.137405 -0.204380
v 0.340447 0.136700 -0.187129
v 0.344272 0.136118 -0.212862
v 0.351360 0.132773 0.170780
v 0.352674 0.134273 0.208075
v 0.358837 0.136902 -0.174077
v 0.388762 0.146906 0.146641
v 0.354645 0.133676 0.236914
v 0.352284 0.144490 -0.193493
v 0.351360 0.132773 0.170780
v 0.344699 0.144594 -0.220586
v 0.358886 0.141251 -0.217571
v 0.344859 0.141989 0.221237
v 0.352674 0.134273 0.208075
v 0.373627 0.139288 0.218402
v 0.367757 0.145415 -0.261382
v 0.372518 0.146843 -0.227791
v 0.358855 0.146565 -0.232458
v 0.380118 0.146099 0.066673
v 0.352284 0.144490 -0.193493
v 0.371330 0.135325 0.171559
v 0.346829 0.143597 0.162723
v 0.360357 0.141688 0.202562
v 0.347777 0.135333 0.188066
v 0.367757 0.145415 -0.261382
v 0.368339 0.146820 -0.166817
v 0.360050 0.143568 0.187533
v 0.358186 0.143536 0.230548
v 0.355720 0.137004 0.250584
v 0.372825 0.137470 -0.241622
v 0.363293 0.135322 0.179404
v 0.365082 0.143723 -0.184268
v 0.379288 0.145845 -0.208023
v 0.377625 0.146201 0.170338
v 0.363293 0.135322 0.179404
v 0.371695 0.142253 0.253786
v 0.379288 0.145845 -0.208023
v 0.396449 0.147214 -0.152935
v 0.377625 0.146201 0.170338
v 0.385446 0.145359 0.273497
v 0.368339 0.146820 -0.166817
v 0.385107 0.140381 -0.218796
v 0.389675 0.139036 -0.293385
v 0.380554 0.139824 -0.176928
v 0.408307 0.146098 -0.053376
v 0.403443 0.145932 0.018439
v 0.382233 0.144712 0.238015
v 0.375600 0.135556 0.241844
v 0.383715 0.136241 0.187646
v 0.388095 0.143923 0.203089
v 0.397203 0.146340 -0.114150
v 0.383715 0.136241 0.187646
v 0.384715 0.140629 -0.192960
v 0.375600 0.135556 0.241844
v 0.396830 0.145147 -0.274368
v 0.383053 0.145829 -0.245066
v 0.371695 0.142253 0.253786
v 0.375600 0.135556 0.241844
v 0.382233 0.144712 0.238015
v 0.401004 0.139243 0.296748
v 0.383053 0.145829 -0.245066
v 0.404663 0.142145 -0.247822
v 0.401720 0.146574 -0.189705
v 0.401720 0.146574 -0.189705
v 0.405007 0.143371 0.091858
v 0.394203 0.144672 0.185334
v 0.371330 0.135325 0.171559
v 0.394203 0.144672 0.185334
v 0.422567 0.145145 0.280706
v 0.425080 0.140319 -0.303044
v 0.403994 0.141876 0.246375
v 0.418448 0.146229 0.114244
v 0.406329 0.141884 -0.225549
v 0.406894 0.142142 0.224264
v 0.414347 0.146834 0.183846
v 0.430702 0.145456 -0.279607
v 0.408805 0.142446 0.065751
v 0.415520 0.133649 0.086512
v 0.420062 0.145399 0.261128
v 0.419069 0.132963 0.064962
v 0.428825 0.142813 0.091441
v 0.419762 0.145984 -0.262326
v 0.425753 0.144972 0.200944
v 0.428592 0.145356 -0.164518
v 0.444357 0.145540 -0.011618
v 0.430636 0.143072 0.053177
v 0.435629 0.144328 0.136106
v 0.424325 0.145344 0.153044
v 0.425797 0.140640 -0.213581
v 0.427278 0.137956 0.214928
v 0.426097 0.143768 -0.138225
v 0.438091 0.145743 -0.092657
v 0.432837 0.133146 0.078685
v 0.447220 0.139239 -0.293071
v 0.453977 0.138669 0.295375
v 0.432457 0.143754 0.304143
v 0.442034 0.144797 -0.258870
v 0.434796 0.134035 -0.200039
v 0.436818 0.133444 -0.163709
v 0.437162 0.134157 -0.136082
v 0.443624 0.144179 -0.127377
v 0.424325 0.145344 0.153044
v 0.435629 0.144328 0.136106
v 0.434934 0.133261 0.148272
v 0.431549 0.141737 0.170110
v 0.425753 0.144972 0.200944
v 0.434348 0.134852 0.200540
v 0.427278 0.137956 0.214928
v 0.431549 0.141737 0.170110
v 0.434193 0.134908 0.061122
v 0.436742 0.126916 -0.221582
v 0.439399 0.132687 0.176969
v 0.436149 0.129837 0.218001
v 0.438238 0.140287 -0.251920
v 0.452167 0.145677 0.096944
v 0.454168 0.145355 0.026749
v 0.445780 0.134475 0.147689
v 0.444179 0.135465 0.201713
v 0.444683 0.141389 0.227998
v 0.466557 0.143904 -0.272303
v 0.450082 0.145564 0.254069
v 0.464705 0.144176 -0.056497
v 0.452385 0.140192 -0.155024
v 0.452273 0.142136 -0.189139
v 0.444518 0.141035 -0.229202
v 0.454736 0.144007 0.198158
v 0.443123 0.143213 0.070852
v 0.458543 0.144652 0.131419
v 0.458543 0.144652 0.131419
v 0.454395 0.140601 0.160330
v 0.465355 0.144738 -0.225772
v 0.467500 0.144440 0.227986
v 0.444683 0.141389 0.227998
v 0.454736 0.144007 0.198158
v 0.441122 0.134528 0.248584
v 0.466389 0.144705 0.062929
v 0.430636 0.143072 0.053177
v 0.454168 0.145355 0.026749
v 0.443123 0.143213 0.070852
v 0.466444 0.144840 -0.107924
v 0.466389 0.144705 0.062929
v 0.468110 0.144829 0.275653
v 0.472843 0.142591 -0.145068
v 0.481189 0.137778 -0.292945
v 0.471979 0.143992 -0.000591
v 0.479295 0.139674 0.032021
v 0.471223 0.144947 0.153984
v 0.454395 0.140601 0.160330
v 0.474196 0.146678 -0.305146
v 0.472059 0.143985 0.106114
v 0.484528 0.140400 0.302659
v 0.480779 0.139554 -0.224595
v 0.480763 0.139574 -0.180823
v 0.479237 0.140578 0.184596
v 0.482605 0.138229 -0.093501
v 0.483004 0.138721 0.134130
v 0.483266 0.138987 0.275286
v 0.485810 0.137995 -0.256909
v 0.489631 0.138934 -0.132771
v 0.485791 0.137407 -0.030489
v 0.482545 0.138011 0.081612
v 0.492636 0.139791 0.151865
v 0.490116 0.138820 0.223877
v 0.493759 0.140428 0.096911
v 0.493974 0.145185 -0.303446
v 0.495843 0.143630 -0.277439
v 0.493811 0.140327 -0.215737
v 0.494226 0.141095 -0.168529
v 0.494446 0.141780 -0.073643
v 0.494146 0.140178 0.038926
v 0.494327 0.141622 0.277844
v 0.495329 0.147474 -0.009493
v -0.495443 0.152032 0.113698
v -0.495543 0.146406 0.078386
v -0.494135 0.141130 0.123828
v -0.495944 0.155369 0.235438
v -0.493617 0.140476 0.189240
v -0.493519 0.140587 0.241525
v -0.493628 0.140629 0.279208
v -0.495176 0.161167 0.287587
v -0.495945 0.146849 0.299837
v -0.494479 0.159519 -0.297540
v -0.491931 0.141921 -0.303717
v -0.496084 0.147713 -0.282078
v -0.495028 0.158103 -0.191611
v -0.495719 0.149537 -0.232070
v -0.494630 0.141940 -0.207489
v -0.495188 0.146506 -0.162645
v -0.495655 0.156094 -0.119138
v -0.489982 0.138651 -0.121756
v -0.496056 0.150883 -0.082414
v -0.493767 0.161858 -0.010199
v -0.495661 0.146449 -0.035155
v -0.492278 0.138320 0.008121
v -0.495821 0.148255 0.038267
v -0.495624 0.150716 0.169132
v -0.495117 0.160821 0.066293
v -0.494124 0.162752 -0.149014
v -0.494258 0.163116 -0.256216
v -0.493544 0.162787 -0.075633
v -0.492495 0.164299 0.126435
v -0.494262 0.163416 0.181911
v -0.492512 0.164552 -0.219375
v -0.493155 0.138484 -0.290867
v -0.490175 0.138792 -0.260429
v -0.473735 0.151012 -0.305404
v -0.476488 0.140268 -0.303843
v -0.476887 0.163543 -0.303195
v -0.442554 0.138582 -0.300817
v -0.438640 0.158879 -0.304164
v -0.421692 0.146831 -0.304478
v -0.393337 0.139079 -0.301206
v -0.396800 0.164008 -0.300336
v -0.371970 0.153633 -0.304257
v -0.350094 0.142243 -0.303917
v -0.353206 0.165356 -0.297288
v -0.316131 0.163043 -0.301490
v -0.335982 0.151163 -0.304120
v -0.306078 0.142791 -0.303553
v -0.271821 0.157473 -0.303808
v -0.281364 0.165096 -0.298095
v -0.267249 0.138679 -0.300584
v -0.225912 0.152728 -0.304145
v -0.241382 0.164061 -0.300885
v -0.224480 0.139098 -0.302185
v -0.197644 0.162483 -0.301950
v -0.177529 0.138541 -0.301059
v -0.177050 0.151554 -0.304117
v -0.152807 0.162290 -0.302317
v -0.142447 0.138735 -0.301864
v -0.125702 0.148705 -0.303940
v -0.101069 0.162236 -0.302347
v -0.109123 0.137390 -0.294478
v -0.083600 0.151706 -0.303834
v -0.063222 0.140000 -0.302529
v -0.046371 0.157189 -0.303028
v -0.012871 0.141228 -0.302873
v -0.003289 0.153714 -0.303647
v -0.000899 0.165208 -0.296827
v 0.027526 0.141116 -0.302979
v 0.049701 0.151000 -0.303529
v 0.050516 0.162734 -0.301943
v 0.091714 0.141348 -0.303093
v 0.095235 0.154243 -0.303541
v 0.112752 0.164517 -0.298202
v 0.149510 0.150687 -0.303829
v 0.159847 0.138606 -0.297394
v 0.182612 0.162386 -0.302302
v 0.197000 0.141091 -0.303229
v 0.215221 0.151420 -0.303989
v 0.224502 0.163086 -0.301417
v 0.262875 0.141166 -0.303626
v 0.261661 0.159391 -0.303386
v 0.308143 0.150770 -0.304397
v 0.312511 0.163408 -0.301434
v 0.325660 0.140146 -0.302911
v 0.359664 0.157228 -0.304563
v 0.364106 0.139332 -0.301802
v 0.414657 0.153981 -0.305259
v 0.425080 0.140319 -0.303044
v 0.412911 0.165326 -0.297803
v 0.463108 0.162889 -0.303826
v 0.474196 0.146678 -0.305146
v 0.492222 0.162993 -0.298187
v 0.493974 0.145185 -0.303446
v -0.491140 0.162818 0.302927
v -0.495176 0.161167 0.287587
v -0.495945 0.146849 0.299837
v -0.495117 0.160821 0.066293
v -0.481752 0.166192 0.029129
v -0.493767 0.161858 -0.010199
v -0.487114 0.165528 -0.104637
v -0.494124 0.162752 -0.149014
v -0.495655 0.156094 -0.119138
v -0.493544 0.162787 -0.075633
v -0.488027 0.166109 0.230278
v -0.494262 0.163416 0.181911
v -0.495944 0.155369 0.235438
v -0.480215 0.166343 0.079037
v -0.492495 0.164299 0.126435
v -0.484570 0.165921 -0.291876
v -0.476887 0.163543 -0.303195
v -0.494479 0.159519 -0.297540
v -0.494258 0.163116 -0.256216
v -0.482308 0.166147 -0.263223
v -0.466329 0.165906 -0.223937
v -0.492512 0.164552 -0.219375
v -0.486927 0.165971 -0.178330
v -0.495028 0.158103 -0.191611
v -0.466569 0.165751 -0.132466
v -0.465033 0.165817 -0.024307
v -0.463802 0.165898 0.132787
v -0.473177 0.165989 0.182904
v -0.479625 0.166537 0.293273
v -0.466312 0.166184 0.231993
v -0.438287 0.166252 0.264204
v -0.454622 0.165703 -0.290336
v -0.457307 0.165769 -0.171942
v -0.463242 0.165730 -0.078090
v -0.454451 0.165851 0.036761
v -0.454632 0.165771 0.081367
v -0.461630 0.162957 0.303270
v -0.423121 0.165346 -0.017336
v -0.396578 0.165607 0.206363
v -0.438640 0.158879 -0.304164
v -0.427944 0.165810 -0.261677
v -0.417867 0.165585 -0.197635
v -0.422806 0.165236 -0.093319
v -0.412699 0.165252 0.048219
v -0.406857 0.164186 0.300138
v -0.401732 0.165314 -0.129646
v -0.379823 0.165173 0.142038
v -0.396800 0.164008 -0.300336
v -0.374650 0.165455 -0.257584
v -0.409637 0.165399 0.103793
v -0.374641 0.165500 0.285092
v -0.362612 0.164563 0.081135
v -0.372562 0.164557 0.027504
v -0.374543 0.164722 -0.077572
v -0.366242 0.164326 -0.024628
v -0.351359 0.164793 -0.123254
v -0.361059 0.165102 -0.178698
v -0.333947 0.165128 0.257256
v -0.341640 0.162599 0.302827
v -0.324240 0.164731 0.195435
v -0.353206 0.165356 -0.297288
v -0.320400 0.164242 -0.088229
v -0.319606 0.164235 0.131315
v -0.321921 0.165478 -0.282435
v -0.317672 0.163785 0.028214
v -0.314140 0.165386 0.291830
v -0.316131 0.163043 -0.301490
v -0.314475 0.165153 -0.229306
v -0.307945 0.164557 -0.159266
v -0.307572 0.163791 0.079504
v -0.288283 0.163646 -0.058497
v -0.284436 0.163363 0.301231
v -0.287913 0.163403 -0.015603
v -0.277923 0.164043 0.174727
v -0.277662 0.165314 -0.273470
v -0.269494 0.163585 -0.100487
v -0.259072 0.163495 0.112054
v -0.278623 0.164557 0.236378
v -0.281364 0.165096 -0.298095
v -0.259909 0.164955 0.271913
v -0.255258 0.164172 -0.155410
v -0.247717 0.163234 0.065402
v -0.260655 0.164818 -0.214877
v -0.236811 0.163015 0.023964
v -0.249051 0.163014 -0.038518
v -0.241382 0.164061 -0.300885
v -0.232584 0.164177 0.206467
v -0.226185 0.165195 -0.268483
v -0.218737 0.163439 -0.117079
v -0.212981 0.164465 -0.182577
v -0.200282 0.163407 0.141928
v -0.224228 0.164471 0.297895
v -0.200043 0.162769 -0.064835
v -0.201401 0.162460 -0.003666
v -0.196081 0.162802 0.063375
v -0.197408 0.164641 0.271257
v -0.197644 0.162483 -0.301950
v -0.176150 0.165104 -0.270021
v -0.148938 0.163504 -0.161537
v -0.159594 0.162678 -0.097196
v -0.158458 0.163615 0.191169
v -0.155270 0.163476 0.300600
v -0.152167 0.162596 0.121909
v -0.163084 0.164557 -0.217313
v -0.139232 0.164834 0.288341
v -0.152807 0.162290 -0.302317
v -0.142751 0.161880 -0.036871
v -0.149513 0.162035 0.062980
v -0.129014 0.164378 0.256931
v -0.113919 0.164993 -0.281587
v -0.098034 0.162597 0.138452
v -0.105842 0.163693 0.206799
v -0.087013 0.162189 -0.104660
v -0.085819 0.164125 -0.212864
v -0.091950 0.161355 0.016525
v -0.099107 0.161754 0.086779
v -0.101069 0.162236 -0.302347
v -0.097371 0.161379 -0.058901
v -0.097548 0.161908 0.302541
v -0.076261 0.163054 -0.158094
v -0.061595 0.161024 -0.016581
v -0.081515 0.164799 0.287296
v -0.067181 0.164224 0.251523
v -0.048178 0.165195 -0.293184
v -0.061573 0.164722 -0.264308
v -0.049001 0.161085 0.055323
v -0.039443 0.161183 -0.073011
v -0.044141 0.163344 0.185526
v -0.049770 0.162474 0.302052
v -0.043646 0.161516 0.107638
v -0.046371 0.157189 -0.303028
v -0.040808 0.164774 0.286716
v -0.024571 0.163550 -0.210484
v -0.026706 0.162038 -0.126963
v 0.001618 0.160712 0.020636
v -0.004927 0.161931 0.135790
v -0.014947 0.164809 -0.271612
v -0.015359 0.160606 -0.020282
v -0.025599 0.164076 0.240322
v -0.010148 0.160978 0.083530
v -0.004814 0.163912 0.299388
v -0.000899 0.165208 -0.296827
v 0.006941 0.160925 -0.075296
v 0.008353 0.162001 -0.156210
v 0.016798 0.163327 0.215481
v 0.006975 0.164601 0.276682
v 0.049746 0.165127 -0.282896
v 0.044230 0.163606 -0.214111
v 0.036325 0.160953 -0.016800
v 0.031438 0.160885 0.075781
v 0.034752 0.163042 0.301378
v 0.059146 0.160785 -0.116595
v 0.037074 0.162190 0.160973
v 0.050516 0.162734 -0.301943
v 0.050672 0.161861 -0.161663
v 0.054058 0.160288 -0.072859
v 0.057668 0.161399 0.038911
v 0.068641 0.161389 0.119128
v 0.072965 0.164340 0.269232
v 0.052189 0.168197 0.009212
v 0.054255 0.165597 -0.017445
v 0.077022 0.162700 0.211323
v 0.064398 0.170297 0.032553
v 0.091310 0.161116 0.058827
v 0.074975 0.164616 -0.038185
v 0.071503 0.163910 0.299093
v 0.105071 0.160888 -0.142458
v 0.108386 0.164644 -0.276371
v 0.083833 0.167031 0.042900
v 0.128248 0.162650 -0.188607
v 0.112752 0.164517 -0.298202
v 0.121360 0.160806 0.091230
v 0.106353 0.161433 0.161921
v 0.107406 0.160023 -0.100266
v 0.102638 0.161812 -0.043352
v 0.125399 0.163900 -0.238364
v 0.126154 0.164266 0.267832
v 0.121033 0.159828 -0.058339
v 0.109598 0.164026 0.300710
v 0.118724 0.163150 0.042173
v 0.126636 0.162448 0.205687
v 0.143921 0.160766 0.045289
v 0.164148 0.164233 -0.268401
v 0.148316 0.160003 -0.099910
v 0.137462 0.160949 -0.025729
v 0.155620 0.161229 0.139176
v 0.122926 0.166611 -0.030441
v 0.138543 0.167425 -0.007959
v 0.139109 0.162683 0.019097
v 0.175275 0.159705 -0.066884
v 0.163663 0.160987 0.012155
v 0.177053 0.161977 0.178763
v 0.183949 0.161228 -0.145983
v 0.190488 0.160725 0.092175
v 0.164858 0.162561 0.302079
v 0.168288 0.160387 -0.023627
v 0.179030 0.164697 0.276173
v 0.202377 0.163407 0.227849
v 0.182612 0.162386 -0.302302
v 0.191712 0.162908 -0.202560
v 0.181290 0.165586 0.024380
v 0.174357 0.163976 -0.004838
v 0.211823 0.164499 -0.285685
v 0.189433 0.161303 0.042549
v 0.202387 0.163284 0.300727
v 0.209486 0.160186 -0.108892
v 0.185228 0.165002 -0.025698
v 0.193682 0.160594 -0.042766
v 0.218499 0.161282 0.139096
v 0.195428 0.168764 0.038556
v 0.214117 0.163970 -0.252773
v 0.203985 0.169618 -0.039374
v 0.222660 0.164417 0.281729
v 0.224502 0.163086 -0.301417
v 0.221242 0.159795 -0.067610
v 0.218998 0.163313 0.046009
v 0.245998 0.162429 0.176322
v 0.239603 0.161714 -0.172353
v 0.224982 0.165212 -0.039704
v 0.252428 0.163721 -0.240376
v 0.255928 0.160676 0.061336
v 0.248231 0.160428 -0.038585
v 0.260249 0.163677 0.239532
v 0.251256 0.163567 0.299021
v 0.259692 0.160382 -0.094106
v 0.244897 0.165283 0.035095
v 0.251762 0.165819 -0.022222
v 0.260466 0.160860 0.099209
v 0.261661 0.159391 -0.303386
v 0.270730 0.164651 -0.287852
v 0.277121 0.161727 0.137753
v 0.287883 0.164496 0.280960
v 0.267749 0.160625 -0.013306
v 0.267686 0.160671 0.021474
v 0.303886 0.162885 -0.177839
v 0.293287 0.160642 -0.038095
v 0.259850 0.167452 0.004699
v 0.297547 0.163378 0.300801
v 0.307591 0.161689 -0.111166
v 0.312511 0.163408 -0.301434
v 0.330111 0.164177 -0.220145
v 0.301803 0.160535 0.016775
v 0.303734 0.164634 -0.269101
v 0.319543 0.161371 0.079867
v 0.308233 0.163053 0.196580
v 0.345261 0.162755 0.127117
v 0.329665 0.164111 0.246611
v 0.353243 0.162080 -0.085068
v 0.349281 0.165071 -0.287358
v 0.350744 0.164749 0.290246
v 0.346071 0.161230 -0.015853
v 0.359222 0.161500 0.034005
v 0.346161 0.157221 0.303519
v 0.369044 0.163412 -0.162849
v 0.374657 0.163981 0.204740
v 0.401200 0.164934 -0.227608
v 0.392873 0.162943 0.064361
v 0.376274 0.164724 0.247951
v 0.359664 0.157228 -0.304563
v 0.394665 0.163842 -0.094393
v 0.388074 0.162805 -0.016926
v 0.401507 0.163906 0.142555
v 0.403698 0.162437 0.302882
v 0.412911 0.165326 -0.297803
v 0.407485 0.165584 -0.272542
v 0.411132 0.164676 -0.169691
v 0.424764 0.165287 0.287740
v 0.445387 0.165097 0.242569
v 0.429484 0.164191 -0.038132
v 0.442051 0.164830 -0.081532
v 0.452745 0.164294 0.011467
v 0.454546 0.164434 0.077359
v 0.443834 0.164651 0.195578
v 0.461689 0.165442 -0.183922
v 0.450973 0.165141 -0.121714
v 0.462317 0.165731 -0.286576
v 0.461796 0.165604 -0.236793
v 0.450509 0.164594 0.154142
v 0.465313 0.162839 0.303699
v 0.463108 0.162889 -0.303826
v 0.480672 0.164772 -0.046027
v 0.474683 0.165756 0.284988
v 0.476264 0.165221 0.215993
v 0.480625 0.165499 -0.144744
v 0.482182 0.165183 0.042370
v 0.483203 0.164741 0.112456
v 0.487251 0.164869 -0.086751
v 0.481831 0.165025 0.169872
v 0.486724 0.166523 0.241348
v 0.492222 0.162993 -0.298187
v 0.494222 0.162059 -0.257855
v 0.490318 0.163908 -0.014560
v 0.493191 0.163487 -0.218981
v 0.493003 0.163619 -0.177582
v 0.493812 0.161785 0.136719
v 0.495734 0.154784 -0.133475
v 0.495031 0.157460 0.035097
v 0.493270 0.162353 0.082357
v 0.494001 0.162086 0.193854
v 0.496057 0.159198 0.262926
v 0.493209 0.162210 0.300897
v -0.485514 0.151715 0.304486
v -0.495945 0.146849 0.299837
v -0.486791 0.139151 0.300823
v -0.491140 0.162818 0.302927
v -0.455202 0.141619 0.303482
v -0.461630 0.162957 0.303270
v -0.448578 0.152932 0.304153
v -0.406857 0.164186 0.300138
v -0.410889 0.151161 0.304094
v -0.401683 0.138883 0.299358
v -0.361490 0.151249 0.304248
v -0.355253 0.139171 0.293577
v -0.341640 0.162599 0.302827
v -0.315636 0.147423 0.304024
v -0.294167 0.138338 0.296485
v -0.284436 0.163363 0.301231
v -0.260627 0.151624 0.304132
v -0.241056 0.141719 0.303576
v -0.224228 0.164471 0.297895
v -0.192152 0.152521 0.303864
v -0.206155 0.138249 0.296686
v -0.155270 0.163476 0.300600
v -0.157969 0.139692 0.301668
v -0.129991 0.150010 0.303699
v -0.121341 0.138514 0.297995
v -0.097548 0.161908 0.302541
v -0.069588 0.139088 0.300408
v -0.078475 0.152684 0.303554
v -0.049770 0.162474 0.302052
v -0.040548 0.149419 0.303602
v 0.011130 0.151822 0.303848
v -0.013894 0.139191 0.300757
v -0.004814 0.163912 0.299388
v 0.034567 0.140224 0.301438
v 0.034752 0.163042 0.301378
v 0.079777 0.152766 0.303950
v 0.071503 0.163910 0.299093
v 0.101412 0.141006 0.301679
v 0.109598 0.164026 0.300710
v 0.146767 0.153311 0.303768
v 0.165929 0.141071 0.302489
v 0.164858 0.162561 0.302079
v 0.198557 0.151908 0.303685
v 0.202387 0.163284 0.300727
v 0.220665 0.142038 0.303393
v 0.246355 0.153174 0.303806
v 0.251256 0.163567 0.299021
v 0.258318 0.138932 0.301044
v 0.297547 0.163378 0.300801
v 0.293919 0.151823 0.304003
v 0.298134 0.138719 0.295832
v 0.348477 0.141748 0.303456
v 0.346161 0.157221 0.303519
v 0.390749 0.150037 0.304515
v 0.403698 0.162437 0.302882
v 0.401004 0.139243 0.296748
v 0.432457 0.143754 0.304143
v 0.465313 0.162839 0.303699
v 0.459878 0.152033 0.305404
v 0.484528 0.140400 0.302659
v 0.494029 0.150059 0.302562
v 0.493209 0.162210 0.300897
v -0.433805 -0.271267 -0.219896
v -0.444353 -0.260201 -0.232392
v -0.442469 -0.271408 -0.239300
v -0.439800 -0.237797 -0.249407
v -0.443487 -0.229315 -0.232973
v -0.440286 -0.196125 -0.247781
v -0.443395 -0.173819 -0.235330
v -0.443803 -0.130464 -0.235465
v -0.440452 -0.142972 -0.248792
v -0.443642 -0.087254 -0.241134
v -0.440357 -0.065063 -0.226883
v -0.443631 -0.039554 -0.237505
v -0.441507 0.020689 -0.228655
v -0.439551 -0.021769 -0.250034
v -0.443254 0.032845 -0.242782
v -0.443699 0.070893 -0.235720
v -0.440001 0.072439 -0.249926
v -0.443029 0.113911 -0.238261
v -0.431163 -0.271115 -0.257337
v -0.437003 -0.189014 -0.223381
v -0.436359 -0.135559 -0.222535
v -0.428827 -0.106593 -0.255835
v -0.437108 -0.067150 -0.252233
v -0.436556 -0.022765 -0.221735
v -0.437779 0.078257 -0.224052
v -0.437308 0.115331 -0.223018
v -0.436322 0.116423 -0.253623
v -0.443397 0.138966 -0.241121
v -0.441186 0.137838 -0.223820
v -0.428448 -0.162083 -0.256703
v -0.429675 0.021671 -0.256425
v -0.430577 0.141210 -0.256793
v -0.422170 -0.274022 -0.242667
v -0.428784 -0.256627 -0.257927
v -0.429101 -0.219455 -0.256221
v -0.427368 -0.027440 -0.256151
v -0.422833 0.067127 -0.257133
v -0.425317 -0.064796 -0.256685
v -0.433352 -0.237108 -0.220599
v -0.444353 -0.260201 -0.232392
v -0.433805 -0.271267 -0.219896
v -0.443487 -0.229315 -0.232973
v -0.437003 -0.189014 -0.223381
v -0.428081 -0.086889 -0.219381
v -0.440357 -0.065063 -0.226883
v -0.436359 -0.135559 -0.222535
v -0.425431 0.056391 -0.218616
v -0.437779 0.078257 -0.224052
v -0.441507 0.020689 -0.228655
v -0.432820 0.131952 -0.216577
v -0.441186 0.137838 -0.223820
v -0.437308 0.115331 -0.223018
v -0.423773 -0.182230 -0.218734
v -0.427353 -0.042864 -0.218165
v -0.436556 -0.022765 -0.221735
v -0.422544 -0.000475 -0.218393
v -0.426171 0.117679 -0.217755
v -0.422573 -0.134977 -0.218703
v -0.418430 0.143083 -0.217501
v -0.415846 -0.252971 -0.220062
v -0.416259 -0.216190 -0.220302
v -0.416392 -0.100743 -0.219549
v -0.410499 -0.047417 -0.223979
v -0.411129 0.048122 -0.223643
v -0.415132 0.099783 -0.220399
v -0.413549 -0.270402 -0.219566
v -0.408573 -0.125239 -0.226089
v -0.408502 -0.007254 -0.225950
v -0.410591 0.135515 -0.224251
v -0.404934 -0.270235 -0.234688
v -0.422170 -0.274022 -0.242667
v -0.407690 -0.207229 -0.227595
v -0.412383 -0.169785 -0.222502
v -0.406951 -0.085805 -0.228243
v -0.406476 0.107820 -0.231198
v -0.404021 0.142217 -0.233931
v -0.404869 -0.251755 -0.235978
v -0.405232 -0.159326 -0.237935
v -0.444609 -0.268596 0.237626
v -0.443350 -0.239955 0.234414
v -0.432536 -0.268219 0.218741
v -0.442521 -0.256303 0.246029
v -0.434464 -0.268151 0.253434
v -0.438565 -0.225532 0.250324
v -0.442056 -0.203095 0.231207
v -0.443036 -0.179657 0.241271
v -0.442784 -0.158718 0.230653
v -0.443133 -0.134123 0.240250
v -0.437606 -0.168355 0.251157
v -0.438089 -0.120346 0.223829
v -0.443683 -0.088771 0.238257
v -0.443715 -0.052237 0.237800
v -0.439268 -0.073614 0.224870
v -0.441958 -0.015395 0.229040
v -0.440088 -0.034670 0.248137
v -0.443455 0.010818 0.241710
v -0.443431 0.047656 0.233953
v -0.438139 0.031726 0.250906
v -0.441699 0.089681 0.245606
v -0.441247 0.102238 0.227845
v -0.444002 0.134782 0.243496
v -0.443418 0.137595 0.227196
v -0.438656 0.142962 0.255771
v -0.455761 0.143641 0.230207
v -0.433517 -0.236630 0.220714
v -0.433039 -0.169969 0.220784
v -0.437128 -0.106580 0.251503
v -0.436071 0.040404 0.222555
v -0.431904 0.121635 0.255929
v -0.429218 -0.272695 0.234382
v -0.431827 0.126200 0.218537
v -0.431082 -0.032078 0.219513
v -0.431472 0.074234 0.256265
v -0.431612 0.093953 0.219687
v -0.437606 -0.168355 0.251157
v -0.438565 -0.225532 0.250324
v -0.423610 -0.206705 0.256545
v -0.425982 -0.149827 0.256595
v -0.437128 -0.106580 0.251503
v -0.425337 -0.098374 0.256251
v -0.440088 -0.034670 0.248137
v -0.428705 -0.059687 0.255539
v -0.438139 0.031726 0.250906
v -0.428720 -0.014318 0.256366
v -0.423551 -0.252864 0.257446
v -0.434464 -0.268151 0.253434
v -0.421938 0.040509 0.256474
v -0.431472 0.074234 0.256265
v -0.410516 -0.267905 0.250863
v -0.413415 -0.118174 0.252838
v -0.413503 -0.049517 0.252753
v -0.431904 0.121635 0.255929
v -0.416031 0.090255 0.254677
v -0.429218 -0.272695 0.234382
v -0.438656 0.142962 0.255771
v -0.419491 0.131112 0.256564
v -0.414864 -0.173624 0.254075
v -0.412044 0.005246 0.251479
v -0.410889 0.139965 0.252904
v -0.409634 -0.244859 0.250320
v -0.407238 -0.191875 0.246145
v -0.405070 -0.076334 0.242979
v -0.411314 0.054345 0.251130
v -0.404968 -0.269815 0.234760
v -0.406115 0.118047 0.242950
v -0.404494 -0.248726 0.237709
v -0.404683 -0.136427 0.240680
v -0.405743 -0.028286 0.231281
v -0.404273 -0.002808 0.239774
v -0.404965 0.049380 0.238205
v -0.402990 0.139666 0.236375
v -0.428015 0.140121 -0.131542
v -0.448354 0.142001 -0.127316
v -0.435269 0.130893 -0.133385
v -0.423568 0.144118 -0.194767
v -0.436647 0.132715 -0.205232
v -0.432820 0.131952 -0.216577
v -0.432956 0.133975 -0.165627
v -0.418430 0.143083 -0.217501
v -0.428125 0.145009 -0.158934
v -0.417140 0.122230 -0.255245
v -0.436322 0.116423 -0.253623
v -0.430577 0.141210 -0.256793
v -0.417878 -0.236273 -0.255900
v -0.428784 -0.256627 -0.257927
v -0.429101 -0.219455 -0.256221
v -0.422833 0.067127 -0.257133
v -0.409918 -0.267759 -0.251516
v -0.431163 -0.271115 -0.257337
v -0.413134 -0.190403 -0.252990
v -0.428448 -0.162083 -0.256703
v -0.428827 -0.106593 -0.255835
v -0.412404 -0.131622 -0.252474
v -0.425317 -0.064796 -0.256685
v -0.413823 -0.064819 -0.253402
v -0.427368 -0.027440 -0.256151
v -0.414064 0.008580 -0.253816
v -0.429675 0.021671 -0.256425
v -0.422170 -0.274022 -0.242667
v -0.406452 0.143340 -0.252022
v -0.411679 0.084966 -0.251985
v -0.405802 -0.021806 -0.242587
v -0.408609 0.051357 -0.248403
v -0.404934 -0.270235 -0.234688
v -0.405862 -0.098766 -0.242970
v -0.406054 0.115066 -0.244734
v -0.406312 -0.228035 -0.245309
v -0.404869 -0.251755 -0.235978
v -0.407690 -0.207229 -0.227595
v -0.405232 -0.159326 -0.237935
v -0.408573 -0.125239 -0.226089
v -0.412383 -0.169785 -0.222502
v -0.406951 -0.085805 -0.228243
v -0.404679 -0.060569 -0.238311
v -0.410499 -0.047417 -0.223979
v -0.408502 -0.007254 -0.225950
v -0.405099 0.021766 -0.236975
v -0.411129 0.048122 -0.223643
v -0.405409 0.070280 -0.237414
v -0.406476 0.107820 -0.231198
v -0.404021 0.142217 -0.233931
v -0.421816 -0.118999 0.218631
v -0.433039 -0.169969 0.220784
v -0.438089 -0.120346 0.223829
v -0.431827 0.126200 0.218537
v -0.439171 0.132766 0.211174
v -0.421823 0.137549 0.218905
v -0.417790 -0.196503 0.219427
v -0.433517 -0.236630 0.220714
v -0.439268 -0.073614 0.224870
v -0.431082 -0.032078 0.219513
v -0.418537 0.005771 0.219634
v -0.436071 0.040404 0.222555
v -0.422959 0.055051 0.218581
v -0.431612 0.093953 0.219687
v -0.417105 0.099852 0.221228
v -0.417665 -0.253001 0.218000
v -0.432536 -0.268219 0.218741
v -0.416228 -0.048066 0.220324
v -0.429218 -0.272695 0.234382
v -0.416319 -0.269632 0.218977
v -0.408709 -0.145337 0.224691
v -0.410814 0.061044 0.224144
v -0.408126 -0.241455 0.226058
v -0.404968 -0.269815 0.234760
v -0.406003 -0.191203 0.230292
v -0.407079 -0.088503 0.226903
v -0.405743 -0.028286 0.231281
v -0.407295 0.014727 0.228362
v -0.406487 0.096060 0.230103
v -0.408312 0.132284 0.226778
v -0.404494 -0.248726 0.237709
v -0.407238 -0.191875 0.246145
v -0.404683 -0.136427 0.240680
v -0.405070 -0.076334 0.242979
v -0.404273 -0.002808 0.239774
v -0.404965 0.049380 0.238205
v -0.406115 0.118047 0.242950
v -0.402990 0.139666 0.236375
v -0.428273 0.144763 0.150738
v -0.440050 0.133758 0.150168
v -0.449953 0.145092 0.146624
v -0.435626 0.132982 0.167599
v -0.432100 0.144612 0.175509
v -0.433619 0.135435 0.197524
v -0.424401 0.144358 0.201489
v -0.421823 0.137549 0.218905
v -0.399014 0.141916 0.208061
v -0.392628 0.144414 0.182045
v -0.382398 0.133326 0.186911
v -0.376573 0.135920 0.173061
v -0.357553 0.142748 0.166268
v -0.355346 0.133816 0.172711
v -0.339779 0.143000 0.166312
v -0.369695 0.143183 0.230047
v -0.370919 0.133889 0.242951
v -0.391669 0.142925 0.248680
v -0.349917 0.140830 0.228670
v -0.347608 0.132328 0.233939
v -0.351500 0.133518 0.211070
v -0.357971 0.146400 -0.232651
v -0.381813 0.147709 -0.244497
v -0.375205 0.139647 -0.242895
v -0.345545 0.137569 -0.229683
v -0.343713 0.145180 -0.220132
v -0.348148 0.137253 -0.204509
v -0.334587 0.138609 -0.236375
v -0.353919 0.136969 -0.246921
v -0.346910 0.147073 -0.254592
v -0.330350 0.147847 -0.232381
v -0.329777 0.145411 -0.202685
v -0.340744 0.134935 -0.187229
v -0.334048 0.136055 -0.210072
v -0.328985 0.145605 -0.177144
v 0.042179 0.211397 -0.008010
v 0.048164 0.183141 -0.006283
v 0.045979 0.199068 0.017016
v 0.043424 0.228217 0.006833
v 0.050345 0.225821 0.027659
v 0.053229 0.203448 0.032008
v 0.057243 0.239434 0.025879
v 0.051014 0.242659 -0.000344
v 0.054255 0.165597 -0.017445
v 0.052189 0.168197 0.009212
v 0.064398 0.170297 0.032553
v 0.063438 0.224957 0.042034
v 0.074679 0.193815 0.046801
v 0.078666 0.241876 0.041634
v 0.082849 0.222637 0.051913
v 0.083833 0.167031 0.042900
v 0.099540 0.176494 0.046344
v 0.094430 0.202814 0.053945
v 0.102432 0.237399 0.047328
v 0.110664 0.217132 0.052068
v 0.118648 0.190345 0.045368
v 0.118724 0.163150 0.042173
v 0.043424 0.228217 0.006833
v 0.052624 0.232118 -0.023530
v 0.042179 0.211397 -0.008010
v 0.053850 0.211666 -0.030880
v 0.048164 0.183141 -0.006283
v 0.051014 0.242659 -0.000344
v 0.064354 0.186633 -0.034697
v 0.067953 0.169733 -0.030079
v 0.054255 0.165597 -0.017445
v 0.069014 0.218468 -0.042681
v 0.074975 0.164616 -0.038185
v 0.071911 0.243010 -0.032209
v 0.083397 0.194361 -0.045810
v 0.090143 0.227979 -0.048099
v 0.105735 0.244123 -0.037077
v 0.102690 0.174378 -0.041464
v 0.102638 0.161812 -0.043352
v 0.107317 0.206915 -0.048676
v 0.110341 0.227537 -0.047274
v 0.122926 0.166611 -0.030441
v 0.124362 0.183309 -0.035742
v 0.128898 0.215020 -0.039576
v 0.135470 0.235094 -0.022947
v 0.137462 0.160949 -0.025729
v 0.051014 0.242659 -0.000344
v 0.071911 0.243010 -0.032209
v 0.052624 0.232118 -0.023530
v 0.069785 0.247875 0.019025
v 0.057243 0.239434 0.025879
v 0.082248 0.248408 -0.011723
v 0.104809 0.247858 0.008346
v 0.078666 0.241876 0.041634
v 0.104025 0.246021 0.035297
v 0.102432 0.237399 0.047328
v 0.105735 0.244123 -0.037077
v 0.111993 0.247608 -0.018101
v 0.135470 0.235094 -0.022947
v 0.110341 0.227537 -0.047274
v 0.124618 0.231287 0.040694
v 0.134680 0.243979 -0.005827
v 0.135315 0.242365 0.013565
v 0.124618 0.231287 0.040694
v 0.102432 0.237399 0.047328
v 0.110664 0.217132 0.052068
v 0.118648 0.190345 0.045368
v 0.118724 0.163150 0.042173
v 0.130826 0.169140 0.028337
v 0.138543 0.167425 -0.007959
v 0.122926 0.166611 -0.030441
v 0.124362 0.183309 -0.035742
v 0.134542 0.201739 0.035984
v 0.137982 0.228802 0.027542
v 0.135315 0.242365 0.013565
v 0.139109 0.162683 0.019097
v 0.140361 0.172785 0.007577
v 0.145105 0.205474 0.018765
v 0.145715 0.195373 -0.010367
v 0.142534 0.216104 -0.024541
v 0.128898 0.215020 -0.039576
v 0.135470 0.235094 -0.022947
v 0.146587 0.227273 0.000575
v 0.134680 0.243979 -0.005827
v 0.169300 0.185003 0.004023
v 0.167338 0.207364 -0.011062
v 0.173129 0.181747 -0.013454
v 0.171192 0.230477 -0.011751
v 0.175070 0.217745 -0.026961
v 0.167981 0.220972 0.009298
v 0.175561 0.239350 0.008033
v 0.174357 0.163976 -0.004838
v 0.181446 0.191391 -0.031606
v 0.183418 0.240509 -0.020518
v 0.185228 0.165002 -0.025698
v 0.188419 0.218362 -0.040020
v 0.203985 0.169618 -0.039374
v 0.195578 0.190122 -0.042305
v 0.210366 0.207148 -0.049169
v 0.207309 0.238396 -0.041369
v 0.201634 0.249532 -0.023677
v 0.224982 0.165212 -0.039704
v 0.193682 0.160594 -0.042766
v 0.233730 0.188598 -0.043154
v 0.236444 0.220887 -0.046594
v 0.240558 0.238473 -0.038655
v 0.224677 0.247960 -0.033957
v 0.167981 0.220972 0.009298
v 0.167338 0.207364 -0.011062
v 0.169300 0.185003 0.004023
v 0.172549 0.191406 0.020878
v 0.174668 0.217063 0.029040
v 0.174357 0.163976 -0.004838
v 0.181290 0.165586 0.024380
v 0.184367 0.236344 0.031406
v 0.175561 0.239350 0.008033
v 0.183109 0.199687 0.038647
v 0.194865 0.222365 0.044810
v 0.195428 0.168764 0.038556
v 0.206890 0.184634 0.045970
v 0.210799 0.246062 0.035054
v 0.215711 0.235966 0.045561
v 0.218998 0.163313 0.046009
v 0.189433 0.161303 0.042549
v 0.224736 0.214380 0.051489
v 0.229196 0.180828 0.044766
v 0.243693 0.222734 0.044494
v 0.233830 0.241955 0.038359
v 0.244897 0.165283 0.035095
v 0.240389 0.203280 0.048303
v 0.252346 0.194647 0.037481
v 0.183418 0.240509 -0.020518
v 0.171192 0.230477 -0.011751
v 0.175561 0.239350 0.008033
v 0.192889 0.249570 0.010721
v 0.184367 0.236344 0.031406
v 0.201634 0.249532 -0.023677
v 0.210799 0.246062 0.035054
v 0.204880 0.253511 -0.003342
v 0.212660 0.251876 0.005738
v 0.216617 0.253260 -0.011977
v 0.224677 0.247960 -0.033957
v 0.207309 0.238396 -0.041369
v 0.224015 0.248515 0.005203
v 0.218284 0.262897 -0.006637
v 0.210296 0.265476 -0.000292
v 0.216153 0.274022 -0.014178
v 0.205119 0.273267 -0.006443
v 0.233830 0.241955 0.038359
v 0.215711 0.235966 0.045561
v 0.242892 0.249225 -0.016822
v 0.249181 0.247508 0.013402
v 0.240558 0.238473 -0.038655
v 0.256187 0.234519 0.028223
v 0.243693 0.222734 0.044494
v 0.257210 0.240533 -0.019064
v 0.265977 0.234383 0.005087
v 0.210296 0.265476 -0.000292
v 0.205119 0.273267 -0.006443
v 0.204880 0.253511 -0.003342
v 0.216617 0.253260 -0.011977
v 0.212660 0.251876 0.005738
v 0.216153 0.274022 -0.014178
v 0.251762 0.165819 -0.022222
v 0.224982 0.165212 -0.039704
v 0.233730 0.188598 -0.043154
v 0.254407 0.216091 -0.034565
v 0.236444 0.220887 -0.046594
v 0.257718 0.191918 -0.027121
v 0.243693 0.222734 0.044494
v 0.240389 0.203280 0.048303
v 0.252346 0.194647 0.037481
v 0.240558 0.238473 -0.038655
v 0.257210 0.240533 -0.019064
v 0.244897 0.165283 0.035095
v 0.257790 0.179286 0.022534
v 0.259850 0.167452 0.004699
v 0.264686 0.211778 0.022479
v 0.256187 0.234519 0.028223
v 0.266814 0.197636 -0.009700
v 0.268428 0.200274 0.007219
v 0.265977 0.234383 0.005087
v 0.269276 0.222462 -0.007639
v 0.344859 0.141989 0.221237
v 0.344189 0.134346 0.221607
v 0.352674 0.134273 0.208075
v 0.358186 0.143536 0.230548
v 0.354645 0.133676 0.236914
v 0.375600 0.135556 0.241844
v 0.382233 0.144712 0.238015
v 0.344699 0.144594 -0.220586
v 0.344272 0.136118 -0.212862
v 0.347313 0.137815 -0.232514
v 0.358855 0.146565 -0.232458
v 0.372825 0.137470 -0.241622
v 0.383053 0.145829 -0.245066
v 0.409832 -0.242459 0.251019
v 0.405012 -0.237729 0.240287
v 0.412648 -0.268374 0.254668
v 0.405146 -0.268762 0.236965
v 0.407804 -0.229865 0.227668
v 0.414220 -0.266692 0.220199
v 0.407449 -0.193076 0.246363
v 0.406989 -0.182643 0.229731
v 0.406378 -0.152746 0.243188
v 0.410789 -0.150736 0.224232
v 0.416176 -0.151615 0.254763
v 0.406802 -0.119567 0.230487
v 0.407353 -0.110834 0.246402
v 0.405904 -0.079519 0.239305
v 0.409998 -0.081089 0.225273
v 0.411309 -0.062845 0.251348
v 0.405727 -0.031316 0.236954
v 0.413894 -0.023708 0.222258
v 0.407072 -0.006296 0.245013
v 0.407638 0.011459 0.228801
v 0.405791 0.047735 0.234872
v 0.412250 0.020496 0.252165
v 0.408020 0.066650 0.247014
v 0.406804 0.099417 0.229033
v 0.405788 0.130082 0.233918
v 0.413448 0.119476 0.252974
v 0.403994 0.141876 0.246375
v 0.406894 0.142142 0.224264
v 0.419936 -0.180207 0.219193
v 0.418790 -0.011967 0.255790
v 0.417291 0.045609 0.219745
v 0.420062 0.145399 0.261128
v 0.423580 -0.271977 0.241976
v 0.419710 -0.237719 0.218656
v 0.420054 -0.129920 0.219171
v 0.422967 -0.071674 0.218832
v 0.418405 0.099349 0.219028
v 0.418829 0.129214 0.217921
v 0.427278 0.137956 0.214928
v 0.407768 -0.231891 -0.229214
v 0.405692 -0.268206 -0.240230
v 0.409566 -0.267372 -0.224539
v 0.406587 -0.242612 -0.243207
v 0.408679 -0.262698 -0.250603
v 0.405631 -0.194821 -0.238825
v 0.411718 -0.207594 -0.251297
v 0.408793 -0.182784 -0.226065
v 0.410293 -0.151188 -0.250459
v 0.405363 -0.135595 -0.238138
v 0.412423 -0.135986 -0.222068
v 0.407532 -0.096302 -0.228491
v 0.412418 -0.101244 -0.252095
v 0.406187 -0.060763 -0.242408
v 0.409868 -0.053830 -0.224409
v 0.404998 -0.025047 -0.236458
v 0.409645 0.013991 -0.224960
v 0.409013 -0.001679 -0.249890
v 0.405403 0.031235 -0.239853
v 0.405410 0.062549 -0.232889
v 0.408891 0.077706 -0.248757
v 0.405110 0.120005 -0.238538
v 0.412919 0.116464 -0.253245
v 0.406329 0.141884 -0.225549
v 0.414387 0.122031 -0.222058
v 0.404663 0.142145 -0.247822
v 0.420783 -0.269777 -0.259063
v 0.422387 -0.244042 -0.219133
v 0.413873 0.030744 -0.254165
v 0.413547 0.074165 -0.222214
v 0.419958 -0.273776 -0.234332
v 0.416855 -0.253002 -0.256404
v 0.423229 -0.204939 -0.218912
v 0.424152 -0.152260 -0.217946
v 0.421918 -0.089755 -0.218454
v 0.415660 -0.041353 -0.255075
v 0.422512 -0.013699 -0.218427
v 0.424070 0.041913 -0.219307
v 0.432050 -0.272406 -0.253922
v 0.420410 -0.270320 -0.217096
v 0.427031 0.114302 -0.218708
v 0.425797 0.140640 -0.213581
v 0.426367 0.078133 -0.219251
v 0.425979 -0.256591 0.258057
v 0.409832 -0.242459 0.251019
v 0.412648 -0.268374 0.254668
v 0.416176 -0.151615 0.254763
v 0.407449 -0.193076 0.246363
v 0.423977 -0.182462 0.257232
v 0.418847 -0.102386 0.255946
v 0.407353 -0.110834 0.246402
v 0.411309 -0.062845 0.251348
v 0.413448 0.119476 0.252974
v 0.408020 0.066650 0.247014
v 0.420876 0.062323 0.256439
v 0.419873 -0.227491 0.257034
v 0.423390 -0.057801 0.256545
v 0.412250 0.020496 0.252165
v 0.418790 -0.011967 0.255790
v 0.428762 0.023510 0.256344
v 0.420062 0.145399 0.261128
v 0.430223 0.139894 0.256327
v 0.434044 -0.269599 0.255478
v 0.423580 -0.271977 0.241976
v 0.433253 -0.133837 0.254995
v 0.434306 -0.089328 0.254468
v 0.435096 -0.013006 0.253713
v 0.437256 0.059773 0.251675
v 0.429186 0.103902 0.256386
v 0.437856 -0.212482 0.251437
v 0.440794 0.094585 0.248210
v 0.446075 -0.268640 0.239695
v 0.442228 -0.249521 0.246207
v 0.438993 -0.171672 0.250685
v 0.442753 -0.129105 0.242952
v 0.438667 -0.048404 0.251201
v 0.440527 0.022849 0.248378
v 0.441122 0.134528 0.248584
v 0.450082 0.145564 0.254069
v 0.443051 -0.066693 0.242632
v 0.442750 -0.016078 0.242882
v 0.443772 0.111828 0.234165
v 0.443603 -0.195868 0.235568
v 0.443398 0.040691 0.235426
v 0.444683 0.141389 0.227998
v 0.416855 -0.253002 -0.256404
v 0.408679 -0.262698 -0.250603
v 0.406587 -0.242612 -0.243207
v 0.420749 -0.170189 -0.256458
v 0.411718 -0.207594 -0.251297
v 0.410293 -0.151188 -0.250459
v 0.420783 -0.269777 -0.259063
v 0.427042 -0.209563 -0.256569
v 0.412418 -0.101244 -0.252095
v 0.421769 -0.129162 -0.256830
v 0.426535 -0.013762 -0.256782
v 0.415660 -0.041353 -0.255075
v 0.409013 -0.001679 -0.249890
v 0.413873 0.030744 -0.254165
v 0.425827 0.102623 -0.256676
v 0.408891 0.077706 -0.248757
v 0.412919 0.116464 -0.253245
v 0.434383 -0.251314 -0.254799
v 0.431268 -0.077112 -0.255529
v 0.425131 0.051701 -0.257321
v 0.422247 0.134645 -0.257432
v 0.404663 0.142145 -0.247822
v 0.419762 0.145984 -0.262326
v 0.433145 -0.147211 -0.254717
v 0.432050 -0.272406 -0.253922
v 0.440016 0.026811 -0.249795
v 0.436140 0.081534 -0.253466
v 0.438238 0.140287 -0.251920
v 0.442016 -0.199789 -0.247415
v 0.440580 -0.109437 -0.248321
v 0.441155 -0.144737 -0.246420
v 0.441063 -0.033328 -0.249058
v 0.438481 0.119703 -0.251708
v 0.443356 -0.270046 -0.244827
v 0.443664 -0.236104 -0.236169
v 0.443487 -0.071001 -0.236347
v 0.443516 0.085532 -0.237169
v 0.443811 0.131599 -0.239173
v 0.440038 -0.269782 -0.227524
v 0.420410 -0.270320 -0.217096
v 0.419958 -0.273776 -0.234332
v 0.422387 -0.244042 -0.219133
v 0.420410 -0.270320 -0.217096
v 0.433402 -0.265693 -0.217341
v 0.424152 -0.152260 -0.217946
v 0.423229 -0.204939 -0.218912
v 0.437586 -0.174460 -0.223644
v 0.433402 -0.265693 -0.217341
v 0.421918 -0.089755 -0.218454
v 0.438240 -0.110929 -0.224311
v 0.422512 -0.013699 -0.218427
v 0.436995 -0.035628 -0.222974
v 0.437132 0.028318 -0.223122
v 0.424070 0.041913 -0.219307
v 0.425797 0.140640 -0.213581
v 0.427031 0.114302 -0.218708
v 0.436742 0.126916 -0.221582
v 0.432050 -0.272406 -0.253922
v 0.436112 -0.233053 -0.222351
v 0.426367 0.078133 -0.219251
v 0.437294 0.082669 -0.223817
v 0.437132 0.028318 -0.223122
v 0.436995 -0.035628 -0.222974
v 0.442892 -0.012720 -0.232581
v 0.434796 0.134035 -0.200039
v 0.436742 0.126916 -0.221582
v 0.444518 0.141035 -0.229202
v 0.443356 -0.270046 -0.244827
v 0.436112 -0.233053 -0.222351
v 0.443664 -0.236104 -0.236169
v 0.437586 -0.174460 -0.223644
v 0.443585 -0.175509 -0.235462
v 0.443286 -0.118154 -0.236602
v 0.438240 -0.110929 -0.224311
v 0.443487 -0.071001 -0.236347
v 0.443728 0.031250 -0.235322
v 0.437294 0.082669 -0.223817
v 0.443516 0.085532 -0.237169
v 0.443811 0.131599 -0.239173
v 0.442016 -0.199789 -0.247415
v 0.441155 -0.144737 -0.246420
v 0.440580 -0.109437 -0.248321
v 0.441063 -0.033328 -0.249058
v 0.440016 0.026811 -0.249795
v 0.438238 0.140287 -0.251920
v 0.434582 -0.200405 0.221653
v 0.419710 -0.237719 0.218656
v 0.419936 -0.180207 0.219193
v 0.422967 -0.071674 0.218832
v 0.432488 -0.105884 0.220691
v 0.420054 -0.129920 0.219171
v 0.427647 -0.019140 0.218730
v 0.413894 -0.023708 0.222258
v 0.434256 0.072708 0.221161
v 0.417291 0.045609 0.219745
v 0.418405 0.099349 0.219028
v 0.437548 -0.269394 0.224511
v 0.423580 -0.271977 0.241976
v 0.414220 -0.266692 0.220199
v 0.432097 -0.145627 0.220130
v 0.434106 -0.063457 0.221567
v 0.433581 0.024702 0.220339
v 0.433580 0.109444 0.218913
v 0.418829 0.129214 0.217921
v 0.436149 0.129837 0.218001
v 0.427278 0.137956 0.214928
v 0.440107 -0.246747 0.225391
v 0.441320 -0.029781 0.228417
v 0.446075 -0.268640 0.239695
v 0.441762 -0.146080 0.228445
v 0.441041 -0.097810 0.228331
v 0.443398 0.040691 0.235426
v 0.443772 0.111828 0.234165
v 0.444683 0.141389 0.227998
v 0.443603 -0.195868 0.235568
v 0.442228 -0.249521 0.246207
v 0.442753 -0.129105 0.242952
v 0.443051 -0.066693 0.242632
v 0.442750 -0.016078 0.242882
v 0.443123 0.143213 0.070852
v 0.432837 0.133146 0.078685
v 0.434193 0.134908 0.061122
v 0.428825 0.142813 0.091441
v 0.430636 0.143072 0.053177
v 0.495329 0.147474 -0.009493
v 0.494146 0.140178 0.038926
v 0.485791 0.137407 -0.030489
v 0.495380 0.149506 0.175046
v 0.490116 0.138820 0.223877
v 0.492636 0.139791 0.151865
v 0.495837 0.148566 0.226984
v 0.494327 0.141622 0.277844
v 0.494029 0.150059 0.302562
v 0.484528 0.140400 0.302659
v 0.496084 0.152775 -0.228752
v 0.493811 0.140327 -0.215737
v 0.495843 0.143630 -0.277439
v 0.494226 0.141095 -0.168529
v 0.495829 0.151281 -0.188237
v 0.489631 0.138934 -0.132771
v 0.495734 0.154784 -0.133475
v 0.495307 0.151493 0.116278
v 0.493759 0.140428 0.096911
v 0.494222 0.162059 -0.257855
v 0.494446 0.141780 -0.073643
v 0.495336 0.153662 -0.063772
v 0.495209 0.153500 0.068153
v 0.495031 0.157460 0.035097
v 0.496057 0.159198 0.262926
v 0.490318 0.163908 -0.014560
v 0.493974 0.145185 -0.303446
v 0.492222 0.162993 -0.298187
v 0.493191 0.163487 -0.218981
v 0.493003 0.163619 -0.177582
v 0.487251 0.164869 -0.086751
v 0.493270 0.162353 0.082357
v 0.493812 0.161785 0.136719
v 0.494001 0.162086 0.193854
v 0.493209 0.162210 0.300897
vn -0.9762 -0.2166 -0.0116
vn -0.3559 -0.9345 -0.0060
vn -0.1302 -0.9914 -0.0103
vn -0.9925 -0.1211 -0.0150
vn -0.4465 -0.8946 0.0143
vn -0.9984 -0.0564 0.0015
vn -0.9714 -0.2374 0.0096
vn -0.9918 -0.1262 -0.0211
vn -0.0902 -0.9958 0.0129
vn -0.9346 -0.3557 -0.0001
vn -0.2754 -0.9605 -0.0390
vn -0.9598 -0.2805 0.0117
vn -0.7738 -0.6334 0.0047
vn -0.0462 -0.9989 0.0029
vn -0.6578 -0.7531 0.0104
vn 0.0501 -0.9987 -0.0032
vn -0.7420 -0.6704 -0.0051
vn -0.9196 -0.1937 0.3418
vn -0.7749 -0.6317 0.0188
vn -0.1058 -0.9643 0.2429
vn 0.1644 -0.9864 0.0087
vn -0.4466 -0.8946 0.0144
vn -0.5971 -0.8022 -0.0008
vn -0.7095 -0.7047 -0.0026
vn 0.0989 -0.9946 0.0327
vn 0.1021 -0.9917 0.0775
vn 0.0045 -0.9135 -0.4068
vn -0.6700 -0.1885 -0.7180
vn -0.0754 -0.9971 0.0073
vn -0.6577 -0.7532 0.0103
vn 0.2061 -0.9785 -0.0078
vn -0.7420 -0.6704 -0.0050
vn 0.2287 -0.9735 -0.0006
vn 0.1182 -0.9929 -0.0120
vn 0.1192 -0.9928 -0.0128
vn 0.0553 -0.9966 -0.0604
vn 0.1465 -0.9892 -0.0081
vn 0.1412 -0.9900 -0.0038
vn 0.0873 -0.9961 0.0124
vn 0.1464 -0.9892 0.0081
vn -0.0753 -0.9971 0.0073
vn 0.1365 -0.9906 0.0086
vn 0.1909 -0.9815 0.0122
vn -0.0002 -0.9941 -0.1083
vn 0.1458 -0.9892 -0.0152
vn 0.0194 -0.8973 -0.4410
vn 0.0074 -0.5321 0.8466
vn 0.1320 -0.9899 0.0510
vn 0.0112 -0.9995 -0.0312
vn -0.0314 -0.9993 -0.0218
vn 0.0187 -0.9997 0.0150
vn 0.0301 -0.9788 0.2027
vn -0.1400 -0.9534 0.2674
vn -0.3507 -0.9337 0.0724
vn -0.0591 -0.9897 0.1302
vn -0.1583 -0.9742 -0.1607
vn -0.2149 -0.9750 -0.0556
vn -0.2619 -0.9650 -0.0111
vn -0.3693 -0.9287 0.0342
vn -0.3658 -0.9299 -0.0393
vn -0.1122 -0.9879 -0.1073
vn -0.4451 -0.8932 -0.0638
vn -0.2620 -0.9650 -0.0111
vn -0.3659 -0.9298 -0.0393
vn -0.5980 -0.7950 0.1018
vn -0.4358 -0.8996 -0.0286
vn -0.3694 -0.9286 0.0342
vn 0.0254 -0.9997 0.0011
vn -0.0591 -0.9897 0.1301
vn -0.1581 -0.8980 -0.4105
vn -0.8090 -0.5653 0.1611
vn -0.2150 -0.9750 -0.0556
vn -0.8919 -0.3101 -0.3291
vn -0.8167 -0.5251 -0.2393
vn -0.3508 -0.9337 0.0723
vn -0.9472 -0.1670 0.2738
vn -0.2885 -0.9529 -0.0933
vn 0.0493 -0.9980 -0.0385
vn -0.1123 -0.9879 -0.1074
vn -0.0944 -0.9951 -0.0278
vn 0.0190 -0.9945 -0.1029
vn 0.0444 -0.9987 0.0256
vn 0.0318 -0.9994 0.0128
vn -0.4327 -0.8783 0.2036
vn 0.0911 -0.9781 0.1871
vn 0.4994 -0.8581 -0.1198
vn -0.2953 -0.1612 -0.9417
vn 0.0264 -0.9429 -0.3319
vn -0.4938 -0.8270 0.2687
vn -0.4327 -0.8783 0.2035
vn -0.0314 -0.9993 -0.0217
vn -0.4939 -0.8270 0.2687
vn 0.5786 -0.8156 -0.0078
vn 0.5556 -0.8314 0.0079
vn 0.0963 -0.6964 0.7112
vn -0.2059 -0.3765 -0.9033
vn -0.2059 -0.3764 -0.9033
vn 0.0308 -0.9913 -0.1281
vn 0.0177 -0.9996 -0.0198
vn 0.3916 -0.6415 -0.6597
vn 0.0251 -0.9393 0.3422
vn -0.1260 -0.8912 0.4358
vn 0.4780 -0.8680 0.1343
vn 0.3727 -0.9110 -0.1763
vn 0.1315 -0.9761 -0.1729
vn 0.5552 -0.8310 -0.0336
vn 0.0196 -0.9989 -0.0426
vn 0.2697 -0.9466 0.1769
vn 0.0252 -0.9997 0.0031
vn 0.3127 -0.9498 -0.0093
vn 0.3166 -0.9469 0.0564
vn 0.0809 -0.9962 -0.0324
vn 0.1984 -0.9774 -0.0726
vn 0.5955 -0.5669 -0.5692
vn 0.0084 -1.0000 0.0045
vn 0.1640 -0.9690 0.1848
vn 0.3893 -0.7463 0.5399
vn -0.0028 -0.9077 -0.4196
vn 0.0112 -0.9998 0.0174
vn 0.4041 -0.7791 0.4793
vn 0.3916 -0.6415 -0.6596
vn -0.0991 -0.9908 -0.0923
vn 0.0185 -0.9998 0.0052
vn -0.2063 -0.9537 -0.2190
vn 0.8000 -0.5766 0.1656
vn 0.0164 -0.9998 0.0075
vn -0.0772 -0.9919 0.1005
vn 0.0135 -0.9999 -0.0041
vn 0.0936 -0.9903 -0.1030
vn 0.3519 -0.9348 0.0480
vn -0.0191 -0.9955 0.0929
vn -0.0024 -0.9798 0.2001
vn -0.0829 -0.9961 0.0307
vn -0.0444 -0.9946 0.0934
vn -0.1878 -0.9816 0.0339
vn 0.0356 -0.9677 -0.2496
vn 0.0019 -0.9938 -0.1109
vn 0.0117 -0.9999 -0.0055
vn -0.0225 -0.9983 -0.0530
vn -0.0652 -0.9808 -0.1839
vn -0.2453 -0.8928 0.3777
vn -0.0781 -0.9918 0.1016
vn -0.1803 -0.9616 0.2070
vn -0.1044 -0.9927 0.0603
vn -0.1689 -0.9813 0.0919
vn -0.1278 -0.9874 0.0934
vn -0.2544 -0.9572 -0.1382
vn -0.1021 -0.9289 0.3561
vn -0.0583 -0.9685 -0.2419
vn -0.4028 -0.8647 0.3002
vn 0.0032 -1.0000 0.0025
vn -0.0056 -0.9991 0.0412
vn 0.0043 -0.9895 0.1447
vn -0.0583 -0.9686 -0.2419
vn -0.1777 -0.9410 0.2881
vn -0.1020 -0.9289 0.3560
vn 0.0392 -0.9274 -0.3720
vn -0.2725 -0.8431 0.4636
vn 0.0525 -0.9548 -0.2925
vn 0.0032 -0.5414 -0.8407
vn 0.2461 -0.8935 -0.3757
vn 0.0052 -0.9997 -0.0219
vn 0.1250 -0.9636 0.2362
vn -0.1565 -0.9835 0.0910
vn 0.2930 -0.8407 0.4553
vn -0.3537 -0.9339 -0.0525
vn -0.1435 -0.8370 -0.5280
vn -0.3028 -0.9283 0.2158
vn -0.3517 -0.6164 -0.7045
vn 0.0290 -0.9846 -0.1726
vn -0.3507 -0.9365 0.0032
vn 0.0501 -0.9911 0.1230
vn 0.0107 -0.9890 0.1472
vn -0.0066 -0.9921 -0.1250
vn 0.0108 -0.9890 0.1472
vn 0.3329 -0.9308 0.1512
vn -0.1400 -0.9876 -0.0705
vn -0.3889 -0.8773 -0.2814
vn -0.3507 -0.9365 0.0031
vn 0.0055 -1.0000 0.0017
vn 0.2364 -0.9670 0.0953
vn 0.2188 -0.9722 -0.0834
vn 0.0219 -0.9996 0.0178
vn 0.1244 -0.9802 -0.1540
vn -0.3961 -0.8887 -0.2309
vn 0.3328 -0.9308 0.1513
vn 0.1284 -0.9903 0.0537
vn 0.1245 -0.9802 -0.1539
vn 0.0290 -0.9846 -0.1727
vn 0.0055 -1.0000 -0.0021
vn 0.1244 -0.9802 -0.1539
vn 0.6367 -0.7187 -0.2793
vn 0.3454 -0.9383 -0.0144
vn -0.1399 -0.9876 -0.0705
vn 0.6063 -0.7858 0.1219
vn 0.6064 -0.7858 0.1219
vn 0.0037 -0.4317 -0.9020
vn -0.0012 -1.0000 -0.0000
vn 0.2361 -0.9717 0.0026
vn 0.0041 -1.0000 0.0028
vn 0.4944 -0.8481 -0.1903
vn 0.6002 -0.7998 -0.0092
vn 0.0238 -0.9994 0.0255
vn -0.0106 -0.9895 0.1439
vn -0.0192 -0.9845 0.1746
vn -0.0016 -1.0000 -0.0059
vn 0.0332 -0.9992 -0.0207
vn -0.0155 -0.9921 0.1246
vn -0.0022 -1.0000 0.0013
vn 0.0019 -1.0000 -0.0011
vn 0.0036 -0.9999 -0.0141
vn -0.0089 -0.9936 -0.1127
vn -0.0158 -0.9995 0.0282
vn -0.0008 -1.0000 0.0009
vn 0.0034 -1.0000 -0.0001
vn -0.0092 -0.5392 -0.8421
vn -0.0017 -1.0000 -0.0021
vn 0.0004 -1.0000 -0.0016
vn 0.0007 -1.0000 -0.0007
vn -0.0152 -0.9680 0.2503
vn 0.0089 -0.9890 -0.1474
vn -0.0051 -0.9946 0.1035
vn 0.0045 -0.9906 -0.1366
vn -0.0050 -1.0000 0.0024
vn 0.0025 -0.5716 0.8206
vn -0.0072 -0.9998 0.0158
vn -0.0017 -1.0000 0.0015
vn 0.0020 -1.0000 -0.0030
vn 0.0015 -0.9997 -0.0243
vn -0.0070 -0.7334 -0.6798
vn 0.0122 -0.9716 0.2362
vn 0.0100 -0.9903 0.1385
vn 0.0007 -1.0000 -0.0023
vn 0.0006 -1.0000 0.0002
vn 0.0126 -0.7948 -0.6068
vn -0.0007 -1.0000 0.0014
vn -0.0075 -0.9999 -0.0149
vn -0.0088 -0.9989 -0.0463
vn -0.0028 -0.9999 0.0099
vn -0.0111 -0.9730 0.2307
vn -0.0015 -1.0000 0.0042
vn -0.0048 -0.9963 -0.0861
vn -0.0039 -0.9990 0.0446
vn 0.0001 -1.0000 -0.0006
vn -0.0001 -1.0000 -0.0025
vn -0.0059 -0.8692 0.4944
vn -0.0001 -1.0000 0.0013
vn -0.0045 -0.9755 0.2199
vn -0.0003 -1.0000 -0.0032
vn 0.0097 -0.8062 -0.5916
vn 0.0001 -1.0000 -0.0003
vn 0.0036 -0.9999 -0.0158
vn -0.0017 -0.9999 0.0136
vn -0.0000 -1.0000 -0.0027
vn -0.0024 -0.9893 0.1457
vn -0.0004 -1.0000 0.0030
vn -0.0025 -0.9984 -0.0558
vn 0.0027 -0.9927 0.1210
vn 0.0010 -0.9905 -0.1375
vn -0.0008 -1.0000 0.0062
vn 0.0014 -0.9998 0.0178
vn 0.0057 -0.9988 -0.0477
vn -0.0000 -1.0000 0.0015
vn -0.0026 -0.8888 0.4583
vn -0.0000 -1.0000 -0.0028
vn -0.0012 -0.9719 0.2353
vn -0.0060 -0.6928 -0.7211
vn 0.0023 -0.1758 -0.9844
vn -0.0002 -1.0000 0.0077
vn -0.0002 -1.0000 0.0008
vn 0.0024 -0.9914 0.1308
vn -0.0012 -1.0000 -0.0026
vn -0.0003 -1.0000 0.0047
vn -0.0003 -1.0000 0.0021
vn 0.0011 -1.0000 -0.0049
vn 0.0065 -0.9920 -0.1257
vn 0.0058 -0.9994 -0.0338
vn 0.0097 -0.9921 0.1249
vn -0.0006 -1.0000 -0.0025
vn -0.0005 -1.0000 0.0030
vn -0.0004 -1.0000 -0.0012
vn -0.0003 -1.0000 0.0070
vn -0.0002 -1.0000 -0.0007
vn -0.0025 -0.4417 -0.8971
vn 0.0014 -0.9998 0.0193
vn -0.0085 -0.8832 0.4689
vn 0.0008 -1.0000 -0.0057
vn -0.0040 -0.9828 -0.1846
vn 0.0054 -0.6714 0.7410
vn 0.0100 -0.9819 0.1889
vn 0.0005 -0.6594 -0.7518
vn 0.0121 -0.9948 -0.1013
vn -0.0003 -1.0000 0.0015
vn -0.0000 -1.0000 -0.0022
vn 0.0015 -0.9913 0.1315
vn 0.0018 -1.0000 0.0064
vn -0.0005 -1.0000 -0.0010
vn 0.0033 -0.9930 0.1182
vn 0.0003 -1.0000 0.0037
vn 0.0136 -0.9800 -0.1985
vn 0.0032 -0.9999 0.0153
vn 0.0021 -0.9999 -0.0160
vn 0.0006 -1.0000 -0.0017
vn -0.0001 -1.0000 -0.0035
vn 0.0083 -0.6192 -0.7852
vn -0.0000 -1.0000 -0.0008
vn 0.0020 -0.9751 0.2219
vn 0.0007 -0.9995 0.0316
vn -0.0018 -0.6622 0.7493
vn 0.0015 -0.9854 -0.1704
vn -0.0056 -0.9730 0.2309
vn 0.0010 -1.0000 0.0058
vn -0.0012 -1.0000 -0.0054
vn -0.0002 -1.0000 -0.0009
vn 0.0002 -1.0000 0.0018
vn -0.0108 -0.9798 -0.1996
vn -0.0044 -0.9997 -0.0231
vn 0.0026 -0.9765 0.2155
vn -0.0003 -1.0000 -0.0009
vn 0.0006 -1.0000 0.0034
vn 0.0012 -1.0000 0.0057
vn -0.0009 -1.0000 -0.0022
vn -0.0048 -0.9671 -0.2542
vn -0.0000 -0.9781 0.2083
vn 0.0002 -1.0000 0.0006
vn -0.0064 -0.6704 0.7420
vn 0.0004 -1.0000 0.0024
vn -0.0008 -1.0000 -0.0011
vn -0.0024 -1.0000 -0.0061
vn -0.0003 -1.0000 -0.0033
vn -0.0000 -0.9995 0.0311
vn -0.0152 -0.9880 -0.1535
vn -0.0029 -0.9866 -0.1634
vn -0.0002 -1.0000 0.0009
vn 0.0012 -1.0000 -0.0015
vn -0.0005 -1.0000 -0.0006
vn -0.0093 -0.9996 -0.0263
vn 0.0011 -1.0000 0.0023
vn -0.0013 -1.0000 -0.0052
vn -0.0014 -0.9947 -0.1032
vn 0.0057 -0.9886 0.1505
vn -0.0184 -0.6021 -0.7982
vn 0.0004 -1.0000 -0.0014
vn -0.0078 -0.9894 0.1453
vn -0.0010 -0.5057 0.8627
vn 0.0025 -0.9999 0.0163
vn 0.0023 -1.0000 0.0037
vn -0.0018 -1.0000 -0.0023
vn 0.0024 -0.9942 -0.1077
vn 0.0014 -1.0000 -0.0016
vn -0.0003 -1.0000 -0.0008
vn -0.0020 -1.0000 -0.0002
vn 0.0057 -0.6263 -0.7795
vn -0.0015 -1.0000 -0.0014
vn 0.0049 -0.9998 -0.0191
vn 0.0216 -0.9206 0.3900
vn 0.0027 -1.0000 0.0013
vn 0.0036 -1.0000 0.0042
vn 0.0058 -0.9874 0.1584
vn 0.0064 -0.9988 0.0477
vn -0.0041 -1.0000 -0.0016
vn -0.0035 -1.0000 -0.0007
vn -0.0108 -0.9999 0.0044
vn 0.0126 -0.9996 -0.0264
vn 0.0009 -0.9950 0.1003
vn 0.0134 -0.9822 -0.1873
vn -0.0372 -0.9993 -0.0026
vn -0.0126 -0.9997 -0.0187
vn -0.0074 -0.7410 -0.6715
vn -0.0078 -1.0000 -0.0008
vn -0.0032 -1.0000 -0.0027
vn 0.0083 -0.9830 0.1834
vn -0.0085 -0.9744 0.2247
vn -0.1292 -0.9915 0.0147
vn -0.0096 -0.9999 0.0067
vn -0.0069 -1.0000 0.0070
vn -0.0067 -1.0000 0.0032
vn -0.0105 -0.9999 -0.0019
vn -0.0004 -0.9798 -0.2001
vn -0.1945 -0.9752 0.1060
vn -0.4736 -0.8793 0.0502
vn -0.0308 -0.9987 -0.0415
vn -0.2542 -0.9633 -0.0858
vn -0.4737 -0.8793 0.0502
vn -0.2543 -0.9633 -0.0858
vn -0.4180 -0.9057 -0.0699
vn -0.5031 -0.8354 0.2213
vn -0.0069 -0.5948 0.8038
vn -0.6176 -0.7862 -0.0231
vn -0.6261 -0.7612 -0.1688
vn -0.4778 -0.8472 -0.2324
vn -0.2400 -0.9617 0.1326
vn -0.1945 -0.9752 0.1059
vn -0.0658 -0.9928 0.0997
vn 0.0325 -0.9951 -0.0931
vn -0.0104 -0.9999 -0.0029
vn -0.0053 -0.5799 -0.8147
vn -0.2648 -0.9288 -0.2594
vn -0.0747 -0.9349 -0.3470
vn -0.1487 -0.9064 0.3953
vn -0.2647 -0.9288 -0.2594
vn 0.3244 -0.8943 0.3084
vn 0.1007 -0.9949 -0.0113
vn 0.3490 -0.9370 -0.0152
vn 0.0371 -0.9643 -0.2624
vn 0.2741 -0.9338 0.2301
vn 0.0326 -0.9951 -0.0931
vn -0.1740 -0.9426 -0.2852
vn 0.2852 -0.9559 0.0699
vn 0.0673 -0.9926 0.1013
vn -0.0125 -0.9999 -0.0072
vn 0.2590 -0.9260 -0.2747
vn 0.3029 -0.9529 0.0153
vn -0.1740 -0.9426 -0.2851
vn 0.3555 -0.9126 -0.2020
vn 0.0001 -0.8902 -0.4556
vn 0.3336 -0.9286 0.1625
vn 0.2852 -0.9559 0.0700
vn 0.0633 -0.9948 0.0796
vn 0.0426 -0.9853 -0.1652
vn -0.0931 -0.9764 -0.1949
vn 0.3010 -0.7951 0.5265
vn -0.0426 -0.9991 0.0001
vn 0.3030 -0.9529 0.0153
vn 0.3353 -0.7176 -0.6104
vn 0.0372 -0.9643 -0.2623
vn 0.2911 -0.9306 -0.2219
vn 0.1008 -0.9948 -0.0113
vn 0.0426 -0.9853 -0.1653
vn 0.1383 -0.9475 0.2884
vn 0.0407 -0.9443 0.3266
vn 0.1656 -0.9445 -0.2838
vn -0.1487 -0.9064 0.3954
vn 0.3495 -0.9222 0.1657
vn 0.0607 -0.9268 0.3705
vn -0.1072 -0.9436 -0.3132
vn 0.0897 -0.9862 0.1393
vn 0.1711 -0.9338 -0.3142
vn 0.0607 -0.9268 0.3706
vn 0.1796 -0.9440 0.2766
vn 0.0898 -0.9862 0.1394
vn -0.0196 -0.9998 -0.0029
vn 0.0130 -0.9963 -0.0851
vn 0.1382 -0.9475 0.2884
vn 0.0775 -0.9936 -0.0820
vn 0.0047 -0.9721 0.2346
vn 0.3411 -0.8441 0.4136
vn -0.0186 -0.9998 -0.0022
vn -0.0206 -0.9996 -0.0198
vn 0.0502 -0.9974 0.0525
vn 0.3505 -0.9244 -0.1505
vn 0.0980 -0.9543 0.2824
vn 0.0639 -0.9969 -0.0455
vn -0.0245 -0.9997 0.0029
vn 0.0979 -0.9543 0.2824
vn 0.0475 -0.9662 -0.2535
vn 0.3505 -0.9244 -0.1506
vn -0.0126 -0.9958 0.0910
vn 0.0369 -0.9989 0.0306
vn 0.1795 -0.9441 0.2766
vn 0.0503 -0.9974 0.0525
vn 0.0109 -0.9943 0.1057
vn 0.0368 -0.9989 0.0306
vn -0.4918 -0.8214 -0.2889
vn -0.0056 -0.9965 0.0832
vn -0.1123 -0.9893 0.0926
vn 0.2374 -0.9606 -0.1447
vn 0.3354 -0.7176 -0.6104
vn -0.0055 -0.9836 -0.1805
vn 0.0079 -0.7323 -0.6810
vn -0.4464 -0.8653 0.2280
vn -0.0019 -0.9992 0.0402
vn -0.3904 -0.8909 0.2320
vn -0.2061 -0.9586 -0.1964
vn -0.0460 -0.9986 -0.0269
vn -0.0184 -0.9782 0.2068
vn -0.2192 -0.9699 -0.1060
vn -0.3116 -0.9083 0.2791
vn -0.0781 -0.9160 0.3936
vn -0.2690 -0.9064 -0.3257
vn 0.1641 -0.9293 0.3309
vn -0.0022 -0.9587 -0.2844
vn -0.2403 -0.9620 -0.1294
vn -0.3307 -0.9433 0.0282
vn -0.0291 -0.9996 0.0044
vn 0.0198 -0.9880 -0.1532
vn -0.0876 -0.9872 -0.1331
vn -0.2454 -0.9693 -0.0174
vn -0.3457 -0.8495 0.3986
vn -0.5049 -0.6273 -0.5929
vn -0.2606 -0.9648 0.0349
vn -0.0272 -0.9996 0.0047
vn 0.3836 -0.8917 0.2401
vn -0.0354 -0.9749 0.2198
vn -0.0426 -0.9958 -0.0811
vn -0.0240 -0.3139 0.9492
vn 0.0505 -0.9966 -0.0659
vn -0.0378 -0.9973 0.0623
vn -0.1176 -0.9927 -0.0255
vn 0.0452 -0.9603 0.2753
vn 0.0125 -0.9931 0.1164
vn -0.2454 -0.9693 -0.0175
vn -0.5382 -0.8302 -0.1453
vn -0.5896 -0.8076 0.0122
vn -0.5550 -0.8240 -0.1139
vn -0.5050 -0.6272 -0.5929
vn -0.5895 -0.8077 0.0122
vn 0.4389 -0.8239 -0.3585
vn 0.7860 -0.2015 0.5844
vn 0.0037 -0.9996 0.0271
vn 0.5602 -0.4901 -0.6678
vn 0.5850 -0.1876 -0.7891
vn 0.0024 -0.9998 0.0177
vn -0.0522 -0.9983 -0.0251
vn 0.2874 -0.9296 -0.2307
vn 0.5284 -0.8472 0.0549
vn 0.6740 -0.7387 -0.0044
vn -0.1588 -0.9838 0.0835
vn 0.1087 -0.9888 0.1019
vn -0.1319 -0.9913 0.0013
vn 0.2967 -0.9532 0.0572
vn 0.1644 -0.9858 -0.0339
vn 0.5286 -0.8485 -0.0270
vn 0.1567 -0.9873 0.0244
vn 0.3054 -0.9513 0.0431
vn 0.0743 -0.9924 -0.0982
vn 0.4475 -0.8941 0.0197
vn -0.0597 -0.9976 -0.0342
vn -0.1302 -0.9913 0.0180
vn 0.6740 -0.7387 -0.0045
vn 0.8504 -0.1447 0.5058
vn -0.1286 -0.9916 0.0102
vn 0.0198 -0.9880 -0.1531
vn -0.0521 -0.9983 -0.0251
vn 0.3054 -0.9513 0.0430
vn -0.1411 -0.9899 0.0095
vn -0.1287 -0.9916 0.0102
vn -0.1274 -0.9841 -0.1234
vn -0.1056 -0.9940 0.0291
vn 0.0531 -0.9878 -0.1463
vn -0.2059 -0.9786 -0.0034
vn -0.1986 -0.9801 -0.0041
vn -0.1202 -0.9926 -0.0155
vn 0.4474 -0.8941 0.0196
vn 0.0574 -0.2164 -0.9746
vn -0.2507 -0.9680 0.0105
vn 0.1568 -0.8369 0.5244
vn -0.2001 -0.9797 0.0099
vn -0.0758 -0.9971 -0.0060
vn -0.1764 -0.9843 0.0003
vn -0.1545 -0.9879 -0.0135
vn -0.1912 -0.9815 0.0114
vn -0.1140 -0.9929 -0.0329
vn 0.0239 -0.9997 0.0037
vn 0.4132 -0.9106 -0.0060
vn 0.0531 -0.9986 0.0074
vn -0.1501 -0.9887 0.0040
vn 0.6164 -0.7874 0.0092
vn 0.2800 -0.9600 -0.0047
vn 0.7452 -0.6668 0.0060
vn 0.6905 -0.4239 -0.5861
vn 0.9352 -0.3516 -0.0411
vn 0.6374 -0.7705 0.0083
vn 0.7625 -0.6466 0.0212
vn 0.8219 -0.5696 -0.0048
vn 0.7057 -0.7085 -0.0073
vn 0.8347 -0.5489 0.0449
vn 0.9882 -0.1530 -0.0040
vn -0.9976 0.0686 0.0091
vn -0.9346 -0.3557 -0.0002
vn -0.9954 0.0952 0.0057
vn -0.5970 -0.8022 -0.0008
vn -0.7749 -0.6318 0.0187
vn -0.5149 0.8573 0.0039
vn -0.7923 0.4280 -0.4349
vn -0.9925 -0.1210 -0.0150
vn -0.9709 0.2395 0.0006
vn -0.7738 -0.6335 0.0047
vn -0.9950 0.0995 0.0017
vn -0.9762 -0.2165 -0.0116
vn -0.7352 0.6778 -0.0101
vn -0.9918 -0.1261 -0.0212
vn -1.0000 0.0056 -0.0056
vn -0.7981 0.6025 -0.0032
vn -0.6069 0.7947 0.0045
vn -0.6684 0.7438 0.0019
vn -0.4973 0.8675 0.0116
vn -0.5130 0.8584 0.0053
vn -0.4846 0.8747 -0.0062
vn -0.4962 0.8682 -0.0095
vn -0.4465 -0.8947 0.0144
vn -0.0397 0.0014 -0.9992
vn 0.0044 -0.9135 -0.4069
vn -0.0503 0.7370 -0.6740
vn 0.0208 0.3896 -0.9208
vn -0.0015 -0.0400 -0.9992
vn -0.0027 -0.9077 -0.4195
vn 0.0010 0.9273 -0.3744
vn -0.0077 0.1731 -0.9849
vn 0.0032 -0.5415 -0.8407
vn -0.0062 0.9738 -0.2274
vn -0.0020 0.7559 -0.6546
vn 0.0235 0.0780 -0.9967
vn -0.0012 0.1116 -0.9937
vn -0.0111 0.9676 -0.2522
vn -0.0092 -0.5392 -0.8422
vn -0.0058 -0.0238 -0.9997
vn 0.0157 0.9570 -0.2895
vn -0.0070 -0.7334 -0.6797
vn 0.0090 0.9372 -0.3487
vn 0.0127 -0.7948 -0.6067
vn -0.0034 -0.0250 -0.9997
vn -0.0039 0.8954 -0.4452
vn 0.0097 -0.8063 -0.5915
vn 0.0015 0.7803 -0.6254
vn -0.0025 -0.9984 -0.0557
vn 0.0089 0.0234 -0.9997
vn -0.0061 -0.6929 -0.7210
vn 0.0082 0.3225 -0.9465
vn -0.0092 0.1893 -0.9819
vn -0.0044 0.9492 -0.3146
vn 0.0006 -0.6595 -0.7517
vn 0.0001 0.0242 -0.9997
vn -0.0007 0.7461 -0.6658
vn 0.0115 0.1901 -0.9817
vn 0.0085 0.9451 -0.3267
vn -0.0084 -0.0217 -0.9997
vn -0.0047 -0.9671 -0.2542
vn -0.0048 0.8936 -0.4489
vn -0.0010 0.0618 -0.9981
vn 0.0230 0.8155 -0.5783
vn 0.0056 -0.6264 -0.7795
vn -0.0045 0.6071 -0.7946
vn -0.0032 0.0427 -0.9991
vn 0.0017 0.9189 -0.3944
vn -0.0073 -0.7410 -0.6714
vn -0.0011 0.4153 -0.9097
vn -0.0158 0.0903 -0.9958
vn 0.0079 -0.7323 -0.6809
vn -0.0193 0.9468 -0.3211
vn 0.0319 0.6650 -0.7462
vn 0.0574 -0.2163 -0.9746
vn 0.5444 0.7646 -0.3449
vn 0.6904 -0.4240 -0.5861
vn -0.3985 0.6312 0.6654
vn -0.9196 -0.1937 0.3419
vn -0.1375 0.9904 -0.0122
vn -0.2231 0.9748 0.0038
vn -0.6070 0.7947 0.0045
vn -0.2099 0.9773 0.0307
vn -0.4845 0.8748 -0.0062
vn -0.9954 0.0953 0.0057
vn -0.0839 0.9965 0.0011
vn -0.1748 0.9811 -0.0829
vn -0.6684 0.7438 0.0020
vn -0.0528 0.9985 0.0144
vn -0.0137 0.9999 -0.0006
vn -0.1418 0.9899 0.0082
vn -0.9709 0.2395 0.0007
vn -0.0147 0.9999 0.0029
vn -0.0489 0.9988 -0.0065
vn -0.0130 0.9999 0.0021
vn -0.0097 0.9999 -0.0071
vn -0.0578 0.9983 0.0097
vn 0.0042 1.0000 -0.0050
vn -0.0124 0.9996 0.0236
vn 0.0116 0.9970 -0.0765
vn 0.0063 1.0000 0.0019
vn -0.0142 0.9999 0.0044
vn 0.0143 0.9999 -0.0011
vn 0.0137 0.9999 -0.0003
vn 0.0247 0.8992 0.4369
vn 0.0150 0.9999 -0.0015
vn 0.0091 1.0000 -0.0041
vn 0.0208 0.3895 -0.9208
vn 0.0047 1.0000 -0.0006
vn 0.0065 1.0000 0.0025
vn 0.0117 0.9999 0.0020
vn 0.0146 0.9999 -0.0016
vn -0.0043 0.8807 0.4736
vn 0.0078 1.0000 0.0041
vn 0.0110 0.9999 -0.0041
vn 0.0011 0.9273 -0.3744
vn 0.0038 1.0000 -0.0053
vn 0.0116 0.9999 -0.0028
vn 0.0059 0.9996 0.0277
vn 0.0148 0.9999 -0.0042
vn 0.0155 0.9999 -0.0024
vn 0.0093 0.9999 0.0063
vn 0.0131 0.9999 0.0020
vn 0.0099 0.9999 0.0055
vn 0.0074 1.0000 0.0042
vn 0.0075 1.0000 -0.0063
vn 0.0005 0.7220 0.6919
vn 0.0114 0.9999 -0.0059
vn 0.0120 0.9999 0.0064
vn 0.0126 0.9999 -0.0061
vn 0.0081 0.9998 -0.0189
vn 0.0115 0.9999 -0.0023
vn 0.0057 0.9985 0.0542
vn -0.0020 0.7559 -0.6547
vn 0.0039 1.0000 0.0064
vn 0.0085 0.9999 0.0081
vn 0.0113 0.9999 -0.0039
vn 0.0126 0.9999 0.0057
vn 0.0125 0.8244 0.5659
vn 0.0108 0.9999 0.0012
vn 0.0073 0.9999 -0.0077
vn 0.0026 0.9999 -0.0098
vn 0.0103 0.9999 0.0084
vn 0.0077 1.0000 -0.0057
vn 0.0060 0.9999 -0.0090
vn 0.0045 1.0000 0.0042
vn 0.0047 0.9999 0.0124
vn 0.0088 1.0000 -0.0028
vn 0.0032 1.0000 0.0088
vn 0.0102 0.9999 -0.0034
vn 0.0105 0.9999 0.0032
vn 0.0045 0.9999 -0.0098
vn 0.0050 0.9999 -0.0114
vn 0.0076 0.9999 0.0135
vn 0.0047 0.9999 0.0122
vn 0.0072 0.9999 -0.0088
vn 0.0022 0.9283 0.3719
vn 0.0095 0.9999 0.0078
vn 0.0115 0.9999 -0.0006
vn 0.0112 0.9999 -0.0063
vn 0.0032 1.0000 -0.0024
vn 0.0007 0.9998 -0.0211
vn 0.0073 0.9998 0.0164
vn 0.0085 0.9999 0.0124
vn 0.0047 0.9999 -0.0124
vn -0.0042 0.8620 0.5070
vn 0.0098 0.9999 -0.0116
vn 0.0055 0.9999 0.0126
vn -0.0005 0.9990 0.0457
vn -0.0039 0.8955 -0.4451
vn 0.0111 0.9999 0.0044
vn 0.0114 0.9999 -0.0042
vn 0.0013 0.9999 -0.0133
vn -0.0013 0.9998 -0.0197
vn 0.0049 0.9998 -0.0180
vn 0.0017 0.9999 -0.0140
vn 0.0090 0.9998 0.0165
vn 0.0055 0.9999 0.0153
vn 0.0099 0.9999 -0.0025
vn 0.0086 0.9999 -0.0097
vn 0.0103 0.9999 0.0102
vn -0.0017 0.7715 0.6363
vn 0.0074 0.9998 0.0181
vn 0.0082 1.0000 0.0006
vn 0.0002 0.9992 0.0405
vn 0.0006 0.9999 -0.0144
vn -0.0030 0.9896 -0.1440
vn 0.0029 0.9999 0.0162
vn 0.0077 1.0000 -0.0045
vn 0.0072 0.9999 0.0127
vn 0.0046 0.9998 -0.0175
vn 0.0017 0.6997 0.7144
vn 0.0076 0.9998 -0.0156
vn -0.0004 0.9998 0.0185
vn 0.0060 0.9998 0.0202
vn 0.0104 0.9998 0.0173
vn -0.0010 1.0000 -0.0020
vn 0.0052 0.9998 -0.0195
vn -0.0001 0.9998 0.0198
vn 0.0018 1.0000 0.0029
vn 0.0031 0.9999 -0.0159
vn 0.0034 0.9999 -0.0098
vn 0.0060 0.9266 0.3760
vn 0.0084 0.9999 0.0089
vn 0.0096 0.9997 0.0209
vn 0.0071 0.9998 -0.0199
vn 0.0057 1.0000 0.0007
vn 0.0027 1.0000 -0.0050
vn 0.0022 0.9997 0.0251
vn -0.0644 0.9979 -0.0101
vn -0.0023 1.0000 -0.0056
vn 0.0019 0.9263 0.3769
vn 0.0109 0.9998 0.0169
vn 0.0062 0.9998 -0.0168
vn -0.0007 0.7461 -0.6659
vn 0.0050 0.9995 0.0311
vn -0.0002 0.9997 -0.0257
vn -0.1045 0.9913 0.0798
vn 0.0058 0.9999 -0.0111
vn 0.0023 1.0000 -0.0088
vn -0.9524 0.2049 0.2257
vn -0.7274 0.5624 -0.3931
vn 0.0066 0.9997 -0.0224
vn -0.7367 -0.0973 0.6691
vn 0.0010 0.9990 0.0449
vn -0.1909 0.8474 -0.4955
vn -0.0054 0.9796 0.2007
vn 0.0020 0.9996 0.0287
vn 0.0051 0.9999 0.0150
vn -0.2189 0.3475 0.9118
vn 0.0022 0.9996 0.0295
vn 0.0042 1.0000 -0.0046
vn 0.0046 0.9999 -0.0146
vn 0.0059 0.9999 0.0115
vn 0.0973 0.9424 -0.3200
vn 0.0045 0.9998 0.0217
vn -0.0002 0.9999 -0.0110
vn 0.0109 0.9997 -0.0196
vn 0.0038 0.9007 0.4344
vn 0.3194 0.6231 0.7139
vn -0.0021 0.9997 -0.0255
vn 0.0115 0.9997 0.0206
vn 0.0035 1.0000 0.0040
vn -0.0003 0.9999 0.0169
vn 0.1484 0.9775 -0.1500
vn -0.0007 0.9999 -0.0138
vn 0.6150 0.0986 -0.7823
vn 0.8701 0.3271 -0.3686
vn 0.3295 0.9265 0.1816
vn -0.0024 1.0000 -0.0037
vn 0.0033 0.9999 0.0122
vn -0.0045 0.9997 -0.0231
vn 0.0010 0.9996 0.0292
vn -0.0022 1.0000 0.0049
vn 0.0019 0.9391 0.3437
vn -0.0447 0.9980 -0.0450
vn -0.0042 0.9999 0.0124
vn -0.0024 0.9997 -0.0246
vn 0.0022 0.9997 0.0254
vn -0.8819 0.1823 0.4348
vn -0.9187 0.3853 -0.0870
vn -0.0014 0.9991 -0.0416
vn -0.0757 0.9940 0.0794
vn 0.0012 0.8930 0.4501
vn -0.0030 0.9998 0.0181
vn -0.7428 0.2103 -0.6356
vn -0.0983 0.9769 -0.1900
vn -0.0040 0.9998 -0.0178
vn -0.5699 -0.0762 0.8182
vn -0.0002 0.9998 0.0190
vn -0.2325 -0.1396 -0.9625
vn 0.0008 1.0000 0.0008
vn 0.0230 0.8154 -0.5784
vn -0.0032 0.9993 -0.0366
vn 0.0002 0.9224 0.3863
vn -0.0050 0.9997 -0.0222
vn -0.0081 0.9997 0.0244
vn 0.2040 0.6552 -0.7274
vn -0.0063 0.9997 0.0221
vn 0.0158 0.9996 0.0224
vn 0.0454 0.9971 -0.0606
vn -0.0025 0.9998 -0.0187
vn -0.0010 0.9477 0.3193
vn -0.0147 0.9998 0.0117
vn 0.5615 0.5374 0.6292
vn 0.7884 0.0169 -0.6149
vn -0.0064 0.9999 -0.0110
vn -0.0044 0.6070 -0.7947
vn -0.0084 0.9978 -0.0652
vn -0.0123 0.9998 -0.0184
vn -0.0032 1.0000 0.0045
vn 0.1089 0.9934 -0.0365
vn 0.1481 0.9881 0.0426
vn -0.0140 0.9997 0.0215
vn -0.0130 0.9999 0.0063
vn 0.9931 0.1074 0.0471
vn 0.0052 0.8367 0.5477
vn -0.0170 0.9997 0.0162
vn -0.0098 0.9998 0.0170
vn -0.0085 1.0000 -0.0037
vn -0.0071 1.0000 0.0011
vn -0.0164 0.9998 -0.0138
vn -0.0094 0.9998 -0.0160
vn -0.0178 0.9998 -0.0129
vn -0.0077 0.9998 -0.0156
vn -0.0263 0.9996 0.0107
vn -0.0095 0.9986 -0.0523
vn -0.0065 0.9960 0.0892
vn -0.0229 0.9997 0.0058
vn -0.0263 0.9996 -0.0056
vn -0.0060 0.4263 0.9046
vn -0.0199 0.9997 0.0144
vn -0.0120 0.9999 -0.0115
vn -0.0125 0.9999 0.0109
vn -0.0246 0.9997 -0.0077
vn -0.0086 0.9999 -0.0105
vn -0.0011 0.4152 -0.9097
vn -0.0293 0.9995 0.0077
vn -0.0327 0.9994 0.0061
vn -0.0161 0.9998 -0.0073
vn -0.0173 0.6836 0.7297
vn -0.0072 1.0000 0.0040
vn -0.0208 0.9998 0.0059
vn -0.0065 0.9992 0.0403
vn -0.0134 0.9999 -0.0100
vn -0.0204 0.9997 0.0092
vn -0.0117 0.9999 0.0067
vn -0.0175 0.9998 0.0005
vn -0.0092 1.0000 -0.0029
vn -0.0117 0.9999 -0.0063
vn 0.0083 1.0000 0.0005
vn -0.0130 0.9999 0.0056
vn 0.0396 0.9989 -0.0247
vn 0.0254 0.9997 0.0016
vn -0.0116 0.9999 -0.0032
vn -0.0004 0.7628 0.6466
vn 0.0319 0.6649 -0.7462
vn 0.0018 1.0000 0.0084
vn 0.0618 0.9973 0.0401
vn 0.0204 0.9996 -0.0188
vn 0.1700 0.9854 0.0053
vn 0.1154 0.9933 0.0055
vn 0.0546 0.9984 -0.0123
vn 0.2650 0.9642 -0.0035
vn 0.0629 0.9980 -0.0019
vn 0.1440 0.9896 0.0056
vn 0.4648 0.8853 -0.0126
vn 0.4592 0.8883 -0.0006
vn 0.3428 0.9394 -0.0052
vn 0.4502 0.8928 0.0155
vn 0.7471 0.6647 -0.0012
vn 0.9659 0.2585 0.0106
vn 0.9093 0.4160 -0.0096
vn 0.4356 0.9001 -0.0056
vn 0.7240 0.6896 -0.0152
vn 0.8723 0.4883 0.0257
vn 0.4223 0.7850 0.4532
vn -0.0677 -0.0560 0.9961
vn -0.9196 -0.1938 0.3418
vn -0.3986 0.6312 0.6654
vn 0.0074 -0.5322 0.8466
vn 0.0247 0.8991 0.4370
vn 0.0192 0.0963 0.9952
vn 0.0146 -0.0467 0.9988
vn 0.0028 -0.2057 0.9786
vn -0.0055 -0.2724 0.9622
vn 0.0125 0.8244 0.5658
vn -0.0034 0.0499 0.9987
vn 0.0026 -0.5716 0.8205
vn -0.0012 0.0302 0.9995
vn 0.0099 -0.9903 0.1385
vn -0.0041 0.8620 0.5069
vn -0.0059 -0.8693 0.4943
vn 0.0012 -0.0896 0.9960
vn -0.0023 -0.9893 0.1457
vn -0.0017 0.7715 0.6362
vn -0.0026 -0.8888 0.4582
vn 0.0025 -0.0412 0.9991
vn 0.0017 0.6998 0.7144
vn -0.0044 -0.1078 0.9942
vn -0.0011 0.0410 0.9992
vn -0.0085 -0.8833 0.4688
vn 0.0059 0.9266 0.3760
vn 0.0006 0.0588 0.9983
vn -0.0035 0.0264 0.9996
vn -0.0063 -0.6704 0.7420
vn 0.0019 0.9390 0.3438
vn 0.0003 0.0688 0.9976
vn 0.0011 0.8930 0.4501
vn 0.0035 0.1387 0.9903
vn 0.0216 -0.9206 0.3899
vn 0.0052 0.8367 0.5476
vn -0.0044 -0.1463 0.9892
vn -0.0069 -0.5949 0.8038
vn 0.0023 -0.1783 0.9840
vn -0.0173 0.6836 0.7296
vn 0.0418 0.0082 0.9991
vn 0.8229 -0.1248 0.5542
vn 0.4224 0.7850 0.4531
vn -0.2962 -0.6093 0.7356
vn -0.9565 -0.0282 0.2903
vn -0.7865 -0.5692 -0.2397
vn -0.8460 -0.0037 -0.5332
vn -0.9812 0.0055 0.1929
vn -0.8320 -0.0031 -0.5547
vn -0.9899 -0.0008 0.1420
vn -0.9809 -0.0073 0.1942
vn -0.8085 0.0077 -0.5884
vn -0.9414 0.0036 -0.3373
vn -0.8057 -0.0014 0.5923
vn -0.9999 0.0116 0.0084
vn -0.8530 -0.0026 0.5218
vn -0.8528 0.0044 -0.5222
vn -0.9306 -0.0192 -0.3657
vn -0.9939 0.0136 0.1098
vn -0.7494 -0.0002 -0.6621
vn -0.9999 -0.0067 0.0107
vn -0.4637 -0.4876 -0.7398
vn -0.6786 0.0038 0.7345
vn -0.6203 -0.0027 0.7844
vn -0.2515 -0.0010 -0.9678
vn -0.6927 -0.0153 -0.7211
vn -0.6715 0.0194 0.7407
vn -0.7020 -0.0052 0.7121
vn -0.7694 -0.0762 0.6342
vn -0.5318 0.0037 -0.8468
vn -0.8090 -0.5653 0.1612
vn -0.1518 0.0011 -0.9884
vn -0.3712 -0.0027 -0.9285
vn -0.2059 -0.3766 -0.9032
vn 0.0659 -0.9970 -0.0411
vn -0.0760 -0.0049 -0.9971
vn -0.2252 0.0202 -0.9741
vn -0.0807 0.0004 -0.9967
vn 0.0567 0.0027 -0.9984
vn -0.0499 -0.0031 -0.9988
vn -0.3920 0.0049 0.9200
vn -0.9565 -0.0283 0.2904
vn -0.9812 0.0055 0.1930
vn -0.6785 0.0038 0.7346
vn -0.1598 0.0093 0.9871
vn -0.1423 -0.0195 0.9896
vn -0.7020 -0.0052 0.7122
vn -0.8530 -0.0026 0.5219
vn -0.7693 -0.0762 0.6343
vn 0.0003 -0.0042 1.0000
vn -0.0866 -0.0242 0.9959
vn -0.6714 0.0194 0.7408
vn 0.0451 0.0133 0.9989
vn -0.0370 -0.0379 0.9986
vn 0.1101 -0.0046 0.9939
vn 0.4041 -0.7791 0.4792
vn 0.4801 0.0114 0.8772
vn 0.2521 0.0101 0.9677
vn 0.4015 0.0087 0.9158
vn 0.6399 0.0092 0.7684
vn 0.7047 0.0002 0.7095
vn 0.4956 -0.0013 0.8685
vn 0.4271 -0.4120 0.8049
vn 0.8474 -0.0102 0.5308
vn 0.8260 -0.0101 0.5635
vn 0.6479 -0.0079 0.7617
vn 0.7009 -0.6841 0.2019
vn 0.0660 -0.9970 -0.0410
vn 0.8740 0.0009 0.4860
vn 0.6664 -0.0069 0.7455
vn 0.9089 -0.0083 0.4170
vn 0.9219 -0.0151 0.3870
vn 0.8000 -0.5767 0.1656
vn 0.9826 -0.0111 0.1854
vn 0.9965 0.0010 -0.0837
vn -0.8850 -0.4437 -0.1413
vn -0.9681 0.0250 -0.2495
vn -0.5733 -0.2539 -0.7790
vn -0.9051 0.0016 0.4253
vn -0.3757 -0.4777 0.7942
vn -0.7574 0.0107 0.6529
vn -0.9450 -0.0129 -0.3268
vn -0.9770 -0.0200 0.2123
vn -0.9178 0.0003 -0.3970
vn -0.9889 0.0104 0.1485
vn -0.6473 -0.0021 0.7622
vn -0.7405 0.0068 -0.6720
vn -0.9982 -0.0116 0.0588
vn -0.9980 0.0157 -0.0615
vn -0.7053 -0.0098 -0.7088
vn -0.9202 -0.0011 -0.3915
vn -0.8298 -0.0044 0.5580
vn -0.9822 -0.0075 0.1878
vn -0.9939 0.0076 -0.1104
vn -0.7074 -0.0001 0.7068
vn -0.9221 -0.0058 0.3869
vn -0.9153 -0.0213 -0.4022
vn -0.1401 -0.9533 0.2674
vn -0.3508 -0.9337 0.0724
vn -0.4608 0.0122 -0.8874
vn -0.4300 -0.0041 -0.9028
vn -0.6818 0.0013 0.7315
vn -0.5364 -0.0035 -0.8440
vn -0.4109 -0.0356 0.9110
vn -0.0278 -0.9992 0.0303
vn -0.2954 -0.1611 -0.9417
vn -0.2871 0.0025 -0.9579
vn -0.3400 -0.0032 0.9404
vn -0.2939 -0.0041 -0.9558
vn -0.6473 -0.0021 0.7623
vn -0.7573 0.0106 0.6529
vn 0.0654 0.0010 0.9979
vn -0.1006 0.0025 0.9949
vn -0.6817 0.0013 0.7316
vn 0.0261 0.0073 0.9996
vn -0.8298 -0.0044 0.5581
vn -0.2409 0.0022 0.9705
vn -0.7073 -0.0001 0.7069
vn -0.1132 -0.0050 0.9936
vn -0.0003 -0.0312 0.9995
vn -0.3756 -0.4777 0.7942
vn 0.0836 -0.0111 0.9964
vn -0.3399 -0.0032 0.9405
vn 0.5169 -0.5760 0.6333
vn 0.5819 -0.0016 0.8133
vn 0.6124 0.0044 0.7905
vn -0.4108 -0.0356 0.9110
vn 0.3830 0.0077 0.9237
vn -0.0278 -0.9992 0.0304
vn -0.1400 -0.9533 0.2674
vn 0.3559 0.0013 0.9345
vn 0.5780 -0.0064 0.8160
vn 0.6271 -0.0035 0.7789
vn 0.6642 0.0138 0.7474
vn 0.8721 0.0011 0.4894
vn 0.9541 0.0214 0.2986
vn 0.7544 -0.0045 0.6564
vn 0.7919 -0.5835 -0.1797
vn 0.9268 -0.0155 0.3751
vn 0.9949 -0.0039 0.1012
vn 0.9828 -0.0036 0.1846
vn 0.9558 0.0073 -0.2939
vn 0.9697 -0.0233 0.2434
vn 0.9950 0.0035 0.0997
vn 0.3519 -0.9348 0.0481
vn 0.4781 -0.8680 0.1343
vn -0.0592 -0.9897 0.1302
vn 0.0911 -0.9781 0.1870
vn 0.3167 -0.9468 0.0564
vn -0.0945 -0.9951 -0.0278
vn 0.0963 -0.6963 0.7112
vn 0.2562 -0.0132 -0.9665
vn -0.5318 0.0038 -0.8468
vn 0.4084 0.0134 -0.9127
vn -0.2251 0.0202 -0.9741
vn 0.6776 -0.2422 -0.6944
vn 0.5638 0.0096 -0.8259
vn -0.1517 0.0011 -0.9884
vn -0.2515 -0.0010 -0.9679
vn 0.5681 -0.0032 -0.8229
vn -0.0498 -0.0031 -0.9988
vn 0.5693 -0.0025 -0.8221
vn -0.0806 0.0003 -0.9967
vn 0.5540 -0.0015 -0.8325
vn -0.3711 -0.0027 -0.9286
vn 0.0660 -0.9970 -0.0411
vn 0.7234 -0.0100 -0.6904
vn 0.9778 0.0004 -0.2097
vn 0.7967 -0.0047 -0.6044
vn 0.9728 -0.0036 -0.2315
vn 0.9347 -0.0431 -0.3527
vn 0.9349 0.0106 -0.3546
vn 0.9826 -0.0111 0.1853
vn 0.8740 0.0010 0.4859
vn 0.9965 0.0011 -0.0837
vn 0.8475 -0.0102 0.5308
vn 0.6665 -0.0069 0.7455
vn 0.9089 -0.0083 0.4169
vn 0.9955 0.0169 -0.0931
vn 0.8261 -0.0101 0.5635
vn 0.9989 -0.0005 -0.0462
vn 0.7048 0.0002 0.7095
vn 0.9999 -0.0043 -0.0153
vn 0.9220 -0.0150 0.3870
vn 0.0450 0.0009 -0.9990
vn -0.4299 -0.0041 -0.9029
vn -0.2885 -0.9529 -0.0934
vn 0.3915 -0.6416 -0.6596
vn 0.2745 0.0043 -0.9616
vn -0.4607 0.0122 -0.8875
vn -0.7053 -0.0098 -0.7089
vn -0.2870 0.0024 -0.9579
vn 0.2903 -0.0014 -0.9569
vn -0.5363 -0.0035 -0.8440
vn 0.0696 -0.0034 -0.9976
vn -0.2938 -0.0040 -0.9558
vn 0.3715 0.0007 -0.9284
vn 0.1683 0.0215 -0.9855
vn 0.4162 0.0092 -0.9092
vn 0.4861 -0.5457 -0.6826
vn 0.7519 -0.0000 -0.6593
vn 0.6920 0.0052 -0.7219
vn 0.7894 -0.0033 -0.6138
vn 0.7920 -0.5835 -0.1797
vn 0.9492 0.0002 -0.3148
vn 0.8431 0.0020 -0.5377
vn 0.9558 0.0073 -0.2940
vn 0.8488 0.0003 -0.5286
vn 0.9131 0.0067 -0.4078
vn 0.7965 0.0169 -0.6044
vn 0.9949 -0.0039 0.1011
vn 0.8721 0.0011 0.4893
vn 0.9828 -0.0037 0.1845
vn 0.9697 -0.0233 0.2433
vn 0.9269 -0.0156 0.3751
vn 0.3727 -0.9110 -0.1764
vn 0.5552 -0.8311 -0.0336
vn 0.4994 -0.8580 -0.1199
vn -0.0990 -0.9908 -0.0923
vn -0.3516 -0.6164 -0.7045
vn -0.1435 -0.8370 -0.5281
vn -0.1399 -0.9876 -0.0706
vn -0.1566 -0.9835 0.0910
vn -0.1279 -0.9874 0.0934
vn -0.3028 -0.9283 0.2157
vn -0.3890 -0.8772 -0.2814
vn -0.3506 -0.9365 0.0031
vn 0.6367 -0.7188 -0.2792
vn 0.2461 -0.8934 -0.3757
vn -0.9793 -0.0308 -0.2000
vn -0.9252 -0.2191 -0.3099
vn -0.9459 -0.1631 0.2805
vn -0.9641 0.2515 0.0851
vn -0.8652 0.1499 0.4785
vn -0.7274 -0.1325 0.6733
vn -0.6305 0.6484 0.4266
vn -0.5094 0.8562 -0.0862
vn -0.7274 0.5624 -0.3932
vn -0.7367 -0.0973 0.6692
vn -0.5767 0.1608 0.8010
vn -0.4258 -0.1704 0.8886
vn -0.2657 0.7218 0.6391
vn -0.2185 0.1677 0.9613
vn 0.0077 -0.2327 0.9725
vn 0.0021 -0.1511 0.9885
vn 0.1242 0.5107 0.8507
vn 0.2888 0.0970 0.9525
vn 0.4654 -0.1180 0.8772
vn 0.3193 0.6232 0.7139
vn -0.9641 0.2515 0.0849
vn -0.7900 0.3780 -0.4827
vn -0.9793 -0.0307 -0.2001
vn -0.8050 -0.1001 -0.5848
vn -0.9252 -0.2190 -0.3100
vn -0.6616 -0.2397 -0.7106
vn -0.7058 -0.1073 -0.7003
vn -0.4832 0.1139 -0.8681
vn -0.3334 0.7762 -0.5352
vn -0.2350 -0.1451 -0.9611
vn -0.1564 0.2652 -0.9514
vn 0.1240 0.8452 -0.5199
vn 0.1459 -0.1767 -0.9734
vn 0.0974 0.9424 -0.3200
vn 0.1882 -0.1283 -0.9737
vn 0.3717 0.3566 -0.8571
vn 0.6144 0.0967 -0.7830
vn 0.6495 -0.2419 -0.7208
vn 0.5900 0.0524 -0.8057
vn 0.6268 0.5846 -0.5151
vn 0.1483 0.9775 -0.1500
vn -0.5093 0.8562 -0.0862
vn -0.3334 0.7762 -0.5351
vn -0.1337 0.9847 0.1121
vn -0.6305 0.6485 0.4265
vn -0.0819 0.9924 -0.0919
vn 0.0805 0.9958 0.0439
vn -0.2656 0.7219 0.6390
vn 0.1533 0.9432 0.2948
vn 0.1240 0.8452 -0.5198
vn 0.1687 0.9741 -0.1504
vn 0.6268 0.5847 -0.5150
vn 0.3718 0.3567 -0.8571
vn 0.5557 0.3803 0.7393
vn 0.4349 0.8958 -0.0919
vn 0.4717 0.8458 0.2493
vn 0.1243 0.5107 0.8507
vn 0.4655 -0.1180 0.8772
vn 0.8153 -0.1547 0.5580
vn 0.6496 -0.2419 -0.7208
vn 0.7213 -0.0629 0.6897
vn 0.8447 0.2618 0.4668
vn 0.4718 0.8457 0.2494
vn 0.9697 -0.1713 0.1743
vn 0.9553 -0.0905 0.2815
vn 0.9583 -0.1648 -0.2333
vn 0.8733 -0.0027 -0.4872
vn 0.6269 0.5847 -0.5150
vn 0.9692 0.2463 -0.0077
vn 0.4350 0.8957 -0.0919
vn -0.9787 -0.1790 0.1010
vn -0.9668 -0.0461 -0.2515
vn -0.9020 -0.2062 -0.3794
vn -0.9027 0.3714 -0.2173
vn -0.8018 0.1457 -0.5795
vn -0.9710 0.1456 0.1899
vn -0.7253 0.6816 0.0963
vn -0.9187 0.3854 -0.0870
vn -0.7301 -0.1776 -0.6599
vn -0.5902 0.6890 -0.4207
vn -0.5375 0.1849 -0.8227
vn -0.4496 -0.1553 -0.8796
vn -0.0868 -0.0292 -0.9958
vn -0.2149 0.4582 -0.8625
vn -0.3125 0.8976 -0.3109
vn 0.2041 0.6552 -0.7273
vn 0.3435 -0.2144 -0.9143
vn 0.2349 0.1114 -0.9656
vn 0.4056 0.5292 -0.7453
vn 0.0656 0.8849 -0.4611
vn -0.9668 -0.0461 -0.2514
vn -0.9787 -0.1790 0.1011
vn -0.8731 -0.1608 0.4603
vn -0.8173 0.1186 0.5639
vn -0.9187 0.3853 -0.0871
vn -0.6053 0.5916 0.5325
vn -0.5935 -0.1223 0.7955
vn -0.3713 0.1700 0.9128
vn -0.5699 -0.0761 0.8182
vn -0.2115 -0.1041 0.9718
vn -0.1073 0.9131 0.3934
vn -0.0159 0.4242 0.9054
vn 0.0001 0.9224 0.3863
vn -0.0756 0.9940 0.0793
vn -0.0238 0.0166 0.9996
vn 0.2289 -0.1817 0.9563
vn 0.5297 0.2284 0.8168
vn 0.2963 0.7313 0.6143
vn 0.5615 0.5375 0.6291
vn 0.3768 -0.1244 0.9179
vn 0.6801 -0.1426 0.7191
vn -0.5901 0.6890 -0.4207
vn -0.9027 0.3715 -0.2172
vn -0.7253 0.6817 0.0963
vn -0.3200 0.9390 0.1260
vn -0.6053 0.5917 0.5325
vn -0.1073 0.9131 0.3935
vn -0.5809 0.8117 -0.0601
vn 0.0588 0.7051 0.7066
vn 0.0541 0.9106 -0.4097
vn 0.0656 0.8850 -0.4610
vn 0.1326 0.9807 0.1435
vn 0.8461 0.4274 0.3184
vn 0.0649 0.5117 0.8567
vn 0.5510 0.7079 -0.4420
vn -0.8044 0.1368 -0.5781
vn -0.0160 0.4242 0.9054
vn 0.2552 0.9588 -0.1249
vn 0.3154 0.9365 0.1530
vn 0.4056 0.5293 -0.7452
vn 0.7050 0.4654 0.5351
vn 0.5298 0.2285 0.8168
vn 0.7230 0.5966 -0.3484
vn 0.8953 0.4189 0.1515
vn 0.0650 0.5117 0.8567
vn -0.8045 0.1367 -0.5781
vn -0.5810 0.8117 -0.0601
vn 0.0540 0.9106 -0.4097
vn 0.0588 0.7052 0.7066
vn 0.5511 0.7077 -0.4420
vn 0.7884 0.0168 -0.6149
vn 0.3436 -0.2144 -0.9143
vn 0.7408 0.0436 -0.6703
vn 0.2350 0.1113 -0.9656
vn 0.7231 -0.2003 -0.6610
vn 0.5298 0.2284 0.8168
vn 0.3769 -0.1244 0.9179
vn 0.6802 -0.1425 0.7191
vn 0.7230 0.5965 -0.3485
vn 0.5615 0.5375 0.6292
vn 0.8728 -0.2591 0.4136
vn 0.9931 0.1074 0.0472
vn 0.8740 0.0253 0.4853
vn 0.7051 0.4653 0.5351
vn 0.9354 -0.1863 -0.3004
vn 0.9804 -0.1165 0.1587
vn 0.9512 0.1203 -0.2842
vn 0.3337 -0.9286 0.1625
vn 0.3491 -0.9370 -0.0153
vn 0.1656 -0.9445 -0.2837
vn 0.2590 -0.9260 -0.2746
vn 0.3506 -0.9244 -0.1504
vn 0.0502 -0.9974 0.0524
vn 0.3555 -0.9126 -0.2019
vn 0.0327 -0.9951 -0.0931
vn 0.3243 -0.8943 0.3084
vn 0.0369 -0.9989 0.0305
vn -0.6658 0.0134 0.7460
vn -0.9873 0.0051 0.1591
vn -0.6342 -0.3886 0.6684
vn -0.9166 -0.3787 -0.1284
vn -0.8614 0.0134 -0.5077
vn -0.4286 -0.4412 -0.7885
vn -0.8739 0.0128 0.4859
vn -0.9302 0.0013 -0.3669
vn -0.9874 -0.0012 0.1584
vn -0.8054 0.0027 -0.5928
vn -0.4708 -0.0033 0.8822
vn -0.9358 -0.0075 -0.3525
vn -0.8726 -0.0034 0.4885
vn -0.9990 0.0082 0.0437
vn -0.7604 0.0027 -0.6495
vn -0.7413 0.0039 0.6712
vn -0.9911 -0.0017 -0.1328
vn -0.5906 -0.0046 -0.8070
vn -0.9222 0.0049 0.3868
vn -0.9066 0.0030 -0.4220
vn -0.9934 -0.0019 -0.1145
vn -0.6681 -0.0001 0.7441
vn -0.8974 0.0043 0.4412
vn -0.8861 -0.0022 -0.4635
vn -0.9985 -0.0518 -0.0176
vn -0.6017 -0.0512 0.7971
vn -0.4463 -0.8653 0.2280
vn -0.2061 -0.9586 -0.1965
vn -0.2828 -0.0030 -0.9592
vn -0.3097 0.0029 0.9508
vn -0.3973 -0.0002 -0.9177
vn -0.0782 -0.9160 0.3936
vn -0.0260 -0.9992 -0.0304
vn -0.0189 -0.0128 -0.9997
vn -0.3001 0.0042 -0.9539
vn -0.1429 -0.0005 -0.9897
vn -0.2421 -0.0239 -0.9700
vn -0.4588 -0.0587 -0.8866
vn -0.8329 0.0020 0.5534
vn -0.8584 -0.5113 -0.0411
vn -0.7594 -0.1915 0.6218
vn -0.9468 0.0170 -0.3213
vn -0.7936 -0.0614 -0.6054
vn -0.9922 -0.0048 -0.1247
vn -0.6643 0.0017 -0.7474
vn -0.7508 -0.0118 0.6604
vn -0.7677 0.0008 -0.6408
vn -0.9997 0.0015 -0.0258
vn -0.6802 0.0015 0.7330
vn -0.8712 0.0053 0.4908
vn -0.6215 0.0041 -0.7834
vn -0.9697 -0.0062 -0.2440
vn -0.7514 -0.0094 0.6598
vn -0.9957 -0.0066 0.0920
vn -0.7333 0.0038 0.6799
vn -0.7635 0.0004 -0.6458
vn -0.9869 0.0039 -0.1616
vn -0.9761 0.0096 0.2171
vn -0.7584 0.0035 -0.6518
vn -0.9933 -0.0291 0.1119
vn -0.6313 -0.0452 -0.7742
vn -0.3904 -0.8909 0.2321
vn -0.6423 -0.0721 0.7630
vn -0.4917 -0.8214 -0.2889
vn -0.1871 -0.3911 -0.9011
vn -0.2593 0.0628 0.9638
vn -0.5691 0.0003 -0.8223
vn -0.5973 0.0130 0.8019
vn -0.0878 -0.9950 0.0472
vn -0.3688 0.0434 -0.9285
vn -0.1365 -0.0126 0.9906
vn 0.0272 -0.0073 0.9996
vn -0.0666 0.0019 0.9978
vn -0.4421 -0.0113 -0.8969
vn -0.0666 0.0064 0.9978
vn -0.0270 0.0034 0.9996
vn 0.1754 -0.9150 -0.3634
vn -0.1718 -0.5813 0.7953
vn 0.0275 -0.0594 0.9979
vn 0.0713 -0.0112 0.9974
vn 0.1780 0.0093 0.9840
vn -0.8739 0.0127 0.4859
vn -0.0233 -0.0031 0.9997
vn -0.2534 -0.0052 0.9673
vn -0.8725 -0.0034 0.4885
vn -0.7412 0.0039 0.6712
vn -0.6016 -0.0512 0.7971
vn -0.8974 0.0043 0.4413
vn -0.2072 -0.0017 0.9783
vn -0.2106 0.0241 0.9773
vn 0.0275 0.0041 0.9996
vn -0.3096 0.0029 0.9509
vn 0.1595 0.0033 0.9872
vn 0.1979 -0.1900 0.9616
vn 0.4249 -0.5399 0.7266
vn -0.0260 -0.9992 -0.0303
vn 0.3473 0.0055 0.9377
vn 0.5408 -0.0039 0.8412
vn 0.4498 -0.0019 0.8931
vn 0.6344 -0.0022 0.7730
vn 0.2457 -0.0023 0.9694
vn 0.6199 0.0057 0.7846
vn 0.8821 -0.0123 0.4709
vn 0.8761 -0.4820 0.0148
vn 0.9262 0.0251 0.3761
vn 0.7620 -0.0092 0.6475
vn 0.9645 0.0045 0.2640
vn 0.6491 0.0021 0.7607
vn 0.8233 0.0134 0.5674
vn 0.8504 -0.1448 0.5058
vn 0.1086 -0.9888 0.1019
vn 0.9864 -0.0063 0.1641
vn 0.9762 0.0002 0.2170
vn 0.9706 -0.0322 -0.2385
vn 0.9984 -0.0041 -0.0567
vn 0.9864 0.0010 -0.1644
vn -0.3689 0.0433 -0.9285
vn -0.7936 -0.0613 -0.6054
vn -0.2280 -0.0083 -0.9736
vn -0.6642 0.0017 -0.7475
vn -0.7676 0.0007 -0.6409
vn 0.1524 0.0059 -0.9883
vn -0.6214 0.0042 -0.7835
vn -0.1760 0.0141 -0.9843
vn 0.1166 -0.0019 -0.9932
vn -0.4420 -0.0113 -0.8969
vn -0.7635 0.0005 -0.6458
vn -0.5690 0.0003 -0.8223
vn -0.0314 -0.0081 -0.9995
vn -0.7583 0.0035 -0.6519
vn 0.5950 0.0062 -0.8037
vn 0.3475 -0.0014 -0.9377
vn 0.0226 0.0073 -0.9997
vn -0.1196 -0.1028 -0.9875
vn -0.4918 -0.8214 -0.2888
vn -0.0022 -0.9587 -0.2845
vn 0.4517 -0.0037 -0.8922
vn 0.8025 0.0001 -0.5967
vn 0.6733 0.0002 -0.7394
vn 0.5849 -0.1876 -0.7891
vn 0.8123 -0.0073 -0.5831
vn 0.8392 0.0302 -0.5430
vn 0.9139 0.0071 -0.4059
vn 0.8315 -0.0140 -0.5553
vn 0.7938 -0.0130 -0.6080
vn 0.9414 -0.1545 -0.2999
vn 0.9960 -0.0064 0.0895
vn 0.9997 -0.0030 -0.0263
vn 0.9992 0.0019 -0.0390
vn 0.9997 -0.0191 -0.0124
vn 0.7563 -0.5451 0.3618
vn -0.1718 -0.5813 0.7954
vn -0.0877 -0.9950 0.0473
vn -0.2592 0.0628 0.9638
vn -0.1718 -0.5814 0.7953
vn 0.3884 -0.0338 0.9209
vn 0.0273 -0.0073 0.9996
vn -0.1365 -0.0125 0.9906
vn 0.7084 -0.0018 0.7058
vn -0.0665 0.0019 0.9978
vn 0.6524 0.0022 0.7579
vn 0.5943 -0.0046 0.8042
vn 0.5968 0.0060 0.8024
vn -0.0269 0.0034 0.9996
vn -0.3456 -0.8495 0.3986
vn 0.0276 -0.0593 0.9979
vn 0.7860 -0.2016 0.5844
vn 0.1754 -0.9150 -0.3633
vn 0.6116 0.0224 0.7909
vn 0.0714 -0.0112 0.9974
vn 0.6791 -0.0054 0.7340
vn 0.5968 0.0060 0.8023
vn 0.5944 -0.0046 0.8042
vn 0.9902 0.0003 0.1395
vn -0.0377 -0.9973 0.0624
vn 0.5285 -0.8485 -0.0270
vn 0.9414 -0.1545 -0.2998
vn 0.6117 0.0225 0.7908
vn 0.9960 -0.0064 0.0896
vn 0.7085 -0.0018 0.7057
vn 0.9938 0.0064 0.1113
vn 0.9881 0.0007 0.1538
vn 0.6525 0.0022 0.7578
vn 0.9832 -0.0004 0.1825
vn 0.6792 -0.0054 0.7340
vn 0.9997 -0.0191 -0.0123
vn 0.8124 -0.0072 -0.5831
vn 0.9139 0.0071 -0.4058
vn 0.8392 0.0301 -0.5430
vn 0.8316 -0.0140 -0.5553
vn 0.8025 0.0001 -0.5966
vn 0.5849 -0.1877 -0.7891
vn 0.5180 -0.0082 -0.8553
vn -0.0188 -0.0128 -0.9997
vn -0.1428 -0.0005 -0.9898
vn 0.3553 -0.0000 -0.9347
vn -0.3000 0.0042 -0.9539
vn 0.1469 -0.0024 -0.9892
vn -0.5905 -0.0045 -0.8070
vn 0.5417 -0.0149 -0.8405
vn -0.2420 -0.0239 -0.9700
vn 0.3458 -0.4959 -0.7966
vn -0.4285 -0.4412 -0.7885
vn 0.3922 0.0007 -0.9199
vn 0.5166 0.0032 -0.8562
vn 0.5431 0.0087 -0.8396
vn 0.4225 -0.0596 -0.9044
vn -0.4588 -0.0588 -0.8866
vn 0.8063 0.0044 -0.5915
vn 0.8812 0.0010 -0.4728
vn 0.8761 -0.4819 0.0147
vn 0.8910 0.0006 -0.4539
vn 0.9022 0.0005 -0.4313
vn 0.9864 0.0011 -0.1644
vn 0.9984 -0.0041 -0.0568
vn 0.9864 -0.0062 0.1640
vn 0.3054 -0.9512 0.0431
vn 0.3837 -0.8917 0.2401
vn 0.1641 -0.9293 0.3308
vn 0.0199 -0.9880 -0.1532
vn 0.9882 -0.1530 -0.0041
vn 0.7056 -0.7085 -0.0073
vn 0.9931 -0.1176 0.0002
vn 0.6163 -0.7875 0.0091
vn 0.9880 -0.1539 -0.0140
vn 0.8346 -0.5489 0.0450
vn 0.8229 -0.1247 0.5543
vn 0.9994 0.0353 0.0044
vn 0.6373 -0.7705 0.0082
vn 0.9352 -0.3517 -0.0411
vn 0.7625 -0.6467 0.0212
vn 0.9992 0.0390 0.0011
vn 0.4131 -0.9106 -0.0060
vn 0.9998 -0.0180 0.0005
vn 0.8219 -0.5696 -0.0047
vn 0.9538 0.3004 0.0039
vn 1.0000 -0.0053 0.0014
vn 0.8723 0.4884 0.0257
vn 0.4591 0.8884 -0.0005
vn 0.5443 0.7647 -0.3450
vn 0.4356 0.9001 -0.0055
vn 0.7470 0.6648 -0.0013
vn 0.7240 0.6897 -0.0152
vt 0.050694 0.984053
vt 0.025832 0.995370
vt 0.060193 0.994769
vt 0.941769 0.942250
vt 0.933888 0.926280
vt 0.941769 0.904835
vt 0.081074 0.985544
vt 0.851239 0.511971
vt 0.856266 0.520630
vt 0.876815 0.511831
vt 0.935297 0.949074
vt 0.634413 0.850186
vt 0.632449 0.883574
vt 0.626688 0.857028
vt 0.832312 0.521091
vt 0.885170 0.521091
vt 0.905867 0.514225
vt 0.632094 0.503640
vt 0.629814 0.519650
vt 0.624448 0.503845
vt 0.624187 0.899332
vt 0.629425 0.922926
vt 0.630697 0.547886
vt 0.632385 0.586887
vt 0.626624 0.566490
vt 0.619391 0.940000
vt 0.631228 0.945534
vt 0.620604 0.955110
vt 0.630410 0.955403
vt 0.628388 0.819850
vt 0.092827 0.995370
vt 0.109019 0.990727
vt 0.625180 0.621547
vt 0.633141 0.635744
vt 0.628011 0.660387
vt 0.624532 0.591659
vt 0.625386 0.535224
vt 0.616706 0.559527
vt 0.613991 0.522164
vt 0.617112 0.876032
vt 0.616918 0.839875
vt 0.615206 0.791648
vt 0.629051 0.778700
vt 0.613654 0.738684
vt 0.626892 0.741009
vt 0.631085 0.721986
vt 0.629982 0.694091
vt 0.618071 0.698703
vt 0.618906 0.655259
vt 0.604348 0.510995
vt 0.616617 0.621970
vt 0.599155 0.952742
vt 0.604402 0.502445
vt 0.612846 0.909384
vt 0.613319 0.598377
vt 0.600210 0.678135
vt 0.598286 0.643932
vt 0.585957 0.939217
vt 0.595383 0.539158
vt 0.606968 0.557496
vt 0.601909 0.824303
vt 0.603846 0.619041
vt 0.605285 0.899444
vt 0.607208 0.844793
vt 0.605128 0.576497
vt 0.603454 0.870611
vt 0.599925 0.920736
vt 0.235219 0.129709
vt 0.226357 0.139203
vt 0.229890 0.112647
vt 0.234762 0.150982
vt 0.178821 0.301585
vt 0.191331 0.306351
vt 0.179475 0.325617
vt 0.186173 0.282229
vt 0.583170 0.713847
vt 0.232107 0.159979
vt 0.171025 0.321288
vt 0.236257 0.086479
vt 0.227857 0.082957
vt 0.234404 0.073362
vt 0.182153 0.263877
vt 0.191331 0.263302
vt 0.183473 0.251543
vt 0.176685 0.275225
vt 0.573998 0.924985
vt 0.232167 0.060185
vt 0.240694 0.100611
vt 0.582405 0.526013
vt 0.580411 0.811142
vt 0.590469 0.755629
vt 0.597196 0.662735
vt 0.242995 0.155254
vt 0.172685 0.284992
vt 0.171405 0.268538
vt 0.590856 0.675781
vt 0.593361 0.669127
vt 0.996060 0.830761
vt 0.990154 0.816358
vt 0.989054 0.830761
vt 0.242971 0.130577
vt 0.170057 0.307629
vt 0.242995 0.091883
vt 0.591706 0.917776
vt 0.240942 0.060976
vt 0.586951 0.686618
vt 0.583416 0.626217
vt 0.168564 0.267655
vt 0.570897 0.507545
vt 0.588975 0.656867
vt 0.583182 0.824033
vt 0.590231 0.615959
vt 0.587649 0.578260
vt 0.592596 0.597519
vt 0.580188 0.601893
vt 0.584450 0.663788
vt 0.560996 0.849215
vt 0.584363 0.844644
vt 0.583687 0.871457
vt 0.571217 0.825732
vt 0.578588 0.673630
vt 0.576263 0.915258
vt 0.563911 0.741751
vt 0.578749 0.658358
vt 0.577885 0.542523
vt 0.568069 0.952828
vt 0.567845 0.884908
vt 0.581920 0.888653
vt 0.585789 0.566793
vt 0.571676 0.576112
vt 0.557648 0.785450
vt 0.567581 0.592692
vt 0.573987 0.901946
vt 0.563358 0.651653
vt 0.565216 0.868619
vt 0.555811 0.681193
vt 0.562967 0.900645
vt 0.573049 0.554881
vt 0.565618 0.545736
vt 0.540221 0.947004
vt 0.559555 0.569947
vt 0.551951 0.559859
vt 0.557802 0.867765
vt 0.774837 0.956908
vt 0.790984 0.949637
vt 0.776898 0.969323
vt 0.557818 0.526305
vt 0.531496 0.823134
vt 0.557559 0.615397
vt 0.551349 0.887998
vt 0.762098 0.965112
vt 0.774302 0.948045
vt 0.549694 0.856192
vt 0.787906 0.971694
vt 0.794334 0.969503
vt 0.553402 0.586701
vt 0.562335 0.593968
vt 0.560091 0.911154
vt 0.866462 0.908951
vt 0.853240 0.900805
vt 0.860530 0.894530
vt 0.818754 0.958782
vt 0.822742 0.969203
vt 0.814672 0.966196
vt 0.538436 0.713932
vt 0.541964 0.512064
vt 0.543079 0.929785
vt 0.554467 0.916661
vt 0.767684 0.969494
vt 0.552638 0.541727
vt 0.816097 0.984458
vt 0.544610 0.903381
vt 0.543519 0.895655
vt 0.540733 0.955265
vt 0.538868 0.916862
vt 0.533301 0.633607
vt 0.544847 0.531420
vt 0.540985 0.576330
vt 0.849951 0.886104
vt 0.825306 0.990048
vt 0.777220 0.981395
vt 0.990337 0.896224
vt 0.993433 0.867798
vt 0.977671 0.885639
vt 0.803448 0.989958
vt 0.558911 0.604548
vt 0.545441 0.604934
vt 0.786566 0.986082
vt 0.767079 0.981901
vt 0.757881 0.982437
vt 0.862369 0.880838
vt 0.521428 0.533885
vt 0.534971 0.851940
vt 0.841176 0.876029
vt 0.839660 0.891086
vt 0.534788 0.895261
vt 0.536186 0.881883
vt 0.523931 0.755065
vt 0.774941 0.990795
vt 0.536506 0.593929
vt 0.519129 0.842250
vt 0.993433 0.908951
vt 0.539422 0.562169
vt 0.530641 0.550534
vt 0.765621 0.999486
vt 0.793783 0.896195
vt 0.810019 0.898628
vt 0.799983 0.908951
vt 0.513455 0.784860
vt 0.534180 0.604308
vt 0.807313 0.999486
vt 0.789399 0.997656
vt 0.537470 0.558956
vt 0.530985 0.566771
vt 0.831284 0.886884
vt 0.512953 0.955148
vt 0.512360 0.669170
vt 0.809589 0.884197
vt 0.527420 0.859348
vt 0.518540 0.897825
vt 0.528364 0.900403
vt 0.528030 0.878281
vt 0.516744 0.565830
vt 0.527102 0.584495
vt 0.503430 0.510231
vt 0.502854 0.934798
vt 0.498048 0.823484
vt 0.509661 0.606295
vt 0.504156 0.946780
vt 0.502287 0.635018
vt 0.486270 0.714387
vt 0.491314 0.565800
vt 0.493693 0.526245
vt 0.493455 0.902490
vt 0.491256 0.864816
vt 0.498237 0.749894
vt 0.488373 0.952112
vt 0.473782 0.611526
vt 0.478093 0.660212
vt 0.477109 0.784649
vt 0.476987 0.945830
vt 0.478391 0.509426
vt 0.464206 0.929822
vt 0.468770 0.518373
vt 0.462178 0.844717
vt 0.471801 0.501324
vt 0.458657 0.889264
vt 0.459982 0.809150
vt 0.454268 0.684546
vt 0.464982 0.565330
vt 0.461340 0.953276
vt 0.451218 0.946072
vt 0.449840 0.507143
vt 0.443204 0.630228
vt 0.451858 0.740725
vt 0.431852 0.951761
vt 0.433863 0.784910
vt 0.431194 0.579029
vt 0.441743 0.541860
vt 0.429971 0.883053
vt 0.438489 0.935522
vt 0.414740 0.846862
vt 0.421306 0.521623
vt 0.421035 0.918980
vt 0.428522 0.721013
vt 0.423080 0.680668
vt 0.419419 0.503745
vt 0.407532 0.765648
vt 0.415340 0.939738
vt 0.407775 0.628906
vt 0.409700 0.952554
vt 0.390266 0.724384
vt 0.386559 0.587798
vt 0.389481 0.884859
vt 0.386773 0.679938
vt 0.396266 0.506270
vt 0.388736 0.805380
vt 0.388562 0.947480
vt 0.384090 0.932655
vt 0.379063 0.515695
vt 0.374176 0.837108
vt 0.366242 0.905116
vt 0.368626 0.550320
vt 0.370810 0.770050
vt 0.363581 0.504599
vt 0.364737 0.636774
vt 0.363010 0.942698
vt 0.359550 0.953141
vt 0.399062 0.958333
vt 0.356843 0.864672
vt 0.347786 0.747695
vt 0.343072 0.930089
vt 0.352200 0.696541
vt 0.347883 0.827037
vt 0.345638 0.785576
vt 0.342480 0.591710
vt 0.341791 0.519471
vt 0.335012 0.555702
vt 0.329049 0.945487
vt 0.322530 0.666961
vt 0.311765 0.807554
vt 0.326142 0.631434
vt 0.322889 0.855475
vt 0.323804 0.727535
vt 0.327827 0.953877
vt 0.320144 0.905762
vt 0.328406 0.504341
vt 0.306872 0.585373
vt 0.310533 0.511114
vt 0.297763 0.503712
vt 0.311730 0.936477
vt 0.302379 0.954144
vt 0.301666 0.527481
vt 0.290287 0.763365
vt 0.292663 0.710797
vt 0.292120 0.946106
vt 0.287678 0.869340
vt 0.290200 0.643415
vt 0.286649 0.935297
vt 0.276287 0.821609
vt 0.278346 0.511600
vt 0.278837 0.903585
vt 0.278342 0.545619
vt 0.276717 0.591374
vt 0.270310 0.675521
vt 0.261740 0.954392
vt 0.259979 0.640336
vt 0.266765 0.947186
vt 0.253345 0.918191
vt 0.255552 0.503694
vt 0.253547 0.520456
vt 0.257736 0.937456
vt 0.252254 0.871532
vt 0.248727 0.569565
vt 0.242005 0.724759
vt 0.240856 0.778778
vt 0.241376 0.511110
vt 0.237069 0.541349
vt 0.242254 0.945475
vt 0.241988 0.604161
vt 0.244943 0.831621
vt 0.218350 0.871971
vt 0.229916 0.653518
vt 0.218717 0.949611
vt 0.212349 0.936261
vt 0.224086 0.749184
vt 0.214885 0.502507
vt 0.215570 0.808203
vt 0.216489 0.613143
vt 0.213012 0.576903
vt 0.201615 0.687739
vt 0.200122 0.918794
vt 0.206318 0.522118
vt 0.213848 0.509936
vt 0.193251 0.771408
vt 0.203075 0.652613
vt 0.195664 0.729727
vt 0.189273 0.556849
vt 0.190312 0.823276
vt 0.186072 0.594628
vt 0.188490 0.509794
vt 0.178799 0.946187
vt 0.195255 0.954334
vt 0.185366 0.629788
vt 0.175127 0.935221
vt 0.180219 0.501548
vt 0.173293 0.901309
vt 0.175091 0.861609
vt 0.171433 0.714217
vt 0.166372 0.524382
vt 0.158879 0.623997
vt 0.147683 0.808034
vt 0.158370 0.750387
vt 0.153653 0.954714
vt 0.148782 0.673145
vt 0.156416 0.569814
vt 0.156286 0.504029
vt 0.158032 0.836059
vt 0.151518 0.875574
vt 0.139430 0.943430
vt 0.139743 0.912347
vt 0.130549 0.767551
vt 0.137982 0.724093
vt 0.127637 0.846747
vt 0.131965 0.545579
vt 0.131315 0.507552
vt 0.134978 0.521648
vt 0.128034 0.585683
vt 0.117240 0.630534
vt 0.113993 0.954578
vt 0.114689 0.707300
vt 0.115979 0.792881
vt 0.100684 0.935079
vt 0.106115 0.946196
vt 0.113801 0.872022
vt 0.113848 0.907624
vt 0.103151 0.818437
vt 0.101373 0.661759
vt 0.100800 0.737868
vt 0.096166 0.510982
vt 0.108686 0.546194
vt 0.111896 0.567508
vt 0.099085 0.525221
vt 0.108202 0.599586
vt 0.087047 0.442307
vt 0.114185 0.435700
vt 0.098453 0.448786
vt 0.079639 0.457352
vt 0.100176 0.501157
vt 0.923381 0.954028
vt 0.934730 0.952273
vt 0.936876 0.961833
vt 0.911100 0.943930
vt 0.904400 0.956550
vt 0.070522 0.452073
vt 0.109807 0.898610
vt 0.102874 0.847991
vt 0.921059 0.963668
vt 0.089920 0.773351
vt 0.089624 0.953808
vt 0.887599 0.950183
vt 0.951116 0.963382
vt 0.947097 0.974710
vt 0.070490 0.470440
vt 0.102323 0.917702
vt 0.934193 0.969019
vt 0.108814 0.451527
vt 0.088121 0.458963
vt 0.099793 0.606737
vt 0.094981 0.878379
vt 0.101913 0.864226
vt 0.101937 0.883545
vt 0.120259 0.449434
vt 0.098289 0.461159
vt 0.892274 0.965445
vt 0.073326 0.618977
vt 0.079547 0.468843
vt 0.092959 0.868939
vt 0.095452 0.597484
vt 0.101770 0.892062
vt 0.092771 0.888869
vt 0.100152 0.559157
vt 0.096714 0.571225
vt 0.082538 0.565148
vt 0.087287 0.922435
vt 0.084170 0.897529
vt 0.092808 0.900966
vt 0.078999 0.678322
vt 0.905736 0.968268
vt 0.124126 0.464257
vt 0.128322 0.443759
vt 0.090944 0.577019
vt 0.100991 0.586231
vt 0.956655 0.982214
vt 0.883100 0.969060
vt 0.091207 0.588261
vt 0.090865 0.553885
vt 0.093421 0.542274
vt 0.942621 0.988588
vt 0.117534 0.460428
vt 0.897091 0.973068
vt 0.904467 0.990617
vt 0.131786 0.467974
vt 0.091061 0.596539
vt 0.083468 0.537312
vt 0.078884 0.884607
vt 0.069262 0.841501
vt 0.080229 0.601305
vt 0.076304 0.521414
vt 0.086980 0.851893
vt 0.076903 0.891751
vt 0.073465 0.947081
vt 0.888062 0.979650
vt 0.061825 0.767679
vt 0.069913 0.712255
vt 0.075696 0.549803
vt 0.077146 0.485082
vt 0.076917 0.589420
vt 0.073365 0.576988
vt 0.068838 0.812733
vt 0.116878 0.477372
vt 0.894676 0.987617
vt 0.080335 0.547220
vt 0.068987 0.932235
vt 0.077552 0.910401
vt 0.743870 0.730967
vt 0.737741 0.722580
vt 0.743870 0.716564
vt 0.063911 0.505382
vt 0.948272 0.997428
vt 0.063715 0.912518
vt 0.887473 0.997428
vt 0.065841 0.868788
vt 0.063087 0.659740
vt 0.069660 0.590241
vt 0.081796 0.600813
vt 0.129679 0.485082
vt 0.050626 0.518551
vt 0.051114 0.954062
vt 0.061694 0.543259
vt 0.054558 0.643014
vt 0.064010 0.896770
vt 0.061376 0.561334
vt 0.056882 0.591589
vt 0.047554 0.935801
vt 0.060739 0.679144
vt 0.054002 0.663576
vt 0.052467 0.533045
vt 0.051909 0.679611
vt 0.047570 0.657493
vt 0.054343 0.923195
vt 0.049589 0.578890
vt 0.048904 0.850024
vt 0.039908 0.737663
vt 0.051006 0.693946
vt 0.043673 0.626753
vt 0.050765 0.614420
vt 0.047592 0.886506
vt 0.047923 0.567385
vt 0.050459 0.830466
vt 0.043758 0.795820
vt 0.043118 0.669535
vt 0.037123 0.946812
vt 0.030485 0.507373
vt 0.043927 0.499486
vt 0.040000 0.920662
vt 0.038837 0.875466
vt 0.039842 0.848474
vt 0.041337 0.828030
vt 0.039404 0.819869
vt 0.917796 0.108539
vt 0.907520 0.099724
vt 0.916474 0.097359
vt 0.928794 0.103695
vt 0.948857 0.108539
vt 0.949027 0.097825
vt 0.958405 0.104693
vt 0.045577 0.601826
vt 0.043775 0.685448
vt 0.035270 0.894596
vt 0.933046 0.094333
vt 0.961230 0.095669
vt 0.042333 0.914095
vt 0.033262 0.655862
vt 0.035081 0.709474
vt 0.915386 0.090698
vt 0.949495 0.089455
vt 0.967163 0.083556
vt 0.024761 0.931171
vt 0.033605 0.538753
vt 0.027998 0.770720
vt 0.029776 0.840715
vt 0.027172 0.866019
vt 0.033885 0.897543
vt 0.946492 0.078704
vt 0.039896 0.674215
vt 0.029205 0.630262
vt 0.903240 0.082865
vt 0.921862 0.081806
vt 0.024663 0.896610
vt 0.022921 0.558379
vt 0.037460 0.558241
vt 0.031089 0.580472
vt 0.042512 0.543034
vt 0.990806 0.786419
vt 0.977479 0.762860
vt 0.966287 0.786523
vt 0.990806 0.767550
vt 0.027394 0.806862
vt 0.024250 0.681111
vt 0.021934 0.523005
vt 0.020333 0.831841
vt 0.015254 0.947044
vt 0.022277 0.728924
vt 0.015707 0.704318
vt 0.021207 0.613501
vt 0.032138 0.608644
vt 0.019746 0.958333
vt 0.020656 0.649047
vt 0.011058 0.502490
vt 0.014367 0.896142
vt 0.013584 0.863659
vt 0.015556 0.590735
vt 0.017326 0.798687
vt 0.012796 0.628244
vt 0.011902 0.522732
vt 0.011724 0.920249
vt 0.007225 0.828231
vt 0.013301 0.752361
vt 0.012992 0.667332
vt 0.006833 0.614954
vt 0.008146 0.561372
vt 0.005569 0.655795
vt 0.006563 0.956074
vt 0.004744 0.935674
vt 0.005991 0.889801
vt 0.004825 0.854842
vt 0.008858 0.784582
vt 0.005846 0.699535
vt 0.004770 0.520780
vt 0.003940 0.737402
vt 0.881801 0.043649
vt 0.860008 0.036163
vt 0.889053 0.036447
vt 0.958251 0.057360
vt 0.930318 0.041932
vt 0.963254 0.046800
vt 0.986994 0.050304
vt 0.990681 0.066358
vt 0.999562 0.056898
vt 0.622119 0.015782
vt 0.619065 0.002238
vt 0.632582 0.008078
vt 0.688935 0.022292
vt 0.663947 0.013091
vt 0.679900 0.009164
vt 0.707892 0.015736
vt 0.734769 0.025886
vt 0.734291 0.012067
vt 0.758265 0.025060
vt 0.803003 0.039379
vt 0.788365 0.025777
vt 0.816313 0.023494
vt 0.834608 0.033757
vt 0.916834 0.047826
vt 0.851245 0.045722
vt 0.715510 0.028792
vt 0.647901 0.021461
vt 0.761689 0.034650
vt 0.888835 0.054191
vt 0.923885 0.058485
vt 0.671014 0.025389
vt 0.627378 0.000514
vt 0.646729 0.002279
vt 0.607979 0.009942
vt 0.609239 0.001758
vt 0.610516 0.019207
vt 0.587704 0.002057
vt 0.586230 0.017519
vt 0.574976 0.009694
vt 0.556826 0.004994
vt 0.560144 0.024019
vt 0.544050 0.017106
vt 0.529799 0.009807
vt 0.532867 0.028179
vt 0.509364 0.027057
vt 0.521337 0.017120
vt 0.502203 0.012496
vt 0.481280 0.024978
vt 0.487683 0.031537
vt 0.477598 0.011106
vt 0.452258 0.023849
vt 0.462468 0.031788
vt 0.450773 0.013743
vt 0.434949 0.032660
vt 0.421284 0.015564
vt 0.421556 0.025464
vt 0.406817 0.034724
vt 0.399297 0.017612
vt 0.389237 0.025986
vt 0.374381 0.037288
vt 0.377849 0.016503
vt 0.362989 0.030309
vt 0.349714 0.022664
vt 0.339900 0.036211
vt 0.318232 0.026138
vt 0.312744 0.035842
vt 0.311821 0.045828
vt 0.292935 0.027956
vt 0.279429 0.036269
vt 0.279374 0.045040
vt 0.252752 0.031046
vt 0.251041 0.040716
vt 0.240475 0.049982
vt 0.216807 0.040611
vt 0.209816 0.030923
vt 0.196492 0.050909
vt 0.186582 0.035869
vt 0.175579 0.044375
vt 0.170266 0.053655
vt 0.145296 0.039081
vt 0.146795 0.052484
vt 0.117292 0.048325
vt 0.115087 0.058125
vt 0.105882 0.041216
vt 0.085232 0.055461
vt 0.081730 0.042291
vt 0.050588 0.055738
vt 0.043534 0.045956
vt 0.052259 0.065685
vt 0.020486 0.064423
vt 0.012945 0.052871
vt 0.001924 0.066358
vt 0.000438 0.052663
vt 0.870532 0.500098
vt 0.873311 0.488572
vt 0.881348 0.499138
vt 0.873745 0.324400
vt 0.864657 0.296926
vt 0.872541 0.267788
vt 0.868290 0.197781
vt 0.872843 0.164896
vt 0.876392 0.187141
vt 0.872376 0.219341
vt 0.868586 0.445967
vt 0.872629 0.410120
vt 0.876957 0.449903
vt 0.863722 0.333850
vt 0.871482 0.369008
vt 0.866638 0.059288
vt 0.862145 0.050636
vt 0.873769 0.054678
vt 0.872980 0.085419
vt 0.865240 0.080239
vt 0.855242 0.109298
vt 0.871756 0.112704
vt 0.868213 0.143104
vt 0.875441 0.133395
vt 0.855361 0.177109
vt 0.854259 0.257329
vt 0.853358 0.373705
vt 0.859243 0.410877
vt 0.863082 0.492873
vt 0.854909 0.447283
vt 0.837233 0.471250
vt 0.847932 0.060130
vt 0.849536 0.147827
vt 0.853201 0.217443
vt 0.847486 0.302546
vt 0.847588 0.335578
vt 0.851782 0.500514
vt 0.827819 0.262424
vt 0.810907 0.428241
vt 0.837892 0.048629
vt 0.831092 0.081320
vt 0.824688 0.128755
vt 0.827712 0.206093
vt 0.821173 0.310988
vt 0.817262 0.497872
vt 0.814458 0.179134
vt 0.800376 0.380511
vt 0.811490 0.052647
vt 0.797502 0.084298
vt 0.819206 0.352176
vt 0.796968 0.486647
vt 0.789566 0.335334
vt 0.795889 0.295590
vt 0.797256 0.217706
vt 0.791959 0.256941
vt 0.782688 0.183813
vt 0.788860 0.142732
vt 0.771325 0.465928
vt 0.776133 0.499958
vt 0.765262 0.420059
vt 0.784026 0.054877
vt 0.763128 0.209736
vt 0.762396 0.372497
vt 0.764306 0.065828
vt 0.761275 0.296050
vt 0.758793 0.491531
vt 0.760658 0.051609
vt 0.759552 0.105175
vt 0.755356 0.157068
vt 0.754854 0.334063
vt 0.742841 0.231733
vt 0.740031 0.498556
vt 0.742557 0.263530
vt 0.736057 0.404644
vt 0.736404 0.072398
vt 0.731043 0.200584
vt 0.724229 0.358140
vt 0.736437 0.450377
vt 0.738742 0.054160
vt 0.724593 0.476723
vt 0.722137 0.159854
vt 0.717117 0.323532
vt 0.725613 0.115792
vt 0.710285 0.292794
vt 0.718077 0.246490
vt 0.713570 0.052034
vt 0.707419 0.428130
vt 0.703955 0.076023
vt 0.699063 0.188213
vt 0.695523 0.139657
vt 0.687111 0.380216
vt 0.702039 0.495945
vt 0.687208 0.226911
vt 0.687985 0.272260
vt 0.684551 0.321959
vt 0.685145 0.476147
vt 0.686011 0.051119
vt 0.672427 0.074809
vt 0.655122 0.155153
vt 0.661747 0.202861
vt 0.660668 0.416678
vt 0.658524 0.497881
vt 0.656780 0.365300
vt 0.664119 0.113840
vt 0.648414 0.488723
vt 0.657774 0.050756
vt 0.651040 0.247554
vt 0.655176 0.321597
vt 0.642010 0.465411
vt 0.633233 0.066136
vt 0.622615 0.377491
vt 0.627457 0.428193
vt 0.615995 0.197208
vt 0.615415 0.117003
vt 0.618927 0.287064
vt 0.623352 0.339170
vt 0.625196 0.050591
vt 0.622453 0.231152
vt 0.622096 0.499397
vt 0.609303 0.157580
vt 0.599825 0.262466
vt 0.612006 0.487859
vt 0.603011 0.461302
vt 0.591810 0.057391
vt 0.600212 0.078833
vt 0.591783 0.315767
vt 0.585946 0.220586
vt 0.588565 0.412324
vt 0.591957 0.498877
vt 0.588343 0.354555
vt 0.590733 0.047980
vt 0.586327 0.487362
vt 0.576807 0.118659
vt 0.578011 0.180563
vt 0.559888 0.289963
vt 0.563893 0.375376
vt 0.570836 0.073348
vt 0.570662 0.259643
vt 0.576799 0.452929
vt 0.567240 0.336630
vt 0.563600 0.496702
vt 0.562016 0.054661
vt 0.556699 0.218795
vt 0.555966 0.158819
vt 0.550094 0.434436
vt 0.556202 0.479837
vt 0.530098 0.064869
vt 0.533460 0.115836
vt 0.538031 0.262135
vt 0.541013 0.330832
vt 0.538641 0.498124
vt 0.523879 0.188062
vt 0.537382 0.393990
vt 0.529634 0.050656
vt 0.529308 0.154690
vt 0.526983 0.220480
vt 0.524475 0.303419
vt 0.517536 0.362935
vt 0.514596 0.474197
vt 0.526424 0.280765
vt 0.526416 0.261432
vt 0.512126 0.431244
vt 0.518629 0.297038
vt 0.503297 0.318284
vt 0.513699 0.246165
vt 0.515466 0.496341
vt 0.495006 0.168800
vt 0.493152 0.069598
vt 0.507790 0.305821
vt 0.480489 0.134561
vt 0.490440 0.053432
vt 0.484375 0.342215
vt 0.493715 0.394573
vt 0.493455 0.200025
vt 0.496338 0.242115
vt 0.482370 0.097709
vt 0.481051 0.473057
vt 0.484799 0.230976
vt 0.491444 0.497463
vt 0.486121 0.305997
vt 0.480859 0.426970
vt 0.470301 0.308236
vt 0.458012 0.075379
vt 0.467707 0.200206
vt 0.474446 0.255016
vt 0.462715 0.377628
vt 0.484357 0.252239
vt 0.474790 0.268935
vt 0.473499 0.289018
vt 0.450703 0.224599
vt 0.458054 0.283404
vt 0.449131 0.406906
vt 0.445335 0.166035
vt 0.440858 0.342731
vt 0.456586 0.498407
vt 0.455036 0.256639
vt 0.447692 0.479116
vt 0.433068 0.443237
vt 0.446452 0.050203
vt 0.440534 0.124102
vt 0.446216 0.291958
vt 0.451086 0.270703
vt 0.427996 0.062477
vt 0.441673 0.305998
vt 0.432918 0.497292
vt 0.429199 0.193479
vt 0.443962 0.255590
vt 0.439136 0.242379
vt 0.423097 0.377408
vt 0.436418 0.301490
vt 0.426499 0.086858
vt 0.431166 0.246836
vt 0.420172 0.483132
vt 0.420118 0.050687
vt 0.421742 0.224078
vt 0.423029 0.308444
vt 0.405678 0.404933
vt 0.410314 0.146405
vt 0.419423 0.245071
vt 0.402341 0.095971
vt 0.399701 0.319659
vt 0.404641 0.245435
vt 0.396557 0.451758
vt 0.402104 0.495897
vt 0.397540 0.204346
vt 0.406897 0.300149
vt 0.403088 0.258103
vt 0.396741 0.347726
vt 0.396667 0.048690
vt 0.390889 0.060772
vt 0.386146 0.376257
vt 0.379049 0.482408
vt 0.392422 0.264201
vt 0.392393 0.290041
vt 0.369809 0.142203
vt 0.376301 0.245784
vt 0.398591 0.277580
vt 0.372922 0.497108
vt 0.367373 0.191611
vt 0.364629 0.050619
vt 0.353348 0.110789
vt 0.370859 0.286475
vt 0.370066 0.074575
vt 0.359527 0.333229
vt 0.366393 0.419793
vt 0.343198 0.368203
vt 0.352762 0.456839
vt 0.338554 0.210869
vt 0.341375 0.060887
vt 0.339350 0.489173
vt 0.342980 0.262189
vt 0.334596 0.299128
vt 0.342189 0.500514
vt 0.328708 0.153182
vt 0.324488 0.425670
vt 0.308540 0.105117
vt 0.313298 0.321563
vt 0.323357 0.457701
vt 0.334927 0.046811
vt 0.312430 0.203872
vt 0.316477 0.261308
vt 0.307696 0.379517
vt 0.305881 0.498477
vt 0.301255 0.053132
vt 0.304649 0.071828
vt 0.302171 0.148014
vt 0.292650 0.486999
vt 0.279840 0.453474
vt 0.290391 0.245505
vt 0.282531 0.213317
vt 0.275635 0.282211
vt 0.274361 0.331066
vt 0.280915 0.418699
vt 0.270323 0.137333
vt 0.276939 0.183503
vt 0.270166 0.061349
vt 0.270388 0.098176
vt 0.276782 0.387996
vt 0.267052 0.498794
vt 0.269644 0.048424
vt 0.258152 0.239558
vt 0.261193 0.484696
vt 0.260464 0.433750
vt 0.258198 0.166360
vt 0.256997 0.305042
vt 0.256261 0.357047
vt 0.254063 0.209410
vt 0.257006 0.399589
vt 0.253969 0.452429
vt 0.251311 0.052663
vt 0.249903 0.082506
vt 0.252019 0.262834
vt 0.250550 0.111281
vt 0.250564 0.141878
vt 0.249245 0.374976
vt 0.246497 0.174703
vt 0.247548 0.299659
vt 0.249900 0.334709
vt 0.249067 0.417373
vt 0.246809 0.468490
vt 0.249417 0.496765
vt 0.955470 0.927765
vt 0.958872 0.935700
vt 0.963967 0.928730
vt 0.948120 0.932054
vt 0.962216 0.904700
vt 0.947999 0.909605
vt 0.954647 0.899669
vt 0.947248 0.867941
vt 0.955808 0.870997
vt 0.964143 0.863987
vt 0.955714 0.833418
vt 0.964111 0.828671
vt 0.948180 0.818327
vt 0.958246 0.798534
vt 0.964536 0.782200
vt 0.947689 0.774813
vt 0.955408 0.756690
vt 0.962019 0.741796
vt 0.947023 0.729014
vt 0.954778 0.704602
vt 0.964536 0.715248
vt 0.947557 0.676555
vt 0.963384 0.678590
vt 0.956421 0.657314
vt 0.964267 0.650728
vt 0.948506 0.632643
vt 0.963775 0.611358
vt 0.954612 0.618126
vt 0.948115 0.596298
vt 0.956765 0.589272
vt 0.955124 0.549962
vt 0.963661 0.568990
vt 0.947216 0.562101
vt 0.962921 0.532126
vt 0.947708 0.532001
vt 0.954450 0.497741
vt 0.947181 0.504047
vt 0.962353 0.481277
vt 0.947029 0.475066
vt 0.954053 0.446782
vt 0.962244 0.432197
vt 0.947929 0.433027
vt 0.954960 0.407384
vt 0.947468 0.404480
vt 0.961538 0.390559
vt 0.954084 0.371024
vt 0.947305 0.367305
vt 0.963663 0.361915
vt 0.947347 0.332090
vt 0.954949 0.334840
vt 0.963951 0.331629
vt 0.961653 0.293330
vt 0.951335 0.295103
vt 0.956066 0.261179
vt 0.947843 0.251338
vt 0.963510 0.253374
vt 0.960243 0.229446
vt 0.947511 0.204467
vt 0.954665 0.208592
vt 0.962497 0.189834
vt 0.956053 0.182613
vt 0.948005 0.183246
vt 0.808710 0.873309
vt 0.805655 0.862047
vt 0.801138 0.866608
vt 0.796513 0.847852
vt 0.806008 0.842607
vt 0.797362 0.820137
vt 0.805188 0.804678
vt 0.805282 0.773823
vt 0.796769 0.782882
vt 0.801626 0.741976
vt 0.811218 0.725379
vt 0.804001 0.705783
vt 0.810070 0.658684
vt 0.795254 0.691913
vt 0.800407 0.648857
vt 0.805568 0.618499
vt 0.795376 0.617111
vt 0.804163 0.583621
vt 0.791140 0.867520
vt 0.813215 0.815348
vt 0.814623 0.777635
vt 0.788231 0.756381
vt 0.793319 0.726768
vt 0.815674 0.692778
vt 0.814713 0.612658
vt 0.815674 0.582677
vt 0.792321 0.581508
vt 0.802371 0.563146
vt 0.814621 0.564226
vt 0.788032 0.796593
vt 0.787167 0.657747
vt 0.788110 0.561214
vt 0.796210 0.876029
vt 0.789527 0.859353
vt 0.789314 0.836152
vt 0.786083 0.696391
vt 0.782399 0.621336
vt 0.785016 0.725167
vt 0.097657 0.408801
vt 0.091155 0.421596
vt 0.099052 0.426488
vt 0.089872 0.405034
vt 0.094469 0.381640
vt 0.097578 0.308849
vt 0.087293 0.292406
vt 0.093226 0.345892
vt 0.097196 0.190139
vt 0.086722 0.171339
vt 0.083665 0.221237
vt 0.090654 0.123790
vt 0.081874 0.120004
vt 0.086629 0.138997
vt 0.101901 0.377114
vt 0.097328 0.274168
vt 0.089907 0.258035
vt 0.099844 0.238943
vt 0.095894 0.136355
vt 0.102049 0.345048
vt 0.101280 0.113683
vt 0.105752 0.416610
vt 0.105740 0.397072
vt 0.105424 0.319384
vt 0.109776 0.277666
vt 0.108610 0.197151
vt 0.104588 0.152064
vt 0.106347 0.423956
vt 0.111941 0.337909
vt 0.111497 0.244457
vt 0.108891 0.120667
vt 0.112457 0.426108
vt 0.107733 0.433642
vt 0.111350 0.392215
vt 0.108569 0.369088
vt 0.113894 0.307757
vt 0.115018 0.144969
vt 0.117776 0.114824
vt 0.114314 0.416732
vt 0.117776 0.363060
vt 0.701374 0.598222
vt 0.702821 0.610222
vt 0.709237 0.596343
vt 0.698238 0.602387
vt 0.695265 0.595773
vt 0.694798 0.617460
vt 0.704102 0.630827
vt 0.698605 0.644863
vt 0.704294 0.658235
vt 0.698865 0.674739
vt 0.692249 0.651618
vt 0.709382 0.684181
vt 0.700002 0.707299
vt 0.699969 0.735290
vt 0.709256 0.718606
vt 0.705649 0.764849
vt 0.692420 0.748948
vt 0.696418 0.786279
vt 0.701359 0.817013
vt 0.688574 0.803345
vt 0.692344 0.852954
vt 0.705496 0.864011
vt 0.693295 0.892031
vt 0.705403 0.894683
vt 0.683235 0.899048
vt 0.706240 0.900720
vt 0.710341 0.611434
vt 0.711815 0.650715
vt 0.690757 0.693867
vt 0.711293 0.811020
vt 0.680823 0.879997
vt 0.702945 0.592078
vt 0.715849 0.884432
vt 0.715849 0.751525
vt 0.681715 0.839384
vt 0.714842 0.856805
vt 0.669017 0.588921
vt 0.668104 0.551699
vt 0.659819 0.563850
vt 0.661798 0.602048
vt 0.669840 0.633027
vt 0.661898 0.639392
vt 0.673818 0.688206
vt 0.664348 0.669025
vt 0.673035 0.741474
vt 0.664821 0.704672
vt 0.659026 0.536783
vt 0.662693 0.527446
vt 0.661294 0.749007
vt 0.668280 0.776870
vt 0.653062 0.530293
vt 0.653972 0.624774
vt 0.654093 0.676987
vt 0.668969 0.816725
vt 0.657366 0.790427
vt 0.656759 0.519033
vt 0.673818 0.834877
vt 0.660071 0.824751
vt 0.655059 0.585730
vt 0.653278 0.720530
vt 0.653690 0.832583
vt 0.651907 0.541041
vt 0.649127 0.573168
vt 0.645771 0.656218
vt 0.653090 0.760516
vt 0.647210 0.526115
vt 0.646459 0.813745
vt 0.645532 0.537966
vt 0.644782 0.611527
vt 0.638792 0.693648
vt 0.643694 0.714107
vt 0.642985 0.756470
vt 0.640588 0.831674
vt 0.687009 0.616048
vt 0.678987 0.603395
vt 0.679079 0.616877
vt 0.687780 0.663308
vt 0.675569 0.669883
vt 0.676609 0.678694
vt 0.680333 0.640885
vt 0.688704 0.680556
vt 0.688704 0.636569
vt 0.841827 0.578168
vt 0.855079 0.582549
vt 0.850980 0.562902
vt 0.848840 0.846048
vt 0.854849 0.859240
vt 0.855079 0.834733
vt 0.846816 0.622041
vt 0.844408 0.864880
vt 0.854929 0.868794
vt 0.845029 0.815081
vt 0.854058 0.794966
vt 0.853452 0.754965
vt 0.843415 0.773540
vt 0.850847 0.724118
vt 0.843136 0.724400
vt 0.851438 0.695451
vt 0.841778 0.668035
vt 0.852075 0.657499
vt 0.846155 0.873971
vt 0.834290 0.561214
vt 0.838171 0.608143
vt 0.833302 0.691893
vt 0.835930 0.634789
vt 0.836377 0.868861
vt 0.835489 0.749841
vt 0.831361 0.584272
vt 0.839827 0.841048
vt 0.835141 0.856846
vt 0.829023 0.827311
vt 0.834150 0.793850
vt 0.825575 0.769620
vt 0.823927 0.802003
vt 0.825811 0.740789
vt 0.831673 0.721630
vt 0.821327 0.712077
vt 0.821815 0.681150
vt 0.828749 0.658287
vt 0.818301 0.638121
vt 0.827765 0.620240
vt 0.822482 0.590807
vt 0.822063 0.563565
vt 0.218107 0.382473
vt 0.225075 0.418944
vt 0.228824 0.383428
vt 0.223300 0.189928
vt 0.229860 0.183329
vt 0.216269 0.180582
vt 0.216032 0.437438
vt 0.225244 0.464116
vt 0.229860 0.348436
vt 0.223573 0.317170
vt 0.214952 0.287473
vt 0.226918 0.259786
vt 0.217441 0.248059
vt 0.223099 0.216390
vt 0.212835 0.211631
vt 0.216300 0.473829
vt 0.222526 0.484018
vt 0.213933 0.329485
vt 0.217259 0.492284
vt 0.215488 0.481985
vt 0.209408 0.401525
vt 0.208195 0.243340
vt 0.209553 0.467149
vt 0.206866 0.484421
vt 0.206540 0.433938
vt 0.207150 0.360060
vt 0.203719 0.314485
vt 0.205156 0.280535
vt 0.203116 0.214777
vt 0.205395 0.185149
vt 0.203406 0.472284
vt 0.197220 0.434766
vt 0.199109 0.395484
vt 0.196630 0.351174
vt 0.197420 0.294639
vt 0.197757 0.252939
vt 0.193958 0.196825
vt 0.198049 0.178498
vt 0.175403 0.976852
vt 0.173804 0.989198
vt 0.164186 0.987031
vt 0.185184 0.988808
vt 0.191027 0.980145
vt 0.204215 0.989198
vt 0.208165 0.979985
vt 0.219352 0.985098
vt 0.727034 0.741255
vt 0.735990 0.723920
vt 0.726357 0.720009
vt 0.730935 0.709855
vt 0.735990 0.694932
vt 0.728811 0.693984
vt 0.735128 0.681584
vt 0.313689 0.978909
vt 0.310590 0.990226
vt 0.296410 0.985550
vt 0.325886 0.982593
vt 0.326380 0.990226
vt 0.337566 0.979042
vt 0.914036 0.028345
vt 0.897110 0.029321
vt 0.901333 0.022901
vt 0.921964 0.021091
vt 0.926097 0.029321
vt 0.937391 0.026727
vt 0.620970 0.975289
vt 0.608044 0.981996
vt 0.606392 0.970982
vt 0.623815 0.967593
vt 0.642666 0.970213
vt 0.652451 0.981996
vt 0.637663 0.977882
vt 0.658932 0.969778
vt 0.750368 0.528914
vt 0.754667 0.550506
vt 0.767379 0.535582
vt 0.758896 0.514617
vt 0.773117 0.515620
vt 0.777111 0.531306
vt 0.774454 0.504004
vt 0.755820 0.500514
vt 0.750000 0.566358
vt 0.766811 0.559713
vt 0.783756 0.555863
vt 0.784749 0.515681
vt 0.793221 0.537118
vt 0.792207 0.501307
vt 0.797777 0.516338
vt 0.798367 0.557540
vt 0.808994 0.550009
vt 0.805627 0.529662
vt 0.808581 0.503011
vt 0.815553 0.518392
vt 0.821804 0.539488
vt 0.821804 0.560984
vt 0.125657 0.098791
vt 0.146373 0.095321
vt 0.134995 0.112210
vt 0.150999 0.110412
vt 0.138196 0.134098
vt 0.131327 0.086747
vt 0.158441 0.128170
vt 0.159283 0.141601
vt 0.147526 0.146605
vt 0.161966 0.105038
vt 0.166741 0.144701
vt 0.159464 0.085831
vt 0.171683 0.121428
vt 0.174200 0.097106
vt 0.180979 0.080761
vt 0.184851 0.136206
vt 0.184844 0.146176
vt 0.185740 0.110636
vt 0.186580 0.094917
vt 0.200421 0.141869
vt 0.199427 0.128350
vt 0.200358 0.103570
vt 0.208644 0.085066
vt 0.210595 0.146605
vt 0.938266 0.348731
vt 0.921304 0.369366
vt 0.936547 0.367766
vt 0.928296 0.332094
vt 0.938266 0.328158
vt 0.917046 0.352559
vt 0.905453 0.334946
vt 0.925952 0.313741
vt 0.909275 0.315734
vt 0.911386 0.305041
vt 0.899286 0.368179
vt 0.897793 0.353090
vt 0.880473 0.354514
vt 0.890254 0.379115
vt 0.895614 0.305237
vt 0.884821 0.340816
vt 0.886833 0.326317
vt 0.026625 0.149597
vt 0.020448 0.167181
vt 0.035313 0.164620
vt 0.053477 0.157375
vt 0.071367 0.155313
vt 0.067489 0.140898
vt 0.069367 0.110819
vt 0.072242 0.090327
vt 0.061628 0.085901
vt 0.046171 0.143497
vt 0.029910 0.135597
vt 0.020499 0.125414
vt 0.072242 0.131670
vt 0.065484 0.122951
vt 0.044483 0.129111
vt 0.051474 0.108971
vt 0.039406 0.097918
vt 0.040663 0.082819
vt 0.026648 0.096555
vt 0.032188 0.115594
vt 0.019702 0.109814
vt 0.928932 0.207888
vt 0.912499 0.216355
vt 0.929120 0.221975
vt 0.896917 0.218349
vt 0.905665 0.229379
vt 0.902408 0.201132
vt 0.889234 0.203438
vt 0.941769 0.218329
vt 0.921533 0.235883
vt 0.889710 0.230060
vt 0.939024 0.236543
vt 0.905082 0.242364
vt 0.935043 0.254507
vt 0.921659 0.248616
vt 0.910851 0.259140
vt 0.891308 0.254273
vt 0.881348 0.242429
vt 0.937512 0.270664
vt 0.941769 0.246812
vt 0.922213 0.276895
vt 0.901254 0.277491
vt 0.888702 0.279321
vt 0.882754 0.266704
vt 0.961760 0.132096
vt 0.975044 0.142589
vt 0.965017 0.159688
vt 0.954271 0.154461
vt 0.948922 0.136028
vt 0.968727 0.176973
vt 0.949400 0.174047
vt 0.943166 0.121570
vt 0.959179 0.117050
vt 0.941760 0.148530
vt 0.933581 0.133002
vt 0.936475 0.171845
vt 0.927222 0.160514
vt 0.926531 0.112654
vt 0.920919 0.122639
vt 0.920856 0.177269
vt 0.940020 0.178498
vt 0.915177 0.139195
vt 0.913151 0.164650
vt 0.902725 0.132492
vt 0.908667 0.116892
vt 0.902706 0.178498
vt 0.905304 0.147552
vt 0.896235 0.156573
vt 0.685483 0.552086
vt 0.677320 0.563284
vt 0.688288 0.575761
vt 0.700837 0.571164
vt 0.699382 0.590537
vt 0.697675 0.543839
vt 0.716804 0.583491
vt 0.704964 0.557810
vt 0.711386 0.562670
vt 0.709798 0.548332
vt 0.710076 0.530246
vt 0.696204 0.526816
vt 0.717445 0.558830
vt 0.706367 0.553902
vt 0.704366 0.559804
vt 0.699693 0.551397
vt 0.698886 0.559171
vt 0.731734 0.579960
vt 0.723529 0.592078
vt 0.724343 0.538786
vt 0.734037 0.558110
vt 0.719923 0.521091
vt 0.744609 0.567327
vt 0.745622 0.585511
vt 0.733873 0.532647
vt 0.745622 0.547809
vt 0.244174 0.215632
vt 0.249124 0.209271
vt 0.235865 0.211600
vt 0.235179 0.200617
vt 0.235114 0.220679
vt 0.249124 0.199074
vt 0.684838 0.995848
vt 0.664186 0.999486
vt 0.665608 0.980249
vt 0.678261 0.958596
vt 0.664552 0.955233
vt 0.683527 0.975728
vt 0.734736 0.954099
vt 0.737741 0.969430
vt 0.726692 0.975687
vt 0.670310 0.941268
vt 0.687113 0.939815
vt 0.725309 0.999486
vt 0.715300 0.986381
vt 0.703051 0.994574
vt 0.714963 0.961800
vt 0.721130 0.944445
vt 0.695162 0.971221
vt 0.705276 0.969620
vt 0.704383 0.944260
vt 0.696780 0.953816
vt 0.946147 0.644990
vt 0.941466 0.646830
vt 0.945513 0.657922
vt 0.945224 0.632699
vt 0.937391 0.633660
vt 0.939187 0.617469
vt 0.946147 0.613683
vt 0.134919 0.991255
vt 0.128284 0.987627
vt 0.140398 0.983025
vt 0.146770 0.990862
vt 0.157638 0.984529
vt 0.164186 0.991255
vt 0.041374 0.469233
vt 0.036230 0.466244
vt 0.041159 0.482304
vt 0.034257 0.480042
vt 0.030195 0.462070
vt 0.027019 0.480961
vt 0.039799 0.440702
vt 0.030905 0.434118
vt 0.038333 0.414224
vt 0.026943 0.413089
vt 0.047228 0.413584
vt 0.030608 0.391101
vt 0.040519 0.384696
vt 0.035676 0.360935
vt 0.026071 0.362463
vt 0.044310 0.347759
vt 0.033148 0.322968
vt 0.021333 0.317467
vt 0.038246 0.302463
vt 0.026408 0.288388
vt 0.029545 0.258109
vt 0.043589 0.280097
vt 0.037803 0.241705
vt 0.023514 0.214758
vt 0.025391 0.188293
vt 0.040825 0.196524
vt 0.033707 0.177230
vt 0.018100 0.178202
vt 0.021843 0.432953
vt 0.049475 0.306654
vt 0.015971 0.260726
vt 0.049475 0.175412
vt 0.035600 0.488169
vt 0.023391 0.466722
vt 0.020098 0.399106
vt 0.016253 0.355707
vt 0.012466 0.215643
vt 0.010375 0.190645
vt 0.003065 0.184876
vt 0.154707 0.459680
vt 0.150106 0.481147
vt 0.157397 0.480385
vt 0.147168 0.467042
vt 0.144517 0.480207
vt 0.147931 0.434927
vt 0.140161 0.444207
vt 0.155536 0.426221
vt 0.138892 0.404559
vt 0.146807 0.392795
vt 0.157914 0.392680
vt 0.152349 0.363198
vt 0.135861 0.367553
vt 0.142415 0.336571
vt 0.154475 0.330846
vt 0.145490 0.308894
vt 0.153191 0.278412
vt 0.135662 0.291134
vt 0.142390 0.265201
vt 0.146578 0.240402
vt 0.135320 0.228564
vt 0.142332 0.194459
vt 0.130911 0.197948
vt 0.150498 0.176440
vt 0.155636 0.192669
vt 0.135307 0.177037
vt 0.141732 0.489891
vt 0.164627 0.467195
vt 0.131060 0.265820
vt 0.155555 0.231009
vt 0.154727 0.488595
vt 0.137974 0.474784
vt 0.165267 0.441459
vt 0.165937 0.404395
vt 0.163735 0.358054
vt 0.131377 0.322163
vt 0.163280 0.299736
vt 0.163359 0.256276
vt 0.145130 0.496399
vt 0.163337 0.483482
vt 0.164550 0.199091
vt 0.165937 0.178308
vt 0.164500 0.227691
vt 0.892548 0.859481
vt 0.883618 0.853228
vt 0.887952 0.866986
vt 0.883524 0.796564
vt 0.878860 0.823698
vt 0.889067 0.816200
vt 0.883199 0.761967
vt 0.874365 0.768713
vt 0.876054 0.733296
vt 0.869940 0.583373
vt 0.866462 0.628612
vt 0.878208 0.631514
vt 0.888769 0.843806
vt 0.884408 0.728856
vt 0.872979 0.667041
vt 0.879581 0.693354
vt 0.884984 0.663781
vt 0.873226 0.560049
vt 0.881560 0.564776
vt 0.895938 0.864590
vt 0.894515 0.871914
vt 0.892931 0.783801
vt 0.892492 0.751905
vt 0.890936 0.693460
vt 0.890718 0.632957
vt 0.882356 0.595818
vt 0.897978 0.834374
vt 0.893041 0.603140
vt 0.903350 0.866360
vt 0.901648 0.855982
vt 0.897778 0.808674
vt 0.901984 0.780275
vt 0.894734 0.721082
vt 0.895081 0.663778
vt 0.891607 0.569118
vt 0.895536 0.557099
vt 0.901401 0.734847
vt 0.900188 0.695537
vt 0.903044 0.587994
vt 0.906743 0.823967
vt 0.903966 0.648441
vt 0.906743 0.562539
vt 0.767920 0.884864
vt 0.774822 0.891635
vt 0.778021 0.875831
vt 0.764892 0.822330
vt 0.771615 0.850443
vt 0.772590 0.808016
vt 0.765627 0.897752
vt 0.761158 0.852066
vt 0.770386 0.770688
vt 0.764049 0.791642
vt 0.761597 0.705543
vt 0.768243 0.726115
vt 0.773564 0.696820
vt 0.769972 0.672920
vt 0.762590 0.620516
vt 0.774163 0.638614
vt 0.770840 0.610619
vt 0.756544 0.883696
vt 0.758085 0.752672
vt 0.762769 0.657534
vt 0.765162 0.596952
vt 0.778021 0.593183
vt 0.766341 0.587963
vt 0.756728 0.805161
vt 0.757617 0.899691
vt 0.752230 0.675629
vt 0.755730 0.635746
vt 0.754470 0.593416
vt 0.749777 0.844792
vt 0.750589 0.776880
vt 0.749327 0.803337
vt 0.751083 0.719896
vt 0.754256 0.608161
vt 0.748215 0.898118
vt 0.742995 0.872388
vt 0.743571 0.748061
vt 0.744656 0.632737
vt 0.745916 0.599578
vt 0.909796 0.926317
vt 0.916268 0.915221
vt 0.920753 0.925219
vt 0.063777 0.187763
vt 0.065236 0.168210
vt 0.057277 0.171737
vt 0.063493 0.256008
vt 0.063544 0.216839
vt 0.054002 0.239604
vt 0.908854 0.918532
vt 0.065134 0.302462
vt 0.053853 0.286841
vt 0.065236 0.359010
vt 0.055338 0.342813
vt 0.055612 0.390355
vt 0.064444 0.400366
vt 0.065140 0.473765
vt 0.063193 0.454202
vt 0.056757 0.463651
vt 0.918469 0.939739
vt 0.054809 0.196031
vt 0.063271 0.427309
vt 0.055702 0.430764
vt 0.725200 0.916053
vt 0.767490 0.917464
vt 0.752168 0.925839
vt 0.653208 0.895576
vt 0.658717 0.912931
vt 0.648424 0.920636
vt 0.910645 0.937176
vt 0.890592 0.921340
vt 0.892097 0.932164
vt 0.855619 0.921149
vt 0.856016 0.930784
vt 0.820619 0.930568
vt 0.816285 0.920387
vt 0.790329 0.929753
vt 0.723002 0.927048
vt 0.688735 0.915573
vt 0.686592 0.927434
vt 0.655264 0.928289
vt 0.870429 0.939815
vt 0.837015 0.938480
vt 0.814949 0.939584
vt 0.765487 0.939256
vt 0.725747 0.939028
vt 0.649598 0.939815
vt 0.981525 0.468005
vt 0.988497 0.490662
vt 0.990152 0.455425
vt 0.991141 0.376870
vt 0.984137 0.402673
vt 0.991642 0.420776
vt 0.988898 0.335149
vt 0.998686 0.339079
vt 0.985113 0.258939
vt 0.997041 0.282082
vt 0.997487 0.236857
vt 0.979145 0.504824
vt 0.980846 0.514918
vt 0.988680 0.506274
vt 0.983928 0.431584
vt 0.983596 0.370185
vt 0.985215 0.299172
vt 0.986836 0.227550
vt 0.998686 0.211614
vt 0.986139 0.209980
vt 0.993084 0.203255
vt 0.978077 0.494659
vt 0.977194 0.343580
vt 0.972651 0.507320
vt 0.976278 0.431725
vt 0.976840 0.396538
vt 0.972553 0.285812
vt 0.973362 0.225623
vt 0.976486 0.200103
vt 0.972506 0.465290
vt 0.968267 0.496963
vt 0.967381 0.419789
vt 0.967385 0.372567
vt 0.967163 0.332447
vt 0.867523 0.973765
vt 0.873640 0.984053
vt 0.862313 0.984053
vt 0.883100 0.978390
vt 0.855079 0.981102
vt 0.925839 0.623188
vt 0.921298 0.586418
vt 0.919002 0.639058
vt 0.927886 0.483191
vt 0.921048 0.446087
vt 0.921457 0.500729
vt 0.927500 0.443782
vt 0.923187 0.405162
vt 0.928714 0.386447
vt 0.922225 0.386317
vt 0.928401 0.789562
vt 0.920368 0.779627
vt 0.922307 0.826457
vt 0.921063 0.743815
vt 0.927593 0.758817
vt 0.919685 0.716670
vt 0.930066 0.717285
vt 0.928930 0.527786
vt 0.921679 0.542426
vt 0.934216 0.811683
vt 0.921889 0.671830
vt 0.929610 0.664397
vt 0.930029 0.564307
vt 0.932444 0.589404
vt 0.934501 0.416563
vt 0.936269 0.627102
vt 0.923153 0.846193
vt 0.934601 0.842284
vt 0.935262 0.782195
vt 0.935507 0.750786
vt 0.936515 0.681873
vt 0.935736 0.553570
vt 0.935602 0.512323
vt 0.936029 0.468978
vt 0.936515 0.387765
s 1
usemtl material_0
f 1/1/1 2/2/2 3/3/3
f 4/4/4 5/5/5 6/6/6
f 1/1/1 3/3/3 7/7/7
f 8/8/8 9/9/9 10/10/10
f 4/4/4 11/11/11 5/5/5
f 12/12/12 13/13/13 14/14/14
f 8/8/8 15/15/15 9/9/9
f 10/10/10 9/9/9 16/16/16
f 10/10/10 16/16/16 17/17/17
f 18/18/18 19/19/19 20/20/20
f 21/21/21 13/13/13 22/22/22
f 23/23/23 24/24/24 25/25/25
f 26/26/26 27/27/11 28/28/27
f 27/27/11 29/29/28 28/28/27
f 22/22/22 27/27/11 26/26/26
f 14/14/14 13/13/13 21/21/21
f 30/30/2 12/12/12 14/14/14
f 31/31/29 7/7/7 3/3/3
f 31/31/29 32/32/30 7/7/7
f 33/33/31 34/34/32 35/35/16
f 24/24/24 34/34/32 33/33/31
f 36/36/33 24/24/24 33/33/31
f 25/25/25 24/24/24 36/36/33
f 37/37/34 19/19/19 23/23/23
f 38/38/35 23/23/23 25/25/25
f 38/38/35 37/37/34 23/23/23
f 39/39/36 20/20/20 19/19/19
f 21/21/21 22/22/22 26/26/26
f 40/40/37 14/14/14 21/21/21
f 41/41/38 30/30/2 14/14/14
f 42/42/39 43/43/3 30/30/2
f 44/44/40 43/43/3 42/42/39
f 44/44/40 45/45/41 43/43/3
f 44/44/40 46/46/15 45/45/41
f 47/47/9 46/46/15 44/44/40
f 48/48/42 35/35/16 47/47/9
f 39/39/36 19/19/19 37/37/34
f 41/41/38 14/14/14 40/40/37
f 42/42/39 30/30/2 41/41/38
f 48/48/42 47/47/9 44/44/40
f 49/49/43 35/35/16 48/48/42
f 33/33/31 35/35/16 49/49/43
f 38/38/35 25/25/25 36/36/33
f 39/39/36 37/37/34 38/38/35
f 20/20/20 39/39/36 50/50/44
f 51/51/45 33/33/31 49/49/43
f 26/26/26 28/28/27 52/52/46
f 53/53/47 20/20/20 50/50/44
f 21/21/21 26/26/26 54/54/48
f 54/54/48 40/40/37 21/21/21
f 55/55/49 33/33/31 51/51/45
f 55/55/49 36/36/33 33/33/31
f 38/38/35 36/36/33 55/55/49
f 49/49/43 48/48/42 56/56/50
f 51/51/45 49/49/43 57/57/51
f 54/54/48 26/26/26 58/58/52
f 57/57/51 49/49/43 56/56/50
f 59/59/53 38/38/35 60/60/54
f 61/61/55 42/42/39 41/41/38
f 55/55/49 51/51/45 62/62/56
f 63/63/57 40/40/37 54/54/48
f 64/64/58 41/41/38 40/40/37
f 61/61/55 41/41/38 64/64/58
f 38/38/35 55/55/49 65/65/59
f 60/60/54 38/38/35 65/65/59
f 40/40/37 66/66/60 64/64/58
f 62/62/56 51/51/45 57/57/51
f 58/58/52 26/26/26 52/52/46
f 67/67/61 54/54/48 58/58/52
f 63/63/57 54/54/48 67/67/61
f 66/66/60 40/40/37 63/63/57
f 68/68/62 69/69/63 70/70/64
f 69/69/63 68/68/62 71/71/65
f 72/72/66 73/73/49 74/74/56
f 75/75/67 73/73/49 72/72/66
f 39/39/36 38/38/35 59/59/53
f 56/56/50 48/48/42 76/76/68
f 71/71/65 77/77/69 69/69/63
f 72/72/66 74/74/56 78/78/70
f 76/76/68 48/48/42 44/44/40
f 79/79/71 80/80/72 81/81/73
f 82/82/74 83/83/75 75/75/67
f 84/84/76 83/83/75 82/82/74
f 75/75/67 72/72/66 85/85/77
f 67/67/61 58/58/52 86/86/78
f 81/81/73 80/80/72 87/87/79
f 70/70/64 79/79/71 88/88/80
f 70/70/64 80/80/72 79/79/71
f 82/82/74 75/75/67 85/85/77
f 89/89/81 39/39/36 59/59/53
f 50/50/44 39/39/36 89/89/81
f 90/90/82 42/42/39 61/61/55
f 91/91/83 44/44/40 42/42/39
f 92/92/84 57/57/51 56/56/50
f 93/93/85 71/71/65 68/68/62
f 77/77/69 71/71/65 93/93/85
f 85/85/77 72/72/66 94/94/86
f 68/68/62 70/70/64 88/88/80
f 82/82/74 85/85/77 95/95/87
f 56/56/50 96/96/88 97/97/89
f 76/76/68 44/44/40 91/91/83
f 98/98/90 99/99/91 100/100/92
f 101/101/93 68/68/62 88/88/80
f 102/102/94 72/72/66 78/78/70
f 94/94/86 72/72/66 102/102/94
f 88/88/80 79/79/71 103/103/95
f 104/104/96 67/67/61 86/86/78
f 105/105/97 81/81/73 87/87/79
f 56/56/50 106/106/98 96/96/88
f 62/62/56 57/57/51 107/107/99
f 93/93/85 68/68/62 101/101/93
f 108/108/100 85/85/77 94/94/86
f 53/53/47 50/50/44 109/109/101
f 110/110/102 92/92/84 97/97/89
f 57/57/51 92/92/84 110/110/102
f 90/90/82 61/61/55 111/111/103
f 106/106/98 56/56/50 76/76/68
f 112/112/104 62/62/56 107/107/99
f 113/113/105 114/114/106 115/115/107
f 116/116/108 97/97/89 96/96/88
f 110/110/102 97/97/89 116/116/108
f 109/109/101 50/50/44 89/89/81
f 117/117/109 118/118/110 119/119/111
f 90/90/82 111/111/103 120/120/112
f 115/115/107 114/114/106 112/112/104
f 116/116/108 96/96/88 121/121/113
f 106/106/98 121/121/113 96/96/88
f 122/122/114 104/104/96 86/86/78
f 76/76/68 91/91/83 123/123/115
f 57/57/51 110/110/102 124/124/116
f 89/89/81 59/59/53 125/125/117
f 120/120/112 111/111/103 118/118/110
f 115/115/107 112/112/104 107/107/99
f 58/58/52 52/52/46 126/126/118
f 127/127/119 119/119/111 128/128/120
f 124/124/116 110/110/102 116/116/108
f 129/129/121 113/113/105 130/130/122
f 120/120/112 118/118/110 117/117/109
f 42/42/39 90/90/82 131/131/123
f 132/132/124 113/113/105 115/115/107
f 127/127/119 128/128/120 133/133/125
f 124/124/116 116/116/108 121/121/113
f 57/57/51 124/124/116 134/134/126
f 134/134/126 107/107/99 57/57/51
f 135/135/127 119/119/111 127/127/119
f 130/130/122 113/113/105 132/132/124
f 91/91/83 42/42/39 131/131/123
f 106/106/98 76/76/68 136/136/128
f 136/136/128 121/121/113 106/106/98
f 137/137/129 133/133/125 122/122/114
f 127/127/119 133/133/125 137/137/129
f 130/130/122 138/138/130 129/129/121
f 139/139/131 125/125/117 138/138/130
f 89/89/81 125/125/117 139/139/131
f 117/117/109 119/119/111 135/135/127
f 123/123/115 91/91/83 131/131/123
f 140/140/132 58/58/52 126/126/118
f 141/141/133 138/138/130 130/130/122
f 142/142/134 138/138/130 141/141/133
f 137/137/129 122/122/114 86/86/78
f 143/143/135 135/135/127 127/127/119
f 144/144/135 145/145/119 146/146/136
f 124/124/116 121/121/113 134/134/126
f 147/147/137 89/89/81 139/139/131
f 90/90/82 120/120/112 148/148/138
f 134/134/126 121/121/113 136/136/128
f 115/115/107 107/107/99 149/149/139
f 132/132/124 115/115/107 149/149/139
f 127/127/119 137/137/129 150/150/140
f 151/151/141 152/152/142 144/144/135
f 117/117/109 135/135/127 153/153/141
f 148/148/138 120/120/112 117/117/109
f 131/131/123 90/90/82 148/148/138
f 154/154/143 145/145/119 155/155/140
f 156/156/144 130/130/122 157/157/145
f 141/141/133 130/130/122 156/156/144
f 158/158/146 137/137/129 86/86/78
f 149/149/139 107/107/99 134/134/126
f 139/139/131 138/138/130 142/142/134
f 146/146/136 145/145/119 154/154/143
f 159/159/131 160/160/147 161/161/148
f 162/162/146 163/163/149 164/164/150
f 165/165/151 76/76/68 123/123/115
f 136/136/128 76/76/68 165/165/151
f 109/109/101 89/89/81 166/166/152
f 166/166/152 89/89/81 147/147/137
f 86/86/78 58/58/52 167/167/153
f 168/168/154 158/158/146 86/86/78
f 151/151/141 144/144/135 169/169/155
f 147/147/137 139/139/131 170/170/156
f 171/171/157 164/164/150 163/163/149
f 168/168/154 86/86/78 167/167/153
f 137/137/129 158/158/146 172/172/158
f 169/169/155 144/144/135 146/146/136
f 167/167/153 58/58/52 140/140/132
f 173/173/159 150/150/140 137/137/129
f 140/140/132 126/126/118 174/174/160
f 175/175/161 168/168/154 167/167/153
f 149/149/139 134/134/126 176/176/162
f 177/177/163 147/147/137 170/170/156
f 142/142/134 141/141/133 178/178/164
f 179/179/165 161/161/148 160/160/147
f 180/180/161 171/171/157 163/163/149
f 146/146/136 154/154/143 181/181/166
f 173/173/159 137/137/129 172/172/158
f 182/182/167 183/183/124 184/184/139
f 185/185/168 164/164/150 171/171/157
f 157/157/145 186/186/169 187/187/170
f 156/156/144 157/157/145 187/187/170
f 188/188/171 154/154/143 155/155/140
f 178/178/164 141/141/133 156/156/144
f 189/189/172 169/169/155 146/146/136
f 181/181/166 154/154/143 188/188/171
f 190/190/173 151/151/141 169/169/155
f 176/176/162 134/134/126 136/136/128
f 191/191/163 161/161/148 179/179/165
f 166/166/152 147/147/137 192/192/174
f 177/177/163 192/192/174 147/147/137
f 146/146/136 181/181/166 189/189/172
f 117/117/109 153/153/141 193/193/175
f 148/148/138 117/117/109 193/193/175
f 194/194/176 191/191/163 179/179/165
f 179/179/165 160/160/147 195/195/177
f 196/196/178 197/197/179 150/150/140
f 196/196/178 150/150/140 173/173/159
f 190/190/173 169/169/155 189/189/172
f 123/123/115 131/131/123 198/198/180
f 198/198/180 165/165/151 123/123/115
f 189/189/172 181/181/166 199/199/181
f 178/178/164 156/156/144 200/200/182
f 181/181/166 188/188/171 199/199/181
f 201/201/183 148/148/138 193/193/175
f 182/182/167 184/184/139 202/202/184
f 203/203/185 142/142/134 178/178/164
f 196/196/178 173/173/159 172/172/158
f 192/192/174 177/177/163 204/204/186
f 200/200/182 156/156/144 187/187/170
f 205/205/187 189/189/172 199/199/181
f 206/206/188 207/207/182 208/208/189
f 190/190/173 189/189/172 205/205/187
f 209/209/190 131/131/123 148/148/138
f 198/198/180 131/131/123 209/209/190
f 210/210/191 149/149/139 176/176/162
f 211/211/192 185/185/168 171/171/157
f 199/199/181 188/188/171 212/212/193
f 213/213/194 178/178/164 214/214/195
f 179/179/165 195/195/177 215/215/196
f 140/140/132 174/174/160 216/216/197
f 176/176/162 136/136/128 217/217/198
f 179/179/165 215/215/196 194/194/176
f 217/217/198 136/136/128 165/165/151
f 212/212/193 185/185/168 211/211/192
f 212/212/193 188/188/171 185/185/168
f 214/214/195 178/178/164 200/200/182
f 218/218/199 207/207/182 206/206/188
f 201/201/183 193/193/175 219/219/187
f 220/220/200 175/175/161 167/167/153
f 215/215/196 207/207/182 218/218/199
f 221/221/201 175/175/161 220/220/200
f 194/194/176 215/215/196 218/218/199
f 220/220/200 222/222/202 221/221/201
f 219/219/187 222/222/202 220/220/200
f 223/223/203 204/204/186 224/224/199
f 192/192/174 204/204/186 223/223/203
f 225/225/204 166/166/152 192/192/174
f 167/167/153 140/140/132 226/226/205
f 227/227/206 148/148/138 201/201/183
f 228/228/207 210/210/191 176/176/162
f 224/224/199 210/210/191 228/228/207
f 229/229/208 140/140/132 216/216/197
f 226/226/205 140/140/132 229/229/208
f 220/220/200 167/167/153 226/226/205
f 209/209/190 148/148/138 227/227/206
f 230/230/209 176/176/162 217/217/198
f 231/231/210 217/217/198 165/165/151
f 223/223/203 224/224/199 232/232/211
f 225/225/204 192/192/174 233/233/212
f 234/234/213 220/220/200 226/226/205
f 235/235/214 219/219/187 220/220/200
f 201/201/183 219/219/187 235/235/214
f 231/231/210 165/165/151 198/198/180
f 232/232/211 224/224/199 228/228/207
f 231/231/210 198/198/180 236/236/215
f 228/228/207 176/176/162 230/230/209
f 229/229/208 216/216/197 237/237/216
f 198/198/180 209/209/190 236/236/215
f 227/227/206 201/201/183 235/235/214
f 192/192/174 223/223/203 232/232/211
f 235/235/214 220/220/200 234/234/213
f 238/238/217 232/232/211 228/228/207
f 233/233/212 192/192/174 232/232/211
f 230/230/209 217/217/198 239/239/218
f 240/240/219 209/209/190 227/227/206
f 240/240/219 236/236/215 209/209/190
f 239/239/218 217/217/198 231/231/210
f 241/241/220 229/229/208 237/237/216
f 225/225/204 233/233/212 242/242/221
f 226/226/205 229/229/208 241/241/220
f 243/243/222 234/234/213 226/226/205
f 238/238/217 230/230/209 239/239/218
f 228/228/207 230/230/209 238/238/217
f 242/242/221 233/233/212 244/244/223
f 245/245/224 227/227/206 235/235/214
f 231/231/210 236/236/215 240/240/219
f 246/246/225 225/225/204 242/242/221
f 243/243/222 226/226/205 241/241/220
f 247/247/226 234/234/213 243/243/222
f 248/248/227 240/240/219 227/227/206
f 249/249/228 239/239/218 231/231/210
f 233/233/212 232/232/211 250/250/229
f 247/247/226 235/235/214 234/234/213
f 248/248/227 227/227/206 245/245/224
f 250/250/229 232/232/211 238/238/217
f 241/241/220 237/237/216 251/251/230
f 244/244/223 233/233/212 250/250/229
f 252/252/231 241/241/220 251/251/230
f 246/246/225 242/242/221 253/253/232
f 253/253/232 242/242/221 244/244/223
f 243/243/222 241/241/220 252/252/231
f 245/245/224 235/235/214 247/247/226
f 254/254/233 238/238/217 239/239/218
f 255/255/234 231/231/210 240/240/219
f 249/249/228 231/231/210 255/255/234
f 254/254/233 239/239/218 249/249/228
f 252/252/231 251/251/230 256/256/235
f 257/257/236 240/240/219 248/248/227
f 258/258/237 250/250/229 238/238/217
f 259/259/238 244/244/223 250/250/229
f 245/245/224 247/247/226 260/260/239
f 255/255/234 240/240/219 257/257/236
f 258/258/237 238/238/217 254/254/233
f 261/261/240 243/243/222 252/252/231
f 248/248/227 245/245/224 262/262/241
f 263/263/242 244/244/223 259/259/238
f 263/263/242 253/253/232 244/244/223
f 264/264/243 243/243/222 261/261/240
f 264/264/243 247/247/226 243/243/222
f 249/249/228 255/255/234 265/265/244
f 262/262/241 245/245/224 260/260/239
f 254/254/233 249/249/228 266/266/245
f 259/259/238 250/250/229 258/258/237
f 257/257/236 248/248/227 262/262/241
f 266/266/245 249/249/228 265/265/244
f 260/260/239 247/247/226 264/264/243
f 267/267/246 253/253/232 263/263/242
f 268/268/247 255/255/234 257/257/236
f 265/265/244 255/255/234 268/268/247
f 269/269/248 252/252/231 256/256/235
f 261/261/240 252/252/231 269/269/248
f 270/270/249 254/254/233 266/266/245
f 263/263/242 259/259/238 258/258/237
f 264/264/243 261/261/240 269/269/248
f 258/258/237 254/254/233 270/270/249
f 269/269/248 256/256/235 271/271/250
f 268/268/247 257/257/236 262/262/241
f 266/266/245 265/265/244 272/272/251
f 272/272/251 265/265/244 268/268/247
f 263/263/242 258/258/237 273/273/252
f 274/274/253 260/260/239 264/264/243
f 262/262/241 260/260/239 274/274/253
f 270/270/249 266/266/245 275/275/254
f 273/273/252 258/258/237 270/270/249
f 276/276/255 267/267/246 263/263/242
f 277/277/256 268/268/247 262/262/241
f 275/275/254 266/266/245 272/272/251
f 278/278/257 269/269/248 271/271/250
f 279/279/258 269/269/248 278/278/257
f 264/264/243 269/269/248 279/279/258
f 274/274/253 264/264/243 279/279/258
f 280/280/259 276/276/255 263/263/242
f 281/281/260 262/262/241 274/274/253
f 277/277/256 262/262/241 281/281/260
f 282/282/261 274/274/253 279/279/258
f 283/283/262 263/263/242 273/273/252
f 280/280/259 263/263/242 283/283/262
f 284/284/263 268/268/247 277/277/256
f 285/285/264 276/276/255 280/280/259
f 273/273/252 270/270/249 286/286/265
f 287/287/266 278/278/257 288/288/267
f 288/288/267 278/278/257 289/289/268
f 279/279/258 278/278/257 287/287/266
f 284/284/263 272/272/251 268/268/247
f 286/286/265 270/270/249 275/275/254
f 281/281/260 274/274/253 290/290/269
f 291/291/270 272/272/251 284/284/263
f 292/292/271 282/282/261 279/279/258
f 293/293/272 275/275/254 272/272/251
f 286/286/265 275/275/254 293/293/272
f 292/292/271 279/279/258 287/287/266
f 277/277/256 281/281/260 294/294/273
f 295/295/274 277/277/256 294/294/273
f 295/295/274 284/284/263 277/277/256
f 290/290/269 274/274/253 282/282/261
f 296/296/275 273/273/252 286/286/265
f 283/283/262 273/273/252 296/296/275
f 297/297/276 280/280/259 283/283/262
f 285/285/264 280/280/259 297/297/276
f 293/293/272 272/272/251 291/291/270
f 281/281/260 290/290/269 294/294/273
f 291/291/270 284/284/263 295/295/274
f 298/298/277 283/283/262 296/296/275
f 299/299/278 287/287/266 288/288/267
f 292/292/271 287/287/266 299/299/278
f 300/300/279 286/286/265 293/293/272
f 297/297/276 283/283/262 298/298/277
f 301/301/280 295/295/274 294/294/273
f 302/302/281 286/286/265 300/300/279
f 294/294/273 290/290/269 303/303/282
f 304/304/283 293/293/272 291/291/270
f 299/299/278 288/288/267 305/305/284
f 306/306/285 282/282/261 292/292/271
f 303/303/282 290/290/269 282/282/261
f 296/296/275 286/286/265 302/302/281
f 307/307/286 285/285/264 297/297/276
f 303/303/282 282/282/261 306/306/285
f 301/301/280 294/294/273 303/303/282
f 291/291/270 295/295/274 301/301/280
f 300/300/279 293/293/272 304/304/283
f 304/304/283 291/291/270 301/301/280
f 298/298/277 296/296/275 308/308/287
f 307/307/286 297/297/276 309/309/288
f 308/308/287 296/296/275 302/302/281
f 310/310/289 307/307/286 309/309/288
f 311/311/290 292/292/271 299/299/278
f 306/306/285 292/292/271 311/311/290
f 312/312/291 299/299/278 305/305/284
f 309/309/288 297/297/276 313/313/292
f 314/314/293 304/304/283 301/301/280
f 313/313/292 297/297/276 298/298/277
f 300/300/279 304/304/283 315/315/294
f 311/311/290 299/299/278 316/316/295
f 313/313/292 298/298/277 308/308/287
f 316/316/295 299/299/278 312/312/291
f 317/317/296 303/303/282 306/306/285
f 302/302/281 300/300/279 318/318/297
f 315/315/294 304/304/283 314/314/293
f 319/319/298 306/306/285 311/311/290
f 301/301/280 303/303/282 320/320/299
f 310/310/289 309/309/288 321/321/300
f 319/319/298 311/311/290 316/316/295
f 322/322/301 306/306/285 319/319/298
f 320/320/299 303/303/282 317/317/296
f 308/308/287 302/302/281 318/318/297
f 323/323/302 313/313/292 308/308/287
f 321/321/300 309/309/288 313/313/292
f 317/317/296 306/306/285 322/322/301
f 314/314/293 301/301/280 320/320/299
f 324/324/303 308/308/287 318/318/297
f 323/323/302 308/308/287 324/324/303
f 325/325/304 300/300/279 315/315/294
f 318/318/297 300/300/279 325/325/304
f 316/316/295 312/312/291 326/326/305
f 327/327/306 318/318/297 325/325/304
f 328/328/307 316/316/295 326/326/305
f 329/329/308 322/322/301 319/319/298
f 330/330/309 310/310/289 321/321/300
f 324/324/303 318/318/297 327/327/306
f 319/319/298 316/316/295 328/328/307
f 321/321/300 313/313/292 331/331/310
f 331/331/310 313/313/292 323/323/302
f 329/329/308 319/319/298 332/332/311
f 317/317/296 322/322/301 333/333/312
f 320/320/299 317/317/296 333/333/312
f 319/319/298 328/328/307 332/332/311
f 334/334/313 323/323/302 324/324/303
f 315/315/294 314/314/293 335/335/314
f 325/325/304 315/315/294 335/335/314
f 335/335/314 314/314/293 336/336/315
f 330/330/309 321/321/300 337/337/316
f 337/337/316 321/321/300 331/331/310
f 338/338/317 323/323/302 334/334/313
f 332/332/311 328/328/307 339/339/318
f 336/336/315 314/314/293 320/320/299
f 340/340/319 324/324/303 327/327/306
f 331/331/310 323/323/302 338/338/317
f 339/339/318 328/328/307 326/326/305
f 341/341/320 320/320/299 333/333/312
f 334/334/313 324/324/303 340/340/319
f 333/333/312 322/322/301 329/329/308
f 336/336/315 320/320/299 341/341/320
f 342/342/321 341/341/320 333/333/312
f 340/340/319 327/327/306 343/343/322
f 339/339/318 326/326/305 344/344/323
f 345/345/324 332/332/311 339/339/318
f 329/329/308 332/332/311 345/345/324
f 327/327/306 325/325/304 343/343/322
f 333/333/312 329/329/308 342/342/321
f 346/346/325 335/335/314 336/336/315
f 347/347/326 330/330/309 337/337/316
f 336/336/315 341/341/320 348/348/327
f 340/340/319 343/343/322 349/349/328
f 350/350/329 334/334/313 340/340/319
f 338/338/317 334/334/313 350/350/329
f 351/351/330 325/325/304 335/335/314
f 343/343/322 325/325/304 351/351/330
f 352/352/331 329/329/308 345/345/324
f 342/342/321 329/329/308 352/352/331
f 350/350/329 340/340/319 349/349/328
f 353/353/332 331/331/310 338/338/317
f 353/353/332 337/337/316 331/331/310
f 345/345/324 339/339/318 344/344/323
f 348/348/327 341/341/320 342/342/321
f 347/347/326 337/337/316 354/354/333
f 354/354/333 337/337/316 353/353/332
f 346/346/325 336/336/315 355/355/334
f 355/355/334 336/336/315 348/348/327
f 356/356/335 343/343/322 351/351/330
f 335/335/314 346/346/325 357/357/336
f 338/338/317 350/350/329 358/358/337
f 359/359/338 348/348/327 342/342/321
f 351/351/330 335/335/314 357/357/336
f 349/349/328 343/343/322 356/356/335
f 360/360/339 350/350/329 349/349/328
f 361/361/340 354/354/333 353/353/332
f 347/347/326 354/354/333 361/361/340
f 358/358/337 353/353/332 338/338/317
f 362/362/341 344/344/323 363/363/342
f 357/357/336 346/346/325 355/355/334
f 364/364/343 349/349/328 356/356/335
f 360/360/339 349/349/328 364/364/343
f 345/345/324 344/344/323 362/362/341
f 358/358/337 350/350/329 360/360/339
f 365/365/344 345/345/324 362/362/341
f 364/364/343 356/356/335 351/351/330
f 366/366/345 347/347/326 361/361/340
f 342/342/321 352/352/331 367/367/346
f 355/355/334 348/348/327 359/359/338
f 352/352/331 345/345/324 365/365/344
f 368/368/347 342/342/321 367/367/346
f 368/368/347 359/359/338 342/342/321
f 351/351/330 357/357/336 369/369/348
f 370/370/349 353/353/332 358/358/337
f 360/360/339 364/364/343 371/371/350
f 367/367/346 352/352/331 365/365/344
f 372/372/351 355/355/334 359/359/338
f 369/369/348 357/357/336 373/373/352
f 362/362/341 363/363/342 374/374/353
f 364/364/343 351/351/330 375/375/354
f 361/361/340 353/353/332 370/370/349
f 373/373/352 357/357/336 355/355/334
f 376/376/355 358/358/337 360/360/339
f 375/375/354 351/351/330 369/369/348
f 377/377/356 361/361/340 370/370/349
f 366/366/345 361/361/340 377/377/356
f 371/371/350 364/364/343 375/375/354
f 373/373/352 355/355/334 372/372/351
f 376/376/355 360/360/339 371/371/350
f 378/378/357 359/359/338 368/368/347
f 379/379/358 368/368/347 367/367/346
f 372/372/351 359/359/338 378/378/357
f 370/370/349 358/358/337 376/376/355
f 380/380/359 362/362/341 374/374/353
f 365/365/344 362/362/341 380/380/359
f 367/367/346 365/365/344 381/381/360
f 378/378/357 368/368/347 379/379/358
f 382/382/361 373/373/352 372/372/351
f 379/379/358 367/367/346 381/381/360
f 383/383/362 369/369/348 373/373/352
f 375/375/354 369/369/348 383/383/362
f 381/381/360 365/365/344 380/380/359
f 384/384/363 378/378/357 379/379/358
f 385/385/364 370/370/349 376/376/355
f 377/377/356 370/370/349 386/386/365
f 386/386/365 370/370/349 387/387/366
f 376/376/355 371/371/350 388/388/367
f 387/387/366 370/370/349 385/385/364
f 372/372/351 378/378/357 384/384/363
f 389/389/368 371/371/350 375/375/354
f 380/380/359 374/374/353 390/390/369
f 388/388/367 371/371/350 389/389/368
f 384/384/363 379/379/358 381/381/360
f 383/383/362 373/373/352 382/382/361
f 391/391/370 375/375/354 383/383/362
f 385/385/364 376/376/355 388/388/367
f 382/382/361 372/372/351 392/392/371
f 393/393/372 381/381/360 380/380/359
f 393/393/372 380/380/359 394/394/373
f 384/384/363 381/381/360 395/395/374
f 395/395/374 381/381/360 396/396/375
f 392/392/371 372/372/351 397/397/376
f 389/389/368 375/375/354 398/398/377
f 394/394/373 380/380/359 390/390/369
f 372/372/351 384/384/363 397/397/376
f 391/391/370 383/383/362 399/399/378
f 386/386/365 387/387/366 400/400/379
f 381/381/360 393/393/372 396/396/375
f 399/399/378 383/383/362 382/382/361
f 401/401/380 388/388/367 402/402/381
f 385/385/364 388/388/367 401/401/380
f 403/403/382 387/387/366 385/385/364
f 400/400/379 387/387/366 403/403/382
f 398/398/377 375/375/354 391/391/370
f 404/404/383 388/388/367 389/389/368
f 403/403/382 385/385/364 401/401/380
f 405/405/384 406/406/385 407/407/386
f 405/405/384 407/407/386 408/408/387
f 409/409/388 386/386/365 400/400/379
f 410/410/389 411/411/390 412/412/391
f 413/413/374 410/410/389 414/414/392
f 415/415/393 405/405/384 408/408/387
f 395/395/374 396/396/375 416/416/390
f 413/413/374 411/411/390 410/410/389
f 417/417/394 384/384/363 395/395/374
f 397/397/376 384/384/363 417/417/394
f 402/402/381 388/388/367 404/404/383
f 418/418/395 410/410/389 412/412/391
f 419/419/396 382/382/361 392/392/371
f 414/414/392 410/410/389 418/418/395
f 394/394/373 390/390/369 420/420/397
f 421/421/394 413/413/374 414/414/392
f 412/412/391 422/422/398 423/423/399
f 424/424/400 415/415/393 408/408/387
f 425/425/401 396/396/375 393/393/372
f 425/425/401 416/416/390 396/396/375
f 422/422/398 412/412/391 411/411/390
f 399/399/378 382/382/361 419/419/396
f 418/418/395 412/412/391 426/426/402
f 427/427/403 407/407/386 406/406/385
f 428/428/404 408/408/387 407/407/386
f 429/429/405 404/404/383 389/389/368
f 423/423/399 426/426/402 412/412/391
f 430/430/406 431/431/392 432/432/407
f 427/427/403 406/406/385 433/433/408
f 428/428/404 407/407/386 434/434/409
f 421/421/394 414/414/392 435/435/410
f 436/436/411 389/389/368 398/398/377
f 434/434/409 407/407/386 427/427/403
f 408/408/387 428/428/404 437/437/412
f 438/438/413 431/431/392 430/430/406
f 429/429/405 439/439/414 404/404/383
f 440/440/415 441/441/416 432/432/407
f 442/442/417 443/443/418 444/444/419
f 445/445/420 425/425/401 393/393/372
f 446/446/421 440/440/415 447/447/422
f 419/419/396 392/392/371 397/397/376
f 398/398/377 391/391/370 448/448/423
f 424/424/400 408/408/387 437/437/412
f 430/430/406 432/432/407 441/441/416
f 449/449/424 435/435/410 414/414/392
f 450/450/425 433/433/408 451/451/426
f 452/452/427 443/443/418 453/453/428
f 423/423/399 422/422/398 454/454/429
f 455/455/430 421/421/394 435/435/410
f 452/452/427 453/453/428 456/456/431
f 457/457/432 442/442/417 444/444/419
f 403/403/382 401/401/380 458/458/433
f 446/446/421 441/441/416 440/440/415
f 448/448/423 391/391/370 399/399/378
f 459/459/434 426/426/402 423/423/399
f 460/460/435 427/427/403 433/433/408
f 461/461/436 435/435/410 449/449/424
f 461/461/436 449/449/424 462/462/437
f 429/429/405 389/389/368 436/436/411
f 463/463/438 450/450/425 451/451/426
f 464/464/439 456/456/431 453/453/428
f 465/465/440 403/403/382 458/458/433
f 438/438/413 430/430/406 466/466/441
f 397/397/376 417/417/394 467/467/442
f 468/468/438 429/429/405 436/436/411
f 400/400/379 403/403/382 469/469/443
f 467/467/442 417/417/394 470/470/444
f 460/460/435 433/433/408 450/450/425
f 471/471/445 430/430/406 441/441/416
f 472/472/446 394/394/373 420/420/397
f 393/393/372 394/394/373 472/472/446
f 466/466/441 430/430/406 471/471/445
f 455/455/430 435/435/410 473/473/447
f 399/399/378 419/419/396 474/474/448
f 475/475/449 448/448/423 399/399/378
f 476/476/450 457/457/432 444/444/419
f 444/444/419 443/443/418 452/452/427
f 424/424/400 437/437/412 477/477/451
f 456/456/431 464/464/439 478/478/452
f 479/479/453 452/452/427 456/456/431
f 480/480/454 397/397/376 467/467/442
f 436/436/411 398/398/377 448/448/423
f 481/481/455 460/460/435 450/450/425
f 482/482/456 435/435/410 461/461/436
f 446/446/421 471/471/445 441/441/416
f 479/479/453 444/444/419 452/452/427
f 419/419/396 397/397/376 480/480/454
f 469/469/443 403/403/382 465/465/440
f 473/473/447 435/435/410 482/482/456
f 459/459/434 423/423/399 454/454/429
f 465/465/440 458/458/433 483/483/457
f 482/482/456 461/461/436 462/462/437
f 479/479/453 456/456/431 478/478/452
f 484/484/458 445/445/420 393/393/372
f 446/446/421 447/447/422 485/485/459
f 486/486/460 487/487/451 488/488/461
f 489/489/462 400/400/379 469/469/443
f 485/485/459 445/445/420 484/484/458
f 490/490/463 459/459/434 454/454/429
f 469/469/443 465/465/440 476/476/450
f 489/489/462 409/409/388 400/400/379
f 484/484/458 393/393/372 472/472/446
f 485/485/459 484/484/458 491/491/464
f 446/446/421 485/485/459 491/491/464
f 492/492/465 455/455/430 473/473/447
f 467/467/442 470/470/444 493/493/465
f 474/474/448 419/419/396 480/480/454
f 436/436/411 448/448/423 494/494/466
f 495/495/467 478/478/452 496/496/468
f 497/497/467 450/450/425 463/463/438
f 489/489/462 469/469/443 498/498/469
f 475/475/449 399/399/378 474/474/448
f 472/472/446 420/420/397 499/499/470
f 492/492/465 473/473/447 482/482/456
f 492/492/465 482/482/456 462/462/437
f 479/479/453 478/478/452 495/495/467
f 500/500/471 469/469/443 476/476/450
f 501/501/472 436/436/411 494/494/466
f 495/495/467 468/468/438 436/436/411
f 471/471/445 446/446/421 502/502/473
f 503/503/474 444/444/419 479/479/453
f 502/502/473 446/446/421 491/491/464
f 504/504/475 479/479/453 495/495/467
f 503/503/474 476/476/450 444/444/419
f 466/466/441 471/471/445 502/502/473
f 493/493/465 466/466/441 502/502/473
f 500/500/471 476/476/450 503/503/474
f 504/504/475 495/495/467 436/436/411
f 505/505/476 484/484/458 472/472/446
f 494/494/466 506/506/477 507/507/478
f 469/469/443 500/500/471 508/508/479
f 494/494/466 448/448/423 506/506/477
f 506/506/477 509/509/480 507/507/478
f 510/510/481 494/494/466 507/507/478
f 506/506/477 448/448/423 475/475/449
f 511/511/482 491/491/464 484/484/458
f 501/501/472 494/494/466 510/510/481
f 512/512/483 479/479/453 504/504/475
f 503/503/474 479/479/453 512/512/483
f 511/511/482 484/484/458 505/505/476
f 467/467/442 493/493/465 513/513/484
f 475/475/449 474/474/448 514/514/485
f 515/515/486 506/506/477 475/475/449
f 515/515/486 509/509/480 506/506/477
f 436/436/411 501/501/472 516/516/487
f 504/504/475 436/436/411 517/517/488
f 498/498/469 469/469/443 508/508/479
f 493/493/465 502/502/473 518/518/489
f 519/519/490 503/503/474 512/512/483
f 520/520/491 480/480/454 467/467/442
f 474/474/448 480/480/454 521/521/492
f 507/507/478 509/509/480 522/522/493
f 523/523/494 472/472/446 499/499/470
f 517/517/488 436/436/411 516/516/487
f 522/522/493 510/510/481 507/507/478
f 524/524/495 489/489/462 498/498/469
f 525/525/496 489/489/462 524/524/495
f 505/505/476 472/472/446 523/523/494
f 526/526/497 511/511/482 505/505/476
f 513/513/484 518/518/489 527/527/498
f 513/513/484 493/493/465 518/518/489
f 513/513/484 527/527/498 528/528/499
f 520/520/491 513/513/484 528/528/499
f 520/520/491 528/528/499 529/529/500
f 530/530/501 520/520/491 529/529/500
f 531/531/502 532/532/487 533/533/503
f 531/531/502 533/533/503 534/534/504
f 535/535/483 536/536/505 537/537/506
f 513/513/484 520/520/491 467/467/442
f 530/530/501 480/480/454 520/520/491
f 504/504/475 517/517/488 538/538/507
f 512/512/483 504/504/475 538/538/507
f 522/522/493 509/509/480 539/539/508
f 518/518/489 540/540/509 527/527/498
f 534/534/504 533/533/503 541/541/510
f 536/536/505 534/534/504 541/541/510
f 537/537/506 536/536/505 542/542/511
f 515/515/486 539/539/508 509/509/480
f 543/543/512 511/511/482 526/526/497
f 544/544/513 501/501/472 510/510/481
f 535/535/483 534/534/504 536/536/505
f 521/521/492 480/480/454 530/530/501
f 545/545/514 475/475/449 514/514/485
f 515/515/486 475/475/449 545/545/514
f 516/516/487 501/501/472 544/544/513
f 541/541/510 533/533/503 546/546/515
f 547/547/516 536/536/505 541/541/510
f 547/547/516 542/542/511 536/536/505
f 532/532/487 546/546/515 533/533/503
f 548/548/517 542/542/511 547/547/516
f 526/526/497 505/505/476 549/549/518
f 498/498/469 508/508/479 550/550/519
f 551/551/520 474/474/448 521/521/492
f 514/514/485 474/474/448 551/551/520
f 529/529/500 528/528/499 552/552/521
f 528/528/499 527/527/498 553/553/522
f 553/553/522 527/527/498 554/554/523
f 548/548/517 547/547/516 555/555/524
f 544/544/513 510/510/481 556/556/525
f 549/549/518 505/505/476 523/523/494
f 554/554/523 543/543/512 526/526/497
f 557/557/526 516/516/487 544/544/513
f 546/546/515 532/532/487 558/558/526
f 552/552/521 528/528/499 553/553/522
f 541/541/510 546/546/515 559/559/527
f 547/547/516 541/541/510 559/559/527
f 530/530/501 529/529/500 552/552/521
f 560/560/528 554/554/523 526/526/497
f 553/553/522 554/554/523 560/560/528
f 561/561/529 562/562/530 563/563/524
f 550/550/519 562/562/530 561/561/529
f 550/550/519 564/564/531 562/562/530
f 565/565/532 566/566/533 567/567/534
f 568/568/535 566/566/533 565/565/532
f 555/555/524 547/547/516 559/559/527
f 569/569/536 521/521/492 530/530/501
f 551/551/520 521/521/492 569/569/536
f 544/544/513 556/556/525 570/570/537
f 559/559/527 546/546/515 558/558/526
f 560/560/528 526/526/497 549/549/518
f 571/571/538 498/498/469 550/550/519
f 524/524/495 498/498/469 571/571/538
f 552/552/521 553/553/522 572/572/539
f 573/573/540 523/523/494 499/499/470
f 530/530/501 552/552/521 572/572/539
f 545/545/514 514/514/485 574/574/541
f 570/570/537 545/545/514 575/575/542
f 576/576/543 577/577/544 557/557/526
f 563/563/524 577/577/544 576/576/543
f 573/573/540 499/499/470 578/578/545
f 571/571/538 550/550/519 561/561/529
f 569/569/536 530/530/501 572/572/539
f 579/579/546 544/544/513 570/570/537
f 557/557/526 544/544/513 579/579/546
f 580/580/547 525/525/496 524/524/495
f 581/581/548 560/560/528 549/549/518
f 582/582/549 553/553/522 560/560/528
f 582/582/549 572/572/539 553/553/522
f 583/583/550 563/563/524 576/576/543
f 561/561/529 563/563/524 583/583/550
f 551/551/520 569/569/536 584/584/551
f 514/514/485 551/551/520 574/574/541
f 575/575/542 545/545/514 574/574/541
f 576/576/543 579/579/546 585/585/552
f 576/576/543 557/557/526 579/579/546
f 581/581/548 582/582/549 560/560/528
f 571/571/538 561/561/529 586/586/553
f 573/573/540 549/549/518 523/523/494
f 587/587/554 549/549/518 573/573/540
f 581/581/548 549/549/518 587/587/554
f 588/588/555 572/572/539 582/582/549
f 584/584/551 569/569/536 572/572/539
f 574/574/541 551/551/520 589/589/556
f 575/575/542 574/574/541 589/589/556
f 590/590/557 579/579/546 570/570/537
f 585/585/552 579/579/546 590/590/557
f 583/583/550 576/576/543 585/585/552
f 584/584/551 572/572/539 588/588/555
f 589/589/556 551/551/520 584/584/551
f 590/590/557 570/570/537 575/575/542
f 583/583/550 585/585/552 591/591/558
f 586/586/553 561/561/529 592/592/559
f 524/524/495 571/571/538 586/586/553
f 585/585/552 590/590/557 593/593/560
f 561/561/529 583/583/550 592/592/559
f 580/580/547 524/524/495 586/586/553
f 594/594/561 573/573/540 578/578/545
f 595/595/562 573/573/540 594/594/561
f 587/587/554 573/573/540 595/595/562
f 596/596/563 581/581/548 587/587/554
f 596/596/563 582/582/549 581/581/548
f 597/597/564 582/582/549 596/596/563
f 588/588/555 582/582/549 597/597/564
f 589/589/556 584/584/551 598/598/565
f 599/599/566 575/575/542 589/589/556
f 590/590/557 575/575/542 599/599/566
f 591/591/558 585/585/552 593/593/560
f 592/592/559 583/583/550 591/591/558
f 592/592/559 600/600/567 586/586/553
f 580/580/547 586/586/553 600/600/567
f 598/598/565 584/584/551 588/588/555
f 593/593/560 590/590/557 599/599/566
f 596/596/563 587/587/554 595/595/562
f 601/601/568 589/589/556 598/598/565
f 602/602/569 603/603/570 604/604/32
f 605/605/571 606/606/24 607/607/572
f 605/605/571 607/607/572 608/608/573
f 609/609/574 608/608/573 610/610/18
f 611/611/575 612/612/28 613/613/576
f 614/614/577 615/615/6 616/616/578
f 614/614/577 616/616/578 617/617/12
f 618/618/579 617/617/12 619/619/2
f 620/620/580 618/618/579 619/619/2
f 621/621/581 622/622/7 623/623/30
f 624/624/582 621/621/581 623/623/30
f 625/625/583 602/602/569 604/604/32
f 605/605/571 625/625/583 606/606/24
f 626/626/584 624/624/582 603/603/570
f 609/609/574 605/605/571 608/608/573
f 618/618/579 627/627/585 617/617/12
f 602/602/569 626/626/584 603/603/570
f 628/628/586 611/611/575 613/613/576
f 628/628/586 613/613/576 615/615/6
f 627/627/585 614/614/577 617/617/12
f 629/629/587 618/618/579 620/620/580
f 629/629/587 620/620/580 622/622/7
f 630/630/588 602/602/569 625/625/583
f 631/631/589 630/630/588 625/625/583
f 605/605/571 631/631/589 625/625/583
f 632/632/590 628/628/586 615/615/6
f 632/632/590 615/615/6 614/614/577
f 621/621/581 629/629/587 622/622/7
f 626/626/584 621/621/581 624/624/582
f 630/630/588 626/626/584 602/602/569
f 613/613/576 612/612/28 633/633/11
f 615/615/6 634/634/591 616/616/578
f 625/625/583 604/604/32 606/606/24
f 635/635/592 612/612/28 611/611/575
f 636/636/593 612/612/28 635/635/592
f 637/637/594 635/635/592 611/611/575
f 638/638/46 636/636/593 635/635/592
f 639/639/595 638/638/46 635/635/592
f 639/639/595 635/635/592 637/637/594
f 639/639/595 640/640/596 638/638/46
f 641/641/597 638/638/46 640/640/596
f 642/642/598 640/640/596 639/639/595
f 643/643/599 641/641/597 640/640/596
f 642/642/598 643/643/599 640/640/596
f 643/643/599 644/644/600 641/641/597
f 645/645/601 643/643/599 642/642/598
f 646/646/602 643/643/599 645/645/601
f 647/647/603 644/644/600 643/643/599
f 647/647/603 643/643/599 646/646/602
f 647/647/603 648/648/197 644/644/600
f 646/646/602 648/648/197 647/647/603
f 649/649/604 648/648/197 646/646/602
f 649/649/604 646/646/602 650/650/605
f 651/651/606 648/648/197 649/649/604
f 652/652/607 651/651/606 649/649/604
f 653/653/608 649/649/604 650/650/605
f 653/653/608 652/652/607 649/649/604
f 652/652/607 654/654/609 651/651/606
f 655/655/610 652/652/607 653/653/608
f 652/652/607 656/656/611 654/654/609
f 657/657/612 656/656/611 652/652/607
f 657/657/612 652/652/607 655/655/610
f 658/658/613 657/657/612 655/655/610
f 657/657/612 659/659/614 656/656/611
f 660/660/268 657/657/612 658/658/613
f 660/660/268 659/659/614 657/657/612
f 661/661/615 660/660/268 658/658/613
f 662/662/616 659/659/614 660/660/268
f 663/663/617 660/660/268 661/661/615
f 663/663/617 664/664/618 660/660/268
f 665/665/619 663/663/617 661/661/615
f 665/665/619 664/664/618 663/663/617
f 666/666/284 664/664/618 665/665/619
f 667/667/620 666/666/284 665/665/619
f 668/668/621 667/667/620 665/665/619
f 667/667/620 669/669/622 666/666/284
f 670/670/623 669/669/622 667/667/620
f 671/671/624 667/667/620 668/668/621
f 671/671/624 670/670/623 667/667/620
f 672/672/305 669/669/622 670/670/623
f 673/673/625 672/672/305 670/670/623
f 673/673/625 670/670/623 671/671/624
f 674/674/626 673/673/625 671/671/624
f 674/674/626 675/675/627 673/673/625
f 675/675/627 672/672/305 673/673/625
f 675/675/627 676/676/628 672/672/305
f 677/677/629 675/675/627 674/674/626
f 675/675/627 678/678/342 676/676/628
f 677/677/629 679/679/630 675/675/627
f 679/679/630 678/678/342 675/675/627
f 680/680/631 679/679/630 677/677/629
f 681/681/632 678/678/342 679/679/630
f 682/682/633 679/679/630 680/680/631
f 682/682/633 681/681/632 679/679/630
f 683/683/634 682/682/633 684/684/635
f 683/683/634 681/681/632 682/682/633
f 683/683/634 685/685/636 681/681/632
f 686/686/637 683/683/634 684/684/635
f 686/686/637 685/685/636 683/683/634
f 687/687/397 685/685/636 686/686/637
f 688/688/638 689/689/639 687/687/397
f 688/688/638 687/687/397 686/686/637
f 688/688/638 686/686/637 690/690/640
f 690/690/640 691/691/641 688/688/638
f 692/692/642 689/689/639 688/688/638
f 692/692/642 688/688/638 691/691/641
f 693/693/643 692/692/642 691/691/641
f 694/694/644 692/692/642 693/693/643
f 695/695/645 696/696/574 697/697/646
f 698/698/584 699/699/647 700/700/581
f 701/701/648 702/702/649 703/703/579
f 701/701/648 703/703/579 704/704/587
f 705/705/650 706/706/651 707/707/652
f 708/708/653 698/698/584 709/709/588
f 710/710/654 711/711/594 712/712/575
f 710/710/654 712/712/575 713/713/655
f 714/714/656 710/710/654 713/713/655
f 715/715/657 713/713/655 716/716/590
f 717/717/658 716/716/590 718/718/659
f 717/717/658 718/718/659 702/702/649
f 719/719/660 717/717/658 702/702/649
f 701/701/648 719/719/660 702/702/649
f 720/720/661 704/704/587 700/700/581
f 708/708/653 699/699/647 698/698/584
f 721/721/662 708/708/653 709/709/588
f 721/721/662 709/709/588 706/706/651
f 722/722/663 721/721/662 706/706/651
f 705/705/650 722/722/663 706/706/651
f 705/705/650 707/707/652 696/696/574
f 723/723/664 696/696/574 695/695/645
f 714/714/656 713/713/655 715/715/657
f 715/715/657 716/716/590 717/717/658
f 699/699/647 720/720/661 700/700/581
f 724/724/665 722/722/663 705/705/650
f 725/725/666 705/705/650 696/696/574
f 725/725/666 696/696/574 723/723/664
f 726/726/667 710/710/654 714/714/656
f 727/727/668 717/717/658 719/719/660
f 728/728/669 704/704/587 720/720/661
f 728/728/669 701/701/648 704/704/587
f 708/708/653 729/729/670 699/699/647
f 721/721/662 730/730/671 708/708/653
f 723/723/664 695/695/645 731/731/672
f 726/726/667 711/711/594 710/710/654
f 727/727/668 715/715/657 717/717/658
f 724/724/665 705/705/650 725/725/666
f 715/715/657 726/726/667 714/714/656
f 728/728/669 719/719/660 701/701/648
f 729/729/670 720/720/661 699/699/647
f 730/730/671 729/729/670 708/708/653
f 731/731/672 725/725/666 723/723/664
f 732/732/673 728/728/669 720/720/661
f 733/733/674 722/722/663 724/724/665
f 726/726/667 734/734/675 711/711/594
f 715/715/657 735/735/676 726/726/667
f 736/736/677 715/715/657 727/727/668
f 729/729/670 732/732/673 720/720/661
f 736/736/677 735/735/676 715/715/657
f 737/737/678 719/719/660 728/728/669
f 732/732/673 737/737/678 728/728/669
f 738/738/679 729/729/670 730/730/671
f 739/739/680 725/725/666 731/731/672
f 740/740/681 727/727/668 719/719/660
f 725/725/666 733/733/674 724/724/665
f 741/741/682 721/721/662 722/722/663
f 742/742/683 734/734/675 726/726/667
f 743/743/684 735/735/676 736/736/677
f 737/737/678 740/740/681 719/719/660
f 738/738/679 732/732/673 729/729/670
f 744/744/685 730/730/671 721/721/662
f 733/733/674 741/741/682 722/722/663
f 744/744/685 738/738/679 730/730/671
f 743/743/684 742/742/683 726/726/667
f 736/736/677 727/727/668 740/740/681
f 741/741/682 744/744/685 721/721/662
f 743/743/684 726/726/667 735/735/676
f 745/745/686 725/725/666 739/739/680
f 746/746/687 738/738/679 744/744/685
f 738/738/679 747/747/688 732/732/673
f 748/748/689 740/740/681 737/737/678
f 749/749/690 737/737/678 732/732/673
f 745/745/686 733/733/674 725/725/666
f 750/750/691 740/740/681 748/748/689
f 748/748/689 737/737/678 749/749/690
f 747/747/688 749/749/690 732/732/673
f 751/751/692 736/736/677 740/740/681
f 751/751/692 743/743/684 736/736/677
f 746/746/687 747/747/688 738/738/679
f 741/741/682 746/746/687 744/744/685
f 750/750/691 751/751/692 740/740/681
f 752/752/693 733/733/674 745/745/686
f 753/753/694 745/745/686 739/739/680
f 754/754/695 741/741/682 733/733/674
f 743/743/684 755/755/601 742/742/683
f 749/749/690 756/756/696 748/748/689
f 756/756/696 750/750/691 748/748/689
f 754/754/695 757/757/697 741/741/682
f 752/752/693 754/754/695 733/733/674
f 758/758/698 755/755/601 743/743/684
f 759/759/699 749/749/690 747/747/688
f 757/757/697 746/746/687 741/741/682
f 759/759/699 747/747/688 746/746/687
f 760/760/700 745/745/686 753/753/694
f 761/761/701 755/755/601 758/758/698
f 762/762/702 758/758/698 743/743/684
f 762/762/702 743/743/684 751/751/692
f 763/763/703 762/762/702 751/751/692
f 750/750/691 763/763/703 751/751/692
f 760/760/700 752/752/693 745/745/686
f 757/757/697 764/764/704 746/746/687
f 765/765/705 756/756/696 749/749/690
f 764/764/704 759/759/699 746/746/687
f 766/766/706 760/760/700 753/753/694
f 756/756/696 763/763/703 750/750/691
f 767/767/707 765/765/705 749/749/690
f 767/767/707 749/749/690 759/759/699
f 768/768/708 757/757/697 754/754/695
f 769/769/709 758/758/698 762/762/702
f 770/770/710 763/763/703 756/756/696
f 771/771/711 764/764/704 757/757/697
f 772/772/712 754/754/695 752/752/693
f 769/769/709 773/773/605 761/761/701
f 769/769/709 761/761/701 758/758/698
f 768/768/708 771/771/711 757/757/697
f 772/772/712 768/768/708 754/754/695
f 760/760/700 774/774/713 752/752/693
f 770/770/710 775/775/714 763/763/703
f 770/770/710 756/756/696 765/765/705
f 776/776/715 759/759/699 764/764/704
f 772/772/712 752/752/693 774/774/713
f 777/777/716 762/762/702 763/763/703
f 771/771/711 776/776/715 764/764/704
f 778/778/717 767/767/707 759/759/699
f 777/777/716 763/763/703 775/775/714
f 766/766/706 774/774/713 760/760/700
f 776/776/715 778/778/717 759/759/699
f 777/777/716 769/769/709 762/762/702
f 779/779/718 765/765/705 767/767/707
f 780/780/608 773/773/605 769/769/709
f 779/779/718 770/770/710 765/765/705
f 781/781/719 768/768/708 772/772/712
f 782/782/720 769/769/709 777/777/716
f 783/783/721 775/775/714 770/770/710
f 784/784/722 777/777/716 775/775/714
f 778/778/717 779/779/718 767/767/707
f 781/781/719 785/785/723 768/768/708
f 786/786/724 774/774/713 766/766/706
f 779/779/718 787/787/725 770/770/710
f 785/785/723 771/771/711 768/768/708
f 774/774/713 781/781/719 772/772/712
f 782/782/720 780/780/608 769/769/709
f 787/787/725 783/783/721 770/770/710
f 788/788/726 787/787/725 779/779/718
f 788/788/726 779/779/718 778/778/717
f 776/776/715 789/789/727 778/778/717
f 790/790/728 781/781/719 774/774/713
f 791/791/610 780/780/608 782/782/720
f 784/784/722 782/782/720 777/777/716
f 783/783/721 784/784/722 775/775/714
f 789/789/727 776/776/715 771/771/711
f 792/792/729 791/791/610 782/782/720
f 785/785/723 789/789/727 771/771/711
f 786/786/724 790/790/728 774/774/713
f 792/792/729 782/782/720 784/784/722
f 793/793/730 784/784/722 783/783/721
f 794/794/731 783/783/721 787/787/725
f 789/789/727 788/788/726 778/778/717
f 795/795/732 781/781/719 790/790/728
f 795/795/732 785/785/723 781/781/719
f 796/796/733 790/790/728 786/786/724
f 797/797/734 789/789/727 785/785/723
f 798/798/735 792/792/729 784/784/722
f 799/799/736 790/790/728 796/796/733
f 792/792/729 800/800/737 791/791/610
f 794/794/731 793/793/730 783/783/721
f 801/801/738 787/787/725 788/788/726
f 802/802/739 788/788/726 789/789/727
f 795/795/732 797/797/734 785/785/723
f 793/793/730 798/798/735 784/784/722
f 794/794/731 787/787/725 801/801/738
f 802/802/739 801/801/738 788/788/726
f 797/797/734 802/802/739 789/789/727
f 803/803/740 795/795/732 790/790/728
f 799/799/736 803/803/740 790/790/728
f 804/804/741 800/800/737 792/792/729
f 795/795/732 805/805/742 797/797/734
f 798/798/735 804/804/741 792/792/729
f 806/806/743 795/795/732 803/803/740
f 801/801/738 807/807/744 794/794/731
f 808/808/745 804/804/741 798/798/735
f 802/802/739 809/809/746 801/801/738
f 810/810/747 802/802/739 797/797/734
f 807/807/744 793/793/730 794/794/731
f 804/804/741 811/811/615 800/800/737
f 808/808/745 798/798/735 793/793/730
f 805/805/742 810/810/747 797/797/734
f 812/812/748 807/807/744 801/801/738
f 813/813/749 799/799/736 796/796/733
f 810/810/747 809/809/746 802/802/739
f 806/806/743 805/805/742 795/795/732
f 808/808/745 793/793/730 814/814/750
f 815/815/751 801/801/738 809/809/746
f 807/807/744 814/814/750 793/793/730
f 816/816/752 803/803/740 799/799/736
f 815/815/751 812/812/748 801/801/738
f 817/817/753 806/806/743 803/803/740
f 813/813/749 816/816/752 799/799/736
f 817/817/753 803/803/740 816/816/752
f 818/818/754 811/811/615 804/804/741
f 819/819/755 804/804/741 808/808/745
f 820/820/756 809/809/746 810/810/747
f 812/812/748 821/821/757 807/807/744
f 806/806/743 822/822/758 805/805/742
f 823/823/759 816/816/752 813/813/749
f 824/824/760 810/810/747 805/805/742
f 825/825/619 811/811/615 818/818/754
f 819/819/755 818/818/754 804/804/741
f 826/826/761 816/816/752 823/823/759
f 815/815/751 821/821/757 812/812/748
f 827/827/762 819/819/755 808/808/745
f 826/826/761 817/817/753 816/816/752
f 828/828/763 814/814/750 807/807/744
f 820/820/756 815/815/751 809/809/746
f 821/821/757 828/828/763 807/807/744
f 817/817/753 822/822/758 806/806/743
f 827/827/762 808/808/745 814/814/750
f 829/829/764 815/815/751 820/820/756
f 824/824/760 820/820/756 810/810/747
f 830/830/765 824/824/760 805/805/742
f 822/822/758 830/830/765 805/805/742
f 827/827/762 831/831/766 819/819/755
f 832/832/767 821/821/757 815/815/751
f 833/833/768 822/822/758 817/817/753
f 831/831/766 818/818/754 819/819/755
f 828/828/763 827/827/762 814/814/750
f 834/834/769 820/820/756 824/824/760
f 826/826/761 833/833/768 817/817/753
f 835/835/770 826/826/761 823/823/759
f 836/836/621 825/825/619 818/818/754
f 831/831/766 836/836/621 818/818/754
f 837/837/771 828/828/763 821/821/757
f 838/838/772 827/827/762 828/828/763
f 829/829/764 832/832/767 815/815/751
f 839/839/773 822/822/758 833/833/768
f 834/834/769 829/829/764 820/820/756
f 839/839/773 830/830/765 822/822/758
f 840/840/774 833/833/768 826/826/761
f 830/830/765 834/834/769 824/824/760
f 840/840/774 826/826/761 835/835/770
f 837/837/771 821/821/757 832/832/767
f 839/839/773 833/833/768 840/840/774
f 837/837/771 838/838/772 828/828/763
f 841/841/775 836/836/621 831/831/766
f 838/838/772 842/842/776 827/827/762
f 843/843/777 832/832/767 829/829/764
f 844/844/778 834/834/769 830/830/765
f 843/843/777 837/837/771 832/832/767
f 844/844/778 829/829/764 834/834/769
f 842/842/776 831/831/766 827/827/762
f 845/845/779 840/840/774 835/835/770
f 837/837/771 846/846/780 838/838/772
f 847/847/781 830/830/765 839/839/773
f 841/841/775 848/848/782 836/836/621
f 842/842/776 841/841/775 831/831/766
f 849/849/783 838/838/772 846/846/780
f 850/850/784 837/837/771 843/843/777
f 838/838/772 849/849/783 842/842/776
f 851/851/785 843/843/777 829/829/764
f 852/852/786 844/844/778 830/830/765
f 847/847/781 852/852/786 830/830/765
f 850/850/784 846/846/780 837/837/771
f 851/851/785 829/829/764 844/844/778
f 853/853/787 839/839/773 840/840/774
f 854/854/788 855/855/789 843/843/777
f 851/851/785 854/854/788 843/843/777
f 856/856/790 847/847/781 839/839/773
f 853/853/787 840/840/774 845/845/779
f 857/857/791 854/854/788 851/851/785
f 858/858/792 851/851/785 844/844/778
f 855/855/789 859/859/793 843/843/777
f 853/853/787 856/856/790 839/839/773
f 860/860/794 853/853/787 845/845/779
f 859/859/793 850/850/784 843/843/777
f 858/858/792 844/844/778 852/852/786
f 861/861/795 849/849/783 846/846/780
f 862/862/796 841/841/775 842/842/776
f 863/863/797 857/857/791 851/851/785
f 856/856/790 852/852/786 847/847/781
f 864/864/798 842/842/776 849/849/783
f 841/841/775 865/865/626 848/848/782
f 861/861/795 864/864/798 849/849/783
f 858/858/792 863/863/797 851/851/785
f 866/866/799 858/858/792 852/852/786
f 867/867/800 852/852/786 856/856/790
f 862/862/796 865/865/626 841/841/775
f 868/868/801 861/861/795 846/846/780
f 869/869/802 850/850/784 859/859/793
f 870/870/803 862/862/796 842/842/776
f 850/850/784 868/868/801 846/846/780
f 871/871/804 853/853/787 860/860/794
f 868/868/801 850/850/784 872/872/805
f 872/872/805 850/850/784 869/869/802
f 871/871/804 856/856/790 853/853/787
f 873/873/806 871/871/804 860/860/794
f 870/870/803 842/842/776 864/864/798
f 858/858/792 874/874/807 863/863/797
f 875/875/808 856/856/790 871/871/804
f 875/875/808 867/867/800 856/856/790
f 876/876/809 874/874/807 858/858/792
f 876/876/809 858/858/792 866/866/799
f 867/867/800 866/866/799 852/852/786
f 877/877/810 865/865/626 862/862/796
f 878/878/811 861/861/795 868/868/801
f 879/879/812 872/872/805 869/869/802
f 880/880/813 866/866/799 867/867/800
f 870/870/803 877/877/810 862/862/796
f 872/872/805 878/878/811 868/868/801
f 879/879/812 881/881/814 882/882/815
f 876/876/809 883/883/816 874/874/807
f 880/880/813 867/867/800 875/875/808
f 884/884/817 878/878/811 872/872/805
f 885/885/818 879/879/812 882/882/815
f 885/885/818 882/882/815 883/883/816
f 886/886/819 880/880/813 875/875/808
f 887/887/820 861/861/795 878/878/811
f 866/866/799 888/888/821 876/876/809
f 889/889/822 871/871/804 873/873/806
f 877/877/810 870/870/803 864/864/798
f 890/890/823 872/872/805 879/879/812
f 890/890/823 879/879/812 885/885/818
f 885/885/818 883/883/816 876/876/809
f 889/889/822 891/891/824 871/871/804
f 887/887/820 864/864/798 861/861/795
f 890/890/823 884/884/817 872/872/805
f 892/892/825 875/875/808 871/871/804
f 877/877/810 893/893/629 865/865/626
f 888/888/821 866/866/799 880/880/813
f 894/894/826 877/877/810 864/864/798
f 887/887/820 894/894/826 864/864/798
f 895/895/827 896/896/828 885/885/818
f 886/886/819 875/875/808 892/892/825
f 897/897/829 893/893/629 877/877/810
f 896/896/828 890/890/823 885/885/818
f 898/898/830 885/885/818 876/876/809
f 888/888/821 898/898/830 876/876/809
f 891/891/824 892/892/825 871/871/804
f 899/899/831 891/891/824 889/889/822
f 900/900/832 887/887/820 878/878/811
f 884/884/817 900/900/832 878/878/811
f 896/896/828 901/901/833 890/890/823
f 898/898/830 895/895/827 885/885/818
f 902/902/834 884/884/817 890/890/823
f 901/901/833 902/902/834 890/890/823
f 903/903/835 880/880/813 886/886/819
f 904/904/836 895/895/827 898/898/830
f 903/903/835 888/888/821 880/880/813
f 905/905/837 897/897/829 877/877/810
f 894/894/826 905/905/837 877/877/810
f 906/906/838 902/902/834 901/901/833
f 907/907/839 891/891/824 899/899/831
f 897/897/829 908/908/840 893/893/629
f 907/907/839 892/892/825 891/891/824
f 909/909/841 900/900/832 884/884/817
f 902/902/834 909/909/841 884/884/817
f 910/910/842 898/898/830 888/888/821
f 911/911/843 886/886/819 892/892/825
f 887/887/820 912/912/844 894/894/826
f 909/909/841 902/902/834 913/913/845
f 914/914/846 894/894/826 912/912/844
f 912/912/844 887/887/820 900/900/832
f 911/911/843 903/903/835 886/886/819
f 914/914/846 905/905/837 894/894/826
f 915/915/847 910/910/842 888/888/821
f 914/914/846 897/897/829 905/905/837
f 916/916/848 909/909/841 913/913/845
f 917/917/849 911/911/843 892/892/825
f 918/918/850 907/907/839 899/899/831
f 919/919/851 912/912/844 900/900/832
f 915/915/847 920/920/852 910/910/842
f 917/917/849 892/892/825 907/907/839
f 919/919/851 900/900/832 909/909/841
f 921/921/853 916/916/848 913/913/845
f 922/922/854 915/915/847 888/888/821
f 922/922/854 888/888/821 903/903/835
f 923/923/855 908/908/840 897/897/829
f 914/914/846 924/924/856 897/897/829
f 911/911/843 925/925/857 903/903/835
f 924/924/856 923/923/855 897/897/829
f 919/919/851 909/909/841 916/916/848
f 925/925/857 922/922/854 903/903/835
f 926/926/858 917/917/849 907/907/839
f 926/926/858 907/907/839 918/918/850
f 927/927/859 916/916/848 921/921/853
f 915/915/847 928/928/860 920/920/852
f 929/929/861 914/914/846 912/912/844
f 930/930/862 919/919/851 916/916/848
f 930/930/862 916/916/848 927/927/859
f 927/927/859 921/921/853 931/931/863
f 928/928/860 927/927/859 931/931/863
f 928/928/860 931/931/863 920/920/852
f 932/932/864 926/926/858 918/918/850
f 933/933/865 929/929/861 912/912/844
f 933/933/865 912/912/844 919/919/851
f 934/934/635 923/923/855 924/924/856
f 935/935/866 914/914/846 929/929/861
f 936/936/867 927/927/859 928/928/860
f 937/937/868 924/924/856 914/914/846
f 938/938/869 915/915/847 922/922/854
f 939/939/870 925/925/857 911/911/843
f 939/939/870 911/911/843 917/917/849
f 936/936/867 930/930/862 927/927/859
f 936/936/867 928/928/860 915/915/847
f 938/938/869 922/922/854 925/925/857
f 937/937/868 934/934/635 924/924/856
f 935/935/866 937/937/868 914/914/846
f 930/930/862 933/933/865 919/919/851
f 938/938/869 936/936/867 915/915/847
f 939/939/870 940/940/871 925/925/857
f 941/941/872 939/939/870 917/917/849
f 941/941/872 917/917/849 926/926/858
f 940/940/871 938/938/869 925/925/857
f 942/942/873 933/933/865 930/930/862
f 943/943/874 934/934/635 937/937/868
f 944/944/875 926/926/858 932/932/864
f 935/935/866 943/943/874 937/937/868
f 945/945/876 930/930/862 936/936/867
f 944/944/875 941/941/872 926/926/858
f 946/946/877 936/936/867 938/938/869
f 944/944/875 932/932/864 947/947/878
f 945/945/876 942/942/873 930/930/862
f 933/933/865 948/948/879 929/929/861
f 949/949/880 939/939/870 941/941/872
f 949/949/880 940/940/871 939/939/870
f 950/950/881 943/943/874 935/935/866
f 948/948/879 935/935/866 929/929/861
f 942/942/873 948/948/879 933/933/865
f 951/951/882 946/946/877 938/938/869
f 949/949/880 941/941/872 952/952/883
f 944/944/875 952/952/883 941/941/872
f 946/946/877 945/945/876 936/936/867
f 953/953/884 934/934/635 943/943/874
f 940/940/871 951/951/882 938/938/869
f 954/954/885 948/948/879 942/942/873
f 955/955/886 942/942/873 945/945/876
f 946/946/877 955/955/886 945/945/876
f 956/956/887 940/940/871 949/949/880
f 957/957/888 944/944/875 947/947/878
f 958/958/640 953/953/884 943/943/874
f 959/959/889 958/958/640 943/943/874
f 959/959/889 943/943/874 950/950/881
f 956/956/887 951/951/882 940/940/871
f 950/950/881 935/935/866 948/948/879
f 960/960/890 950/950/881 948/948/879
f 955/955/886 954/954/885 942/942/873
f 961/961/891 952/952/883 944/944/875
f 957/957/888 961/961/891 944/944/875
f 951/951/882 955/955/886 946/946/877
f 952/952/883 962/962/892 949/949/880
f 960/960/890 948/948/879 954/954/885
f 963/963/893 954/954/885 955/955/886
f 963/963/893 964/964/894 954/954/885
f 965/965/895 955/955/886 951/951/882
f 966/966/896 951/951/882 956/956/887
f 967/967/897 956/956/887 949/949/880
f 961/961/891 962/962/892 952/952/883
f 968/968/898 950/950/881 960/960/890
f 967/967/897 949/949/880 962/962/892
f 969/969/899 960/960/890 954/954/885
f 965/965/895 963/963/893 955/955/886
f 970/970/900 958/958/640 959/959/889
f 964/964/894 969/969/899 954/954/885
f 971/971/901 959/959/889 950/950/881
f 968/968/898 971/971/901 950/950/881
f 969/969/899 968/968/898 960/960/890
f 967/967/897 972/972/902 956/956/887
f 966/966/896 965/965/895 951/951/882
f 973/973/903 961/961/891 957/957/888
f 970/970/900 959/959/889 971/971/901
f 966/966/896 956/956/887 972/972/902
f 974/974/904 958/958/640 970/970/900
f 975/975/905 964/964/894 963/963/893
f 975/975/905 963/963/893 965/965/895
f 976/976/906 962/962/892 961/961/891
f 977/977/907 967/967/897 962/962/892
f 976/976/906 961/961/891 973/973/903
f 978/978/908 968/968/898 969/969/899
f 979/979/909 965/965/895 966/966/896
f 980/980/910 966/966/896 972/972/902
f 981/981/911 969/969/899 964/964/894
f 982/982/912 980/980/910 972/972/902
f 982/982/912 972/972/902 967/967/897
f 977/977/907 982/982/912 967/967/897
f 983/983/913 977/977/907 962/962/892
f 984/984/643 974/974/904 970/970/900
f 985/985/914 970/970/900 971/971/901
f 981/981/911 978/978/908 969/969/899
f 975/975/905 981/981/911 964/964/894
f 979/979/909 986/986/915 965/965/895
f 983/983/913 962/962/892 976/976/906
f 987/987/916 971/971/901 968/968/898
f 988/988/917 987/987/916 968/968/898
f 988/988/917 968/968/898 978/978/908
f 986/986/915 975/975/905 965/965/895
f 982/982/912 989/989/918 980/980/910
f 985/985/914 984/984/643 970/970/900
f 987/987/916 985/985/914 971/971/901
f 990/990/919 978/978/908 981/981/911
f 986/986/915 981/981/911 975/975/905
f 991/991/920 986/986/915 979/979/909
f 992/992/921 979/979/909 966/966/896
f 992/992/921 966/966/896 980/980/910
f 993/993/922 989/989/918 982/982/912
f 993/993/922 982/982/912 977/977/907
f 993/993/922 977/977/907 983/983/913
f 994/994/923 983/983/913 976/976/906
f 995/995/924 994/994/923 976/976/906
f 995/995/924 976/976/906 973/973/903
f 978/978/908 990/990/919 988/988/917
f 991/991/920 979/979/909 992/992/921
f 989/989/918 992/992/921 980/980/910
f 983/983/913 994/994/923 993/993/922
f 996/996/925 997/997/926 998/998/20
f 999/999/927 997/997/926 996/996/925
f 996/996/925 998/998/20 1000/1000/928
f 1001/1001/929 999/999/927 996/996/925
f 1001/1001/929 996/996/925 1002/1002/930
f 1002/1002/930 996/996/925 1000/1000/928
f 1003/1003/680 1001/1001/929 1002/1002/930
f 1004/1004/931 1002/1002/930 1000/1000/928
f 1003/1003/680 1002/1002/930 1004/1004/931
f 1004/1004/931 1000/1000/928 1005/1005/101
f 1006/1006/932 1004/1004/931 1005/1005/101
f 1003/1003/680 1004/1004/931 1006/1006/932
f 1006/1006/932 1005/1005/101 1007/1007/152
f 1008/1008/694 1003/1003/680 1006/1006/932
f 1006/1006/932 1007/1007/152 1009/1009/933
f 1008/1008/694 1006/1006/932 1009/1009/933
f 1009/1009/933 1007/1007/152 1010/1010/204
f 1011/1011/934 1008/1008/694 1009/1009/933
f 1011/1011/934 1009/1009/933 1012/1012/935
f 1012/1012/935 1009/1009/933 1010/1010/204
f 1012/1012/935 1010/1010/204 1013/1013/936
f 1014/1014/724 1011/1011/934 1012/1012/935
f 1015/1015/937 1012/1012/935 1013/1013/936
f 1014/1014/724 1012/1012/935 1015/1015/937
f 1015/1015/937 1013/1013/936 1016/1016/938
f 1017/1017/939 1014/1014/724 1015/1015/937
f 1015/1015/937 1016/1016/938 1018/1018/940
f 1017/1017/939 1015/1015/937 1019/1019/941
f 1019/1019/941 1015/1015/937 1018/1018/940
f 1019/1019/941 1018/1018/940 1020/1020/942
f 1021/1021/943 1017/1017/939 1019/1019/941
f 1019/1019/941 1020/1020/942 1022/1022/944
f 1021/1021/943 1019/1019/941 1023/1023/945
f 1023/1023/945 1019/1019/941 1022/1022/944
f 1024/1024/946 1021/1021/943 1023/1023/945
f 1025/1025/947 1023/1023/945 1022/1022/944
f 1024/1024/946 1023/1023/945 1025/1025/947
f 1026/1026/948 1025/1025/947 1027/1027/949
f 1025/1025/947 1022/1022/944 1027/1027/949
f 1024/1024/946 1025/1025/947 1026/1026/948
f 1028/1028/950 1024/1024/946 1026/1026/948
f 1026/1026/948 1027/1027/949 1029/1029/289
f 1030/1030/779 1028/1028/950 1026/1026/948
f 1030/1030/779 1026/1026/948 1031/1031/951
f 1031/1031/951 1026/1026/948 1029/1029/289
f 1032/1032/794 1030/1030/779 1031/1031/951
f 1031/1031/951 1029/1029/289 1033/1033/309
f 1034/1034/806 1032/1032/794 1031/1031/951
f 1035/1035/952 1031/1031/951 1033/1033/309
f 1034/1034/806 1031/1031/951 1035/1035/952
f 1035/1035/952 1033/1033/309 1036/1036/953
f 1037/1037/954 1034/1034/806 1035/1035/952
f 1038/1038/955 1035/1035/952 1036/1036/953
f 1037/1037/954 1035/1035/952 1038/1038/955
f 1039/1039/956 1037/1037/954 1038/1038/955
f 1038/1038/955 1036/1036/953 1040/1040/345
f 1041/1041/957 1038/1038/955 1040/1040/345
f 1039/1039/956 1038/1038/955 1041/1041/957
f 1042/1042/850 1039/1039/956 1041/1041/957
f 1041/1041/957 1040/1040/345 1043/1043/958
f 1044/1044/959 1042/1042/850 1041/1041/957
f 1045/1045/960 1041/1041/957 1043/1043/958
f 1044/1044/959 1041/1041/957 1045/1045/960
f 1045/1045/960 1043/1043/958 1046/1046/365
f 1045/1045/960 1046/1046/365 1047/1047/961
f 1048/1048/878 1045/1045/960 1047/1047/961
f 1048/1048/878 1044/1044/959 1045/1045/960
f 1049/1049/962 1048/1048/878 1047/1047/961
f 1050/1050/963 1048/1048/878 1049/1049/962
f 1049/1049/962 1047/1047/961 1051/1051/462
f 1049/1049/962 1051/1051/462 1052/1052/496
f 1050/1050/963 1049/1049/962 1052/1052/496
f 1053/1053/903 1050/1050/963 1052/1052/496
f 1053/1053/903 1052/1052/496 1054/1054/964
f 1054/1054/964 1052/1052/496 1055/1055/547
f 1056/1056/965 1054/1054/964 1055/1055/547
f 1057/1057/966 1053/1053/903 1054/1054/964
f 1057/1057/966 1054/1054/964 1056/1056/965
f 1058/1058/967 1059/1059/968 1060/1060/969
f 1059/1059/968 1061/1061/970 1060/1060/969
f 1062/1062/971 1061/1061/970 1059/1059/968
f 1063/1063/972 1061/1061/970 1062/1062/971
f 1064/1064/973 1063/1063/972 1062/1062/971
f 1065/1065/974 1066/1066/975 1064/1064/973
f 1067/1067/976 1066/1066/975 1065/1065/974
f 1068/1068/977 1067/1067/976 1065/1065/974
f 1068/1068/977 1069/1069/978 1067/1067/976
f 1070/1070/979 1071/1071/980 1069/1069/978
f 1072/1072/981 1071/1071/980 1070/1070/979
f 1070/1070/979 1073/1073/982 1072/1072/981
f 1073/1073/982 1074/1074/983 1072/1072/981
f 1075/1075/984 1074/1074/983 1073/1073/982
f 1061/1061/970 1076/1076/985 1060/1060/969
f 1077/1077/986 1064/1064/973 1062/1062/971
f 1064/1064/973 1066/1066/975 1063/1063/972
f 1078/1078/987 1065/1065/974 1064/1064/973
f 1067/1067/976 1079/1079/988 1066/1066/975
f 1068/1068/977 1065/1065/974 1078/1078/987
f 1067/1067/976 1080/1080/989 1079/1079/988
f 1069/1069/978 1080/1080/989 1067/1067/976
f 1071/1071/980 1080/1080/989 1069/1069/978
f 1081/1081/990 1069/1069/978 1068/1068/977
f 1070/1070/979 1069/1069/978 1081/1081/990
f 1082/1082/991 1073/1073/982 1070/1070/979
f 1075/1075/984 1073/1073/982 1082/1082/991
f 1083/1083/992 1075/1075/984 1082/1082/991
f 1075/1075/984 1084/1084/993 1074/1074/983
f 1085/1085/73 1084/1084/993 1075/1075/984
f 1086/1086/994 1085/1085/73 1075/1075/984
f 1086/1086/994 1075/1075/984 1083/1083/992
f 1066/1066/975 1087/1087/995 1063/1063/972
f 1072/1072/981 1088/1088/996 1071/1071/980
f 1089/1089/997 1084/1084/993 1085/1085/73
f 1090/1090/998 1060/1060/969 1076/1076/985
f 1091/1091/999 1076/1076/985 1061/1061/970
f 1092/1092/1000 1091/1091/999 1061/1061/970
f 1063/1063/972 1092/1092/1000 1061/1061/970
f 1078/1078/987 1064/1064/973 1077/1077/986
f 1079/1079/988 1087/1087/995 1066/1066/975
f 1093/1093/1001 1080/1080/989 1071/1071/980
f 1094/1094/1002 1088/1088/996 1074/1074/983
f 1088/1088/996 1072/1072/981 1074/1074/983
f 1058/1058/967 1060/1060/969 1090/1090/998
f 1087/1087/995 1092/1092/1000 1063/1063/972
f 1095/1095/1003 1079/1079/988 1080/1080/989
f 1093/1093/1001 1095/1095/1003 1080/1080/989
f 1088/1088/996 1093/1093/1001 1071/1071/980
f 1094/1094/1002 1074/1074/983 1084/1084/993
f 1096/1096/1004 1097/1097/1005 1098/1098/967
f 1099/1099/1006 1097/1097/1005 1096/1096/1004
f 1100/1100/1007 1099/1099/1006 1096/1096/1004
f 1101/1101/1008 1102/1102/977 1103/1103/987
f 1104/1104/1009 1105/1105/1010 1106/1106/1011
f 1107/1107/95 1108/1108/71 1109/1109/1012
f 1110/1110/1013 1100/1100/1007 1096/1096/1004
f 1110/1110/1013 1103/1103/987 1100/1100/1007
f 1111/1111/1014 1102/1102/977 1101/1101/1008
f 1112/1112/1015 1102/1102/977 1111/1111/1014
f 1113/1113/1016 1112/1112/1015 1111/1111/1014
f 1106/1106/1011 1112/1112/1015 1113/1113/1016
f 1104/1104/1009 1106/1106/1011 1113/1113/1016
f 1114/1114/1017 1109/1109/1012 1105/1105/1010
f 1107/1107/95 1109/1109/1012 1114/1114/1017
f 1115/1115/1018 1103/1103/987 1110/1110/1013
f 1101/1101/1008 1103/1103/987 1115/1115/1018
f 1114/1114/1017 1105/1105/1010 1104/1104/1009
f 1107/1107/95 1114/1114/1017 1116/1116/1019
f 1117/1117/1020 1096/1096/1004 1098/1098/967
f 1118/1118/1021 1096/1096/1004 1117/1117/1020
f 1110/1110/1013 1096/1096/1004 1118/1118/1021
f 1101/1101/1008 1115/1115/1018 1119/1119/1022
f 1113/1113/1016 1111/1111/1014 1120/1120/1023
f 1121/1121/1024 1104/1104/1009 1113/1113/1016
f 1122/1122/1025 1114/1114/1017 1104/1104/1009
f 1117/1117/1020 1098/1098/967 1123/1123/1026
f 1124/1124/1027 1119/1119/1022 1115/1115/1018
f 1120/1120/1023 1101/1101/1008 1119/1119/1022
f 1120/1120/1023 1111/1111/1014 1101/1101/1008
f 1125/1125/1028 1113/1113/1016 1120/1120/1023
f 1122/1122/1025 1104/1104/1009 1121/1121/1024
f 1126/1126/1029 1114/1114/1017 1122/1122/1025
f 1116/1116/1019 1114/1114/1017 1126/1126/1029
f 1123/1123/1026 1098/1098/967 1127/1127/1030
f 1098/1098/967 1128/1128/1031 1127/1127/1030
f 1110/1110/1013 1118/1118/1021 1129/1129/1032
f 1130/1130/1033 1110/1110/1013 1129/1129/1032
f 1115/1115/1018 1110/1110/1013 1130/1130/1033
f 1118/1118/1021 1117/1117/1020 1129/1129/1032
f 1124/1124/1027 1115/1115/1018 1130/1130/1033
f 1131/1131/1034 1119/1119/1022 1124/1124/1027
f 1120/1120/1023 1119/1119/1022 1131/1131/1034
f 1121/1121/1024 1113/1113/1016 1125/1125/1028
f 1122/1122/1025 1121/1121/1024 1132/1132/1035
f 1126/1126/1029 1122/1122/1025 1132/1132/1035
f 1133/1133/1036 1116/1116/1019 1126/1126/1029
f 1117/1117/1020 1123/1123/1026 1127/1127/1030
f 1117/1117/1020 1127/1127/1030 1134/1134/1037
f 1117/1117/1020 1134/1134/1037 1129/1129/1032
f 1130/1130/1033 1129/1129/1032 1135/1135/1038
f 1126/1126/1029 1132/1132/1035 1133/1133/1036
f 1136/1136/1039 1137/1137/1040 1138/1138/1041
f 1139/1139/1042 1136/1136/1039 1140/1140/1043
f 1137/1137/1040 1136/1136/1039 1139/1139/1042
f 1141/1141/1044 1137/1137/1040 1139/1139/1042
f 1142/1142/1045 1137/1137/1040 1141/1141/1044
f 1143/1143/1046 1142/1142/1045 1141/1141/1044
f 1144/1144/1047 1142/1142/1045 1143/1143/1046
f 1145/1145/1048 1144/1144/1047 1143/1143/1046
f 1145/1145/1048 1143/1143/1046 1146/1146/1049
f 1147/1147/1050 1144/1144/1047 1145/1145/1048
f 1148/1148/1051 1147/1147/1050 1145/1145/1048
f 1149/1149/1052 1150/1150/1053 1148/1148/1051
f 1149/1149/1052 1151/1151/1054 1150/1150/1053
f 1152/1152/1055 1151/1151/1054 1149/1149/1052
f 1153/1153/1056 1151/1151/1054 1152/1152/1055
f 1153/1153/1056 1154/1154/1057 1151/1151/1054
f 1155/1155/1058 1154/1154/1057 1153/1153/1056
f 1156/1156/1059 1157/1157/1060 1154/1154/1057
f 1158/1158/76 1157/1157/1060 1156/1156/1059
f 1158/1158/76 1159/1159/74 1157/1157/1060
f 1160/1160/1061 1161/1161/1062 1158/1158/76
f 1137/1137/1040 1162/1162/1063 1138/1138/1041
f 1142/1142/1045 1162/1162/1063 1137/1137/1040
f 1146/1146/1049 1143/1143/1046 1141/1141/1044
f 1144/1144/1047 1163/1163/1064 1142/1142/1045
f 1147/1147/1050 1163/1163/1064 1144/1144/1047
f 1164/1164/1065 1145/1145/1048 1146/1146/1049
f 1164/1164/1065 1148/1148/1051 1145/1145/1048
f 1148/1148/1051 1150/1150/1053 1147/1147/1050
f 1152/1152/1055 1148/1148/1051 1164/1164/1065
f 1149/1149/1052 1148/1148/1051 1152/1152/1055
f 1155/1155/1058 1153/1153/1056 1152/1152/1055
f 1154/1154/1057 1165/1165/1066 1151/1151/1054
f 1156/1156/1059 1154/1154/1057 1155/1155/1058
f 1157/1157/1060 1165/1165/1066 1154/1154/1057
f 1166/1166/1067 1158/1158/76 1156/1156/1059
f 1167/1167/1068 1136/1136/1039 1138/1138/1041
f 1140/1140/1043 1136/1136/1039 1167/1167/1068
f 1141/1141/1044 1139/1139/1042 1140/1140/1043
f 1159/1159/74 1168/1168/1069 1157/1157/1060
f 1160/1160/1061 1158/1158/76 1166/1166/1067
f 1163/1163/1064 1162/1162/1063 1142/1142/1045
f 1169/1169/1070 1150/1150/1053 1151/1151/1054
f 1165/1165/1066 1169/1169/1070 1151/1151/1054
f 1170/1170/1071 1156/1156/1059 1155/1155/1058
f 1171/1171/1072 1165/1165/1066 1157/1157/1060
f 1166/1166/1067 1156/1156/1059 1170/1170/1071
f 1168/1168/1069 1171/1171/1072 1157/1157/1060
f 1172/1172/1073 1173/1173/1074 1174/1174/1075
f 1175/1175/1076 1176/1176/1077 1172/1172/1073
f 1177/1177/1078 1176/1176/1077 1175/1175/1076
f 1178/1178/1079 1176/1176/1077 1179/1179/1080
f 1180/1180/1081 1178/1178/1079 1181/1181/1082
f 1182/1182/1083 1173/1173/1074 1183/1183/1084
f 1174/1174/1075 1173/1173/1074 1182/1182/1083
f 1175/1175/1076 1172/1172/1073 1174/1174/1075
f 1179/1179/1080 1176/1176/1077 1177/1177/1078
f 1181/1181/1082 1178/1178/1079 1179/1179/1080
f 1184/1184/1085 1180/1180/1081 1181/1181/1082
f 1184/1184/1085 1185/1185/1086 1180/1180/1081
f 1186/1186/1087 1182/1182/1083 1183/1183/1084
f 1187/1187/1088 1177/1177/1078 1175/1175/1076
f 1179/1179/1080 1177/1177/1078 1188/1188/1089
f 1189/1189/1090 1185/1185/1086 1190/1190/1091
f 1186/1186/1087 1183/1183/1084 1191/1191/1092
f 1188/1188/1089 1181/1181/1082 1179/1179/1080
f 1190/1190/1091 1185/1185/1086 1184/1184/1085
f 1192/1192/1093 1189/1189/1090 1193/1193/1094
f 1194/1194/1095 1175/1175/1076 1174/1174/1075
f 1187/1187/1088 1175/1175/1076 1194/1194/1095
f 1188/1188/1089 1177/1177/1078 1187/1187/1088
f 1195/1195/1096 1181/1181/1082 1188/1188/1089
f 1184/1184/1085 1181/1181/1082 1195/1195/1096
f 1196/1196/117 1192/1192/1093 1193/1193/1094
f 1174/1174/1075 1182/1182/1083 1197/1197/1097
f 1198/1198/1098 1174/1174/1075 1197/1197/1097
f 1194/1194/1095 1174/1174/1075 1198/1198/1098
f 1199/1199/1099 1188/1188/1089 1187/1187/1088
f 1190/1190/1091 1184/1184/1085 1200/1200/1100
f 1190/1190/1091 1193/1193/1094 1189/1189/1090
f 1186/1186/1087 1191/1191/1092 1201/1201/1101
f 1197/1197/1097 1182/1182/1083 1186/1186/1087
f 1202/1202/1102 1193/1193/1094 1190/1190/1091
f 1193/1193/1094 1202/1202/1102 1196/1196/117
f 1197/1197/1097 1186/1186/1087 1203/1203/1103
f 1198/1198/1098 1197/1197/1097 1203/1203/1103
f 1204/1204/1104 1194/1194/1095 1198/1198/1098
f 1187/1187/1088 1194/1194/1095 1204/1204/1104
f 1199/1199/1099 1187/1187/1088 1204/1204/1104
f 1188/1188/1089 1199/1199/1099 1205/1205/1105
f 1188/1188/1089 1205/1205/1105 1206/1206/1106
f 1195/1195/1096 1188/1188/1089 1206/1206/1106
f 1195/1195/1096 1206/1206/1106 1207/1207/1107
f 1200/1200/1100 1195/1195/1096 1207/1207/1107
f 1200/1200/1100 1184/1184/1085 1195/1195/1096
f 1202/1202/1102 1200/1200/1100 1207/1207/1107
f 1202/1202/1102 1190/1190/1091 1200/1200/1100
f 1196/1196/117 1202/1202/1102 1208/1208/1108
f 1186/1186/1087 1201/1201/1101 1203/1203/1103
f 1209/1209/1109 1210/1210/1110 1211/1211/1111
f 1212/1212/1112 1213/1213/1113 1214/1214/1114
f 1215/1215/93 1213/1213/1113 1212/1212/1112
f 1209/1209/1109 1211/1211/1111 1215/1215/93
f 1212/1212/1112 1214/1214/1114 1216/1216/1019
f 1217/1217/110 1215/1215/93 1212/1212/1112
f 1217/1217/110 1209/1209/1109 1215/1215/93
f 1218/1218/1115 1219/1219/1116 1220/1220/96
f 1221/1221/1117 1222/1222/999 1223/1223/1118
f 1218/1218/1115 1224/1224/1002 1219/1219/1116
f 1225/1225/1119 1226/1226/985 1222/1222/999
f 1227/1227/1120 1223/1223/1118 1228/1228/1121
f 1229/1229/1122 1230/1230/1123 1228/1228/1121
f 1231/1231/1124 1232/1232/1125 1229/1229/1122
f 1232/1232/1125 1231/1231/1124 1233/1233/1126
f 1234/1234/1127 1233/1233/1126 1235/1235/1128
f 1225/1225/1119 1236/1236/1129 1226/1226/985
f 1221/1221/1117 1225/1225/1119 1222/1222/999
f 1237/1237/114 1218/1218/1115 1220/1220/96
f 1227/1227/1120 1221/1221/1117 1223/1223/1118
f 1230/1230/1123 1227/1227/1120 1228/1228/1121
f 1234/1234/1127 1232/1232/1125 1233/1233/1126
f 1234/1234/1127 1235/1235/1128 1224/1224/1002
f 1218/1218/1115 1238/1238/1130 1224/1224/1002
f 1230/1230/1123 1229/1229/1122 1232/1232/1125
f 1239/1239/1131 1232/1232/1125 1234/1234/1127
f 1240/1240/1132 1234/1234/1127 1224/1224/1002
f 1238/1238/1130 1240/1240/1132 1224/1224/1002
f 1241/1241/1030 1236/1236/1129 1225/1225/1119
f 1242/1242/1133 1230/1230/1123 1232/1232/1125
f 1243/1243/1134 1238/1238/1130 1218/1218/1115
f 1237/1237/114 1243/1243/1134 1218/1218/1115
f 1244/1244/1135 1225/1225/1119 1221/1221/1117
f 1245/1245/1136 1225/1225/1119 1244/1244/1135
f 1246/1246/1137 1245/1245/1136 1244/1244/1135
f 1227/1227/1120 1244/1244/1135 1221/1221/1117
f 1247/1247/1138 1246/1246/1137 1244/1244/1135
f 1247/1247/1138 1244/1244/1135 1227/1227/1120
f 1247/1247/1138 1227/1227/1120 1230/1230/1123
f 1248/1248/1139 1249/1249/1140 1247/1247/1138
f 1242/1242/1133 1247/1247/1138 1230/1230/1123
f 1248/1248/1139 1247/1247/1138 1242/1242/1133
f 1250/1250/1141 1248/1248/1139 1242/1242/1133
f 1251/1251/1142 1242/1242/1133 1232/1232/1125
f 1251/1251/1142 1250/1250/1141 1242/1242/1133
f 1252/1252/1023 1250/1250/1141 1251/1251/1142
f 1252/1252/1023 1251/1251/1142 1239/1239/1131
f 1251/1251/1142 1232/1232/1125 1239/1239/1131
f 1253/1253/1143 1252/1252/1023 1239/1239/1131
f 1253/1253/1143 1239/1239/1131 1254/1254/1144
f 1254/1254/1144 1239/1239/1131 1234/1234/1127
f 1255/1255/1145 1253/1253/1143 1254/1254/1144
f 1254/1254/1144 1234/1234/1127 1240/1240/1132
f 1255/1255/1145 1254/1254/1144 1256/1256/1146
f 1256/1256/1146 1254/1254/1144 1240/1240/1132
f 1256/1256/1146 1240/1240/1132 1238/1238/1130
f 1243/1243/1134 1256/1256/1146 1238/1238/1130
f 1257/1257/1147 1255/1255/1145 1256/1256/1146
f 1257/1257/1147 1256/1256/1146 1243/1243/1134
f 1258/1258/1036 1257/1257/1147 1243/1243/1134
f 1258/1258/1036 1243/1243/1134 1237/1237/114
f 1241/1241/1030 1225/1225/1119 1245/1245/1136
f 1259/1259/1148 1260/1260/1149 1261/1261/1050
f 1262/1262/87 1263/1263/1150 1264/1264/1151
f 1265/1265/1152 1266/1266/1153 1260/1260/1149
f 1259/1259/1148 1261/1261/1050 1267/1267/1154
f 1259/1259/1148 1267/1267/1154 1268/1268/1155
f 1269/1269/1156 1268/1268/1155 1270/1270/1157
f 1271/1271/1158 1270/1270/1157 1272/1272/1159
f 1273/1273/1160 1271/1271/1158 1272/1272/1159
f 1274/1274/1161 1275/1275/1041 1266/1266/1153
f 1276/1276/1162 1259/1259/1148 1268/1268/1155
f 1269/1269/1156 1276/1276/1162 1268/1268/1155
f 1271/1271/1158 1269/1269/1156 1270/1270/1157
f 1262/1262/87 1273/1273/1160 1272/1272/1159
f 1277/1277/1068 1275/1275/1041 1278/1278/1163
f 1274/1274/1161 1278/1278/1163 1275/1275/1041
f 1274/1274/1161 1266/1266/1153 1265/1265/1152
f 1259/1259/1148 1265/1265/1152 1260/1260/1149
f 1279/1279/1164 1265/1265/1152 1259/1259/1148
f 1280/1280/1165 1269/1269/1156 1271/1271/1158
f 1264/1264/1151 1273/1273/1160 1262/1262/87
f 1281/1281/1166 1278/1278/1163 1274/1274/1161
f 1277/1277/1068 1278/1278/1163 1282/1282/1167
f 1281/1281/1166 1274/1274/1161 1265/1265/1152
f 1283/1283/1168 1281/1281/1166 1265/1265/1152
f 1279/1279/1164 1283/1283/1168 1265/1265/1152
f 1284/1284/1169 1279/1279/1164 1259/1259/1148
f 1284/1284/1169 1259/1259/1148 1276/1276/1162
f 1285/1285/1170 1276/1276/1162 1269/1269/1156
f 1286/1286/1171 1269/1269/1156 1280/1280/1165
f 1280/1280/1165 1271/1271/1158 1273/1273/1160
f 1273/1273/1160 1287/1287/1172 1280/1280/1165
f 1288/1288/1173 1273/1273/1160 1264/1264/1151
f 1289/1289/1174 1282/1282/1167 1281/1281/1166
f 1282/1282/1167 1278/1278/1163 1281/1281/1166
f 1289/1289/1174 1281/1281/1166 1283/1283/1168
f 1290/1290/1175 1289/1289/1174 1283/1283/1168
f 1290/1290/1175 1283/1283/1168 1291/1291/1176
f 1291/1291/1176 1283/1283/1168 1279/1279/1164
f 1291/1291/1176 1279/1279/1164 1284/1284/1169
f 1285/1285/1170 1284/1284/1169 1276/1276/1162
f 1292/1292/1099 1284/1284/1169 1285/1285/1170
f 1286/1286/1171 1285/1285/1170 1269/1269/1156
f 1293/1293/1177 1285/1285/1170 1286/1286/1171
f 1294/1294/1107 1286/1286/1171 1280/1280/1165
f 1287/1287/1172 1294/1294/1107 1280/1280/1165
f 1288/1288/1173 1287/1287/1172 1273/1273/1160
f 1295/1295/1178 1287/1287/1172 1288/1288/1173
f 1296/1296/1108 1288/1288/1173 1264/1264/1151
f 1296/1296/1108 1295/1295/1178 1288/1288/1173
f 1292/1292/1099 1291/1291/1176 1284/1284/1169
f 1294/1294/1107 1293/1293/1177 1286/1286/1171
f 1295/1295/1178 1294/1294/1107 1287/1287/1172
f 1297/1297/1179 1298/1298/70 1299/1299/56
f 1297/1297/1179 1300/1300/94 1298/1298/70
f 1301/1301/1180 1300/1300/94 1297/1297/1179
f 1302/1302/1181 1300/1300/94 1301/1301/1180
f 1302/1302/1181 1301/1301/1180 1303/1303/105
f 1304/1304/121 1302/1302/1181 1303/1303/105
f 1305/1305/1182 1306/1306/124 1307/1307/145
f 1308/1308/1183 1307/1307/145 1306/1306/124
f 1309/1309/1184 1308/1308/1183 1306/1306/124
f 1309/1309/1184 1310/1310/170 1308/1308/1183
f 1311/1311/191 1310/1310/170 1309/1309/1184
f 1312/1312/134 1313/1313/147 1314/1314/131
f 1315/1315/185 1313/1313/147 1312/1312/134
f 1313/1313/147 1315/1315/185 1316/1316/1185
f 1315/1315/185 1317/1317/1186 1316/1316/1185
f 1318/1318/158 1319/1319/1187 1320/1320/150
f 1318/1318/158 1320/1320/150 1321/1321/1188
f 1322/1322/1189 1318/1318/158 1321/1321/1188
f 1323/1323/1190 1322/1322/1189 1321/1321/1188
f 1324/1324/1191 1325/1325/157 1326/1326/1192
f 1327/1327/201 1324/1324/1191 1326/1326/1192
f 1328/1328/202 1329/1329/181 1330/1330/193
f 1331/1331/187 1329/1329/181 1328/1328/202
f 1328/1328/202 1330/1330/193 1324/1324/1191
f 1328/1328/202 1324/1324/1191 1327/1327/201
f 1332/1332/1193 1333/1333/1194 1334/1334/1195
f 1335/1335/1196 1332/1332/1193 1334/1334/1195
f 1335/1335/1196 1334/1334/1195 1336/1336/1197
f 1336/1336/1197 1334/1334/1195 1337/1337/1198
f 1338/1338/1199 1335/1335/1196 1336/1336/1197
f 1338/1338/1199 1339/1339/1200 1335/1335/1196
f 1333/1333/1194 1340/1340/1201 1341/1341/788
f 1334/1334/1195 1333/1333/1194 1341/1341/788
f 1334/1334/1195 1341/1341/788 1342/1342/1202
f 1337/1337/1198 1334/1334/1195 1342/1342/1202
f 1343/1343/1203 1336/1336/1197 1337/1337/1198
f 1344/1344/1204 1337/1337/1198 1342/1342/1202
f 1338/1338/1199 1336/1336/1197 1343/1343/1203
f 1343/1343/1203 1337/1337/1198 1344/1344/1204
f 1345/1345/1205 1338/1338/1199 1343/1343/1203
f 1346/1346/1206 1343/1343/1203 1344/1344/1204
f 1345/1345/1205 1343/1343/1203 1346/1346/1206
f 1344/1344/1204 1342/1342/1202 1347/1347/797
f 1344/1344/1204 1347/1347/797 1348/1348/1207
f 1349/1349/1208 1346/1346/1206 1344/1344/1204
f 1349/1349/1208 1344/1344/1204 1348/1348/1207
f 1345/1345/1205 1346/1346/1206 1350/1350/1209
f 1346/1346/1206 1349/1349/1208 1351/1351/1210
f 1349/1349/1208 1348/1348/1207 1352/1352/1211
f 1348/1348/1207 1347/1347/797 1353/1353/1212
f 1350/1350/1209 1346/1346/1206 1351/1351/1210
f 1351/1351/1210 1349/1349/1208 1352/1352/1211
f 1352/1352/1211 1348/1348/1207 1353/1353/1212
f 1354/1354/1213 1355/1355/1214 1356/1356/1215
f 1356/1356/1215 1357/1357/1216 1358/1358/1217
f 1355/1355/1214 1357/1357/1216 1356/1356/1215
f 1359/1359/1200 1355/1355/1214 1354/1354/1213
f 1358/1358/1217 1360/1360/1218 1361/1361/1219
f 1358/1358/1217 1361/1361/1219 1362/1362/789
f 1357/1357/1216 1360/1360/1218 1358/1358/1217
f 1363/1363/1220 1357/1357/1216 1355/1355/1214
f 1361/1361/1219 1364/1364/793 1362/1362/789
f 1363/1363/1220 1360/1360/1218 1357/1357/1216
f 1365/1365/1221 1363/1363/1220 1355/1355/1214
f 1366/1366/1222 1361/1361/1219 1360/1360/1218
f 1363/1363/1220 1366/1366/1222 1360/1360/1218
f 1367/1367/1223 1366/1366/1222 1363/1363/1220
f 1365/1365/1221 1367/1367/1223 1363/1363/1220
f 1364/1364/793 1361/1361/1219 1366/1366/1222
f 1368/1368/1224 1367/1367/1223 1365/1365/1221
f 1369/1369/1225 1364/1364/793 1366/1366/1222
f 1370/1370/1226 1364/1364/793 1369/1369/1225
f 1371/1371/1227 1366/1366/1222 1367/1367/1223
f 1371/1371/1227 1369/1369/1225 1366/1366/1222
f 1372/1372/1228 1371/1371/1227 1367/1367/1223
f 1368/1368/1224 1372/1372/1228 1367/1367/1223
f 1373/1373/1229 1370/1370/1226 1369/1369/1225
f 1373/1373/1229 1369/1369/1225 1374/1374/1230
f 1371/1371/1227 1374/1374/1230 1369/1369/1225
f 1375/1375/1231 1371/1371/1227 1372/1372/1228
f 1376/1376/1232 1375/1375/1231 1372/1372/1228
f 1375/1375/1231 1374/1374/1230 1371/1371/1227
f 1377/1377/1233 1370/1370/1226 1373/1373/1229
f 1378/1378/1234 1379/1379/1235 1380/1380/1214
f 1381/1381/1236 1378/1378/1234 1382/1382/1237
f 1383/1383/1238 1379/1379/1235 1378/1378/1234
f 1381/1381/1236 1383/1383/1238 1378/1378/1234
f 1384/1384/1239 1383/1383/1238 1381/1381/1236
f 1385/1385/1240 1381/1381/1236 1382/1382/1237
f 1386/1386/1241 1384/1384/1239 1381/1381/1236
f 1385/1385/1240 1386/1386/1241 1381/1381/1236
f 1387/1387/1209 1386/1386/1241 1385/1385/1240
f 1388/1388/1242 1379/1379/1235 1383/1383/1238
f 1389/1389/1243 1388/1388/1242 1383/1383/1238
f 1384/1384/1239 1389/1389/1243 1383/1383/1238
f 1390/1390/1244 1391/1391/1245 1388/1388/1242
f 1392/1392/1246 1386/1386/1241 1387/1387/1209
f 1390/1390/1244 1388/1388/1242 1389/1389/1243
f 1393/1393/1247 1390/1390/1244 1389/1389/1243
f 1393/1393/1247 1389/1389/1243 1384/1384/1239
f 1386/1386/1241 1394/1394/1248 1384/1384/1239
f 1392/1392/1246 1394/1394/1248 1386/1386/1241
f 1394/1394/1248 1393/1393/1247 1384/1384/1239
f 1395/1395/1246 1396/1396/1249 1397/1397/1210
f 1398/1398/1250 1399/1399/1212 1400/1400/1251
f 1395/1395/1246 1397/1397/1210 1398/1398/1250
f 1401/1401/815 1402/1402/814 1403/1403/1252
f 1398/1398/1250 1404/1404/1253 1395/1395/1246
f 1395/1395/1246 1405/1405/1254 1406/1406/1255
f 1399/1399/1212 1407/1407/816 1400/1400/1251
f 1404/1404/1253 1398/1398/1250 1400/1400/1251
f 1408/1408/1256 1407/1407/816 1401/1401/815
f 1400/1400/1251 1407/1407/816 1408/1408/1256
f 1400/1400/1251 1408/1408/1256 1409/1409/1257
f 1410/1410/1258 1401/1401/815 1403/1403/1252
f 1404/1404/1253 1400/1400/1251 1409/1409/1257
f 1411/1411/1259 1410/1410/1258 1403/1403/1252
f 1411/1411/1259 1403/1403/1252 1412/1412/1231
f 1411/1411/1259 1412/1412/1231 1413/1413/1260
f 1404/1404/1253 1405/1405/1254 1395/1395/1246
f 1408/1408/1256 1401/1401/815 1410/1410/1258
f 1405/1405/1254 1404/1404/1253 1409/1409/1257
f 1405/1405/1254 1414/1414/1261 1406/1406/1255
f 1414/1414/1261 1413/1413/1260 1415/1415/1262
f 1406/1406/1255 1414/1414/1261 1415/1415/1262
f 1409/1409/1257 1408/1408/1256 1410/1410/1258
f 1414/1414/1261 1411/1411/1259 1413/1413/1260
f 1405/1405/1254 1409/1409/1257 1414/1414/1261
f 1414/1414/1261 1410/1410/1258 1411/1411/1259
f 1409/1409/1257 1410/1410/1258 1414/1414/1261
f 1416/1416/1263 1417/1417/1264 1418/1418/1265
f 1419/1419/1266 1420/1420/1267 1417/1417/1264
f 1419/1419/1266 1417/1417/1264 1421/1421/1268
f 1422/1422/1269 1419/1419/1266 1421/1421/1268
f 1418/1418/1265 1423/1423/1270 1416/1416/1263
f 1417/1417/1264 1424/1424/1271 1418/1418/1265
f 1417/1417/1264 1420/1420/1267 1424/1424/1271
f 1419/1419/1266 1425/1425/1272 1420/1420/1267
f 1423/1423/1270 1418/1418/1265 1426/1426/833
f 1425/1425/1272 1427/1427/1273 1420/1420/1267
f 1418/1418/1265 1424/1424/1271 1426/1426/833
f 1427/1427/1273 1424/1424/1271 1420/1420/1267
f 1426/1426/833 1424/1424/1271 1428/1428/838
f 1429/1429/1274 1424/1424/1271 1427/1427/1273
f 1429/1429/1274 1428/1428/838 1424/1424/1271
f 1430/1430/1275 1429/1429/1274 1427/1427/1273
f 1431/1431/1276 1427/1427/1273 1425/1425/1272
f 1432/1432/1277 1431/1431/1276 1425/1425/1272
f 1433/1433/1278 1434/1434/834 1428/1428/838
f 1430/1430/1275 1428/1428/838 1429/1429/1274
f 1431/1431/1276 1430/1430/1275 1427/1427/1273
f 1435/1435/1279 1428/1428/838 1430/1430/1275
f 1435/1435/1279 1433/1433/1278 1428/1428/838
f 1436/1436/1280 1435/1435/1279 1430/1430/1275
f 1436/1436/1280 1430/1430/1275 1431/1431/1276
f 1437/1437/1281 1436/1436/1280 1431/1431/1276
f 1437/1437/1281 1431/1431/1276 1438/1438/1282
f 1439/1439/1268 1440/1440/1283 1441/1441/1284
f 1442/1442/1285 1439/1439/1268 1441/1441/1284
f 1439/1439/1268 1442/1442/1285 1443/1443/1286
f 1441/1441/1284 1444/1444/1287 1445/1445/827
f 1441/1441/1284 1445/1445/827 1442/1442/1285
f 1446/1446/1288 1439/1439/1268 1443/1443/1286
f 1447/1447/1269 1439/1439/1268 1446/1446/1288
f 1448/1448/1289 1443/1443/1286 1442/1442/1285
f 1449/1449/1290 1443/1443/1286 1448/1448/1289
f 1442/1442/1285 1445/1445/827 1450/1450/1291
f 1446/1446/1288 1443/1443/1286 1449/1449/1290
f 1450/1450/1291 1448/1448/1289 1442/1442/1285
f 1451/1451/1292 1448/1448/1289 1450/1450/1291
f 1449/1449/1290 1448/1448/1289 1451/1451/1292
f 1446/1446/1288 1449/1449/1290 1452/1452/1293
f 1452/1452/1293 1449/1449/1290 1453/1453/1294
f 1454/1454/1295 1450/1450/1291 1455/1455/1296
f 1454/1454/1295 1451/1451/1292 1450/1450/1291
f 1449/1449/1290 1451/1451/1292 1456/1456/1297
f 1453/1453/1294 1449/1449/1290 1456/1456/1297
f 1457/1457/1298 1451/1451/1292 1454/1454/1295
f 1451/1451/1292 1457/1457/1298 1456/1456/1297
f 1458/1458/1299 1453/1453/1294 1456/1456/1297
f 1459/1459/1300 1453/1453/1294 1458/1458/1299
f 1457/1457/1298 1454/1454/1295 1460/1460/1301
f 1461/1461/1302 1456/1456/1297 1457/1457/1298
f 1458/1458/1299 1456/1456/1297 1461/1461/1302
f 1462/1462/1303 1461/1461/1302 1457/1457/1298
f 1462/1462/1303 1457/1457/1298 1460/1460/1301
f 1463/1463/1304 1464/1464/1305 1465/1465/1306
f 1466/1466/1307 1463/1463/1304 1465/1465/1306
f 1466/1466/1307 1465/1465/1306 1467/1467/1308
f 1466/1466/1307 1468/1468/1277 1463/1463/1304
f 1469/1469/1309 1466/1466/1307 1467/1467/1308
f 1470/1470/1310 1468/1468/1277 1466/1466/1307
f 1471/1471/1311 1470/1470/1310 1466/1466/1307
f 1472/1472/1312 1468/1468/1277 1470/1470/1310
f 1473/1473/1313 1474/1474/1276 1468/1468/1277
f 1475/1475/1314 1471/1471/1311 1466/1466/1307
f 1475/1475/1314 1466/1466/1307 1469/1469/1309
f 1473/1473/1313 1468/1468/1277 1472/1472/1312
f 1476/1476/1315 1477/1477/1316 1471/1471/1311
f 1476/1476/1315 1472/1472/1312 1478/1478/1317
f 1478/1478/1317 1477/1477/1316 1476/1476/1315
f 1478/1478/1317 1479/1479/1318 1477/1477/1316
f 1476/1476/1315 1475/1475/1314 1472/1472/1312
f 1476/1476/1315 1471/1471/1311 1475/1475/1314
f 1480/1480/1300 1469/1469/1309 1481/1481/1319
f 1472/1472/1312 1482/1482/1320 1473/1473/1313
f 1475/1475/1314 1482/1482/1320 1472/1472/1312
f 1483/1483/1321 1475/1475/1314 1469/1469/1309
f 1480/1480/1300 1483/1483/1321 1469/1469/1309
f 1482/1482/1320 1484/1484/1322 1473/1473/1313
f 1485/1485/1323 1483/1483/1321 1480/1480/1300
f 1485/1485/1323 1480/1480/1300 1486/1486/1324
f 1483/1483/1321 1482/1482/1320 1475/1475/1314
f 1487/1487/1325 1484/1484/1322 1482/1482/1320
f 1483/1483/1321 1487/1487/1325 1482/1482/1320
f 1488/1488/1326 1487/1487/1325 1483/1483/1321
f 1485/1485/1323 1488/1488/1326 1483/1483/1321
f 1489/1489/1327 1490/1490/1328 1491/1491/1329
f 1490/1490/1328 1492/1492/1330 1491/1491/1329
f 1489/1489/1327 1491/1491/1329 1493/1493/1331
f 1490/1490/1328 1494/1494/1332 1492/1492/1330
f 1495/1495/1333 1496/1496/845 1497/1497/1334
f 1498/1498/1335 1497/1497/1334 1499/1499/1336
f 1500/1500/1337 1495/1495/1333 1497/1497/1334
f 1501/1501/1338 1502/1502/1339 1503/1503/1340
f 1498/1498/1335 1499/1499/1336 1504/1504/1281
f 1505/1505/1341 1498/1498/1335 1504/1504/1281
f 1506/1506/1342 1507/1507/1343 1503/1503/1340
f 1500/1500/1337 1497/1497/1334 1498/1498/1335
f 1507/1507/1343 1506/1506/1342 1508/1508/1344
f 1503/1503/1340 1507/1507/1343 1509/1509/1345
f 1509/1509/1345 1501/1501/1338 1503/1503/1340
f 1509/1509/1345 1510/1510/1346 1501/1501/1338
f 1511/1511/1347 1508/1508/1344 1495/1495/1333
f 1507/1507/1343 1508/1508/1344 1512/1512/1348
f 1511/1511/1347 1495/1495/1333 1500/1500/1337
f 1509/1509/1345 1507/1507/1343 1512/1512/1348
f 1510/1510/1346 1509/1509/1345 1513/1513/1326
f 1514/1514/1349 1498/1498/1335 1505/1505/1341
f 1513/1513/1326 1514/1514/1349 1505/1505/1341
f 1512/1512/1348 1508/1508/1344 1511/1511/1347
f 1511/1511/1347 1500/1500/1337 1498/1498/1335
f 1514/1514/1349 1511/1511/1347 1498/1498/1335
f 1514/1514/1349 1512/1512/1348 1511/1511/1347
f 1513/1513/1326 1512/1512/1348 1514/1514/1349
f 1513/1513/1326 1509/1509/1345 1512/1512/1348
f 1515/1515/1350 1516/1516/1351 1517/1517/418
f 1518/1518/1352 1519/1519/1353 1515/1515/1350
f 1519/1519/1353 1516/1516/1351 1515/1515/1350
f 1519/1519/1353 1518/1518/1352 1520/1520/1354
f 1521/1521/1355 1520/1520/1354 1518/1518/1352
f 1522/1522/1356 1523/1523/1357 1524/1524/1358
f 1525/1525/422 1522/1522/1356 1524/1524/1358
f 1525/1525/422 1524/1524/1358 1526/1526/434
f 1527/1527/1359 1525/1525/422 1526/1526/434
f 1528/1528/1360 1529/1529/1361 1530/1530/1362
f 1529/1529/1361 1531/1531/1363 1530/1530/1362
f 1532/1532/1364 1533/1533/1365 1531/1531/1363
f 1529/1529/1361 1532/1532/1364 1531/1531/1363
f 1534/1534/1366 1529/1529/1361 1528/1528/1360
f 1534/1534/1366 1532/1532/1364 1529/1529/1361
f 1535/1535/1367 1532/1532/1364 1534/1534/1366
f 1536/1536/1368 1535/1535/1367 1534/1534/1366
f 1536/1536/1368 1537/1537/1369 1535/1535/1367
f 1536/1536/1368 1534/1534/1366 1538/1538/1370
f 1539/1539/1371 1537/1537/1369 1536/1536/1368
f 1540/1540/1372 1539/1539/1371 1536/1536/1368
f 1538/1538/1370 1540/1540/1372 1536/1536/1368
f 1541/1541/1373 1539/1539/1371 1540/1540/1372
f 1541/1541/1373 1542/1542/1374 1539/1539/1371
f 1543/1543/1375 1541/1541/1373 1540/1540/1372
f 1544/1544/1376 1542/1542/1374 1541/1541/1373
f 1545/1545/1377 1542/1542/1374 1544/1544/1376
f 1544/1544/1376 1541/1541/1373 1543/1543/1375
f 1546/1546/1378 1544/1544/1376 1543/1543/1375
f 1547/1547/1379 1545/1545/1377 1544/1544/1376
f 1546/1546/1378 1547/1547/1379 1544/1544/1376
f 1548/1548/1380 1547/1547/1379 1546/1546/1378
f 1549/1549/1381 1548/1548/1380 1546/1546/1378
f 1550/1550/1382 1548/1548/1380 1549/1549/1381
f 1550/1550/1382 1551/1551/1383 1548/1548/1380
f 1552/1552/1384 1551/1551/1383 1550/1550/1382
f 1553/1553/1385 1552/1552/1384 1550/1550/1382
f 1554/1554/1386 1552/1552/1384 1553/1553/1385
f 1554/1554/1386 1555/1555/1387 1552/1552/1384
f 1535/1535/1367 1556/1556/1388 1532/1532/1364
f 1537/1537/1369 1556/1556/1388 1535/1535/1367
f 1557/1557/1389 1546/1546/1378 1543/1543/1375
f 1549/1549/1381 1546/1546/1378 1557/1557/1389
f 1548/1548/1380 1558/1558/1390 1547/1547/1379
f 1551/1551/1383 1558/1558/1390 1548/1548/1380
f 1559/1559/1391 1554/1554/1386 1553/1553/1385
f 1560/1560/1392 1531/1531/1363 1533/1533/1365
f 1530/1530/1362 1531/1531/1363 1560/1560/1392
f 1561/1561/1393 1533/1533/1365 1532/1532/1364
f 1556/1556/1388 1561/1561/1393 1532/1532/1364
f 1562/1562/1394 1537/1537/1369 1539/1539/1371
f 1562/1562/1394 1539/1539/1371 1542/1542/1374
f 1545/1545/1377 1563/1563/1395 1542/1542/1374
f 1558/1558/1390 1545/1545/1377 1547/1547/1379
f 1564/1564/1396 1558/1558/1390 1551/1551/1383
f 1565/1565/1397 1564/1564/1396 1551/1551/1383
f 1565/1565/1397 1551/1551/1383 1552/1552/1384
f 1565/1565/1397 1552/1552/1384 1555/1555/1387
f 1562/1562/1394 1556/1556/1388 1537/1537/1369
f 1563/1563/1395 1562/1562/1394 1542/1542/1374
f 1566/1566/490 1565/1565/1397 1555/1555/1387
f 1567/1567/1398 1568/1568/1399 1569/1569/1400
f 1570/1570/1401 1571/1571/1402 1568/1568/1399
f 1567/1567/1398 1570/1570/1401 1568/1568/1399
f 1572/1572/1403 1573/1573/1404 1570/1570/1401
f 1572/1572/1403 1570/1570/1401 1567/1567/1398
f 1574/1574/1405 1572/1572/1403 1567/1567/1398
f 1575/1575/1406 1573/1573/1404 1572/1572/1403
f 1576/1576/1407 1575/1575/1406 1572/1572/1403
f 1574/1574/1405 1576/1576/1407 1572/1572/1403
f 1577/1577/1408 1576/1576/1407 1574/1574/1405
f 1578/1578/1409 1576/1576/1407 1577/1577/1408
f 1579/1579/1410 1575/1575/1406 1576/1576/1407
f 1580/1580/1411 1579/1579/1410 1576/1576/1407
f 1578/1578/1409 1580/1580/1411 1576/1576/1407
f 1581/1581/1412 1580/1580/1411 1578/1578/1409
f 1582/1582/1413 1580/1580/1411 1581/1581/1412
f 1583/1583/1414 1582/1582/1413 1581/1581/1412
f 1584/1584/1415 1580/1580/1411 1582/1582/1413
f 1583/1583/1414 1585/1585/1416 1582/1582/1413
f 1585/1585/1416 1584/1584/1415 1582/1582/1413
f 1583/1583/1414 1586/1586/1417 1585/1585/1416
f 1587/1587/1418 1585/1585/1416 1586/1586/1417
f 1588/1588/1419 1587/1587/1418 1586/1586/1417
f 1588/1588/1419 1589/1589/1420 1587/1587/1418
f 1590/1590/1421 1588/1588/1419 1591/1591/1422
f 1588/1588/1419 1592/1592/1423 1589/1589/1420
f 1592/1592/1423 1588/1588/1419 1590/1590/1421
f 1571/1571/1402 1593/1593/1424 1568/1568/1399
f 1594/1594/1425 1567/1567/1398 1569/1569/1400
f 1585/1585/1416 1595/1595/1426 1584/1584/1415
f 1595/1595/1426 1585/1585/1416 1587/1587/1418
f 1596/1596/1427 1586/1586/1417 1583/1583/1414
f 1588/1588/1419 1586/1586/1417 1596/1596/1427
f 1591/1591/1422 1588/1588/1419 1596/1596/1427
f 1569/1569/1400 1568/1568/1399 1597/1597/1428
f 1573/1573/1404 1598/1598/1429 1570/1570/1401
f 1599/1599/1430 1574/1574/1405 1567/1567/1398
f 1600/1600/1431 1574/1574/1405 1599/1599/1430
f 1577/1577/1408 1574/1574/1405 1600/1600/1431
f 1601/1601/1432 1578/1578/1409 1577/1577/1408
f 1581/1581/1412 1578/1578/1409 1601/1601/1432
f 1602/1602/1433 1580/1580/1411 1584/1584/1415
f 1603/1603/1434 1583/1583/1414 1581/1581/1412
f 1596/1596/1427 1583/1583/1414 1604/1604/1435
f 1605/1605/1436 1568/1568/1399 1593/1593/1424
f 1597/1597/1428 1568/1568/1399 1605/1605/1436
f 1606/1606/1437 1569/1569/1400 1597/1597/1428
f 1594/1594/1425 1569/1569/1400 1606/1606/1437
f 1602/1602/1433 1579/1579/1410 1580/1580/1411
f 1599/1599/1430 1567/1567/1398 1594/1594/1425
f 1601/1601/1432 1577/1577/1408 1600/1600/1431
f 1603/1603/1434 1581/1581/1412 1601/1601/1432
f 1604/1604/1435 1583/1583/1414 1603/1603/1434
f 1607/1607/1438 1591/1591/1422 1596/1596/1427
f 1608/1608/489 1590/1590/1421 1591/1591/1422
f 1596/1596/1427 1604/1604/1435 1609/1609/1439
f 1607/1607/1438 1596/1596/1427 1609/1609/1439
f 1608/1608/489 1591/1591/1422 1607/1607/1438
f 1610/1610/1440 1611/1611/1360 1612/1612/1362
f 1613/1613/1370 1614/1614/1441 1615/1615/1442
f 1616/1616/1443 1617/1617/1444 1613/1613/1370
f 1618/1618/1445 1617/1617/1444 1616/1616/1443
f 1619/1619/1446 1620/1620/1447 1621/1621/1448
f 1622/1622/1449 1614/1614/1441 1611/1611/1360
f 1615/1615/1442 1614/1614/1441 1622/1622/1449
f 1623/1623/1450 1618/1618/1445 1616/1616/1443
f 1621/1621/1448 1620/1620/1447 1624/1624/1381
f 1622/1622/1449 1611/1611/1360 1610/1610/1440
f 1625/1625/1451 1618/1618/1445 1623/1623/1450
f 1624/1624/1381 1625/1625/1451 1626/1626/1452
f 1621/1621/1448 1624/1624/1381 1626/1626/1452
f 1627/1627/479 1619/1619/1446 1628/1628/1453
f 1629/1629/1454 1612/1612/1362 1630/1630/1455
f 1610/1610/1440 1612/1612/1362 1629/1629/1454
f 1613/1613/1370 1615/1615/1442 1631/1631/1456
f 1631/1631/1456 1616/1616/1443 1613/1613/1370
f 1632/1632/1457 1616/1616/1443 1631/1631/1456
f 1626/1626/1452 1625/1625/1451 1633/1633/1458
f 1634/1634/1459 1621/1621/1448 1626/1626/1452
f 1619/1619/1446 1621/1621/1448 1635/1635/1460
f 1628/1628/1453 1619/1619/1446 1635/1635/1460
f 1636/1636/1461 1622/1622/1449 1610/1610/1440
f 1615/1615/1442 1622/1622/1449 1636/1636/1461
f 1623/1623/1450 1616/1616/1443 1632/1632/1457
f 1633/1633/1458 1625/1625/1451 1623/1623/1450
f 1634/1634/1459 1635/1635/1460 1621/1621/1448
f 1635/1635/1460 1634/1634/1459 1637/1637/1462
f 1629/1629/1454 1630/1630/1455 1638/1638/1463
f 1636/1636/1461 1610/1610/1440 1639/1639/1464
f 1615/1615/1442 1636/1636/1461 1640/1640/1465
f 1640/1640/1465 1631/1631/1456 1615/1615/1442
f 1641/1641/1466 1632/1632/1457 1631/1631/1456
f 1642/1642/1467 1623/1623/1450 1632/1632/1457
f 1633/1633/1458 1623/1623/1450 1642/1642/1467
f 1643/1643/1468 1626/1626/1452 1633/1633/1458
f 1634/1634/1459 1626/1626/1452 1643/1643/1468
f 1644/1644/1469 1635/1635/1460 1637/1637/1462
f 1644/1644/1469 1628/1628/1453 1635/1635/1460
f 1627/1627/479 1628/1628/1453 1645/1645/1470
f 1629/1629/1454 1638/1638/1463 1639/1639/1464
f 1639/1639/1464 1610/1610/1440 1629/1629/1454
f 1631/1631/1456 1640/1640/1465 1641/1641/1466
f 1632/1632/1457 1641/1641/1466 1646/1646/1471
f 1642/1642/1467 1632/1632/1457 1646/1646/1471
f 1642/1642/1467 1646/1646/1471 1647/1647/1472
f 1633/1633/1458 1642/1642/1467 1647/1647/1472
f 1647/1647/1472 1643/1643/1468 1633/1633/1458
f 1644/1644/1469 1637/1637/1462 1648/1648/1473
f 1636/1636/1461 1639/1639/1464 1649/1649/1474
f 1640/1640/1465 1636/1636/1461 1649/1649/1474
f 1640/1640/1465 1649/1649/1474 1641/1641/1466
f 1643/1643/1468 1647/1647/1472 1650/1650/1475
f 1634/1634/1459 1643/1643/1468 1650/1650/1475
f 1637/1637/1462 1634/1634/1459 1650/1650/1475
f 1637/1637/1462 1650/1650/1475 1648/1648/1473
f 1651/1651/530 1644/1644/1469 1648/1648/1473
f 1645/1645/1470 1628/1628/1453 1644/1644/1469
f 1652/1652/1476 1653/1653/1477 1654/1654/1401
f 1655/1655/1478 1656/1656/1479 1657/1657/1480
f 1658/1658/1424 1653/1653/1477 1652/1652/1476
f 1659/1659/1481 1652/1652/1476 1656/1656/1479
f 1660/1660/1482 1661/1661/1483 1657/1657/1480
f 1662/1662/1484 1663/1663/1485 1664/1664/1486
f 1662/1662/1484 1664/1664/1486 1665/1665/1487
f 1666/1666/1488 1667/1667/1489 1668/1668/1420
f 1669/1669/1490 1652/1652/1476 1659/1659/1481
f 1661/1661/1483 1655/1655/1478 1657/1657/1480
f 1670/1670/1491 1660/1660/1482 1663/1663/1485
f 1671/1671/1492 1665/1665/1487 1667/1667/1489
f 1666/1666/1488 1671/1671/1492 1667/1667/1489
f 1672/1672/1493 1668/1668/1420 1673/1673/1494
f 1674/1674/1495 1672/1672/1493 1673/1673/1494
f 1662/1662/1484 1670/1670/1491 1663/1663/1485
f 1671/1671/1492 1662/1662/1484 1665/1665/1487
f 1669/1669/1490 1658/1658/1424 1652/1652/1476
f 1655/1655/1478 1659/1659/1481 1656/1656/1479
f 1675/1675/1496 1655/1655/1478 1661/1661/1483
f 1670/1670/1491 1661/1661/1483 1660/1660/1482
f 1666/1666/1488 1668/1668/1420 1672/1672/1493
f 1676/1676/1436 1658/1658/1424 1669/1669/1490
f 1675/1675/1496 1659/1659/1481 1655/1655/1478
f 1670/1670/1491 1675/1675/1496 1661/1661/1483
f 1677/1677/1497 1662/1662/1484 1671/1671/1492
f 1678/1678/1498 1677/1677/1497 1671/1671/1492
f 1678/1678/1498 1671/1671/1492 1666/1666/1488
f 1679/1679/1499 1666/1666/1488 1672/1672/1493
f 1679/1679/1499 1672/1672/1493 1674/1674/1495
f 1680/1680/1500 1669/1669/1490 1659/1659/1481
f 1680/1680/1500 1659/1659/1481 1675/1675/1496
f 1681/1681/1501 1682/1682/1502 1675/1675/1496
f 1681/1681/1501 1675/1675/1496 1670/1670/1491
f 1683/1683/1503 1670/1670/1491 1662/1662/1484
f 1677/1677/1497 1683/1683/1503 1662/1662/1484
f 1684/1684/1504 1678/1678/1498 1666/1666/1488
f 1684/1684/1504 1666/1666/1488 1679/1679/1499
f 1685/1685/1505 1676/1676/1436 1669/1669/1490
f 1686/1686/1506 1685/1685/1505 1669/1669/1490
f 1686/1686/1506 1669/1669/1490 1680/1680/1500
f 1682/1682/1502 1680/1680/1500 1675/1675/1496
f 1687/1687/1507 1681/1681/1501 1670/1670/1491
f 1683/1683/1503 1687/1687/1507 1670/1670/1491
f 1688/1688/1508 1678/1678/1498 1684/1684/1504
f 1689/1689/1509 1688/1688/1508 1684/1684/1504
f 1689/1689/1509 1684/1684/1504 1679/1679/1499
f 1688/1688/1508 1677/1677/1497 1678/1678/1498
f 1690/1690/1510 1691/1691/1511 1692/1692/1512
f 1693/1693/1513 1694/1694/1514 1695/1695/1515
f 1696/1696/1516 1697/1697/1517 1698/1698/1518
f 1691/1691/1511 1690/1690/1510 1699/1699/1515
f 1700/1700/1519 1696/1696/1516 1701/1701/1520
f 1702/1702/1434 1700/1700/1519 1703/1703/1521
f 1704/1704/1522 1705/1705/1523 1702/1702/1434
f 1706/1706/1524 1707/1707/1525 1708/1708/1526
f 1690/1690/1510 1692/1692/1512 1709/1709/1527
f 1710/1710/1528 1693/1693/1513 1695/1695/1515
f 1710/1710/1528 1697/1697/1517 1693/1693/1513
f 1698/1698/1518 1697/1697/1517 1710/1710/1528
f 1701/1701/1520 1696/1696/1516 1698/1698/1518
f 1703/1703/1521 1700/1700/1519 1701/1701/1520
f 1704/1704/1522 1702/1702/1434 1703/1703/1521
f 1711/1711/1529 1705/1705/1523 1712/1712/1530
f 1707/1707/1525 1711/1711/1529 1712/1712/1530
f 1708/1708/1526 1707/1707/1525 1712/1712/1530
f 1713/1713/1531 1714/1714/1532 1715/1715/1533
f 1712/1712/1530 1705/1705/1523 1704/1704/1522
f 1716/1716/1534 1717/1717/1526 1718/1718/1535
f 1690/1690/1510 1709/1709/1527 1719/1719/1536
f 1690/1690/1510 1720/1720/1537 1699/1699/1515
f 1720/1720/1537 1690/1690/1510 1721/1721/1538
f 1722/1722/1539 1720/1720/1537 1721/1721/1538
f 1722/1722/1539 1721/1721/1538 1723/1723/1540
f 1722/1722/1539 1723/1723/1540 1724/1724/1541
f 1725/1725/1542 1722/1722/1539 1724/1724/1541
f 1714/1714/1532 1725/1725/1542 1726/1726/1507
f 1713/1713/1531 1715/1715/1533 1727/1727/1543
f 1728/1728/1544 1713/1713/1531 1727/1727/1543
f 1728/1728/1544 1727/1727/1543 1729/1729/1508
f 1717/1717/1526 1728/1728/1544 1729/1729/1508
f 1717/1717/1526 1729/1729/1508 1730/1730/1545
f 1718/1718/1535 1717/1717/1526 1730/1730/1545
f 1721/1721/1538 1690/1690/1510 1719/1719/1536
f 1723/1723/1540 1721/1721/1538 1731/1731/1546
f 1723/1723/1540 1731/1731/1546 1732/1732/1547
f 1724/1724/1541 1723/1723/1540 1732/1732/1547
f 1724/1724/1541 1732/1732/1547 1733/1733/1548
f 1726/1726/1507 1724/1724/1541 1733/1733/1548
f 1726/1726/1507 1725/1725/1542 1724/1724/1541
f 1715/1715/1533 1726/1726/1507 1734/1734/1549
f 1714/1714/1532 1726/1726/1507 1715/1715/1533
f 1715/1715/1533 1734/1734/1549 1735/1735/1550
f 1715/1715/1533 1735/1735/1550 1727/1727/1543
f 1729/1729/1508 1727/1727/1543 1735/1735/1550
f 1730/1730/1545 1736/1736/1551 1718/1718/1535
f 1737/1737/1552 1738/1738/1553 1739/1739/1388
f 1740/1740/1554 1741/1741/1555 1742/1742/1556
f 1743/1743/1557 1740/1740/1554 1744/1744/1558
f 1745/1745/1559 1746/1746/1390 1747/1747/1560
f 1748/1748/1561 1749/1749/1392 1750/1750/1562
f 1751/1751/1563 1739/1739/1388 1742/1742/1556
f 1743/1743/1557 1752/1752/1564 1740/1740/1554
f 1746/1746/1390 1743/1743/1557 1744/1744/1558
f 1745/1745/1559 1753/1753/1565 1746/1746/1390
f 1738/1738/1553 1748/1748/1561 1750/1750/1562
f 1741/1741/1555 1751/1751/1563 1742/1742/1556
f 1752/1752/1564 1741/1741/1555 1740/1740/1554
f 1753/1753/1565 1743/1743/1557 1746/1746/1390
f 1754/1754/1566 1747/1747/1560 1755/1755/1567
f 1756/1756/511 1754/1754/1566 1755/1755/1567
f 1757/1757/490 1756/1756/511 1755/1755/1567
f 1758/1758/1568 1748/1748/1561 1738/1738/1553
f 1737/1737/1552 1758/1758/1568 1738/1738/1553
f 1737/1737/1552 1739/1739/1388 1751/1751/1563
f 1759/1759/1569 1752/1752/1564 1743/1743/1557
f 1759/1759/1569 1743/1743/1557 1753/1753/1565
f 1745/1745/1559 1747/1747/1560 1754/1754/1566
f 1760/1760/1570 1749/1749/1392 1748/1748/1561
f 1761/1761/1571 1737/1737/1552 1751/1751/1563
f 1762/1762/1572 1761/1761/1571 1751/1751/1563
f 1762/1762/1572 1751/1751/1563 1741/1741/1555
f 1762/1762/1572 1741/1741/1555 1752/1752/1564
f 1763/1763/1573 1759/1759/1569 1753/1753/1565
f 1763/1763/1573 1753/1753/1565 1745/1745/1559
f 1764/1764/1473 1745/1745/1559 1754/1754/1566
f 1764/1764/1473 1754/1754/1566 1756/1756/511
f 1765/1765/517 1764/1764/1473 1756/1756/511
f 1766/1766/1574 1758/1758/1568 1737/1737/1552
f 1766/1766/1574 1737/1737/1552 1761/1761/1571
f 1759/1759/1569 1762/1762/1572 1752/1752/1564
f 1764/1764/1473 1763/1763/1573 1745/1745/1559
f 1760/1760/1570 1748/1748/1561 1758/1758/1568
f 1767/1767/1464 1760/1760/1570 1758/1758/1568
f 1766/1766/1574 1767/1767/1464 1758/1758/1568
f 1768/1768/1466 1766/1766/1574 1761/1761/1571
f 1768/1768/1466 1761/1761/1571 1762/1762/1572
f 1768/1768/1466 1762/1762/1572 1769/1769/1575
f 1769/1769/1575 1762/1762/1572 1759/1759/1569
f 1770/1770/1472 1769/1769/1575 1759/1759/1569
f 1763/1763/1573 1770/1770/1472 1759/1759/1569
f 1771/1771/1576 1772/1772/1577 1773/1773/508
f 1774/1774/1578 1772/1772/1577 1771/1771/1576
f 1771/1771/1576 1773/1773/508 1775/1775/1579
f 1776/1776/1580 1777/1777/1581 1778/1778/556
f 1779/1779/1582 1780/1780/559 1781/1781/1583
f 1782/1782/1584 1780/1780/559 1779/1779/1582
f 1783/1783/1585 1780/1780/559 1782/1782/1584
f 1784/1784/1586 1785/1785/547 1783/1783/1585
f 1786/1786/1587 1787/1787/1588 1788/1788/1589
f 1789/1789/1590 1787/1787/1588 1790/1790/1591
f 1791/1791/1592 1789/1789/1590 1792/1792/919
f 1793/1793/1593 1781/1781/1583 1794/1794/560
f 1786/1786/1587 1788/1788/1589 1795/1795/914
f 1790/1790/1591 1787/1787/1588 1786/1786/1587
f 1792/1792/919 1789/1789/1590 1790/1790/1591
f 1796/1796/1594 1791/1791/1592 1792/1792/919
f 1776/1776/1580 1796/1796/1594 1797/1797/1595
f 1798/1798/1596 1777/1777/1581 1799/1799/920
f 1794/1794/560 1777/1777/1581 1798/1798/1596
f 1779/1779/1582 1781/1781/1583 1793/1793/1593
f 1783/1783/1585 1782/1782/1584 1800/1800/1597
f 1784/1784/1586 1783/1783/1585 1800/1800/1597
f 1797/1797/1595 1796/1796/1594 1792/1792/919
f 1799/1799/920 1777/1777/1581 1776/1776/1580
f 1793/1793/1593 1794/1794/560 1798/1798/1596
f 1801/1801/1598 1776/1776/1580 1797/1797/1595
f 1788/1788/1589 1802/1802/644 1803/1803/1599
f 1795/1795/914 1788/1788/1589 1803/1803/1599
f 1790/1790/1591 1786/1786/1587 1804/1804/916
f 1805/1805/917 1790/1790/1591 1804/1804/916
f 1805/1805/917 1792/1792/919 1790/1790/1591
f 1797/1797/1595 1792/1792/919 1806/1806/911
f 1793/1793/1593 1798/1798/1596 1807/1807/1600
f 1808/1808/1601 1779/1779/1582 1793/1793/1593
f 1809/1809/1602 1779/1779/1582 1808/1808/1601
f 1809/1809/1602 1782/1782/1584 1779/1779/1582
f 1800/1800/1597 1782/1782/1584 1809/1809/1602
f 1810/1810/924 1784/1784/1586 1800/1800/1597
f 1804/1804/916 1786/1786/1587 1795/1795/914
f 1801/1801/1598 1797/1797/1595 1806/1806/911
f 1799/1799/920 1776/1776/1580 1801/1801/1598
f 1798/1798/1596 1799/1799/920 1807/1807/1600
f 1808/1808/1601 1793/1793/1593 1807/1807/1600
